2017-08-15 08:13:44,580 [ INFO] Properties are ready. at {ru.apertum.qsystem.common.QConfig.prepareCLI(QConfig.java:305)}
2017-08-15 08:13:44,583 [ INFO] "QSystem 17.1"!  date: 20.05.2017 at {ru.apertum.qsystem.common.QLog.initial(QLog.java:180)}
2017-08-15 08:13:44,584 [ INFO] START LOGER. Logger: admin.file.info.trace at {ru.apertum.qsystem.common.QLog.initial(QLog.java:181)}
2017-08-15 08:13:44,584 [ INFO] Mode: KEY_DEBUG at {ru.apertum.qsystem.common.QLog.initial(QLog.java:186)}
2017-08-15 08:13:44,585 [ INFO] Plugins: YES at {ru.apertum.qsystem.common.QLog.initial(QLog.java:187)}
2017-08-15 08:13:44,586 [ INFO] Languages are loading... at {ru.apertum.qsystem.client.Locales.<init>(Locales.java:79)}
2017-08-15 08:13:44,592 [DEBUG]    Langusge: Az?rbaycan az_AZ at {ru.apertum.qsystem.client.Locales.<init>(Locales.java:119)}
2017-08-15 08:13:44,595 [DEBUG]    Langusge: English en_US at {ru.apertum.qsystem.client.Locales.<init>(Locales.java:119)}
2017-08-15 08:13:44,596 [DEBUG]    Langusge: Espanol es_ES at {ru.apertum.qsystem.client.Locales.<init>(Locales.java:119)}
2017-08-15 08:13:44,597 [DEBUG]    Langusge: Fran?ais fr_FR at {ru.apertum.qsystem.client.Locales.<init>(Locales.java:119)}
2017-08-15 08:13:44,600 [DEBUG]    Langusge: Italiano it_IT at {ru.apertum.qsystem.client.Locales.<init>(Locales.java:119)}
2017-08-15 08:13:44,601 [DEBUG]    Langusge: Portugu?s pt_PT at {ru.apertum.qsystem.client.Locales.<init>(Locales.java:119)}
2017-08-15 08:13:44,602 [DEBUG]    Langusge: Roman ro_RO at {ru.apertum.qsystem.client.Locales.<init>(Locales.java:119)}
2017-08-15 08:13:44,604 [DEBUG]    Langusge: Русский ru_RU at {ru.apertum.qsystem.client.Locales.<init>(Locales.java:119)}
2017-08-15 08:13:44,605 [DEBUG]    Langusge: Українська uk_UA at {ru.apertum.qsystem.client.Locales.<init>(Locales.java:119)}
2017-08-15 08:13:45,319 [ INFO] DB server '+ driver=com.mysql.jdbc.Driver' url=jdbc:mysql://127.0.0.1/qsystem?autoReconnect=true&amp;characterEncoding=UTF-8 at {ru.apertum.qsystem.hibernate.AnnotationSessionFactoryBean.load(AnnotationSessionFactoryBean.java:183)}
2017-08-15 08:13:46,650 [ INFO] DB is OK. at {ru.apertum.qsystem.client.forms.FAdmin.main(FAdmin.java:1212)}
2017-08-15 08:13:46,656 [ INFO] Загрузка плагинов из папки plugins. at {ru.apertum.qsystem.common.Uses.loadPlugins(Uses.java:788)}
2017-08-15 08:13:46,657 [DEBUG] Плагин Journal.jar at {ru.apertum.qsystem.common.Uses.loadPlugins(Uses.java:795)}
2017-08-15 08:13:46,658 [DEBUG] Плагин Microsound.jar at {ru.apertum.qsystem.common.Uses.loadPlugins(Uses.java:795)}
2017-08-15 08:13:46,996 [ INFO] Создали список. at {ru.apertum.qsystem.server.model.ATListModel.createList(ATListModel.java:45)}
2017-08-15 08:13:47,003 [ INFO] Вход в систему. at {ru.apertum.qsystem.client.forms.FLogin.logining(FLogin.java:312)}
2017-08-15 08:13:49,655 [ INFO] Вход в систему выполнен. Пользователь "Администратор", уровень доступа "3". at {ru.apertum.qsystem.client.forms.FLogin.logining(FLogin.java:334)}
2017-08-15 08:13:50,234 [ INFO] Создали дерево. at {ru.apertum.qsystem.server.model.ATreeModel.createTree(ATreeModel.java:54)}
2017-08-15 08:13:50,254 [ INFO] Создали список. at {ru.apertum.qsystem.server.model.ATListModel.createList(ATListModel.java:45)}
2017-08-15 08:13:50,273 [ INFO] Создали дерево. at {ru.apertum.qsystem.server.model.ATreeModel.createTree(ATreeModel.java:54)}
2017-08-15 08:13:50,292 [ INFO] Создали дерево. at {ru.apertum.qsystem.server.model.ATreeModel.createTree(ATreeModel.java:54)}
2017-08-15 08:13:50,302 [ INFO] Создали список. at {ru.apertum.qsystem.server.model.ATListModel.createList(ATListModel.java:45)}
2017-08-15 08:13:50,308 [ INFO] Создали список. at {ru.apertum.qsystem.server.model.ATListModel.createList(ATListModel.java:45)}
2017-08-15 08:13:50,316 [ INFO] Создали список. at {ru.apertum.qsystem.server.model.ATListModel.createList(ATListModel.java:45)}
2017-08-15 08:13:50,358 [ INFO] Создали список. at {ru.apertum.qsystem.server.model.ATListModel.createList(ATListModel.java:45)}
2017-08-15 08:13:50,442 [DEBUG] Создаем модель для календаря at {ru.apertum.qsystem.server.model.calendar.CalendarTableModel.<init>(CalendarTableModel.java:44)}
2017-08-15 08:13:57,434 [ INFO] Properties are ready. at {ru.apertum.qsystem.common.QConfig.prepareCLI(QConfig.java:305)}
2017-08-15 08:13:57,437 [ INFO] "QSystem 17.1"!  date: 20.05.2017 at {ru.apertum.qsystem.common.QLog.initial(QLog.java:180)}
2017-08-15 08:13:57,437 [ INFO] START LOGER. Logger: admin.file.info.trace at {ru.apertum.qsystem.common.QLog.initial(QLog.java:181)}
2017-08-15 08:13:57,438 [ INFO] Mode: KEY_DEBUG at {ru.apertum.qsystem.common.QLog.initial(QLog.java:186)}
2017-08-15 08:13:57,438 [ INFO] Plugins: YES at {ru.apertum.qsystem.common.QLog.initial(QLog.java:187)}
2017-08-15 08:13:57,440 [ INFO] Languages are loading... at {ru.apertum.qsystem.client.Locales.<init>(Locales.java:79)}
2017-08-15 08:13:57,446 [DEBUG]    Langusge: Az?rbaycan az_AZ at {ru.apertum.qsystem.client.Locales.<init>(Locales.java:119)}
2017-08-15 08:13:57,448 [DEBUG]    Langusge: English en_US at {ru.apertum.qsystem.client.Locales.<init>(Locales.java:119)}
2017-08-15 08:13:57,450 [DEBUG]    Langusge: Espanol es_ES at {ru.apertum.qsystem.client.Locales.<init>(Locales.java:119)}
2017-08-15 08:13:57,451 [DEBUG]    Langusge: Fran?ais fr_FR at {ru.apertum.qsystem.client.Locales.<init>(Locales.java:119)}
2017-08-15 08:13:57,453 [DEBUG]    Langusge: Italiano it_IT at {ru.apertum.qsystem.client.Locales.<init>(Locales.java:119)}
2017-08-15 08:13:57,454 [DEBUG]    Langusge: Portugu?s pt_PT at {ru.apertum.qsystem.client.Locales.<init>(Locales.java:119)}
2017-08-15 08:13:57,455 [DEBUG]    Langusge: Roman ro_RO at {ru.apertum.qsystem.client.Locales.<init>(Locales.java:119)}
2017-08-15 08:13:57,457 [DEBUG]    Langusge: Русский ru_RU at {ru.apertum.qsystem.client.Locales.<init>(Locales.java:119)}
2017-08-15 08:13:57,458 [DEBUG]    Langusge: Українська uk_UA at {ru.apertum.qsystem.client.Locales.<init>(Locales.java:119)}
2017-08-15 08:13:58,113 [ INFO] DB server '+ driver=com.mysql.jdbc.Driver' url=jdbc:mysql://127.0.0.1/qsystem?autoReconnect=true&amp;characterEncoding=UTF-8 at {ru.apertum.qsystem.hibernate.AnnotationSessionFactoryBean.load(AnnotationSessionFactoryBean.java:183)}
2017-08-15 08:13:59,340 [ INFO] DB is OK. at {ru.apertum.qsystem.client.forms.FAdmin.main(FAdmin.java:1212)}
2017-08-15 08:13:59,346 [ INFO] Загрузка плагинов из папки plugins. at {ru.apertum.qsystem.common.Uses.loadPlugins(Uses.java:788)}
2017-08-15 08:13:59,350 [DEBUG] Плагин Journal.jar at {ru.apertum.qsystem.common.Uses.loadPlugins(Uses.java:795)}
2017-08-15 08:13:59,352 [DEBUG] Плагин Microsound.jar at {ru.apertum.qsystem.common.Uses.loadPlugins(Uses.java:795)}
2017-08-15 08:13:59,684 [ INFO] Создали список. at {ru.apertum.qsystem.server.model.ATListModel.createList(ATListModel.java:45)}
2017-08-15 08:13:59,689 [ INFO] Вход в систему. at {ru.apertum.qsystem.client.forms.FLogin.logining(FLogin.java:312)}
2017-08-15 08:14:00,903 [ INFO] Вход в систему выполнен. Пользователь "Администратор", уровень доступа "3". at {ru.apertum.qsystem.client.forms.FLogin.logining(FLogin.java:334)}
2017-08-15 08:14:01,392 [ INFO] Создали дерево. at {ru.apertum.qsystem.server.model.ATreeModel.createTree(ATreeModel.java:54)}
2017-08-15 08:14:01,401 [ INFO] Создали список. at {ru.apertum.qsystem.server.model.ATListModel.createList(ATListModel.java:45)}
2017-08-15 08:14:01,413 [ INFO] Создали дерево. at {ru.apertum.qsystem.server.model.ATreeModel.createTree(ATreeModel.java:54)}
2017-08-15 08:14:01,419 [ INFO] Создали дерево. at {ru.apertum.qsystem.server.model.ATreeModel.createTree(ATreeModel.java:54)}
2017-08-15 08:14:01,426 [ INFO] Создали список. at {ru.apertum.qsystem.server.model.ATListModel.createList(ATListModel.java:45)}
2017-08-15 08:14:01,429 [ INFO] Создали список. at {ru.apertum.qsystem.server.model.ATListModel.createList(ATListModel.java:45)}
2017-08-15 08:14:01,436 [ INFO] Создали список. at {ru.apertum.qsystem.server.model.ATListModel.createList(ATListModel.java:45)}
2017-08-15 08:14:01,457 [ INFO] Создали список. at {ru.apertum.qsystem.server.model.ATListModel.createList(ATListModel.java:45)}
2017-08-15 08:14:01,504 [DEBUG] Создаем модель для календаря at {ru.apertum.qsystem.server.model.calendar.CalendarTableModel.<init>(CalendarTableModel.java:44)}
2017-08-15 08:17:35,049 [ INFO] Properties are ready. at {ru.apertum.qsystem.common.QConfig.prepareCLI(QConfig.java:305)}
2017-08-15 08:17:35,052 [ INFO] "QSystem 17.1"!  date: 20.05.2017 at {ru.apertum.qsystem.common.QLog.initial(QLog.java:180)}
2017-08-15 08:17:35,053 [ INFO] START LOGER. Logger: admin.file.info.trace at {ru.apertum.qsystem.common.QLog.initial(QLog.java:181)}
2017-08-15 08:17:35,054 [ INFO] Mode: KEY_DEBUG at {ru.apertum.qsystem.common.QLog.initial(QLog.java:186)}
2017-08-15 08:17:35,055 [ INFO] Plugins: YES at {ru.apertum.qsystem.common.QLog.initial(QLog.java:187)}
2017-08-15 08:17:35,057 [ INFO] Languages are loading... at {ru.apertum.qsystem.client.Locales.<init>(Locales.java:79)}
2017-08-15 08:17:35,062 [DEBUG]    Langusge: Az?rbaycan az_AZ at {ru.apertum.qsystem.client.Locales.<init>(Locales.java:119)}
2017-08-15 08:17:35,065 [DEBUG]    Langusge: English en_US at {ru.apertum.qsystem.client.Locales.<init>(Locales.java:119)}
2017-08-15 08:17:35,066 [DEBUG]    Langusge: Espanol es_ES at {ru.apertum.qsystem.client.Locales.<init>(Locales.java:119)}
2017-08-15 08:17:35,067 [DEBUG]    Langusge: Fran?ais fr_FR at {ru.apertum.qsystem.client.Locales.<init>(Locales.java:119)}
2017-08-15 08:17:35,069 [DEBUG]    Langusge: Italiano it_IT at {ru.apertum.qsystem.client.Locales.<init>(Locales.java:119)}
2017-08-15 08:17:35,071 [DEBUG]    Langusge: Portugu?s pt_PT at {ru.apertum.qsystem.client.Locales.<init>(Locales.java:119)}
2017-08-15 08:17:35,074 [DEBUG]    Langusge: Roman ro_RO at {ru.apertum.qsystem.client.Locales.<init>(Locales.java:119)}
2017-08-15 08:17:35,076 [DEBUG]    Langusge: Русский ru_RU at {ru.apertum.qsystem.client.Locales.<init>(Locales.java:119)}
2017-08-15 08:17:35,077 [DEBUG]    Langusge: Українська uk_UA at {ru.apertum.qsystem.client.Locales.<init>(Locales.java:119)}
2017-08-15 08:17:35,759 [ INFO] DB server '+ driver=com.mysql.jdbc.Driver' url=jdbc:mysql://127.0.0.1/qsystem?autoReconnect=true&amp;characterEncoding=UTF-8 at {ru.apertum.qsystem.hibernate.AnnotationSessionFactoryBean.load(AnnotationSessionFactoryBean.java:183)}
2017-08-15 08:17:37,100 [ INFO] DB is OK. at {ru.apertum.qsystem.client.forms.FAdmin.main(FAdmin.java:1212)}
2017-08-15 08:17:37,107 [ INFO] Загрузка плагинов из папки plugins. at {ru.apertum.qsystem.common.Uses.loadPlugins(Uses.java:788)}
2017-08-15 08:17:37,109 [DEBUG] Плагин Journal.jar at {ru.apertum.qsystem.common.Uses.loadPlugins(Uses.java:795)}
2017-08-15 08:17:37,109 [DEBUG] Плагин Microsound.jar at {ru.apertum.qsystem.common.Uses.loadPlugins(Uses.java:795)}
2017-08-15 08:17:37,329 [ INFO] Создали список. at {ru.apertum.qsystem.server.model.ATListModel.createList(ATListModel.java:45)}
2017-08-15 08:17:37,336 [ INFO] Вход в систему. at {ru.apertum.qsystem.client.forms.FLogin.logining(FLogin.java:312)}
2017-08-15 08:17:38,432 [ INFO] Вход в систему выполнен. Пользователь "Администратор", уровень доступа "3". at {ru.apertum.qsystem.client.forms.FLogin.logining(FLogin.java:334)}
2017-08-15 08:17:38,870 [ INFO] Создали дерево. at {ru.apertum.qsystem.server.model.ATreeModel.createTree(ATreeModel.java:54)}
2017-08-15 08:17:38,879 [ INFO] Создали список. at {ru.apertum.qsystem.server.model.ATListModel.createList(ATListModel.java:45)}
2017-08-15 08:17:38,905 [ INFO] Создали дерево. at {ru.apertum.qsystem.server.model.ATreeModel.createTree(ATreeModel.java:54)}
2017-08-15 08:17:38,914 [ INFO] Создали дерево. at {ru.apertum.qsystem.server.model.ATreeModel.createTree(ATreeModel.java:54)}
2017-08-15 08:17:38,921 [ INFO] Создали список. at {ru.apertum.qsystem.server.model.ATListModel.createList(ATListModel.java:45)}
2017-08-15 08:17:38,926 [ INFO] Создали список. at {ru.apertum.qsystem.server.model.ATListModel.createList(ATListModel.java:45)}
2017-08-15 08:17:38,931 [ INFO] Создали список. at {ru.apertum.qsystem.server.model.ATListModel.createList(ATListModel.java:45)}
2017-08-15 08:17:38,956 [ INFO] Создали список. at {ru.apertum.qsystem.server.model.ATListModel.createList(ATListModel.java:45)}
2017-08-15 08:17:39,017 [DEBUG] Создаем модель для календаря at {ru.apertum.qsystem.server.model.calendar.CalendarTableModel.<init>(CalendarTableModel.java:44)}
2017-08-15 08:22:51,781 [ INFO] Properties are ready. at {ru.apertum.qsystem.common.QConfig.prepareCLI(QConfig.java:305)}
2017-08-15 08:22:51,785 [ INFO] "QSystem 17.1"!  date: 20.05.2017 at {ru.apertum.qsystem.common.QLog.initial(QLog.java:180)}
2017-08-15 08:22:51,786 [ INFO] START LOGER. Logger: admin.file.info.trace at {ru.apertum.qsystem.common.QLog.initial(QLog.java:181)}
2017-08-15 08:22:51,786 [ INFO] Mode: KEY_DEBUG at {ru.apertum.qsystem.common.QLog.initial(QLog.java:186)}
2017-08-15 08:22:51,787 [ INFO] Plugins: YES at {ru.apertum.qsystem.common.QLog.initial(QLog.java:187)}
2017-08-15 08:22:51,789 [ INFO] Languages are loading... at {ru.apertum.qsystem.client.Locales.<init>(Locales.java:79)}
2017-08-15 08:22:51,798 [DEBUG]    Langusge: Az?rbaycan az_AZ at {ru.apertum.qsystem.client.Locales.<init>(Locales.java:119)}
2017-08-15 08:22:51,800 [DEBUG]    Langusge: English en_US at {ru.apertum.qsystem.client.Locales.<init>(Locales.java:119)}
2017-08-15 08:22:51,802 [DEBUG]    Langusge: Espanol es_ES at {ru.apertum.qsystem.client.Locales.<init>(Locales.java:119)}
2017-08-15 08:22:51,805 [DEBUG]    Langusge: Fran?ais fr_FR at {ru.apertum.qsystem.client.Locales.<init>(Locales.java:119)}
2017-08-15 08:22:51,806 [DEBUG]    Langusge: Italiano it_IT at {ru.apertum.qsystem.client.Locales.<init>(Locales.java:119)}
2017-08-15 08:22:51,808 [DEBUG]    Langusge: Portugu?s pt_PT at {ru.apertum.qsystem.client.Locales.<init>(Locales.java:119)}
2017-08-15 08:22:51,811 [DEBUG]    Langusge: Roman ro_RO at {ru.apertum.qsystem.client.Locales.<init>(Locales.java:119)}
2017-08-15 08:22:51,814 [DEBUG]    Langusge: Русский ru_RU at {ru.apertum.qsystem.client.Locales.<init>(Locales.java:119)}
2017-08-15 08:22:51,816 [DEBUG]    Langusge: Українська uk_UA at {ru.apertum.qsystem.client.Locales.<init>(Locales.java:119)}
2017-08-15 08:22:52,473 [ INFO] DB server '+ driver=com.mysql.jdbc.Driver' url=jdbc:mysql://127.0.0.1/qsystem?autoReconnect=true&amp;characterEncoding=UTF-8 at {ru.apertum.qsystem.hibernate.AnnotationSessionFactoryBean.load(AnnotationSessionFactoryBean.java:183)}
2017-08-15 08:22:53,714 [ INFO] DB is OK. at {ru.apertum.qsystem.client.forms.FAdmin.main(FAdmin.java:1212)}
2017-08-15 08:22:53,720 [ INFO] Загрузка плагинов из папки plugins. at {ru.apertum.qsystem.common.Uses.loadPlugins(Uses.java:788)}
2017-08-15 08:22:53,723 [DEBUG] Плагин Journal.jar at {ru.apertum.qsystem.common.Uses.loadPlugins(Uses.java:795)}
2017-08-15 08:22:53,724 [DEBUG] Плагин Microsound.jar at {ru.apertum.qsystem.common.Uses.loadPlugins(Uses.java:795)}
2017-08-15 08:22:53,990 [ INFO] Создали список. at {ru.apertum.qsystem.server.model.ATListModel.createList(ATListModel.java:45)}
2017-08-15 08:22:53,999 [ INFO] Вход в систему. at {ru.apertum.qsystem.client.forms.FLogin.logining(FLogin.java:312)}
2017-08-21 08:46:58,221 [ INFO] Properties are ready. at {ru.apertum.qsystem.common.QConfig.prepareCLI(QConfig.java:305)}
2017-08-21 08:46:58,227 [ INFO] "QSystem 17.1"!  date: 20.05.2017 at {ru.apertum.qsystem.common.QLog.initial(QLog.java:180)}
2017-08-21 08:46:58,227 [ INFO] START LOGER. Logger: admin.file.info.trace at {ru.apertum.qsystem.common.QLog.initial(QLog.java:181)}
2017-08-21 08:46:58,227 [ INFO] Mode: KEY_DEBUG at {ru.apertum.qsystem.common.QLog.initial(QLog.java:186)}
2017-08-21 08:46:58,228 [ INFO] Plugins: YES at {ru.apertum.qsystem.common.QLog.initial(QLog.java:187)}
2017-08-21 08:46:58,230 [ INFO] Languages are loading... at {ru.apertum.qsystem.client.Locales.<init>(Locales.java:79)}
2017-08-21 08:46:58,238 [DEBUG]    Langusge: Az?rbaycan az_AZ at {ru.apertum.qsystem.client.Locales.<init>(Locales.java:119)}
2017-08-21 08:46:58,241 [DEBUG]    Langusge: English en_US at {ru.apertum.qsystem.client.Locales.<init>(Locales.java:119)}
2017-08-21 08:46:58,243 [DEBUG]    Langusge: Espanol es_ES at {ru.apertum.qsystem.client.Locales.<init>(Locales.java:119)}
2017-08-21 08:46:58,246 [DEBUG]    Langusge: Fran?ais fr_FR at {ru.apertum.qsystem.client.Locales.<init>(Locales.java:119)}
2017-08-21 08:46:58,248 [DEBUG]    Langusge: Italiano it_IT at {ru.apertum.qsystem.client.Locales.<init>(Locales.java:119)}
2017-08-21 08:46:58,251 [DEBUG]    Langusge: Portugu?s pt_PT at {ru.apertum.qsystem.client.Locales.<init>(Locales.java:119)}
2017-08-21 08:46:58,253 [DEBUG]    Langusge: Roman ro_RO at {ru.apertum.qsystem.client.Locales.<init>(Locales.java:119)}
2017-08-21 08:46:58,254 [DEBUG]    Langusge: Русский ru_RU at {ru.apertum.qsystem.client.Locales.<init>(Locales.java:119)}
2017-08-21 08:46:58,255 [DEBUG]    Langusge: Українська uk_UA at {ru.apertum.qsystem.client.Locales.<init>(Locales.java:119)}
2017-08-21 08:46:59,152 [ INFO] DB server '+ driver=com.mysql.jdbc.Driver' url=jdbc:mysql://127.0.0.1/qsystem?autoReconnect=true&amp;characterEncoding=UTF-8 at {ru.apertum.qsystem.hibernate.AnnotationSessionFactoryBean.load(AnnotationSessionFactoryBean.java:183)}
2017-08-21 08:47:31,982 [ INFO] DB is OK. at {ru.apertum.qsystem.client.forms.FAdmin.main(FAdmin.java:1212)}
2017-08-21 08:47:50,657 [ INFO] Загрузка плагинов из папки plugins. at {ru.apertum.qsystem.common.Uses.loadPlugins(Uses.java:788)}
2017-08-21 08:47:50,662 [DEBUG] Плагин Journal.jar at {ru.apertum.qsystem.common.Uses.loadPlugins(Uses.java:795)}
2017-08-21 08:47:50,665 [DEBUG] Плагин Microsound.jar at {ru.apertum.qsystem.common.Uses.loadPlugins(Uses.java:795)}
2017-08-21 08:47:52,190 [ INFO] Создали список. at {ru.apertum.qsystem.server.model.ATListModel.createList(ATListModel.java:45)}
2017-08-21 08:47:52,225 [ INFO] Вход в систему. at {ru.apertum.qsystem.client.forms.FLogin.logining(FLogin.java:312)}
2017-08-21 08:47:55,613 [ INFO] Вход в систему выполнен. Пользователь "Администратор", уровень доступа "3". at {ru.apertum.qsystem.client.forms.FLogin.logining(FLogin.java:334)}
2017-08-21 08:47:57,924 [ INFO] Создали дерево. at {ru.apertum.qsystem.server.model.ATreeModel.createTree(ATreeModel.java:54)}
2017-08-21 08:47:57,943 [ INFO] Создали список. at {ru.apertum.qsystem.server.model.ATListModel.createList(ATListModel.java:45)}
2017-08-21 08:47:58,075 [ INFO] Создали дерево. at {ru.apertum.qsystem.server.model.ATreeModel.createTree(ATreeModel.java:54)}
2017-08-21 08:47:58,090 [ INFO] Создали дерево. at {ru.apertum.qsystem.server.model.ATreeModel.createTree(ATreeModel.java:54)}
2017-08-21 08:47:58,134 [ INFO] Создали список. at {ru.apertum.qsystem.server.model.ATListModel.createList(ATListModel.java:45)}
2017-08-21 08:47:58,146 [ INFO] Создали список. at {ru.apertum.qsystem.server.model.ATListModel.createList(ATListModel.java:45)}
2017-08-21 08:47:58,185 [ INFO] Создали список. at {ru.apertum.qsystem.server.model.ATListModel.createList(ATListModel.java:45)}
2017-08-21 08:47:58,274 [ INFO] Создали список. at {ru.apertum.qsystem.server.model.ATListModel.createList(ATListModel.java:45)}
2017-08-21 08:47:58,632 [DEBUG] Создаем модель для календаря at {ru.apertum.qsystem.server.model.calendar.CalendarTableModel.<init>(CalendarTableModel.java:44)}
2017-08-21 08:48:32,634 [ INFO] Редактирование услуги "Услуга" at {ru.apertum.qsystem.client.forms.FServiceChangeDialod.changeService(FServiceChangeDialod.java:94)}
2017-08-21 08:49:20,430 [DEBUG] Сохранили конфигурацию. at {ru.apertum.qsystem.client.forms.FAdmin.lambda$saveConfiguration$20(FAdmin.java:1707)}
2017-08-21 09:27:27,076 [ INFO] Properties are ready. at {ru.apertum.qsystem.common.QConfig.prepareCLI(QConfig.java:305)}
2017-08-21 09:27:27,081 [ INFO] "QSystem 17.1"!  date: 20.05.2017 at {ru.apertum.qsystem.common.QLog.initial(QLog.java:180)}
2017-08-21 09:27:27,081 [ INFO] START LOGER. Logger: admin.file.info.trace at {ru.apertum.qsystem.common.QLog.initial(QLog.java:181)}
2017-08-21 09:27:27,081 [ INFO] Mode: KEY_DEBUG at {ru.apertum.qsystem.common.QLog.initial(QLog.java:186)}
2017-08-21 09:27:27,082 [ INFO] Plugins: YES at {ru.apertum.qsystem.common.QLog.initial(QLog.java:187)}
2017-08-21 09:27:27,084 [ INFO] Languages are loading... at {ru.apertum.qsystem.client.Locales.<init>(Locales.java:79)}
2017-08-21 09:27:27,090 [DEBUG]    Langusge: Az?rbaycan az_AZ at {ru.apertum.qsystem.client.Locales.<init>(Locales.java:119)}
2017-08-21 09:27:27,093 [DEBUG]    Langusge: English en_US at {ru.apertum.qsystem.client.Locales.<init>(Locales.java:119)}
2017-08-21 09:27:27,095 [DEBUG]    Langusge: Espanol es_ES at {ru.apertum.qsystem.client.Locales.<init>(Locales.java:119)}
2017-08-21 09:27:27,096 [DEBUG]    Langusge: Fran?ais fr_FR at {ru.apertum.qsystem.client.Locales.<init>(Locales.java:119)}
2017-08-21 09:27:27,098 [DEBUG]    Langusge: Italiano it_IT at {ru.apertum.qsystem.client.Locales.<init>(Locales.java:119)}
2017-08-21 09:27:27,102 [DEBUG]    Langusge: Portugu?s pt_PT at {ru.apertum.qsystem.client.Locales.<init>(Locales.java:119)}
2017-08-21 09:27:27,104 [DEBUG]    Langusge: Roman ro_RO at {ru.apertum.qsystem.client.Locales.<init>(Locales.java:119)}
2017-08-21 09:27:27,105 [DEBUG]    Langusge: Русский ru_RU at {ru.apertum.qsystem.client.Locales.<init>(Locales.java:119)}
2017-08-21 09:27:27,107 [DEBUG]    Langusge: Українська uk_UA at {ru.apertum.qsystem.client.Locales.<init>(Locales.java:119)}
2017-08-21 09:27:27,861 [ INFO] DB server '+ driver=com.mysql.jdbc.Driver' url=jdbc:mysql://127.0.0.1/qsystem?autoReconnect=true&amp;characterEncoding=UTF-8 at {ru.apertum.qsystem.hibernate.AnnotationSessionFactoryBean.load(AnnotationSessionFactoryBean.java:183)}
2017-08-21 09:27:29,325 [ INFO] DB is OK. at {ru.apertum.qsystem.client.forms.FAdmin.main(FAdmin.java:1212)}
2017-08-21 09:27:29,331 [ INFO] Загрузка плагинов из папки plugins. at {ru.apertum.qsystem.common.Uses.loadPlugins(Uses.java:788)}
2017-08-21 09:27:29,332 [DEBUG] Плагин Journal.jar at {ru.apertum.qsystem.common.Uses.loadPlugins(Uses.java:795)}
2017-08-21 09:27:29,334 [DEBUG] Плагин Microsound.jar at {ru.apertum.qsystem.common.Uses.loadPlugins(Uses.java:795)}
2017-08-21 09:27:29,686 [ INFO] Создали список. at {ru.apertum.qsystem.server.model.ATListModel.createList(ATListModel.java:45)}
2017-08-21 09:27:29,744 [ INFO] Вход в систему. at {ru.apertum.qsystem.client.forms.FLogin.logining(FLogin.java:312)}
2017-08-21 09:27:33,173 [ INFO] Вход в систему выполнен. Пользователь "Администратор", уровень доступа "3". at {ru.apertum.qsystem.client.forms.FLogin.logining(FLogin.java:334)}
2017-08-21 09:27:33,761 [ INFO] Создали дерево. at {ru.apertum.qsystem.server.model.ATreeModel.createTree(ATreeModel.java:54)}
2017-08-21 09:27:33,769 [ INFO] Создали список. at {ru.apertum.qsystem.server.model.ATListModel.createList(ATListModel.java:45)}
2017-08-21 09:27:33,789 [ INFO] Создали дерево. at {ru.apertum.qsystem.server.model.ATreeModel.createTree(ATreeModel.java:54)}
2017-08-21 09:27:33,797 [ INFO] Создали дерево. at {ru.apertum.qsystem.server.model.ATreeModel.createTree(ATreeModel.java:54)}
2017-08-21 09:27:33,805 [ INFO] Создали список. at {ru.apertum.qsystem.server.model.ATListModel.createList(ATListModel.java:45)}
2017-08-21 09:27:33,814 [ INFO] Создали список. at {ru.apertum.qsystem.server.model.ATListModel.createList(ATListModel.java:45)}
2017-08-21 09:27:33,821 [ INFO] Создали список. at {ru.apertum.qsystem.server.model.ATListModel.createList(ATListModel.java:45)}
2017-08-21 09:27:33,864 [ INFO] Создали список. at {ru.apertum.qsystem.server.model.ATListModel.createList(ATListModel.java:45)}
2017-08-21 09:27:33,915 [DEBUG] Создаем модель для календаря at {ru.apertum.qsystem.server.model.calendar.CalendarTableModel.<init>(CalendarTableModel.java:44)}
2017-08-21 09:27:38,611 [DEBUG] Добавляем пользователя "123" at {ru.apertum.qsystem.client.forms.FAdmin.addUser(FAdmin.java:1333)}
2017-08-21 09:27:39,891 [ INFO] Editing of user "123" at {ru.apertum.qsystem.client.forms.FUserChangeDialog.changeUser(FUserChangeDialog.java:74)}
2017-08-21 09:27:43,573 [ INFO] Editing of user "123" at {ru.apertum.qsystem.client.forms.FUserChangeDialog.changeUser(FUserChangeDialog.java:74)}
2017-08-21 09:28:05,465 [ INFO] Editing of user "123" at {ru.apertum.qsystem.client.forms.FUserChangeDialog.changeUser(FUserChangeDialog.java:74)}
2017-08-21 09:28:16,855 [DEBUG] Пользователю "123" назначили услугу "Услуга". at {ru.apertum.qsystem.client.forms.FAdmin.addServiceToUser(FAdmin.java:1735)}
2017-08-21 09:28:18,707 [DEBUG] Сохранили конфигурацию. at {ru.apertum.qsystem.client.forms.FAdmin.lambda$saveConfiguration$20(FAdmin.java:1707)}
2017-08-21 09:29:02,875 [ INFO] Properties are ready. at {ru.apertum.qsystem.common.QConfig.prepareCLI(QConfig.java:305)}
2017-08-21 09:29:02,879 [ INFO] "QSystem 17.1"!  date: 20.05.2017 at {ru.apertum.qsystem.common.QLog.initial(QLog.java:180)}
2017-08-21 09:29:02,880 [ INFO] START LOGER. Logger: admin.file.info.trace at {ru.apertum.qsystem.common.QLog.initial(QLog.java:181)}
2017-08-21 09:29:02,880 [ INFO] Mode: KEY_DEBUG at {ru.apertum.qsystem.common.QLog.initial(QLog.java:186)}
2017-08-21 09:29:02,880 [ INFO] Plugins: YES at {ru.apertum.qsystem.common.QLog.initial(QLog.java:187)}
2017-08-21 09:29:02,882 [ INFO] Languages are loading... at {ru.apertum.qsystem.client.Locales.<init>(Locales.java:79)}
2017-08-21 09:29:02,890 [DEBUG]    Langusge: Az?rbaycan az_AZ at {ru.apertum.qsystem.client.Locales.<init>(Locales.java:119)}
2017-08-21 09:29:02,894 [DEBUG]    Langusge: English en_US at {ru.apertum.qsystem.client.Locales.<init>(Locales.java:119)}
2017-08-21 09:29:02,896 [DEBUG]    Langusge: Espanol es_ES at {ru.apertum.qsystem.client.Locales.<init>(Locales.java:119)}
2017-08-21 09:29:02,897 [DEBUG]    Langusge: Fran?ais fr_FR at {ru.apertum.qsystem.client.Locales.<init>(Locales.java:119)}
2017-08-21 09:29:02,901 [DEBUG]    Langusge: Italiano it_IT at {ru.apertum.qsystem.client.Locales.<init>(Locales.java:119)}
2017-08-21 09:29:02,903 [DEBUG]    Langusge: Portugu?s pt_PT at {ru.apertum.qsystem.client.Locales.<init>(Locales.java:119)}
2017-08-21 09:29:02,904 [DEBUG]    Langusge: Roman ro_RO at {ru.apertum.qsystem.client.Locales.<init>(Locales.java:119)}
2017-08-21 09:29:02,906 [DEBUG]    Langusge: Русский ru_RU at {ru.apertum.qsystem.client.Locales.<init>(Locales.java:119)}
2017-08-21 09:29:02,908 [DEBUG]    Langusge: Українська uk_UA at {ru.apertum.qsystem.client.Locales.<init>(Locales.java:119)}
2017-08-21 09:29:03,672 [ INFO] DB server '+ driver=com.mysql.jdbc.Driver' url=jdbc:mysql://127.0.0.1/qsystem?autoReconnect=true&amp;characterEncoding=UTF-8 at {ru.apertum.qsystem.hibernate.AnnotationSessionFactoryBean.load(AnnotationSessionFactoryBean.java:183)}
2017-08-21 09:29:05,233 [ INFO] DB is OK. at {ru.apertum.qsystem.client.forms.FAdmin.main(FAdmin.java:1212)}
2017-08-21 09:29:05,239 [ INFO] Загрузка плагинов из папки plugins. at {ru.apertum.qsystem.common.Uses.loadPlugins(Uses.java:788)}
2017-08-21 09:29:05,241 [DEBUG] Плагин Journal.jar at {ru.apertum.qsystem.common.Uses.loadPlugins(Uses.java:795)}
2017-08-21 09:29:05,241 [DEBUG] Плагин Microsound.jar at {ru.apertum.qsystem.common.Uses.loadPlugins(Uses.java:795)}
2017-08-21 09:29:05,703 [ INFO] Создали список. at {ru.apertum.qsystem.server.model.ATListModel.createList(ATListModel.java:45)}
2017-08-21 09:29:05,732 [ INFO] Вход в систему. at {ru.apertum.qsystem.client.forms.FLogin.logining(FLogin.java:312)}
2017-08-21 09:29:08,508 [ INFO] Вход в систему выполнен. Пользователь "Администратор", уровень доступа "3". at {ru.apertum.qsystem.client.forms.FLogin.logining(FLogin.java:334)}
2017-08-21 09:29:09,005 [ INFO] Создали дерево. at {ru.apertum.qsystem.server.model.ATreeModel.createTree(ATreeModel.java:54)}
2017-08-21 09:29:09,012 [ INFO] Создали список. at {ru.apertum.qsystem.server.model.ATListModel.createList(ATListModel.java:45)}
2017-08-21 09:29:09,041 [ INFO] Создали дерево. at {ru.apertum.qsystem.server.model.ATreeModel.createTree(ATreeModel.java:54)}
2017-08-21 09:29:09,048 [ INFO] Создали дерево. at {ru.apertum.qsystem.server.model.ATreeModel.createTree(ATreeModel.java:54)}
2017-08-21 09:29:09,054 [ INFO] Создали список. at {ru.apertum.qsystem.server.model.ATListModel.createList(ATListModel.java:45)}
2017-08-21 09:29:09,059 [ INFO] Создали список. at {ru.apertum.qsystem.server.model.ATListModel.createList(ATListModel.java:45)}
2017-08-21 09:29:09,065 [ INFO] Создали список. at {ru.apertum.qsystem.server.model.ATListModel.createList(ATListModel.java:45)}
2017-08-21 09:29:09,103 [ INFO] Создали список. at {ru.apertum.qsystem.server.model.ATListModel.createList(ATListModel.java:45)}
2017-08-21 09:29:09,158 [DEBUG] Создаем модель для календаря at {ru.apertum.qsystem.server.model.calendar.CalendarTableModel.<init>(CalendarTableModel.java:44)}
2017-08-21 09:29:12,388 [ INFO] Editing of user "123" at {ru.apertum.qsystem.client.forms.FUserChangeDialog.changeUser(FUserChangeDialog.java:74)}
2017-08-21 09:29:17,308 [ INFO] Editing of user "123" at {ru.apertum.qsystem.client.forms.FUserChangeDialog.changeUser(FUserChangeDialog.java:74)}
2017-08-21 09:29:53,991 [ INFO] Editing of user "123" at {ru.apertum.qsystem.client.forms.FUserChangeDialog.changeUser(FUserChangeDialog.java:74)}
2017-08-21 09:37:08,204 [ INFO] Properties are ready. at {ru.apertum.qsystem.common.QConfig.prepareCLI(QConfig.java:305)}
2017-08-21 09:37:08,210 [ INFO] "QSystem 17.1"!  date: 20.05.2017 at {ru.apertum.qsystem.common.QLog.initial(QLog.java:180)}
2017-08-21 09:37:08,210 [ INFO] START LOGER. Logger: admin.file.info.trace at {ru.apertum.qsystem.common.QLog.initial(QLog.java:181)}
2017-08-21 09:37:08,210 [ INFO] Mode: KEY_DEBUG at {ru.apertum.qsystem.common.QLog.initial(QLog.java:186)}
2017-08-21 09:37:08,211 [ INFO] Plugins: YES at {ru.apertum.qsystem.common.QLog.initial(QLog.java:187)}
2017-08-21 09:37:08,213 [ INFO] Languages are loading... at {ru.apertum.qsystem.client.Locales.<init>(Locales.java:79)}
2017-08-21 09:37:08,225 [DEBUG]    Langusge: Az?rbaycan az_AZ at {ru.apertum.qsystem.client.Locales.<init>(Locales.java:119)}
2017-08-21 09:37:08,228 [DEBUG]    Langusge: English en_US at {ru.apertum.qsystem.client.Locales.<init>(Locales.java:119)}
2017-08-21 09:37:08,231 [DEBUG]    Langusge: Espanol es_ES at {ru.apertum.qsystem.client.Locales.<init>(Locales.java:119)}
2017-08-21 09:37:08,273 [DEBUG]    Langusge: Fran?ais fr_FR at {ru.apertum.qsystem.client.Locales.<init>(Locales.java:119)}
2017-08-21 09:37:08,274 [DEBUG]    Langusge: Italiano it_IT at {ru.apertum.qsystem.client.Locales.<init>(Locales.java:119)}
2017-08-21 09:37:08,275 [DEBUG]    Langusge: Portugu?s pt_PT at {ru.apertum.qsystem.client.Locales.<init>(Locales.java:119)}
2017-08-21 09:37:08,276 [DEBUG]    Langusge: Roman ro_RO at {ru.apertum.qsystem.client.Locales.<init>(Locales.java:119)}
2017-08-21 09:37:08,278 [DEBUG]    Langusge: Русский ru_RU at {ru.apertum.qsystem.client.Locales.<init>(Locales.java:119)}
2017-08-21 09:37:08,280 [DEBUG]    Langusge: Українська uk_UA at {ru.apertum.qsystem.client.Locales.<init>(Locales.java:119)}
2017-08-21 09:37:09,096 [ INFO] DB server '+ driver=com.mysql.jdbc.Driver' url=jdbc:mysql://127.0.0.1/qsystem?autoReconnect=true&amp;characterEncoding=UTF-8 at {ru.apertum.qsystem.hibernate.AnnotationSessionFactoryBean.load(AnnotationSessionFactoryBean.java:183)}
2017-08-21 09:37:10,611 [ INFO] DB is OK. at {ru.apertum.qsystem.client.forms.FAdmin.main(FAdmin.java:1212)}
2017-08-21 09:37:10,619 [ INFO] Загрузка плагинов из папки plugins. at {ru.apertum.qsystem.common.Uses.loadPlugins(Uses.java:788)}
2017-08-21 09:37:10,621 [DEBUG] Плагин Journal.jar at {ru.apertum.qsystem.common.Uses.loadPlugins(Uses.java:795)}
2017-08-21 09:37:10,622 [DEBUG] Плагин Microsound.jar at {ru.apertum.qsystem.common.Uses.loadPlugins(Uses.java:795)}
2017-08-21 09:37:10,981 [ INFO] Создали список. at {ru.apertum.qsystem.server.model.ATListModel.createList(ATListModel.java:45)}
2017-08-21 09:37:10,992 [ INFO] Вход в систему. at {ru.apertum.qsystem.client.forms.FLogin.logining(FLogin.java:312)}
2017-08-21 09:37:13,330 [ INFO] Вход в систему выполнен. Пользователь "Администратор", уровень доступа "3". at {ru.apertum.qsystem.client.forms.FLogin.logining(FLogin.java:334)}
2017-08-21 09:37:13,846 [ INFO] Создали дерево. at {ru.apertum.qsystem.server.model.ATreeModel.createTree(ATreeModel.java:54)}
2017-08-21 09:37:13,853 [ INFO] Создали список. at {ru.apertum.qsystem.server.model.ATListModel.createList(ATListModel.java:45)}
2017-08-21 09:37:13,876 [ INFO] Создали дерево. at {ru.apertum.qsystem.server.model.ATreeModel.createTree(ATreeModel.java:54)}
2017-08-21 09:37:13,884 [ INFO] Создали дерево. at {ru.apertum.qsystem.server.model.ATreeModel.createTree(ATreeModel.java:54)}
2017-08-21 09:37:13,892 [ INFO] Создали список. at {ru.apertum.qsystem.server.model.ATListModel.createList(ATListModel.java:45)}
2017-08-21 09:37:13,897 [ INFO] Создали список. at {ru.apertum.qsystem.server.model.ATListModel.createList(ATListModel.java:45)}
2017-08-21 09:37:13,905 [ INFO] Создали список. at {ru.apertum.qsystem.server.model.ATListModel.createList(ATListModel.java:45)}
2017-08-21 09:37:13,942 [ INFO] Создали список. at {ru.apertum.qsystem.server.model.ATListModel.createList(ATListModel.java:45)}
2017-08-21 09:37:13,993 [DEBUG] Создаем модель для календаря at {ru.apertum.qsystem.server.model.calendar.CalendarTableModel.<init>(CalendarTableModel.java:44)}
2017-08-21 09:37:18,259 [ INFO] Editing of user "123" at {ru.apertum.qsystem.client.forms.FUserChangeDialog.changeUser(FUserChangeDialog.java:74)}
2017-08-21 09:37:27,672 [DEBUG] Сохранили конфигурацию. at {ru.apertum.qsystem.client.forms.FAdmin.lambda$saveConfiguration$20(FAdmin.java:1707)}
2017-08-21 14:31:54,433 [ INFO] Properties are ready. at {ru.apertum.qsystem.common.QConfig.prepareCLI(QConfig.java:305)}
2017-08-21 14:31:54,450 [ INFO] "QSystem 17.1"!  date: 20.05.2017 at {ru.apertum.qsystem.common.QLog.initial(QLog.java:180)}
2017-08-21 14:31:54,451 [ INFO] START LOGER. Logger: admin.file.info.trace at {ru.apertum.qsystem.common.QLog.initial(QLog.java:181)}
2017-08-21 14:31:54,451 [ INFO] Mode: KEY_DEBUG at {ru.apertum.qsystem.common.QLog.initial(QLog.java:186)}
2017-08-21 14:31:54,451 [ INFO] Plugins: YES at {ru.apertum.qsystem.common.QLog.initial(QLog.java:187)}
2017-08-21 14:31:54,453 [ INFO] Languages are loading... at {ru.apertum.qsystem.client.Locales.<init>(Locales.java:79)}
2017-08-21 14:31:54,460 [DEBUG]    Langusge: Az?rbaycan az_AZ at {ru.apertum.qsystem.client.Locales.<init>(Locales.java:119)}
2017-08-21 14:31:54,464 [DEBUG]    Langusge: English en_US at {ru.apertum.qsystem.client.Locales.<init>(Locales.java:119)}
2017-08-21 14:31:54,466 [DEBUG]    Langusge: Espanol es_ES at {ru.apertum.qsystem.client.Locales.<init>(Locales.java:119)}
2017-08-21 14:31:54,467 [DEBUG]    Langusge: Fran?ais fr_FR at {ru.apertum.qsystem.client.Locales.<init>(Locales.java:119)}
2017-08-21 14:31:54,469 [DEBUG]    Langusge: Italiano it_IT at {ru.apertum.qsystem.client.Locales.<init>(Locales.java:119)}
2017-08-21 14:31:54,475 [DEBUG]    Langusge: Portugu?s pt_PT at {ru.apertum.qsystem.client.Locales.<init>(Locales.java:119)}
2017-08-21 14:31:54,477 [DEBUG]    Langusge: Roman ro_RO at {ru.apertum.qsystem.client.Locales.<init>(Locales.java:119)}
2017-08-21 14:31:54,479 [DEBUG]    Langusge: Русский ru_RU at {ru.apertum.qsystem.client.Locales.<init>(Locales.java:119)}
2017-08-21 14:31:54,481 [DEBUG]    Langusge: Українська uk_UA at {ru.apertum.qsystem.client.Locales.<init>(Locales.java:119)}
2017-08-21 14:31:55,263 [ INFO] DB server '+ driver=com.mysql.jdbc.Driver' url=jdbc:mysql://127.0.0.1/qsystem?autoReconnect=true&amp;characterEncoding=UTF-8 at {ru.apertum.qsystem.hibernate.AnnotationSessionFactoryBean.load(AnnotationSessionFactoryBean.java:183)}
2017-08-21 14:31:56,800 [ INFO] DB is OK. at {ru.apertum.qsystem.client.forms.FAdmin.main(FAdmin.java:1212)}
2017-08-21 14:31:56,805 [ INFO] Загрузка плагинов из папки plugins. at {ru.apertum.qsystem.common.Uses.loadPlugins(Uses.java:788)}
2017-08-21 14:31:56,806 [DEBUG] Плагин Journal.jar at {ru.apertum.qsystem.common.Uses.loadPlugins(Uses.java:795)}
2017-08-21 14:31:56,807 [DEBUG] Плагин Microsound.jar at {ru.apertum.qsystem.common.Uses.loadPlugins(Uses.java:795)}
2017-08-21 14:31:57,217 [ INFO] Создали список. at {ru.apertum.qsystem.server.model.ATListModel.createList(ATListModel.java:45)}
2017-08-21 14:31:57,255 [ INFO] Вход в систему. at {ru.apertum.qsystem.client.forms.FLogin.logining(FLogin.java:312)}
2017-08-21 14:31:59,984 [ INFO] Вход в систему выполнен. Пользователь "Администратор", уровень доступа "3". at {ru.apertum.qsystem.client.forms.FLogin.logining(FLogin.java:334)}
2017-08-21 14:32:00,844 [ INFO] Создали дерево. at {ru.apertum.qsystem.server.model.ATreeModel.createTree(ATreeModel.java:54)}
2017-08-21 14:32:00,856 [ INFO] Создали список. at {ru.apertum.qsystem.server.model.ATListModel.createList(ATListModel.java:45)}
2017-08-21 14:32:00,875 [ INFO] Создали дерево. at {ru.apertum.qsystem.server.model.ATreeModel.createTree(ATreeModel.java:54)}
2017-08-21 14:32:00,890 [ INFO] Создали дерево. at {ru.apertum.qsystem.server.model.ATreeModel.createTree(ATreeModel.java:54)}
2017-08-21 14:32:00,901 [ INFO] Создали список. at {ru.apertum.qsystem.server.model.ATListModel.createList(ATListModel.java:45)}
2017-08-21 14:32:00,906 [ INFO] Создали список. at {ru.apertum.qsystem.server.model.ATListModel.createList(ATListModel.java:45)}
2017-08-21 14:32:00,913 [ INFO] Создали список. at {ru.apertum.qsystem.server.model.ATListModel.createList(ATListModel.java:45)}
2017-08-21 14:32:00,958 [ INFO] Создали список. at {ru.apertum.qsystem.server.model.ATListModel.createList(ATListModel.java:45)}
2017-08-21 14:32:01,035 [DEBUG] Создаем модель для календаря at {ru.apertum.qsystem.server.model.calendar.CalendarTableModel.<init>(CalendarTableModel.java:44)}
2017-08-21 14:34:01,960 [ INFO] Properties are ready. at {ru.apertum.qsystem.common.QConfig.prepareCLI(QConfig.java:305)}
2017-08-21 14:34:01,964 [ INFO] "QSystem 17.1"!  date: 20.05.2017 at {ru.apertum.qsystem.common.QLog.initial(QLog.java:180)}
2017-08-21 14:34:01,964 [ INFO] START LOGER. Logger: admin.file.info.trace at {ru.apertum.qsystem.common.QLog.initial(QLog.java:181)}
2017-08-21 14:34:01,964 [ INFO] Mode: KEY_DEBUG at {ru.apertum.qsystem.common.QLog.initial(QLog.java:186)}
2017-08-21 14:34:01,965 [ INFO] Plugins: YES at {ru.apertum.qsystem.common.QLog.initial(QLog.java:187)}
2017-08-21 14:34:01,967 [ INFO] Languages are loading... at {ru.apertum.qsystem.client.Locales.<init>(Locales.java:79)}
2017-08-21 14:34:01,974 [DEBUG]    Langusge: Az?rbaycan az_AZ at {ru.apertum.qsystem.client.Locales.<init>(Locales.java:119)}
2017-08-21 14:34:01,977 [DEBUG]    Langusge: English en_US at {ru.apertum.qsystem.client.Locales.<init>(Locales.java:119)}
2017-08-21 14:34:01,978 [DEBUG]    Langusge: Espanol es_ES at {ru.apertum.qsystem.client.Locales.<init>(Locales.java:119)}
2017-08-21 14:34:01,980 [DEBUG]    Langusge: Fran?ais fr_FR at {ru.apertum.qsystem.client.Locales.<init>(Locales.java:119)}
2017-08-21 14:34:01,981 [DEBUG]    Langusge: Italiano it_IT at {ru.apertum.qsystem.client.Locales.<init>(Locales.java:119)}
2017-08-21 14:34:01,983 [DEBUG]    Langusge: Portugu?s pt_PT at {ru.apertum.qsystem.client.Locales.<init>(Locales.java:119)}
2017-08-21 14:34:01,986 [DEBUG]    Langusge: Roman ro_RO at {ru.apertum.qsystem.client.Locales.<init>(Locales.java:119)}
2017-08-21 14:34:01,987 [DEBUG]    Langusge: Русский ru_RU at {ru.apertum.qsystem.client.Locales.<init>(Locales.java:119)}
2017-08-21 14:34:01,989 [DEBUG]    Langusge: Українська uk_UA at {ru.apertum.qsystem.client.Locales.<init>(Locales.java:119)}
2017-08-21 14:34:02,777 [ INFO] DB server '+ driver=com.mysql.jdbc.Driver' url=jdbc:mysql://127.0.0.1/qsystem?autoReconnect=true&amp;characterEncoding=UTF-8 at {ru.apertum.qsystem.hibernate.AnnotationSessionFactoryBean.load(AnnotationSessionFactoryBean.java:183)}
2017-08-21 14:34:04,290 [ INFO] DB is OK. at {ru.apertum.qsystem.client.forms.FAdmin.main(FAdmin.java:1212)}
2017-08-21 14:34:04,297 [ INFO] Загрузка плагинов из папки plugins. at {ru.apertum.qsystem.common.Uses.loadPlugins(Uses.java:788)}
2017-08-21 14:34:04,298 [DEBUG] Плагин Journal.jar at {ru.apertum.qsystem.common.Uses.loadPlugins(Uses.java:795)}
2017-08-21 14:34:04,298 [DEBUG] Плагин Microsound.jar at {ru.apertum.qsystem.common.Uses.loadPlugins(Uses.java:795)}
2017-08-21 14:34:04,667 [ INFO] Создали список. at {ru.apertum.qsystem.server.model.ATListModel.createList(ATListModel.java:45)}
2017-08-21 14:34:04,674 [ INFO] Вход в систему. at {ru.apertum.qsystem.client.forms.FLogin.logining(FLogin.java:312)}
2017-08-21 14:34:06,016 [ INFO] Вход в систему выполнен. Пользователь "Администратор", уровень доступа "3". at {ru.apertum.qsystem.client.forms.FLogin.logining(FLogin.java:334)}
2017-08-21 14:34:06,533 [ INFO] Создали дерево. at {ru.apertum.qsystem.server.model.ATreeModel.createTree(ATreeModel.java:54)}
2017-08-21 14:34:06,540 [ INFO] Создали список. at {ru.apertum.qsystem.server.model.ATListModel.createList(ATListModel.java:45)}
2017-08-21 14:34:06,559 [ INFO] Создали дерево. at {ru.apertum.qsystem.server.model.ATreeModel.createTree(ATreeModel.java:54)}
2017-08-21 14:34:06,567 [ INFO] Создали дерево. at {ru.apertum.qsystem.server.model.ATreeModel.createTree(ATreeModel.java:54)}
2017-08-21 14:34:06,575 [ INFO] Создали список. at {ru.apertum.qsystem.server.model.ATListModel.createList(ATListModel.java:45)}
2017-08-21 14:34:06,580 [ INFO] Создали список. at {ru.apertum.qsystem.server.model.ATListModel.createList(ATListModel.java:45)}
2017-08-21 14:34:06,585 [ INFO] Создали список. at {ru.apertum.qsystem.server.model.ATListModel.createList(ATListModel.java:45)}
2017-08-21 14:34:06,629 [ INFO] Создали список. at {ru.apertum.qsystem.server.model.ATListModel.createList(ATListModel.java:45)}
2017-08-21 14:34:06,683 [DEBUG] Создаем модель для календаря at {ru.apertum.qsystem.server.model.calendar.CalendarTableModel.<init>(CalendarTableModel.java:44)}
2017-08-21 14:34:11,479 [ INFO] Editing of user "123" at {ru.apertum.qsystem.client.forms.FUserChangeDialog.changeUser(FUserChangeDialog.java:74)}
2017-08-21 14:34:21,408 [DEBUG] Сохранили конфигурацию. at {ru.apertum.qsystem.client.forms.FAdmin.lambda$saveConfiguration$20(FAdmin.java:1707)}
2017-08-21 15:35:28,463 [ INFO] Properties are ready. at {ru.apertum.qsystem.common.QConfig.prepareCLI(QConfig.java:305)}
2017-08-21 15:35:28,467 [ INFO] "QSystem 17.1"!  date: 20.05.2017 at {ru.apertum.qsystem.common.QLog.initial(QLog.java:180)}
2017-08-21 15:35:28,467 [ INFO] START LOGER. Logger: admin.file.info.trace at {ru.apertum.qsystem.common.QLog.initial(QLog.java:181)}
2017-08-21 15:35:28,468 [ INFO] Mode: KEY_DEBUG at {ru.apertum.qsystem.common.QLog.initial(QLog.java:186)}
2017-08-21 15:35:28,468 [ INFO] Plugins: YES at {ru.apertum.qsystem.common.QLog.initial(QLog.java:187)}
2017-08-21 15:35:28,470 [ INFO] Languages are loading... at {ru.apertum.qsystem.client.Locales.<init>(Locales.java:79)}
2017-08-21 15:35:28,478 [DEBUG]    Langusge: Az?rbaycan az_AZ at {ru.apertum.qsystem.client.Locales.<init>(Locales.java:119)}
2017-08-21 15:35:28,481 [DEBUG]    Langusge: English en_US at {ru.apertum.qsystem.client.Locales.<init>(Locales.java:119)}
2017-08-21 15:35:28,482 [DEBUG]    Langusge: Espanol es_ES at {ru.apertum.qsystem.client.Locales.<init>(Locales.java:119)}
2017-08-21 15:35:28,484 [DEBUG]    Langusge: Fran?ais fr_FR at {ru.apertum.qsystem.client.Locales.<init>(Locales.java:119)}
2017-08-21 15:35:28,485 [DEBUG]    Langusge: Italiano it_IT at {ru.apertum.qsystem.client.Locales.<init>(Locales.java:119)}
2017-08-21 15:35:28,488 [DEBUG]    Langusge: Portugu?s pt_PT at {ru.apertum.qsystem.client.Locales.<init>(Locales.java:119)}
2017-08-21 15:35:28,490 [DEBUG]    Langusge: Roman ro_RO at {ru.apertum.qsystem.client.Locales.<init>(Locales.java:119)}
2017-08-21 15:35:28,493 [DEBUG]    Langusge: Русский ru_RU at {ru.apertum.qsystem.client.Locales.<init>(Locales.java:119)}
2017-08-21 15:35:28,495 [DEBUG]    Langusge: Українська uk_UA at {ru.apertum.qsystem.client.Locales.<init>(Locales.java:119)}
2017-08-21 15:35:29,284 [ INFO] DB server '+ driver=com.mysql.jdbc.Driver' url=jdbc:mysql://127.0.0.1/qsystem?autoReconnect=true&amp;characterEncoding=UTF-8 at {ru.apertum.qsystem.hibernate.AnnotationSessionFactoryBean.load(AnnotationSessionFactoryBean.java:183)}
2017-08-21 15:35:30,778 [ INFO] DB is OK. at {ru.apertum.qsystem.client.forms.FAdmin.main(FAdmin.java:1212)}
2017-08-21 15:35:30,785 [ INFO] Загрузка плагинов из папки plugins. at {ru.apertum.qsystem.common.Uses.loadPlugins(Uses.java:788)}
2017-08-21 15:35:30,787 [DEBUG] Плагин Journal.jar at {ru.apertum.qsystem.common.Uses.loadPlugins(Uses.java:795)}
2017-08-21 15:35:30,788 [DEBUG] Плагин Microsound.jar at {ru.apertum.qsystem.common.Uses.loadPlugins(Uses.java:795)}
2017-08-21 15:35:31,189 [ INFO] Создали список. at {ru.apertum.qsystem.server.model.ATListModel.createList(ATListModel.java:45)}
2017-08-21 15:35:31,201 [ INFO] Вход в систему. at {ru.apertum.qsystem.client.forms.FLogin.logining(FLogin.java:312)}
2017-08-21 15:35:32,387 [ INFO] Вход в систему выполнен. Пользователь "Администратор", уровень доступа "3". at {ru.apertum.qsystem.client.forms.FLogin.logining(FLogin.java:334)}
2017-08-21 15:35:32,982 [ INFO] Создали дерево. at {ru.apertum.qsystem.server.model.ATreeModel.createTree(ATreeModel.java:54)}
2017-08-21 15:35:32,990 [ INFO] Создали список. at {ru.apertum.qsystem.server.model.ATListModel.createList(ATListModel.java:45)}
2017-08-21 15:35:33,012 [ INFO] Создали дерево. at {ru.apertum.qsystem.server.model.ATreeModel.createTree(ATreeModel.java:54)}
2017-08-21 15:35:33,019 [ INFO] Создали дерево. at {ru.apertum.qsystem.server.model.ATreeModel.createTree(ATreeModel.java:54)}
2017-08-21 15:35:33,036 [ INFO] Создали список. at {ru.apertum.qsystem.server.model.ATListModel.createList(ATListModel.java:45)}
2017-08-21 15:35:33,040 [ INFO] Создали список. at {ru.apertum.qsystem.server.model.ATListModel.createList(ATListModel.java:45)}
2017-08-21 15:35:33,049 [ INFO] Создали список. at {ru.apertum.qsystem.server.model.ATListModel.createList(ATListModel.java:45)}
2017-08-21 15:35:33,086 [ INFO] Создали список. at {ru.apertum.qsystem.server.model.ATListModel.createList(ATListModel.java:45)}
2017-08-21 15:35:33,191 [DEBUG] Создаем модель для календаря at {ru.apertum.qsystem.server.model.calendar.CalendarTableModel.<init>(CalendarTableModel.java:44)}
2017-08-21 16:10:14,686 [ INFO] Properties are ready. at {ru.apertum.qsystem.common.QConfig.prepareCLI(QConfig.java:305)}
2017-08-21 16:10:14,692 [ INFO] "QSystem 17.1"!  date: 20.05.2017 at {ru.apertum.qsystem.common.QLog.initial(QLog.java:180)}
2017-08-21 16:10:14,692 [ INFO] START LOGER. Logger: admin.file.info.trace at {ru.apertum.qsystem.common.QLog.initial(QLog.java:181)}
2017-08-21 16:10:14,693 [ INFO] Mode: KEY_DEBUG at {ru.apertum.qsystem.common.QLog.initial(QLog.java:186)}
2017-08-21 16:10:14,693 [ INFO] Plugins: YES at {ru.apertum.qsystem.common.QLog.initial(QLog.java:187)}
2017-08-21 16:10:14,696 [ INFO] Languages are loading... at {ru.apertum.qsystem.client.Locales.<init>(Locales.java:79)}
2017-08-21 16:10:14,706 [DEBUG]    Langusge: Az?rbaycan az_AZ at {ru.apertum.qsystem.client.Locales.<init>(Locales.java:119)}
2017-08-21 16:10:14,709 [DEBUG]    Langusge: English en_US at {ru.apertum.qsystem.client.Locales.<init>(Locales.java:119)}
2017-08-21 16:10:14,712 [DEBUG]    Langusge: Espanol es_ES at {ru.apertum.qsystem.client.Locales.<init>(Locales.java:119)}
2017-08-21 16:10:14,714 [DEBUG]    Langusge: Fran?ais fr_FR at {ru.apertum.qsystem.client.Locales.<init>(Locales.java:119)}
2017-08-21 16:10:14,721 [DEBUG]    Langusge: Italiano it_IT at {ru.apertum.qsystem.client.Locales.<init>(Locales.java:119)}
2017-08-21 16:10:14,723 [DEBUG]    Langusge: Portugu?s pt_PT at {ru.apertum.qsystem.client.Locales.<init>(Locales.java:119)}
2017-08-21 16:10:14,725 [DEBUG]    Langusge: Roman ro_RO at {ru.apertum.qsystem.client.Locales.<init>(Locales.java:119)}
2017-08-21 16:10:14,727 [DEBUG]    Langusge: Русский ru_RU at {ru.apertum.qsystem.client.Locales.<init>(Locales.java:119)}
2017-08-21 16:10:14,729 [DEBUG]    Langusge: Українська uk_UA at {ru.apertum.qsystem.client.Locales.<init>(Locales.java:119)}
2017-08-21 16:10:15,534 [ INFO] DB server '+ driver=com.mysql.jdbc.Driver' url=jdbc:mysql://127.0.0.1/qsystem?autoReconnect=true&amp;characterEncoding=UTF-8 at {ru.apertum.qsystem.hibernate.AnnotationSessionFactoryBean.load(AnnotationSessionFactoryBean.java:183)}
2017-08-21 16:10:16,965 [ INFO] DB is OK. at {ru.apertum.qsystem.client.forms.FAdmin.main(FAdmin.java:1212)}
2017-08-21 16:10:16,971 [ INFO] Загрузка плагинов из папки plugins. at {ru.apertum.qsystem.common.Uses.loadPlugins(Uses.java:788)}
2017-08-21 16:10:16,973 [DEBUG] Плагин Journal.jar at {ru.apertum.qsystem.common.Uses.loadPlugins(Uses.java:795)}
2017-08-21 16:10:16,974 [DEBUG] Плагин Microsound.jar at {ru.apertum.qsystem.common.Uses.loadPlugins(Uses.java:795)}
2017-08-21 16:10:17,313 [ INFO] Создали список. at {ru.apertum.qsystem.server.model.ATListModel.createList(ATListModel.java:45)}
2017-08-21 16:10:17,324 [ INFO] Вход в систему. at {ru.apertum.qsystem.client.forms.FLogin.logining(FLogin.java:312)}
2017-08-21 16:10:23,238 [ INFO] Вход в систему выполнен. Пользователь "Администратор", уровень доступа "3". at {ru.apertum.qsystem.client.forms.FLogin.logining(FLogin.java:334)}
2017-08-21 16:10:23,794 [ INFO] Создали дерево. at {ru.apertum.qsystem.server.model.ATreeModel.createTree(ATreeModel.java:54)}
2017-08-21 16:10:23,802 [ INFO] Создали список. at {ru.apertum.qsystem.server.model.ATListModel.createList(ATListModel.java:45)}
2017-08-21 16:10:23,826 [ INFO] Создали дерево. at {ru.apertum.qsystem.server.model.ATreeModel.createTree(ATreeModel.java:54)}
2017-08-21 16:10:23,840 [ INFO] Создали дерево. at {ru.apertum.qsystem.server.model.ATreeModel.createTree(ATreeModel.java:54)}
2017-08-21 16:10:23,850 [ INFO] Создали список. at {ru.apertum.qsystem.server.model.ATListModel.createList(ATListModel.java:45)}
2017-08-21 16:10:23,856 [ INFO] Создали список. at {ru.apertum.qsystem.server.model.ATListModel.createList(ATListModel.java:45)}
2017-08-21 16:10:23,863 [ INFO] Создали список. at {ru.apertum.qsystem.server.model.ATListModel.createList(ATListModel.java:45)}
2017-08-21 16:10:23,911 [ INFO] Создали список. at {ru.apertum.qsystem.server.model.ATListModel.createList(ATListModel.java:45)}
2017-08-21 16:10:23,969 [DEBUG] Создаем модель для календаря at {ru.apertum.qsystem.server.model.calendar.CalendarTableModel.<init>(CalendarTableModel.java:44)}
2017-08-21 16:10:30,915 [ INFO] Editing of user "Пользователь" at {ru.apertum.qsystem.client.forms.FUserChangeDialog.changeUser(FUserChangeDialog.java:74)}
2017-08-21 16:11:36,501 [ INFO] Properties are ready. at {ru.apertum.qsystem.common.QConfig.prepareCLI(QConfig.java:305)}
2017-08-21 16:11:36,505 [ INFO] "QSystem 17.1"!  date: 20.05.2017 at {ru.apertum.qsystem.common.QLog.initial(QLog.java:180)}
2017-08-21 16:11:36,505 [ INFO] START LOGER. Logger: admin.file.info.trace at {ru.apertum.qsystem.common.QLog.initial(QLog.java:181)}
2017-08-21 16:11:36,506 [ INFO] Mode: KEY_DEBUG at {ru.apertum.qsystem.common.QLog.initial(QLog.java:186)}
2017-08-21 16:11:36,506 [ INFO] Plugins: YES at {ru.apertum.qsystem.common.QLog.initial(QLog.java:187)}
2017-08-21 16:11:36,508 [ INFO] Languages are loading... at {ru.apertum.qsystem.client.Locales.<init>(Locales.java:79)}
2017-08-21 16:11:36,516 [DEBUG]    Langusge: Az?rbaycan az_AZ at {ru.apertum.qsystem.client.Locales.<init>(Locales.java:119)}
2017-08-21 16:11:36,519 [DEBUG]    Langusge: English en_US at {ru.apertum.qsystem.client.Locales.<init>(Locales.java:119)}
2017-08-21 16:11:36,520 [DEBUG]    Langusge: Espanol es_ES at {ru.apertum.qsystem.client.Locales.<init>(Locales.java:119)}
2017-08-21 16:11:36,522 [DEBUG]    Langusge: Fran?ais fr_FR at {ru.apertum.qsystem.client.Locales.<init>(Locales.java:119)}
2017-08-21 16:11:36,523 [DEBUG]    Langusge: Italiano it_IT at {ru.apertum.qsystem.client.Locales.<init>(Locales.java:119)}
2017-08-21 16:11:36,524 [DEBUG]    Langusge: Portugu?s pt_PT at {ru.apertum.qsystem.client.Locales.<init>(Locales.java:119)}
2017-08-21 16:11:36,527 [DEBUG]    Langusge: Roman ro_RO at {ru.apertum.qsystem.client.Locales.<init>(Locales.java:119)}
2017-08-21 16:11:36,529 [DEBUG]    Langusge: Русский ru_RU at {ru.apertum.qsystem.client.Locales.<init>(Locales.java:119)}
2017-08-21 16:11:36,530 [DEBUG]    Langusge: Українська uk_UA at {ru.apertum.qsystem.client.Locales.<init>(Locales.java:119)}
2017-08-21 16:11:37,401 [ INFO] DB server '+ driver=com.mysql.jdbc.Driver' url=jdbc:mysql://127.0.0.1/qsystem?autoReconnect=true&amp;characterEncoding=UTF-8 at {ru.apertum.qsystem.hibernate.AnnotationSessionFactoryBean.load(AnnotationSessionFactoryBean.java:183)}
2017-08-21 16:11:38,816 [ INFO] DB is OK. at {ru.apertum.qsystem.client.forms.FAdmin.main(FAdmin.java:1212)}
2017-08-21 16:11:38,822 [ INFO] Загрузка плагинов из папки plugins. at {ru.apertum.qsystem.common.Uses.loadPlugins(Uses.java:788)}
2017-08-21 16:11:38,824 [DEBUG] Плагин Journal.jar at {ru.apertum.qsystem.common.Uses.loadPlugins(Uses.java:795)}
2017-08-21 16:11:38,825 [DEBUG] Плагин Microsound.jar at {ru.apertum.qsystem.common.Uses.loadPlugins(Uses.java:795)}
2017-08-21 16:11:39,181 [ INFO] Создали список. at {ru.apertum.qsystem.server.model.ATListModel.createList(ATListModel.java:45)}
2017-08-21 16:11:39,189 [ INFO] Вход в систему. at {ru.apertum.qsystem.client.forms.FLogin.logining(FLogin.java:312)}
2017-08-21 16:11:40,371 [ INFO] Вход в систему выполнен. Пользователь "Администратор", уровень доступа "3". at {ru.apertum.qsystem.client.forms.FLogin.logining(FLogin.java:334)}
2017-08-21 16:11:40,858 [ INFO] Создали дерево. at {ru.apertum.qsystem.server.model.ATreeModel.createTree(ATreeModel.java:54)}
2017-08-21 16:11:40,866 [ INFO] Создали список. at {ru.apertum.qsystem.server.model.ATListModel.createList(ATListModel.java:45)}
2017-08-21 16:11:40,890 [ INFO] Создали дерево. at {ru.apertum.qsystem.server.model.ATreeModel.createTree(ATreeModel.java:54)}
2017-08-21 16:11:40,898 [ INFO] Создали дерево. at {ru.apertum.qsystem.server.model.ATreeModel.createTree(ATreeModel.java:54)}
2017-08-21 16:11:40,907 [ INFO] Создали список. at {ru.apertum.qsystem.server.model.ATListModel.createList(ATListModel.java:45)}
2017-08-21 16:11:40,911 [ INFO] Создали список. at {ru.apertum.qsystem.server.model.ATListModel.createList(ATListModel.java:45)}
2017-08-21 16:11:40,918 [ INFO] Создали список. at {ru.apertum.qsystem.server.model.ATListModel.createList(ATListModel.java:45)}
2017-08-21 16:11:40,954 [ INFO] Создали список. at {ru.apertum.qsystem.server.model.ATListModel.createList(ATListModel.java:45)}
2017-08-21 16:11:41,008 [DEBUG] Создаем модель для календаря at {ru.apertum.qsystem.server.model.calendar.CalendarTableModel.<init>(CalendarTableModel.java:44)}
2017-08-21 16:11:44,730 [ INFO] Editing of user "123" at {ru.apertum.qsystem.client.forms.FUserChangeDialog.changeUser(FUserChangeDialog.java:74)}
2017-08-21 16:28:00,416 [ INFO] Properties are ready. at {ru.apertum.qsystem.common.QConfig.prepareCLI(QConfig.java:305)}
2017-08-21 16:28:00,421 [ INFO] "QSystem 17.1"!  date: 20.05.2017 at {ru.apertum.qsystem.common.QLog.initial(QLog.java:180)}
2017-08-21 16:28:00,421 [ INFO] START LOGER. Logger: admin.file.info.trace at {ru.apertum.qsystem.common.QLog.initial(QLog.java:181)}
2017-08-21 16:28:00,421 [ INFO] Mode: KEY_DEBUG at {ru.apertum.qsystem.common.QLog.initial(QLog.java:186)}
2017-08-21 16:28:00,421 [ INFO] Plugins: YES at {ru.apertum.qsystem.common.QLog.initial(QLog.java:187)}
2017-08-21 16:28:00,425 [ INFO] Languages are loading... at {ru.apertum.qsystem.client.Locales.<init>(Locales.java:79)}
2017-08-21 16:28:00,432 [DEBUG]    Langusge: Az?rbaycan az_AZ at {ru.apertum.qsystem.client.Locales.<init>(Locales.java:119)}
2017-08-21 16:28:00,435 [DEBUG]    Langusge: English en_US at {ru.apertum.qsystem.client.Locales.<init>(Locales.java:119)}
2017-08-21 16:28:00,437 [DEBUG]    Langusge: Espanol es_ES at {ru.apertum.qsystem.client.Locales.<init>(Locales.java:119)}
2017-08-21 16:28:00,439 [DEBUG]    Langusge: Fran?ais fr_FR at {ru.apertum.qsystem.client.Locales.<init>(Locales.java:119)}
2017-08-21 16:28:00,441 [DEBUG]    Langusge: Italiano it_IT at {ru.apertum.qsystem.client.Locales.<init>(Locales.java:119)}
2017-08-21 16:28:00,443 [DEBUG]    Langusge: Portugu?s pt_PT at {ru.apertum.qsystem.client.Locales.<init>(Locales.java:119)}
2017-08-21 16:28:00,445 [DEBUG]    Langusge: Roman ro_RO at {ru.apertum.qsystem.client.Locales.<init>(Locales.java:119)}
2017-08-21 16:28:00,448 [DEBUG]    Langusge: Русский ru_RU at {ru.apertum.qsystem.client.Locales.<init>(Locales.java:119)}
2017-08-21 16:28:00,450 [DEBUG]    Langusge: Українська uk_UA at {ru.apertum.qsystem.client.Locales.<init>(Locales.java:119)}
2017-08-21 16:28:01,240 [ INFO] DB server '+ driver=com.mysql.jdbc.Driver' url=jdbc:mysql://127.0.0.1/qsystem?autoReconnect=true&amp;characterEncoding=UTF-8 at {ru.apertum.qsystem.hibernate.AnnotationSessionFactoryBean.load(AnnotationSessionFactoryBean.java:183)}
2017-08-21 16:28:02,768 [ INFO] DB is OK. at {ru.apertum.qsystem.client.forms.FAdmin.main(FAdmin.java:1212)}
2017-08-21 16:28:02,775 [ INFO] Загрузка плагинов из папки plugins. at {ru.apertum.qsystem.common.Uses.loadPlugins(Uses.java:788)}
2017-08-21 16:28:02,776 [DEBUG] Плагин Journal.jar at {ru.apertum.qsystem.common.Uses.loadPlugins(Uses.java:795)}
2017-08-21 16:28:02,776 [DEBUG] Плагин Microsound.jar at {ru.apertum.qsystem.common.Uses.loadPlugins(Uses.java:795)}
2017-08-21 16:28:03,704 [ INFO] Создали список. at {ru.apertum.qsystem.server.model.ATListModel.createList(ATListModel.java:45)}
2017-08-21 16:28:03,716 [ INFO] Вход в систему. at {ru.apertum.qsystem.client.forms.FLogin.logining(FLogin.java:312)}
2017-08-21 16:28:04,756 [ INFO] Вход в систему выполнен. Пользователь "Администратор", уровень доступа "3". at {ru.apertum.qsystem.client.forms.FLogin.logining(FLogin.java:334)}
2017-08-21 16:28:05,303 [ INFO] Создали дерево. at {ru.apertum.qsystem.server.model.ATreeModel.createTree(ATreeModel.java:54)}
2017-08-21 16:28:05,310 [ INFO] Создали список. at {ru.apertum.qsystem.server.model.ATListModel.createList(ATListModel.java:45)}
2017-08-21 16:28:05,324 [ INFO] Создали дерево. at {ru.apertum.qsystem.server.model.ATreeModel.createTree(ATreeModel.java:54)}
2017-08-21 16:28:05,334 [ INFO] Создали дерево. at {ru.apertum.qsystem.server.model.ATreeModel.createTree(ATreeModel.java:54)}
2017-08-21 16:28:05,340 [ INFO] Создали список. at {ru.apertum.qsystem.server.model.ATListModel.createList(ATListModel.java:45)}
2017-08-21 16:28:05,345 [ INFO] Создали список. at {ru.apertum.qsystem.server.model.ATListModel.createList(ATListModel.java:45)}
2017-08-21 16:28:05,354 [ INFO] Создали список. at {ru.apertum.qsystem.server.model.ATListModel.createList(ATListModel.java:45)}
2017-08-21 16:28:05,400 [ INFO] Создали список. at {ru.apertum.qsystem.server.model.ATListModel.createList(ATListModel.java:45)}
2017-08-21 16:28:05,461 [DEBUG] Создаем модель для календаря at {ru.apertum.qsystem.server.model.calendar.CalendarTableModel.<init>(CalendarTableModel.java:44)}
2017-08-21 16:40:16,594 [ INFO] Properties are ready. at {ru.apertum.qsystem.common.QConfig.prepareCLI(QConfig.java:305)}
2017-08-21 16:40:16,598 [ INFO] "QSystem 17.1"!  date: 20.05.2017 at {ru.apertum.qsystem.common.QLog.initial(QLog.java:180)}
2017-08-21 16:40:16,598 [ INFO] START LOGER. Logger: admin.file.info.trace at {ru.apertum.qsystem.common.QLog.initial(QLog.java:181)}
2017-08-21 16:40:16,599 [ INFO] Mode: KEY_DEBUG at {ru.apertum.qsystem.common.QLog.initial(QLog.java:186)}
2017-08-21 16:40:16,599 [ INFO] Plugins: YES at {ru.apertum.qsystem.common.QLog.initial(QLog.java:187)}
2017-08-21 16:40:16,601 [ INFO] Languages are loading... at {ru.apertum.qsystem.client.Locales.<init>(Locales.java:79)}
2017-08-21 16:40:16,609 [DEBUG]    Langusge: Az?rbaycan az_AZ at {ru.apertum.qsystem.client.Locales.<init>(Locales.java:119)}
2017-08-21 16:40:16,612 [DEBUG]    Langusge: English en_US at {ru.apertum.qsystem.client.Locales.<init>(Locales.java:119)}
2017-08-21 16:40:16,615 [DEBUG]    Langusge: Espanol es_ES at {ru.apertum.qsystem.client.Locales.<init>(Locales.java:119)}
2017-08-21 16:40:16,616 [DEBUG]    Langusge: Fran?ais fr_FR at {ru.apertum.qsystem.client.Locales.<init>(Locales.java:119)}
2017-08-21 16:40:16,618 [DEBUG]    Langusge: Italiano it_IT at {ru.apertum.qsystem.client.Locales.<init>(Locales.java:119)}
2017-08-21 16:40:16,619 [DEBUG]    Langusge: Portugu?s pt_PT at {ru.apertum.qsystem.client.Locales.<init>(Locales.java:119)}
2017-08-21 16:40:16,621 [DEBUG]    Langusge: Roman ro_RO at {ru.apertum.qsystem.client.Locales.<init>(Locales.java:119)}
2017-08-21 16:40:16,622 [DEBUG]    Langusge: Русский ru_RU at {ru.apertum.qsystem.client.Locales.<init>(Locales.java:119)}
2017-08-21 16:40:16,624 [DEBUG]    Langusge: Українська uk_UA at {ru.apertum.qsystem.client.Locales.<init>(Locales.java:119)}
2017-08-21 16:40:17,381 [ INFO] DB server '+ driver=com.mysql.jdbc.Driver' url=jdbc:mysql://127.0.0.1/qsystem?autoReconnect=true&amp;characterEncoding=UTF-8 at {ru.apertum.qsystem.hibernate.AnnotationSessionFactoryBean.load(AnnotationSessionFactoryBean.java:183)}
2017-08-21 16:40:18,831 [ INFO] DB is OK. at {ru.apertum.qsystem.client.forms.FAdmin.main(FAdmin.java:1212)}
2017-08-21 16:40:18,850 [ INFO] Загрузка плагинов из папки plugins. at {ru.apertum.qsystem.common.Uses.loadPlugins(Uses.java:788)}
2017-08-21 16:40:18,851 [DEBUG] Плагин Journal.jar at {ru.apertum.qsystem.common.Uses.loadPlugins(Uses.java:795)}
2017-08-21 16:40:18,853 [DEBUG] Плагин Microsound.jar at {ru.apertum.qsystem.common.Uses.loadPlugins(Uses.java:795)}
2017-08-21 16:40:19,638 [ INFO] Создали список. at {ru.apertum.qsystem.server.model.ATListModel.createList(ATListModel.java:45)}
2017-08-21 16:40:19,645 [ INFO] Вход в систему. at {ru.apertum.qsystem.client.forms.FLogin.logining(FLogin.java:312)}
2017-08-21 16:40:20,881 [ INFO] Вход в систему выполнен. Пользователь "Администратор", уровень доступа "3". at {ru.apertum.qsystem.client.forms.FLogin.logining(FLogin.java:334)}
2017-08-21 16:40:21,421 [ INFO] Создали дерево. at {ru.apertum.qsystem.server.model.ATreeModel.createTree(ATreeModel.java:54)}
2017-08-21 16:40:21,428 [ INFO] Создали список. at {ru.apertum.qsystem.server.model.ATListModel.createList(ATListModel.java:45)}
2017-08-21 16:40:21,440 [ INFO] Создали дерево. at {ru.apertum.qsystem.server.model.ATreeModel.createTree(ATreeModel.java:54)}
2017-08-21 16:40:21,446 [ INFO] Создали дерево. at {ru.apertum.qsystem.server.model.ATreeModel.createTree(ATreeModel.java:54)}
2017-08-21 16:40:21,454 [ INFO] Создали список. at {ru.apertum.qsystem.server.model.ATListModel.createList(ATListModel.java:45)}
2017-08-21 16:40:21,461 [ INFO] Создали список. at {ru.apertum.qsystem.server.model.ATListModel.createList(ATListModel.java:45)}
2017-08-21 16:40:21,467 [ INFO] Создали список. at {ru.apertum.qsystem.server.model.ATListModel.createList(ATListModel.java:45)}
2017-08-21 16:40:21,535 [ INFO] Создали список. at {ru.apertum.qsystem.server.model.ATListModel.createList(ATListModel.java:45)}
2017-08-21 16:40:21,604 [DEBUG] Создаем модель для календаря at {ru.apertum.qsystem.server.model.calendar.CalendarTableModel.<init>(CalendarTableModel.java:44)}
2017-08-21 16:40:53,300 [ INFO] Editing of user "Аксенова Эльвира Рудольфовна" at {ru.apertum.qsystem.client.forms.FUserChangeDialog.changeUser(FUserChangeDialog.java:74)}
2017-08-21 16:41:00,777 [ INFO] Editing of user "Алешкин Владимир Дмитриевич" at {ru.apertum.qsystem.client.forms.FUserChangeDialog.changeUser(FUserChangeDialog.java:74)}
2017-08-21 16:41:03,107 [ INFO] Editing of user "Барба Кристина Николаевна" at {ru.apertum.qsystem.client.forms.FUserChangeDialog.changeUser(FUserChangeDialog.java:74)}
2017-08-21 16:41:11,375 [ INFO] Editing of user "Юрченко Татьяна Михайловна" at {ru.apertum.qsystem.client.forms.FUserChangeDialog.changeUser(FUserChangeDialog.java:74)}
2017-08-21 16:41:13,479 [ INFO] Editing of user "Чужинов Артур Александрович" at {ru.apertum.qsystem.client.forms.FUserChangeDialog.changeUser(FUserChangeDialog.java:74)}
2017-08-21 16:41:15,971 [ INFO] Editing of user "Тирон Денис Иванович" at {ru.apertum.qsystem.client.forms.FUserChangeDialog.changeUser(FUserChangeDialog.java:74)}
2017-08-21 16:41:17,958 [ INFO] Editing of user "Сулимчук Вячеслав Леонтьевич" at {ru.apertum.qsystem.client.forms.FUserChangeDialog.changeUser(FUserChangeDialog.java:74)}
2017-08-21 16:41:20,647 [ INFO] Editing of user "Ромарнюк Сергей Викторович" at {ru.apertum.qsystem.client.forms.FUserChangeDialog.changeUser(FUserChangeDialog.java:74)}
2017-08-21 16:49:00,310 [ INFO] Properties are ready. at {ru.apertum.qsystem.common.QConfig.prepareCLI(QConfig.java:305)}
2017-08-21 16:49:00,315 [ INFO] "QSystem 17.1"!  date: 20.05.2017 at {ru.apertum.qsystem.common.QLog.initial(QLog.java:180)}
2017-08-21 16:49:00,316 [ INFO] START LOGER. Logger: admin.file.info.trace at {ru.apertum.qsystem.common.QLog.initial(QLog.java:181)}
2017-08-21 16:49:00,316 [ INFO] Mode: KEY_DEBUG at {ru.apertum.qsystem.common.QLog.initial(QLog.java:186)}
2017-08-21 16:49:00,316 [ INFO] Plugins: YES at {ru.apertum.qsystem.common.QLog.initial(QLog.java:187)}
2017-08-21 16:49:00,319 [ INFO] Languages are loading... at {ru.apertum.qsystem.client.Locales.<init>(Locales.java:79)}
2017-08-21 16:49:00,331 [DEBUG]    Langusge: Az?rbaycan az_AZ at {ru.apertum.qsystem.client.Locales.<init>(Locales.java:119)}
2017-08-21 16:49:00,335 [DEBUG]    Langusge: English en_US at {ru.apertum.qsystem.client.Locales.<init>(Locales.java:119)}
2017-08-21 16:49:00,337 [DEBUG]    Langusge: Espanol es_ES at {ru.apertum.qsystem.client.Locales.<init>(Locales.java:119)}
2017-08-21 16:49:00,345 [DEBUG]    Langusge: Fran?ais fr_FR at {ru.apertum.qsystem.client.Locales.<init>(Locales.java:119)}
2017-08-21 16:49:00,350 [DEBUG]    Langusge: Italiano it_IT at {ru.apertum.qsystem.client.Locales.<init>(Locales.java:119)}
2017-08-21 16:49:00,353 [DEBUG]    Langusge: Portugu?s pt_PT at {ru.apertum.qsystem.client.Locales.<init>(Locales.java:119)}
2017-08-21 16:49:00,357 [DEBUG]    Langusge: Roman ro_RO at {ru.apertum.qsystem.client.Locales.<init>(Locales.java:119)}
2017-08-21 16:49:00,360 [DEBUG]    Langusge: Русский ru_RU at {ru.apertum.qsystem.client.Locales.<init>(Locales.java:119)}
2017-08-21 16:49:00,361 [DEBUG]    Langusge: Українська uk_UA at {ru.apertum.qsystem.client.Locales.<init>(Locales.java:119)}
2017-08-21 16:49:01,153 [ INFO] DB server '+ driver=com.mysql.jdbc.Driver' url=jdbc:mysql://127.0.0.1/qsystem?autoReconnect=true&amp;characterEncoding=UTF-8 at {ru.apertum.qsystem.hibernate.AnnotationSessionFactoryBean.load(AnnotationSessionFactoryBean.java:183)}
2017-08-21 16:49:02,684 [ INFO] DB is OK. at {ru.apertum.qsystem.client.forms.FAdmin.main(FAdmin.java:1212)}
2017-08-21 16:49:02,691 [ INFO] Загрузка плагинов из папки plugins. at {ru.apertum.qsystem.common.Uses.loadPlugins(Uses.java:788)}
2017-08-21 16:49:02,692 [DEBUG] Плагин Journal.jar at {ru.apertum.qsystem.common.Uses.loadPlugins(Uses.java:795)}
2017-08-21 16:49:02,693 [DEBUG] Плагин Microsound.jar at {ru.apertum.qsystem.common.Uses.loadPlugins(Uses.java:795)}
2017-08-21 16:49:03,757 [ INFO] Создали список. at {ru.apertum.qsystem.server.model.ATListModel.createList(ATListModel.java:45)}
2017-08-21 16:49:03,764 [ INFO] Вход в систему. at {ru.apertum.qsystem.client.forms.FLogin.logining(FLogin.java:317)}
2017-08-21 16:49:29,266 [ INFO] Properties are ready. at {ru.apertum.qsystem.common.QConfig.prepareCLI(QConfig.java:305)}
2017-08-21 16:49:29,271 [ INFO] "QSystem 17.1"!  date: 20.05.2017 at {ru.apertum.qsystem.common.QLog.initial(QLog.java:180)}
2017-08-21 16:49:29,271 [ INFO] START LOGER. Logger: admin.file.info.trace at {ru.apertum.qsystem.common.QLog.initial(QLog.java:181)}
2017-08-21 16:49:29,271 [ INFO] Mode: KEY_DEBUG at {ru.apertum.qsystem.common.QLog.initial(QLog.java:186)}
2017-08-21 16:49:29,271 [ INFO] Plugins: YES at {ru.apertum.qsystem.common.QLog.initial(QLog.java:187)}
2017-08-21 16:49:29,274 [ INFO] Languages are loading... at {ru.apertum.qsystem.client.Locales.<init>(Locales.java:79)}
2017-08-21 16:49:29,281 [DEBUG]    Langusge: Az?rbaycan az_AZ at {ru.apertum.qsystem.client.Locales.<init>(Locales.java:119)}
2017-08-21 16:49:29,284 [DEBUG]    Langusge: English en_US at {ru.apertum.qsystem.client.Locales.<init>(Locales.java:119)}
2017-08-21 16:49:29,285 [DEBUG]    Langusge: Espanol es_ES at {ru.apertum.qsystem.client.Locales.<init>(Locales.java:119)}
2017-08-21 16:49:29,287 [DEBUG]    Langusge: Fran?ais fr_FR at {ru.apertum.qsystem.client.Locales.<init>(Locales.java:119)}
2017-08-21 16:49:29,288 [DEBUG]    Langusge: Italiano it_IT at {ru.apertum.qsystem.client.Locales.<init>(Locales.java:119)}
2017-08-21 16:49:29,290 [DEBUG]    Langusge: Portugu?s pt_PT at {ru.apertum.qsystem.client.Locales.<init>(Locales.java:119)}
2017-08-21 16:49:29,292 [DEBUG]    Langusge: Roman ro_RO at {ru.apertum.qsystem.client.Locales.<init>(Locales.java:119)}
2017-08-21 16:49:29,293 [DEBUG]    Langusge: Русский ru_RU at {ru.apertum.qsystem.client.Locales.<init>(Locales.java:119)}
2017-08-21 16:49:29,294 [DEBUG]    Langusge: Українська uk_UA at {ru.apertum.qsystem.client.Locales.<init>(Locales.java:119)}
2017-08-21 16:49:30,180 [ INFO] DB server '+ driver=com.mysql.jdbc.Driver' url=jdbc:mysql://127.0.0.1/qsystem?autoReconnect=true&amp;characterEncoding=UTF-8 at {ru.apertum.qsystem.hibernate.AnnotationSessionFactoryBean.load(AnnotationSessionFactoryBean.java:183)}
2017-08-21 16:49:47,611 [ INFO] DB is OK. at {ru.apertum.qsystem.client.forms.FAdmin.main(FAdmin.java:1212)}
2017-08-21 16:49:47,660 [ INFO] Загрузка плагинов из папки plugins. at {ru.apertum.qsystem.common.Uses.loadPlugins(Uses.java:788)}
2017-08-21 16:49:47,662 [DEBUG] Плагин Journal.jar at {ru.apertum.qsystem.common.Uses.loadPlugins(Uses.java:795)}
2017-08-21 16:49:47,665 [DEBUG] Плагин Microsound.jar at {ru.apertum.qsystem.common.Uses.loadPlugins(Uses.java:795)}
2017-08-21 16:49:51,831 [ INFO] Создали список. at {ru.apertum.qsystem.server.model.ATListModel.createList(ATListModel.java:45)}
2017-08-21 16:49:51,862 [ INFO] Вход в систему. at {ru.apertum.qsystem.client.forms.FLogin.logining(FLogin.java:317)}
2017-08-21 16:50:39,788 [ INFO] Properties are ready. at {ru.apertum.qsystem.common.QConfig.prepareCLI(QConfig.java:305)}
2017-08-21 16:50:39,792 [ INFO] "QSystem 17.1"!  date: 20.05.2017 at {ru.apertum.qsystem.common.QLog.initial(QLog.java:180)}
2017-08-21 16:50:39,793 [ INFO] START LOGER. Logger: admin.file.info.trace at {ru.apertum.qsystem.common.QLog.initial(QLog.java:181)}
2017-08-21 16:50:39,793 [ INFO] Mode: KEY_DEBUG at {ru.apertum.qsystem.common.QLog.initial(QLog.java:186)}
2017-08-21 16:50:39,793 [ INFO] Plugins: YES at {ru.apertum.qsystem.common.QLog.initial(QLog.java:187)}
2017-08-21 16:50:39,795 [ INFO] Languages are loading... at {ru.apertum.qsystem.client.Locales.<init>(Locales.java:79)}
2017-08-21 16:50:39,802 [DEBUG]    Langusge: Az?rbaycan az_AZ at {ru.apertum.qsystem.client.Locales.<init>(Locales.java:119)}
2017-08-21 16:50:39,805 [DEBUG]    Langusge: English en_US at {ru.apertum.qsystem.client.Locales.<init>(Locales.java:119)}
2017-08-21 16:50:39,807 [DEBUG]    Langusge: Espanol es_ES at {ru.apertum.qsystem.client.Locales.<init>(Locales.java:119)}
2017-08-21 16:50:39,809 [DEBUG]    Langusge: Fran?ais fr_FR at {ru.apertum.qsystem.client.Locales.<init>(Locales.java:119)}
2017-08-21 16:50:39,810 [DEBUG]    Langusge: Italiano it_IT at {ru.apertum.qsystem.client.Locales.<init>(Locales.java:119)}
2017-08-21 16:50:39,812 [DEBUG]    Langusge: Portugu?s pt_PT at {ru.apertum.qsystem.client.Locales.<init>(Locales.java:119)}
2017-08-21 16:50:39,813 [DEBUG]    Langusge: Roman ro_RO at {ru.apertum.qsystem.client.Locales.<init>(Locales.java:119)}
2017-08-21 16:50:39,815 [DEBUG]    Langusge: Русский ru_RU at {ru.apertum.qsystem.client.Locales.<init>(Locales.java:119)}
2017-08-21 16:50:39,817 [DEBUG]    Langusge: Українська uk_UA at {ru.apertum.qsystem.client.Locales.<init>(Locales.java:119)}
2017-08-21 16:50:40,674 [ INFO] DB server '+ driver=com.mysql.jdbc.Driver' url=jdbc:mysql://127.0.0.1/qsystem?autoReconnect=true&amp;characterEncoding=UTF-8 at {ru.apertum.qsystem.hibernate.AnnotationSessionFactoryBean.load(AnnotationSessionFactoryBean.java:183)}
2017-08-21 16:50:46,518 [ INFO] DB is OK. at {ru.apertum.qsystem.client.forms.FAdmin.main(FAdmin.java:1212)}
2017-08-21 16:50:46,545 [ INFO] Загрузка плагинов из папки plugins. at {ru.apertum.qsystem.common.Uses.loadPlugins(Uses.java:788)}
2017-08-21 16:50:46,548 [DEBUG] Плагин Journal.jar at {ru.apertum.qsystem.common.Uses.loadPlugins(Uses.java:795)}
2017-08-21 16:50:46,551 [DEBUG] Плагин Microsound.jar at {ru.apertum.qsystem.common.Uses.loadPlugins(Uses.java:795)}
2017-08-21 16:50:50,529 [ INFO] Создали список. at {ru.apertum.qsystem.server.model.ATListModel.createList(ATListModel.java:45)}
2017-08-21 16:50:50,558 [ INFO] Вход в систему. at {ru.apertum.qsystem.client.forms.FLogin.logining(FLogin.java:317)}
2017-08-21 16:51:48,748 [ INFO] Properties are ready. at {ru.apertum.qsystem.common.QConfig.prepareCLI(QConfig.java:305)}
2017-08-21 16:51:48,753 [ INFO] "QSystem 17.1"!  date: 20.05.2017 at {ru.apertum.qsystem.common.QLog.initial(QLog.java:180)}
2017-08-21 16:51:48,753 [ INFO] START LOGER. Logger: admin.file.info.trace at {ru.apertum.qsystem.common.QLog.initial(QLog.java:181)}
2017-08-21 16:51:48,753 [ INFO] Mode: KEY_DEBUG at {ru.apertum.qsystem.common.QLog.initial(QLog.java:186)}
2017-08-21 16:51:48,753 [ INFO] Plugins: YES at {ru.apertum.qsystem.common.QLog.initial(QLog.java:187)}
2017-08-21 16:51:48,756 [ INFO] Languages are loading... at {ru.apertum.qsystem.client.Locales.<init>(Locales.java:79)}
2017-08-21 16:51:48,763 [DEBUG]    Langusge: Az?rbaycan az_AZ at {ru.apertum.qsystem.client.Locales.<init>(Locales.java:119)}
2017-08-21 16:51:48,766 [DEBUG]    Langusge: English en_US at {ru.apertum.qsystem.client.Locales.<init>(Locales.java:119)}
2017-08-21 16:51:48,768 [DEBUG]    Langusge: Espanol es_ES at {ru.apertum.qsystem.client.Locales.<init>(Locales.java:119)}
2017-08-21 16:51:48,769 [DEBUG]    Langusge: Fran?ais fr_FR at {ru.apertum.qsystem.client.Locales.<init>(Locales.java:119)}
2017-08-21 16:51:48,770 [DEBUG]    Langusge: Italiano it_IT at {ru.apertum.qsystem.client.Locales.<init>(Locales.java:119)}
2017-08-21 16:51:48,773 [DEBUG]    Langusge: Portugu?s pt_PT at {ru.apertum.qsystem.client.Locales.<init>(Locales.java:119)}
2017-08-21 16:51:48,775 [DEBUG]    Langusge: Roman ro_RO at {ru.apertum.qsystem.client.Locales.<init>(Locales.java:119)}
2017-08-21 16:51:48,776 [DEBUG]    Langusge: Русский ru_RU at {ru.apertum.qsystem.client.Locales.<init>(Locales.java:119)}
2017-08-21 16:51:48,777 [DEBUG]    Langusge: Українська uk_UA at {ru.apertum.qsystem.client.Locales.<init>(Locales.java:119)}
2017-08-21 16:51:49,649 [ INFO] DB server '+ driver=com.mysql.jdbc.Driver' url=jdbc:mysql://127.0.0.1/qsystem?autoReconnect=true&amp;characterEncoding=UTF-8 at {ru.apertum.qsystem.hibernate.AnnotationSessionFactoryBean.load(AnnotationSessionFactoryBean.java:183)}
2017-08-21 16:51:55,371 [ INFO] DB is OK. at {ru.apertum.qsystem.client.forms.FAdmin.main(FAdmin.java:1212)}
2017-08-21 16:51:55,392 [ INFO] Загрузка плагинов из папки plugins. at {ru.apertum.qsystem.common.Uses.loadPlugins(Uses.java:788)}
2017-08-21 16:51:55,395 [DEBUG] Плагин Journal.jar at {ru.apertum.qsystem.common.Uses.loadPlugins(Uses.java:795)}
2017-08-21 16:51:55,398 [DEBUG] Плагин Microsound.jar at {ru.apertum.qsystem.common.Uses.loadPlugins(Uses.java:795)}
2017-08-21 16:51:59,130 [ INFO] Создали список. at {ru.apertum.qsystem.server.model.ATListModel.createList(ATListModel.java:45)}
2017-08-21 16:51:59,159 [ INFO] Вход в систему. at {ru.apertum.qsystem.client.forms.FLogin.logining(FLogin.java:317)}
2017-08-21 16:54:35,309 [ INFO] Properties are ready. at {ru.apertum.qsystem.common.QConfig.prepareCLI(QConfig.java:305)}
2017-08-21 16:54:35,315 [ INFO] "QSystem 17.1"!  date: 20.05.2017 at {ru.apertum.qsystem.common.QLog.initial(QLog.java:180)}
2017-08-21 16:54:35,315 [ INFO] START LOGER. Logger: admin.file.info.trace at {ru.apertum.qsystem.common.QLog.initial(QLog.java:181)}
2017-08-21 16:54:35,315 [ INFO] Mode: KEY_DEBUG at {ru.apertum.qsystem.common.QLog.initial(QLog.java:186)}
2017-08-21 16:54:35,316 [ INFO] Plugins: YES at {ru.apertum.qsystem.common.QLog.initial(QLog.java:187)}
2017-08-21 16:54:35,319 [ INFO] Languages are loading... at {ru.apertum.qsystem.client.Locales.<init>(Locales.java:79)}
2017-08-21 16:54:35,327 [DEBUG]    Langusge: Az?rbaycan az_AZ at {ru.apertum.qsystem.client.Locales.<init>(Locales.java:119)}
2017-08-21 16:54:35,330 [DEBUG]    Langusge: English en_US at {ru.apertum.qsystem.client.Locales.<init>(Locales.java:119)}
2017-08-21 16:54:35,332 [DEBUG]    Langusge: Espanol es_ES at {ru.apertum.qsystem.client.Locales.<init>(Locales.java:119)}
2017-08-21 16:54:35,334 [DEBUG]    Langusge: Fran?ais fr_FR at {ru.apertum.qsystem.client.Locales.<init>(Locales.java:119)}
2017-08-21 16:54:35,336 [DEBUG]    Langusge: Italiano it_IT at {ru.apertum.qsystem.client.Locales.<init>(Locales.java:119)}
2017-08-21 16:54:35,338 [DEBUG]    Langusge: Portugu?s pt_PT at {ru.apertum.qsystem.client.Locales.<init>(Locales.java:119)}
2017-08-21 16:54:35,339 [DEBUG]    Langusge: Roman ro_RO at {ru.apertum.qsystem.client.Locales.<init>(Locales.java:119)}
2017-08-21 16:54:35,341 [DEBUG]    Langusge: Русский ru_RU at {ru.apertum.qsystem.client.Locales.<init>(Locales.java:119)}
2017-08-21 16:54:35,342 [DEBUG]    Langusge: Українська uk_UA at {ru.apertum.qsystem.client.Locales.<init>(Locales.java:119)}
2017-08-21 16:54:36,198 [ INFO] DB server '+ driver=com.mysql.jdbc.Driver' url=jdbc:mysql://127.0.0.1/qsystem?autoReconnect=true&amp;characterEncoding=UTF-8 at {ru.apertum.qsystem.hibernate.AnnotationSessionFactoryBean.load(AnnotationSessionFactoryBean.java:183)}
2017-08-21 16:54:42,008 [ INFO] DB is OK. at {ru.apertum.qsystem.client.forms.FAdmin.main(FAdmin.java:1212)}
2017-08-21 16:54:42,023 [ INFO] Загрузка плагинов из папки plugins. at {ru.apertum.qsystem.common.Uses.loadPlugins(Uses.java:788)}
2017-08-21 16:54:42,031 [DEBUG] Плагин Journal.jar at {ru.apertum.qsystem.common.Uses.loadPlugins(Uses.java:795)}
2017-08-21 16:54:42,034 [DEBUG] Плагин Microsound.jar at {ru.apertum.qsystem.common.Uses.loadPlugins(Uses.java:795)}
2017-08-21 16:54:45,750 [ INFO] Создали список. at {ru.apertum.qsystem.server.model.ATListModel.createList(ATListModel.java:45)}
2017-08-21 16:54:45,786 [ INFO] Вход в систему. at {ru.apertum.qsystem.client.forms.FLogin.logining(FLogin.java:312)}
2017-08-21 16:55:00,179 [ INFO] Вход в систему выполнен. Пользователь "Администратор", уровень доступа "3". at {ru.apertum.qsystem.client.forms.FLogin.logining(FLogin.java:334)}
2017-08-21 16:55:02,584 [ INFO] Создали дерево. at {ru.apertum.qsystem.server.model.ATreeModel.createTree(ATreeModel.java:54)}
2017-08-21 16:55:02,598 [ INFO] Создали список. at {ru.apertum.qsystem.server.model.ATListModel.createList(ATListModel.java:45)}
2017-08-21 16:55:02,729 [ INFO] Создали дерево. at {ru.apertum.qsystem.server.model.ATreeModel.createTree(ATreeModel.java:54)}
2017-08-21 16:55:02,741 [ INFO] Создали дерево. at {ru.apertum.qsystem.server.model.ATreeModel.createTree(ATreeModel.java:54)}
2017-08-21 16:55:02,780 [ INFO] Создали список. at {ru.apertum.qsystem.server.model.ATListModel.createList(ATListModel.java:45)}
2017-08-21 16:55:02,790 [ INFO] Создали список. at {ru.apertum.qsystem.server.model.ATListModel.createList(ATListModel.java:45)}
2017-08-21 16:55:02,827 [ INFO] Создали список. at {ru.apertum.qsystem.server.model.ATListModel.createList(ATListModel.java:45)}
2017-08-21 16:55:02,910 [ INFO] Создали список. at {ru.apertum.qsystem.server.model.ATListModel.createList(ATListModel.java:45)}
2017-08-21 16:55:03,312 [DEBUG] Создаем модель для календаря at {ru.apertum.qsystem.server.model.calendar.CalendarTableModel.<init>(CalendarTableModel.java:44)}
2017-08-22 08:01:50,574 [ INFO] Properties are ready. at {ru.apertum.qsystem.common.QConfig.prepareCLI(QConfig.java:305)}
2017-08-22 08:01:50,595 [ INFO] "QSystem 17.1"!  date: 20.05.2017 at {ru.apertum.qsystem.common.QLog.initial(QLog.java:180)}
2017-08-22 08:01:50,595 [ INFO] START LOGER. Logger: admin.file.info.trace at {ru.apertum.qsystem.common.QLog.initial(QLog.java:181)}
2017-08-22 08:01:50,596 [ INFO] Mode: KEY_DEBUG at {ru.apertum.qsystem.common.QLog.initial(QLog.java:186)}
2017-08-22 08:01:50,596 [ INFO] Plugins: YES at {ru.apertum.qsystem.common.QLog.initial(QLog.java:187)}
2017-08-22 08:01:50,602 [ INFO] Languages are loading... at {ru.apertum.qsystem.client.Locales.<init>(Locales.java:79)}
2017-08-22 08:01:50,611 [DEBUG]    Langusge: Az?rbaycan az_AZ at {ru.apertum.qsystem.client.Locales.<init>(Locales.java:119)}
2017-08-22 08:01:50,614 [DEBUG]    Langusge: English en_US at {ru.apertum.qsystem.client.Locales.<init>(Locales.java:119)}
2017-08-22 08:01:50,616 [DEBUG]    Langusge: Espanol es_ES at {ru.apertum.qsystem.client.Locales.<init>(Locales.java:119)}
2017-08-22 08:01:50,618 [DEBUG]    Langusge: Fran?ais fr_FR at {ru.apertum.qsystem.client.Locales.<init>(Locales.java:119)}
2017-08-22 08:01:50,620 [DEBUG]    Langusge: Italiano it_IT at {ru.apertum.qsystem.client.Locales.<init>(Locales.java:119)}
2017-08-22 08:01:50,626 [DEBUG]    Langusge: Portugu?s pt_PT at {ru.apertum.qsystem.client.Locales.<init>(Locales.java:119)}
2017-08-22 08:01:50,627 [DEBUG]    Langusge: Roman ro_RO at {ru.apertum.qsystem.client.Locales.<init>(Locales.java:119)}
2017-08-22 08:01:50,629 [DEBUG]    Langusge: Русский ru_RU at {ru.apertum.qsystem.client.Locales.<init>(Locales.java:119)}
2017-08-22 08:01:50,637 [DEBUG]    Langusge: Українська uk_UA at {ru.apertum.qsystem.client.Locales.<init>(Locales.java:119)}
2017-08-22 08:01:51,416 [ INFO] DB server '+ driver=com.mysql.jdbc.Driver' url=jdbc:mysql://127.0.0.1/qsystem?autoReconnect=true&amp;characterEncoding=UTF-8 at {ru.apertum.qsystem.hibernate.AnnotationSessionFactoryBean.load(AnnotationSessionFactoryBean.java:183)}
2017-08-22 08:01:53,029 [ INFO] DB is OK. at {ru.apertum.qsystem.client.forms.FAdmin.main(FAdmin.java:1212)}
2017-08-22 08:01:53,073 [ INFO] Загрузка плагинов из папки plugins. at {ru.apertum.qsystem.common.Uses.loadPlugins(Uses.java:788)}
2017-08-22 08:01:53,075 [DEBUG] Плагин Journal.jar at {ru.apertum.qsystem.common.Uses.loadPlugins(Uses.java:795)}
2017-08-22 08:01:53,075 [DEBUG] Плагин Microsound.jar at {ru.apertum.qsystem.common.Uses.loadPlugins(Uses.java:795)}
2017-08-22 08:01:54,231 [ INFO] Создали список. at {ru.apertum.qsystem.server.model.ATListModel.createList(ATListModel.java:45)}
2017-08-22 08:01:54,287 [ INFO] Вход в систему. at {ru.apertum.qsystem.client.forms.FLogin.logining(FLogin.java:312)}
2017-08-22 08:02:00,124 [ INFO] Вход в систему выполнен. Пользователь "Администратор", уровень доступа "3". at {ru.apertum.qsystem.client.forms.FLogin.logining(FLogin.java:334)}
2017-08-22 08:02:01,789 [ INFO] Создали дерево. at {ru.apertum.qsystem.server.model.ATreeModel.createTree(ATreeModel.java:54)}
2017-08-22 08:02:01,898 [ INFO] Создали список. at {ru.apertum.qsystem.server.model.ATListModel.createList(ATListModel.java:45)}
2017-08-22 08:02:01,950 [ INFO] Создали дерево. at {ru.apertum.qsystem.server.model.ATreeModel.createTree(ATreeModel.java:54)}
2017-08-22 08:02:01,994 [ INFO] Создали дерево. at {ru.apertum.qsystem.server.model.ATreeModel.createTree(ATreeModel.java:54)}
2017-08-22 08:02:02,042 [ INFO] Создали список. at {ru.apertum.qsystem.server.model.ATListModel.createList(ATListModel.java:45)}
2017-08-22 08:02:02,083 [ INFO] Создали список. at {ru.apertum.qsystem.server.model.ATListModel.createList(ATListModel.java:45)}
2017-08-22 08:02:02,122 [ INFO] Создали список. at {ru.apertum.qsystem.server.model.ATListModel.createList(ATListModel.java:45)}
2017-08-22 08:02:02,674 [ INFO] Создали список. at {ru.apertum.qsystem.server.model.ATListModel.createList(ATListModel.java:45)}
2017-08-22 08:02:02,768 [DEBUG] Создаем модель для календаря at {ru.apertum.qsystem.server.model.calendar.CalendarTableModel.<init>(CalendarTableModel.java:44)}
2017-08-22 08:02:09,419 [ INFO] Запрос о состоянии на сервер. at {ru.apertum.qsystem.client.forms.FAdmin.checkServer(FAdmin.java:985)}
2017-08-22 08:02:09,515 [ INFO] Получение описания состояния сервера. at {ru.apertum.qsystem.common.NetCommander.getServerState(NetCommander.java:841)}
2017-08-22 08:02:09,557 [TRACE] Task "Получить состояние сервера" on 127.0.0.1:3128#
{"jsonrpc":"2.0","id":"1503378129515","method":"Получить состояние сервера"} at {ru.apertum.qsystem.common.NetCommander.sendRpc(NetCommander.java:131)}
2017-08-22 08:02:09,558 [TRACE] Socket was created. at {ru.apertum.qsystem.common.NetCommander.sendRpc(NetCommander.java:139)}
2017-08-22 08:02:09,558 [TRACE] Sending... at {ru.apertum.qsystem.common.NetCommander.sendRpc(NetCommander.java:145)}
2017-08-22 08:02:09,559 [TRACE] Reading... at {ru.apertum.qsystem.common.NetCommander.sendRpc(NetCommander.java:147)}
2017-08-22 08:02:10,301 [TRACE] Response:
{"result":[{"service_name":"Услуга","waiting":0,"first":"-","id":2,"wait_max":0}],"jsonrpc":"2.0","id":"1503378130246"}
 at {ru.apertum.qsystem.common.NetCommander.sendRpc(NetCommander.java:159)}
2017-08-22 08:02:10,350 [ INFO] Команда на обновление пула отложенных. at {ru.apertum.qsystem.common.NetCommander.getPostponedPoolInfo(NetCommander.java:1397)}
2017-08-22 08:02:10,351 [TRACE] Task "Получить состояние пула отложенных" on 127.0.0.1:3128#
{"jsonrpc":"2.0","id":"1503378129515","method":"Получить состояние пула отложенных"} at {ru.apertum.qsystem.common.NetCommander.sendRpc(NetCommander.java:131)}
2017-08-22 08:02:10,352 [TRACE] Socket was created. at {ru.apertum.qsystem.common.NetCommander.sendRpc(NetCommander.java:139)}
2017-08-22 08:02:10,352 [TRACE] Sending... at {ru.apertum.qsystem.common.NetCommander.sendRpc(NetCommander.java:145)}
2017-08-22 08:02:10,352 [TRACE] Reading... at {ru.apertum.qsystem.common.NetCommander.sendRpc(NetCommander.java:147)}
2017-08-22 08:02:10,389 [TRACE] Response:
{"result":[],"jsonrpc":"2.0","id":"1503378130387"}
 at {ru.apertum.qsystem.common.NetCommander.sendRpc(NetCommander.java:159)}
2017-08-22 08:02:17,067 [DEBUG] Пользователю "tehspravka" назначили услугу "Услуга". at {ru.apertum.qsystem.client.forms.FAdmin.addServiceToUser(FAdmin.java:1735)}
2017-08-22 08:02:28,216 [DEBUG] Пользователю "Алешкин Владимир Дмитриевич" назначили услугу "Услуга". at {ru.apertum.qsystem.client.forms.FAdmin.addServiceToUser(FAdmin.java:1735)}
2017-08-22 08:02:29,562 [DEBUG] Пользователю "Альпер Юлия Витальевна" назначили услугу "Услуга". at {ru.apertum.qsystem.client.forms.FAdmin.addServiceToUser(FAdmin.java:1735)}
2017-08-22 08:02:31,647 [DEBUG] Пользователю "Ануфриева Светлана Ивановна" назначили услугу "Услуга". at {ru.apertum.qsystem.client.forms.FAdmin.addServiceToUser(FAdmin.java:1735)}
2017-08-22 08:02:35,250 [DEBUG] Пользователю "Аксенова Эльвира Рудольфовна" назначили услугу "Услуга". at {ru.apertum.qsystem.client.forms.FAdmin.addServiceToUser(FAdmin.java:1735)}
2017-08-22 08:02:40,313 [ INFO] Привязка услуги пользователю на горячую. at {ru.apertum.qsystem.common.NetCommander.setServiseFire(NetCommander.java:902)}
2017-08-22 08:02:40,315 [TRACE] Task "Добавить услугу на горячую" on 127.0.0.1:3128#
{"params":{"service_id":2,"user_id":-369,"coeff":1},"jsonrpc":"2.0","id":"1503378129515","method":"Добавить услугу на горячую"} at {ru.apertum.qsystem.common.NetCommander.sendRpc(NetCommander.java:131)}
2017-08-22 08:02:40,316 [TRACE] Socket was created. at {ru.apertum.qsystem.common.NetCommander.sendRpc(NetCommander.java:139)}
2017-08-22 08:02:40,318 [TRACE] Sending... at {ru.apertum.qsystem.common.NetCommander.sendRpc(NetCommander.java:145)}
2017-08-22 08:02:40,318 [TRACE] Reading... at {ru.apertum.qsystem.common.NetCommander.sendRpc(NetCommander.java:147)}
2017-08-22 08:02:40,871 [TRACE] Response:
{"result":"Услуга \"2\" назначена пользователю \"-369\" успешно. 127.0.0.1","jsonrpc":"2.0","id":"1503378160869"}
 at {ru.apertum.qsystem.common.NetCommander.sendRpc(NetCommander.java:159)}
2017-08-22 08:02:46,098 [ INFO] Привязка услуги пользователю на горячую. at {ru.apertum.qsystem.common.NetCommander.setServiseFire(NetCommander.java:902)}
2017-08-22 08:02:46,100 [TRACE] Task "Добавить услугу на горячую" on 127.0.0.1:3128#
{"params":{"service_id":2,"user_id":117,"coeff":1},"jsonrpc":"2.0","id":"1503378129515","method":"Добавить услугу на горячую"} at {ru.apertum.qsystem.common.NetCommander.sendRpc(NetCommander.java:131)}
2017-08-22 08:02:46,102 [TRACE] Socket was created. at {ru.apertum.qsystem.common.NetCommander.sendRpc(NetCommander.java:139)}
2017-08-22 08:02:46,105 [TRACE] Sending... at {ru.apertum.qsystem.common.NetCommander.sendRpc(NetCommander.java:145)}
2017-08-22 08:02:46,106 [TRACE] Reading... at {ru.apertum.qsystem.common.NetCommander.sendRpc(NetCommander.java:147)}
2017-08-22 08:02:46,213 [TRACE] Response:
{"result":"Услуга \"2\" назначена пользователю \"117\" успешно. 127.0.0.1","jsonrpc":"2.0","id":"1503378166212"}
 at {ru.apertum.qsystem.common.NetCommander.sendRpc(NetCommander.java:159)}
2017-08-22 08:02:49,499 [ INFO] Привязка услуги пользователю на горячую. at {ru.apertum.qsystem.common.NetCommander.setServiseFire(NetCommander.java:902)}
2017-08-22 08:02:49,501 [TRACE] Task "Добавить услугу на горячую" on 127.0.0.1:3128#
{"params":{"service_id":2,"user_id":2952,"coeff":1},"jsonrpc":"2.0","id":"1503378129515","method":"Добавить услугу на горячую"} at {ru.apertum.qsystem.common.NetCommander.sendRpc(NetCommander.java:131)}
2017-08-22 08:02:49,502 [TRACE] Socket was created. at {ru.apertum.qsystem.common.NetCommander.sendRpc(NetCommander.java:139)}
2017-08-22 08:02:49,504 [TRACE] Sending... at {ru.apertum.qsystem.common.NetCommander.sendRpc(NetCommander.java:145)}
2017-08-22 08:02:49,505 [TRACE] Reading... at {ru.apertum.qsystem.common.NetCommander.sendRpc(NetCommander.java:147)}
2017-08-22 08:02:49,517 [TRACE] Response:
{"result":"Услуга \"2\" назначена пользователю \"2952\" успешно. 127.0.0.1","jsonrpc":"2.0","id":"1503378169514"}
 at {ru.apertum.qsystem.common.NetCommander.sendRpc(NetCommander.java:159)}
2017-08-22 08:02:53,384 [ INFO] Привязка услуги пользователю на горячую. at {ru.apertum.qsystem.common.NetCommander.setServiseFire(NetCommander.java:902)}
2017-08-22 08:02:53,386 [TRACE] Task "Добавить услугу на горячую" on 127.0.0.1:3128#
{"params":{"service_id":2,"user_id":245,"coeff":1},"jsonrpc":"2.0","id":"1503378129515","method":"Добавить услугу на горячую"} at {ru.apertum.qsystem.common.NetCommander.sendRpc(NetCommander.java:131)}
2017-08-22 08:02:53,387 [TRACE] Socket was created. at {ru.apertum.qsystem.common.NetCommander.sendRpc(NetCommander.java:139)}
2017-08-22 08:02:53,389 [TRACE] Sending... at {ru.apertum.qsystem.common.NetCommander.sendRpc(NetCommander.java:145)}
2017-08-22 08:02:53,390 [TRACE] Reading... at {ru.apertum.qsystem.common.NetCommander.sendRpc(NetCommander.java:147)}
2017-08-22 08:02:53,398 [TRACE] Response:
{"result":"Услуга \"2\" назначена пользователю \"245\" успешно. 127.0.0.1","jsonrpc":"2.0","id":"1503378173396"}
 at {ru.apertum.qsystem.common.NetCommander.sendRpc(NetCommander.java:159)}
2017-08-22 08:02:56,823 [ INFO] Привязка услуги пользователю на горячую. at {ru.apertum.qsystem.common.NetCommander.setServiseFire(NetCommander.java:902)}
2017-08-22 08:02:56,824 [TRACE] Task "Добавить услугу на горячую" on 127.0.0.1:3128#
{"params":{"service_id":2,"user_id":250,"coeff":1},"jsonrpc":"2.0","id":"1503378129515","method":"Добавить услугу на горячую"} at {ru.apertum.qsystem.common.NetCommander.sendRpc(NetCommander.java:131)}
2017-08-22 08:02:56,826 [TRACE] Socket was created. at {ru.apertum.qsystem.common.NetCommander.sendRpc(NetCommander.java:139)}
2017-08-22 08:02:56,827 [TRACE] Sending... at {ru.apertum.qsystem.common.NetCommander.sendRpc(NetCommander.java:145)}
2017-08-22 08:02:56,828 [TRACE] Reading... at {ru.apertum.qsystem.common.NetCommander.sendRpc(NetCommander.java:147)}
2017-08-22 08:02:56,930 [TRACE] Response:
{"result":"Услуга \"2\" назначена пользователю \"250\" успешно. 127.0.0.1","jsonrpc":"2.0","id":"1503378176929"}
 at {ru.apertum.qsystem.common.NetCommander.sendRpc(NetCommander.java:159)}
2017-08-22 08:03:01,348 [DEBUG] Сохранили конфигурацию. at {ru.apertum.qsystem.client.forms.FAdmin.lambda$saveConfiguration$20(FAdmin.java:1707)}
2017-08-22 08:03:27,469 [ INFO] Удаление услуги пользователю на горячую. at {ru.apertum.qsystem.common.NetCommander.deleteServiseFire(NetCommander.java:935)}
2017-08-22 08:03:27,470 [TRACE] Task "Удалить услугу на горячую" on 127.0.0.1:3128#
{"params":{"service_id":2,"user_id":250},"jsonrpc":"2.0","id":"1503378129515","method":"Удалить услугу на горячую"} at {ru.apertum.qsystem.common.NetCommander.sendRpc(NetCommander.java:131)}
2017-08-22 08:03:27,471 [TRACE] Socket was created. at {ru.apertum.qsystem.common.NetCommander.sendRpc(NetCommander.java:139)}
2017-08-22 08:03:27,473 [TRACE] Sending... at {ru.apertum.qsystem.common.NetCommander.sendRpc(NetCommander.java:145)}
2017-08-22 08:03:27,473 [TRACE] Reading... at {ru.apertum.qsystem.common.NetCommander.sendRpc(NetCommander.java:147)}
2017-08-22 08:03:27,578 [TRACE] Response:
{"result":"Услуга \"2\" удалена у пользователя \"250\" успешно. 127.0.0.1","jsonrpc":"2.0","id":"1503378207576"}
 at {ru.apertum.qsystem.common.NetCommander.sendRpc(NetCommander.java:159)}
2017-08-22 08:03:37,695 [ INFO] Удаление услуги пользователю на горячую. at {ru.apertum.qsystem.common.NetCommander.deleteServiseFire(NetCommander.java:935)}
2017-08-22 08:03:37,696 [TRACE] Task "Удалить услугу на горячую" on 127.0.0.1:3128#
{"params":{"service_id":2,"user_id":245},"jsonrpc":"2.0","id":"1503378129515","method":"Удалить услугу на горячую"} at {ru.apertum.qsystem.common.NetCommander.sendRpc(NetCommander.java:131)}
2017-08-22 08:03:37,697 [TRACE] Socket was created. at {ru.apertum.qsystem.common.NetCommander.sendRpc(NetCommander.java:139)}
2017-08-22 08:03:37,698 [TRACE] Sending... at {ru.apertum.qsystem.common.NetCommander.sendRpc(NetCommander.java:145)}
2017-08-22 08:03:37,698 [TRACE] Reading... at {ru.apertum.qsystem.common.NetCommander.sendRpc(NetCommander.java:147)}
2017-08-22 08:03:37,803 [TRACE] Response:
{"result":"Услуга \"2\" удалена у пользователя \"245\" успешно. 127.0.0.1","jsonrpc":"2.0","id":"1503378217802"}
 at {ru.apertum.qsystem.common.NetCommander.sendRpc(NetCommander.java:159)}
2017-08-22 08:03:40,444 [ INFO] Удаление услуги пользователю на горячую. at {ru.apertum.qsystem.common.NetCommander.deleteServiseFire(NetCommander.java:935)}
2017-08-22 08:03:40,445 [TRACE] Task "Удалить услугу на горячую" on 127.0.0.1:3128#
{"params":{"service_id":2,"user_id":245},"jsonrpc":"2.0","id":"1503378129515","method":"Удалить услугу на горячую"} at {ru.apertum.qsystem.common.NetCommander.sendRpc(NetCommander.java:131)}
2017-08-22 08:03:40,446 [TRACE] Socket was created. at {ru.apertum.qsystem.common.NetCommander.sendRpc(NetCommander.java:139)}
2017-08-22 08:03:40,447 [TRACE] Sending... at {ru.apertum.qsystem.common.NetCommander.sendRpc(NetCommander.java:145)}
2017-08-22 08:03:40,448 [TRACE] Reading... at {ru.apertum.qsystem.common.NetCommander.sendRpc(NetCommander.java:147)}
2017-08-22 08:03:40,453 [TRACE] Response:
{"result":"Требуемая услуга не назначена этому пользователю. 127.0.0.1","jsonrpc":"2.0","id":"1503378220452"}
 at {ru.apertum.qsystem.common.NetCommander.sendRpc(NetCommander.java:159)}
2017-08-22 08:03:45,915 [ INFO] Удаление услуги пользователю на горячую. at {ru.apertum.qsystem.common.NetCommander.deleteServiseFire(NetCommander.java:935)}
2017-08-22 08:03:45,917 [TRACE] Task "Удалить услугу на горячую" on 127.0.0.1:3128#
{"params":{"service_id":2,"user_id":2952},"jsonrpc":"2.0","id":"1503378129515","method":"Удалить услугу на горячую"} at {ru.apertum.qsystem.common.NetCommander.sendRpc(NetCommander.java:131)}
2017-08-22 08:03:45,918 [TRACE] Socket was created. at {ru.apertum.qsystem.common.NetCommander.sendRpc(NetCommander.java:139)}
2017-08-22 08:03:45,920 [TRACE] Sending... at {ru.apertum.qsystem.common.NetCommander.sendRpc(NetCommander.java:145)}
2017-08-22 08:03:45,921 [TRACE] Reading... at {ru.apertum.qsystem.common.NetCommander.sendRpc(NetCommander.java:147)}
2017-08-22 08:03:46,021 [TRACE] Response:
{"result":"Услуга \"2\" удалена у пользователя \"2952\" успешно. 127.0.0.1","jsonrpc":"2.0","id":"1503378226020"}
 at {ru.apertum.qsystem.common.NetCommander.sendRpc(NetCommander.java:159)}
2017-08-22 08:03:53,382 [ INFO] Удаление услуги пользователю на горячую. at {ru.apertum.qsystem.common.NetCommander.deleteServiseFire(NetCommander.java:935)}
2017-08-22 08:03:53,383 [TRACE] Task "Удалить услугу на горячую" on 127.0.0.1:3128#
{"params":{"service_id":2,"user_id":117},"jsonrpc":"2.0","id":"1503378129515","method":"Удалить услугу на горячую"} at {ru.apertum.qsystem.common.NetCommander.sendRpc(NetCommander.java:131)}
2017-08-22 08:03:53,383 [TRACE] Socket was created. at {ru.apertum.qsystem.common.NetCommander.sendRpc(NetCommander.java:139)}
2017-08-22 08:03:53,384 [TRACE] Sending... at {ru.apertum.qsystem.common.NetCommander.sendRpc(NetCommander.java:145)}
2017-08-22 08:03:53,384 [TRACE] Reading... at {ru.apertum.qsystem.common.NetCommander.sendRpc(NetCommander.java:147)}
2017-08-22 08:03:53,387 [TRACE] Response:
{"result":"Услуга \"2\" удалена у пользователя \"117\" успешно. 127.0.0.1","jsonrpc":"2.0","id":"1503378233387"}
 at {ru.apertum.qsystem.common.NetCommander.sendRpc(NetCommander.java:159)}
2017-08-22 08:03:59,417 [ INFO] Удаление услуги пользователю на горячую. at {ru.apertum.qsystem.common.NetCommander.deleteServiseFire(NetCommander.java:935)}
2017-08-22 08:03:59,418 [TRACE] Task "Удалить услугу на горячую" on 127.0.0.1:3128#
{"params":{"service_id":2,"user_id":-369},"jsonrpc":"2.0","id":"1503378129515","method":"Удалить услугу на горячую"} at {ru.apertum.qsystem.common.NetCommander.sendRpc(NetCommander.java:131)}
2017-08-22 08:03:59,420 [TRACE] Socket was created. at {ru.apertum.qsystem.common.NetCommander.sendRpc(NetCommander.java:139)}
2017-08-22 08:03:59,421 [TRACE] Sending... at {ru.apertum.qsystem.common.NetCommander.sendRpc(NetCommander.java:145)}
2017-08-22 08:03:59,422 [TRACE] Reading... at {ru.apertum.qsystem.common.NetCommander.sendRpc(NetCommander.java:147)}
2017-08-22 08:03:59,438 [TRACE] Response:
{"result":"Услуга \"2\" удалена у пользователя \"-369\" успешно. 127.0.0.1","jsonrpc":"2.0","id":"1503378239435"}
 at {ru.apertum.qsystem.common.NetCommander.sendRpc(NetCommander.java:159)}
2017-08-22 08:04:05,248 [DEBUG] Сохранили конфигурацию. at {ru.apertum.qsystem.client.forms.FAdmin.lambda$saveConfiguration$20(FAdmin.java:1707)}
2017-08-22 08:06:09,391 [ INFO] Properties are ready. at {ru.apertum.qsystem.common.QConfig.prepareCLI(QConfig.java:305)}
2017-08-22 08:06:09,395 [ INFO] "QSystem 17.1"!  date: 20.05.2017 at {ru.apertum.qsystem.common.QLog.initial(QLog.java:180)}
2017-08-22 08:06:09,395 [ INFO] START LOGER. Logger: admin.file.info.trace at {ru.apertum.qsystem.common.QLog.initial(QLog.java:181)}
2017-08-22 08:06:09,395 [ INFO] Mode: KEY_DEBUG at {ru.apertum.qsystem.common.QLog.initial(QLog.java:186)}
2017-08-22 08:06:09,396 [ INFO] Plugins: YES at {ru.apertum.qsystem.common.QLog.initial(QLog.java:187)}
2017-08-22 08:06:09,399 [ INFO] Languages are loading... at {ru.apertum.qsystem.client.Locales.<init>(Locales.java:79)}
2017-08-22 08:06:09,406 [DEBUG]    Langusge: Az?rbaycan az_AZ at {ru.apertum.qsystem.client.Locales.<init>(Locales.java:119)}
2017-08-22 08:06:09,409 [DEBUG]    Langusge: English en_US at {ru.apertum.qsystem.client.Locales.<init>(Locales.java:119)}
2017-08-22 08:06:09,412 [DEBUG]    Langusge: Espanol es_ES at {ru.apertum.qsystem.client.Locales.<init>(Locales.java:119)}
2017-08-22 08:06:09,413 [DEBUG]    Langusge: Fran?ais fr_FR at {ru.apertum.qsystem.client.Locales.<init>(Locales.java:119)}
2017-08-22 08:06:09,417 [DEBUG]    Langusge: Italiano it_IT at {ru.apertum.qsystem.client.Locales.<init>(Locales.java:119)}
2017-08-22 08:06:09,419 [DEBUG]    Langusge: Portugu?s pt_PT at {ru.apertum.qsystem.client.Locales.<init>(Locales.java:119)}
2017-08-22 08:06:09,421 [DEBUG]    Langusge: Roman ro_RO at {ru.apertum.qsystem.client.Locales.<init>(Locales.java:119)}
2017-08-22 08:06:09,423 [DEBUG]    Langusge: Русский ru_RU at {ru.apertum.qsystem.client.Locales.<init>(Locales.java:119)}
2017-08-22 08:06:09,424 [DEBUG]    Langusge: Українська uk_UA at {ru.apertum.qsystem.client.Locales.<init>(Locales.java:119)}
2017-08-22 08:06:10,149 [ INFO] DB server '+ driver=com.mysql.jdbc.Driver' url=jdbc:mysql://127.0.0.1/qsystem?autoReconnect=true&amp;characterEncoding=UTF-8 at {ru.apertum.qsystem.hibernate.AnnotationSessionFactoryBean.load(AnnotationSessionFactoryBean.java:183)}
2017-08-22 08:06:11,567 [ INFO] DB is OK. at {ru.apertum.qsystem.client.forms.FAdmin.main(FAdmin.java:1212)}
2017-08-22 08:06:11,573 [ INFO] Загрузка плагинов из папки plugins. at {ru.apertum.qsystem.common.Uses.loadPlugins(Uses.java:788)}
2017-08-22 08:06:11,574 [DEBUG] Плагин Journal.jar at {ru.apertum.qsystem.common.Uses.loadPlugins(Uses.java:795)}
2017-08-22 08:06:11,575 [DEBUG] Плагин Microsound.jar at {ru.apertum.qsystem.common.Uses.loadPlugins(Uses.java:795)}
2017-08-22 08:06:12,508 [ INFO] Создали список. at {ru.apertum.qsystem.server.model.ATListModel.createList(ATListModel.java:45)}
2017-08-22 08:06:12,518 [ INFO] Вход в систему. at {ru.apertum.qsystem.client.forms.FLogin.logining(FLogin.java:312)}
2017-08-22 08:06:17,301 [ INFO] Вход в систему выполнен. Пользователь "Администратор", уровень доступа "3". at {ru.apertum.qsystem.client.forms.FLogin.logining(FLogin.java:334)}
2017-08-22 08:06:17,834 [ INFO] Создали дерево. at {ru.apertum.qsystem.server.model.ATreeModel.createTree(ATreeModel.java:54)}
2017-08-22 08:06:17,844 [ INFO] Создали список. at {ru.apertum.qsystem.server.model.ATListModel.createList(ATListModel.java:45)}
2017-08-22 08:06:17,865 [ INFO] Создали дерево. at {ru.apertum.qsystem.server.model.ATreeModel.createTree(ATreeModel.java:54)}
2017-08-22 08:06:17,876 [ INFO] Создали дерево. at {ru.apertum.qsystem.server.model.ATreeModel.createTree(ATreeModel.java:54)}
2017-08-22 08:06:17,900 [ INFO] Создали список. at {ru.apertum.qsystem.server.model.ATListModel.createList(ATListModel.java:45)}
2017-08-22 08:06:17,911 [ INFO] Создали список. at {ru.apertum.qsystem.server.model.ATListModel.createList(ATListModel.java:45)}
2017-08-22 08:06:17,917 [ INFO] Создали список. at {ru.apertum.qsystem.server.model.ATListModel.createList(ATListModel.java:45)}
2017-08-22 08:06:17,961 [ INFO] Создали список. at {ru.apertum.qsystem.server.model.ATListModel.createList(ATListModel.java:45)}
2017-08-22 08:06:18,028 [DEBUG] Создаем модель для календаря at {ru.apertum.qsystem.server.model.calendar.CalendarTableModel.<init>(CalendarTableModel.java:44)}
2017-08-22 08:06:27,599 [DEBUG] Пользователю "Аксенова Эльвира Рудольфовна" назначили услугу "Услуга". at {ru.apertum.qsystem.client.forms.FAdmin.addServiceToUser(FAdmin.java:1735)}
2017-08-22 08:06:29,621 [ INFO] Привязка услуги пользователю на горячую. at {ru.apertum.qsystem.common.NetCommander.setServiseFire(NetCommander.java:902)}
2017-08-22 08:06:29,646 [TRACE] Task "Добавить услугу на горячую" on 127.0.0.1:3128#
{"params":{"service_id":2,"user_id":117,"coeff":1},"jsonrpc":"2.0","id":"1503378389620","method":"Добавить услугу на горячую"} at {ru.apertum.qsystem.common.NetCommander.sendRpc(NetCommander.java:131)}
2017-08-22 08:06:30,659 [ERROR] Exception!: Невозможно подключиться к серверу. at {ru.apertum.qsystem.common.exceptions.QException.<init>(QException.java:34)}
java.net.ConnectException: Connection refused: connect
	at java.net.DualStackPlainSocketImpl.waitForConnect(Native Method)
	at java.net.DualStackPlainSocketImpl.socketConnect(DualStackPlainSocketImpl.java:85)
	at java.net.AbstractPlainSocketImpl.doConnect(AbstractPlainSocketImpl.java:350)
	at java.net.AbstractPlainSocketImpl.connectToAddress(AbstractPlainSocketImpl.java:206)
	at java.net.AbstractPlainSocketImpl.connect(AbstractPlainSocketImpl.java:188)
	at java.net.PlainSocketImpl.connect(PlainSocketImpl.java:172)
	at java.net.Socket.connect(Socket.java:589)
	at ru.apertum.qsystem.common.NetCommander.sendRpc(NetCommander.java:134)
	at ru.apertum.qsystem.common.NetCommander.send(NetCommander.java:115)
	at ru.apertum.qsystem.common.NetCommander.setServiseFire(NetCommander.java:910)
	at ru.apertum.qsystem.client.forms.FAdmin.setUpdateServiceFire(FAdmin.java:6071)
	at sun.reflect.NativeMethodAccessorImpl.invoke0(Native Method)
	at sun.reflect.NativeMethodAccessorImpl.invoke(NativeMethodAccessorImpl.java:62)
	at sun.reflect.DelegatingMethodAccessorImpl.invoke(DelegatingMethodAccessorImpl.java:43)
	at java.lang.reflect.Method.invoke(Method.java:498)
	at org.jdesktop.application.ApplicationAction.noProxyActionPerformed(ApplicationAction.java:662)
	at org.jdesktop.application.ApplicationAction.actionPerformed(ApplicationAction.java:698)
	at javax.swing.AbstractButton.fireActionPerformed(AbstractButton.java:2022)
	at javax.swing.AbstractButton$Handler.actionPerformed(AbstractButton.java:2348)
	at javax.swing.DefaultButtonModel.fireActionPerformed(DefaultButtonModel.java:402)
	at javax.swing.DefaultButtonModel.setPressed(DefaultButtonModel.java:259)
	at javax.swing.AbstractButton.doClick(AbstractButton.java:376)
	at javax.swing.plaf.basic.BasicMenuItemUI.doClick(BasicMenuItemUI.java:833)
	at javax.swing.plaf.basic.BasicMenuItemUI$Handler.mouseReleased(BasicMenuItemUI.java:877)
	at java.awt.AWTEventMulticaster.mouseReleased(AWTEventMulticaster.java:289)
	at java.awt.Component.processMouseEvent(Component.java:6533)
	at javax.swing.JComponent.processMouseEvent(JComponent.java:3324)
	at java.awt.Component.processEvent(Component.java:6298)
	at java.awt.Container.processEvent(Container.java:2236)
	at java.awt.Component.dispatchEventImpl(Component.java:4889)
	at java.awt.Container.dispatchEventImpl(Container.java:2294)
	at java.awt.Component.dispatchEvent(Component.java:4711)
	at java.awt.LightweightDispatcher.retargetMouseEvent(Container.java:4888)
	at java.awt.LightweightDispatcher.processMouseEvent(Container.java:4525)
	at java.awt.LightweightDispatcher.dispatchEvent(Container.java:4466)
	at java.awt.Container.dispatchEventImpl(Container.java:2280)
	at java.awt.Window.dispatchEventImpl(Window.java:2746)
	at java.awt.Component.dispatchEvent(Component.java:4711)
	at java.awt.EventQueue.dispatchEventImpl(EventQueue.java:758)
	at java.awt.EventQueue.access$500(EventQueue.java:97)
	at java.awt.EventQueue$3.run(EventQueue.java:709)
	at java.awt.EventQueue$3.run(EventQueue.java:703)
	at java.security.AccessController.doPrivileged(Native Method)
	at java.security.ProtectionDomain$JavaSecurityAccessImpl.doIntersectionPrivilege(ProtectionDomain.java:76)
	at java.security.ProtectionDomain$JavaSecurityAccessImpl.doIntersectionPrivilege(ProtectionDomain.java:86)
	at java.awt.EventQueue$4.run(EventQueue.java:731)
	at java.awt.EventQueue$4.run(EventQueue.java:729)
	at java.security.AccessController.doPrivileged(Native Method)
	at java.security.ProtectionDomain$JavaSecurityAccessImpl.doIntersectionPrivilege(ProtectionDomain.java:76)
	at java.awt.EventQueue.dispatchEvent(EventQueue.java:728)
	at java.awt.EventDispatchThread.pumpOneEventForFilters(EventDispatchThread.java:201)
	at java.awt.EventDispatchThread.pumpEventsForFilter(EventDispatchThread.java:116)
	at java.awt.EventDispatchThread.pumpEventsForHierarchy(EventDispatchThread.java:105)
	at java.awt.EventDispatchThread.pumpEvents(EventDispatchThread.java:101)
	at java.awt.EventDispatchThread.pumpEvents(EventDispatchThread.java:93)
	at java.awt.EventDispatchThread.run(EventDispatchThread.java:82)
2017-08-22 08:06:30,662 [ERROR] Exception!: Невозможно получить ответ от сервера. at {ru.apertum.qsystem.common.exceptions.QException.<init>(QException.java:34)}
ru.apertum.qsystem.common.exceptions.QException: Невозможно подключиться к серверу.
	at ru.apertum.qsystem.common.NetCommander.sendRpc(NetCommander.java:137)
	at ru.apertum.qsystem.common.NetCommander.send(NetCommander.java:115)
	at ru.apertum.qsystem.common.NetCommander.setServiseFire(NetCommander.java:910)
	at ru.apertum.qsystem.client.forms.FAdmin.setUpdateServiceFire(FAdmin.java:6071)
	at sun.reflect.NativeMethodAccessorImpl.invoke0(Native Method)
	at sun.reflect.NativeMethodAccessorImpl.invoke(NativeMethodAccessorImpl.java:62)
	at sun.reflect.DelegatingMethodAccessorImpl.invoke(DelegatingMethodAccessorImpl.java:43)
	at java.lang.reflect.Method.invoke(Method.java:498)
	at org.jdesktop.application.ApplicationAction.noProxyActionPerformed(ApplicationAction.java:662)
	at org.jdesktop.application.ApplicationAction.actionPerformed(ApplicationAction.java:698)
	at javax.swing.AbstractButton.fireActionPerformed(AbstractButton.java:2022)
	at javax.swing.AbstractButton$Handler.actionPerformed(AbstractButton.java:2348)
	at javax.swing.DefaultButtonModel.fireActionPerformed(DefaultButtonModel.java:402)
	at javax.swing.DefaultButtonModel.setPressed(DefaultButtonModel.java:259)
	at javax.swing.AbstractButton.doClick(AbstractButton.java:376)
	at javax.swing.plaf.basic.BasicMenuItemUI.doClick(BasicMenuItemUI.java:833)
	at javax.swing.plaf.basic.BasicMenuItemUI$Handler.mouseReleased(BasicMenuItemUI.java:877)
	at java.awt.AWTEventMulticaster.mouseReleased(AWTEventMulticaster.java:289)
	at java.awt.Component.processMouseEvent(Component.java:6533)
	at javax.swing.JComponent.processMouseEvent(JComponent.java:3324)
	at java.awt.Component.processEvent(Component.java:6298)
	at java.awt.Container.processEvent(Container.java:2236)
	at java.awt.Component.dispatchEventImpl(Component.java:4889)
	at java.awt.Container.dispatchEventImpl(Container.java:2294)
	at java.awt.Component.dispatchEvent(Component.java:4711)
	at java.awt.LightweightDispatcher.retargetMouseEvent(Container.java:4888)
	at java.awt.LightweightDispatcher.processMouseEvent(Container.java:4525)
	at java.awt.LightweightDispatcher.dispatchEvent(Container.java:4466)
	at java.awt.Container.dispatchEventImpl(Container.java:2280)
	at java.awt.Window.dispatchEventImpl(Window.java:2746)
	at java.awt.Component.dispatchEvent(Component.java:4711)
	at java.awt.EventQueue.dispatchEventImpl(EventQueue.java:758)
	at java.awt.EventQueue.access$500(EventQueue.java:97)
	at java.awt.EventQueue$3.run(EventQueue.java:709)
	at java.awt.EventQueue$3.run(EventQueue.java:703)
	at java.security.AccessController.doPrivileged(Native Method)
	at java.security.ProtectionDomain$JavaSecurityAccessImpl.doIntersectionPrivilege(ProtectionDomain.java:76)
	at java.security.ProtectionDomain$JavaSecurityAccessImpl.doIntersectionPrivilege(ProtectionDomain.java:86)
	at java.awt.EventQueue$4.run(EventQueue.java:731)
	at java.awt.EventQueue$4.run(EventQueue.java:729)
	at java.security.AccessController.doPrivileged(Native Method)
	at java.security.ProtectionDomain$JavaSecurityAccessImpl.doIntersectionPrivilege(ProtectionDomain.java:76)
	at java.awt.EventQueue.dispatchEvent(EventQueue.java:728)
	at java.awt.EventDispatchThread.pumpOneEventForFilters(EventDispatchThread.java:201)
	at java.awt.EventDispatchThread.pumpEventsForFilter(EventDispatchThread.java:116)
	at java.awt.EventDispatchThread.pumpEventsForHierarchy(EventDispatchThread.java:105)
	at java.awt.EventDispatchThread.pumpEvents(EventDispatchThread.java:101)
	at java.awt.EventDispatchThread.pumpEvents(EventDispatchThread.java:93)
	at java.awt.EventDispatchThread.run(EventDispatchThread.java:82)
Caused by: java.net.ConnectException: Connection refused: connect
	at java.net.DualStackPlainSocketImpl.waitForConnect(Native Method)
	at java.net.DualStackPlainSocketImpl.socketConnect(DualStackPlainSocketImpl.java:85)
	at java.net.AbstractPlainSocketImpl.doConnect(AbstractPlainSocketImpl.java:350)
	at java.net.AbstractPlainSocketImpl.connectToAddress(AbstractPlainSocketImpl.java:206)
	at java.net.AbstractPlainSocketImpl.connect(AbstractPlainSocketImpl.java:188)
	at java.net.PlainSocketImpl.connect(PlainSocketImpl.java:172)
	at java.net.Socket.connect(Socket.java:589)
	at ru.apertum.qsystem.common.NetCommander.sendRpc(NetCommander.java:134)
	... 48 more
2017-08-22 08:06:30,666 [ERROR] Error! Невозможно интерпретировать ответ.
ru.apertum.qsystem.common.exceptions.QException: Невозможно получить ответ от сервера. at {ru.apertum.qsystem.common.exceptions.ServerException.<init>(ServerException.java:32)}
ru.apertum.qsystem.common.exceptions.ClientException: Невозможно интерпретировать ответ.
ru.apertum.qsystem.common.exceptions.QException: Невозможно получить ответ от сервера.
	at ru.apertum.qsystem.common.NetCommander.setServiseFire(NetCommander.java:912)
	at ru.apertum.qsystem.client.forms.FAdmin.setUpdateServiceFire(FAdmin.java:6071)
	at sun.reflect.NativeMethodAccessorImpl.invoke0(Native Method)
	at sun.reflect.NativeMethodAccessorImpl.invoke(NativeMethodAccessorImpl.java:62)
	at sun.reflect.DelegatingMethodAccessorImpl.invoke(DelegatingMethodAccessorImpl.java:43)
	at java.lang.reflect.Method.invoke(Method.java:498)
	at org.jdesktop.application.ApplicationAction.noProxyActionPerformed(ApplicationAction.java:662)
	at org.jdesktop.application.ApplicationAction.actionPerformed(ApplicationAction.java:698)
	at javax.swing.AbstractButton.fireActionPerformed(AbstractButton.java:2022)
	at javax.swing.AbstractButton$Handler.actionPerformed(AbstractButton.java:2348)
	at javax.swing.DefaultButtonModel.fireActionPerformed(DefaultButtonModel.java:402)
	at javax.swing.DefaultButtonModel.setPressed(DefaultButtonModel.java:259)
	at javax.swing.AbstractButton.doClick(AbstractButton.java:376)
	at javax.swing.plaf.basic.BasicMenuItemUI.doClick(BasicMenuItemUI.java:833)
	at javax.swing.plaf.basic.BasicMenuItemUI$Handler.mouseReleased(BasicMenuItemUI.java:877)
	at java.awt.AWTEventMulticaster.mouseReleased(AWTEventMulticaster.java:289)
	at java.awt.Component.processMouseEvent(Component.java:6533)
	at javax.swing.JComponent.processMouseEvent(JComponent.java:3324)
	at java.awt.Component.processEvent(Component.java:6298)
	at java.awt.Container.processEvent(Container.java:2236)
	at java.awt.Component.dispatchEventImpl(Component.java:4889)
	at java.awt.Container.dispatchEventImpl(Container.java:2294)
	at java.awt.Component.dispatchEvent(Component.java:4711)
	at java.awt.LightweightDispatcher.retargetMouseEvent(Container.java:4888)
	at java.awt.LightweightDispatcher.processMouseEvent(Container.java:4525)
	at java.awt.LightweightDispatcher.dispatchEvent(Container.java:4466)
	at java.awt.Container.dispatchEventImpl(Container.java:2280)
	at java.awt.Window.dispatchEventImpl(Window.java:2746)
	at java.awt.Component.dispatchEvent(Component.java:4711)
	at java.awt.EventQueue.dispatchEventImpl(EventQueue.java:758)
	at java.awt.EventQueue.access$500(EventQueue.java:97)
	at java.awt.EventQueue$3.run(EventQueue.java:709)
	at java.awt.EventQueue$3.run(EventQueue.java:703)
	at java.security.AccessController.doPrivileged(Native Method)
	at java.security.ProtectionDomain$JavaSecurityAccessImpl.doIntersectionPrivilege(ProtectionDomain.java:76)
	at java.security.ProtectionDomain$JavaSecurityAccessImpl.doIntersectionPrivilege(ProtectionDomain.java:86)
	at java.awt.EventQueue$4.run(EventQueue.java:731)
	at java.awt.EventQueue$4.run(EventQueue.java:729)
	at java.security.AccessController.doPrivileged(Native Method)
	at java.security.ProtectionDomain$JavaSecurityAccessImpl.doIntersectionPrivilege(ProtectionDomain.java:76)
	at java.awt.EventQueue.dispatchEvent(EventQueue.java:728)
	at java.awt.EventDispatchThread.pumpOneEventForFilters(EventDispatchThread.java:201)
	at java.awt.EventDispatchThread.pumpEventsForFilter(EventDispatchThread.java:116)
	at java.awt.EventDispatchThread.pumpEventsForHierarchy(EventDispatchThread.java:105)
	at java.awt.EventDispatchThread.pumpEvents(EventDispatchThread.java:101)
	at java.awt.EventDispatchThread.pumpEvents(EventDispatchThread.java:93)
	at java.awt.EventDispatchThread.run(EventDispatchThread.java:82)
2017-08-22 08:07:06,881 [ INFO] Привязка услуги пользователю на горячую. at {ru.apertum.qsystem.common.NetCommander.setServiseFire(NetCommander.java:902)}
2017-08-22 08:07:06,883 [TRACE] Task "Добавить услугу на горячую" on 127.0.0.1:3128#
{"params":{"service_id":2,"user_id":117,"coeff":1},"jsonrpc":"2.0","id":"1503378389620","method":"Добавить услугу на горячую"} at {ru.apertum.qsystem.common.NetCommander.sendRpc(NetCommander.java:131)}
2017-08-22 08:07:06,884 [TRACE] Socket was created. at {ru.apertum.qsystem.common.NetCommander.sendRpc(NetCommander.java:139)}
2017-08-22 08:07:06,889 [TRACE] Sending... at {ru.apertum.qsystem.common.NetCommander.sendRpc(NetCommander.java:145)}
2017-08-22 08:07:06,890 [TRACE] Reading... at {ru.apertum.qsystem.common.NetCommander.sendRpc(NetCommander.java:147)}
2017-08-22 08:07:07,618 [TRACE] Response:
{"result":"Услуга \"2\" назначена пользователю \"117\" успешно. 127.0.0.1","jsonrpc":"2.0","id":"1503378427611"}
 at {ru.apertum.qsystem.common.NetCommander.sendRpc(NetCommander.java:159)}
2017-08-22 08:07:10,262 [DEBUG] Пользователю "Алешкин Владимир Дмитриевич" назначили услугу "Услуга". at {ru.apertum.qsystem.client.forms.FAdmin.addServiceToUser(FAdmin.java:1735)}
2017-08-22 08:07:11,720 [DEBUG] Пользователю "Альпер Юлия Витальевна" назначили услугу "Услуга". at {ru.apertum.qsystem.client.forms.FAdmin.addServiceToUser(FAdmin.java:1735)}
2017-08-22 08:07:13,172 [DEBUG] Пользователю "Ануфриева Светлана Ивановна" назначили услугу "Услуга". at {ru.apertum.qsystem.client.forms.FAdmin.addServiceToUser(FAdmin.java:1735)}
2017-08-22 08:07:15,169 [DEBUG] Сохранили конфигурацию. at {ru.apertum.qsystem.client.forms.FAdmin.lambda$saveConfiguration$20(FAdmin.java:1707)}
2017-08-22 08:08:07,197 [ INFO] Удаление услуги пользователю на горячую. at {ru.apertum.qsystem.common.NetCommander.deleteServiseFire(NetCommander.java:935)}
2017-08-22 08:08:07,199 [TRACE] Task "Удалить услугу на горячую" on 127.0.0.1:3128#
{"params":{"service_id":2,"user_id":250},"jsonrpc":"2.0","id":"1503378389620","method":"Удалить услугу на горячую"} at {ru.apertum.qsystem.common.NetCommander.sendRpc(NetCommander.java:131)}
2017-08-22 08:08:07,200 [TRACE] Socket was created. at {ru.apertum.qsystem.common.NetCommander.sendRpc(NetCommander.java:139)}
2017-08-22 08:08:07,207 [TRACE] Sending... at {ru.apertum.qsystem.common.NetCommander.sendRpc(NetCommander.java:145)}
2017-08-22 08:08:07,207 [TRACE] Reading... at {ru.apertum.qsystem.common.NetCommander.sendRpc(NetCommander.java:147)}
2017-08-22 08:08:07,311 [TRACE] Response:
{"result":"Требуемая услуга не назначена этому пользователю. 127.0.0.1","jsonrpc":"2.0","id":"1503378487305"}
 at {ru.apertum.qsystem.common.NetCommander.sendRpc(NetCommander.java:159)}
2017-08-22 08:08:09,562 [ INFO] Удаление услуги пользователю на горячую. at {ru.apertum.qsystem.common.NetCommander.deleteServiseFire(NetCommander.java:935)}
2017-08-22 08:08:09,563 [TRACE] Task "Удалить услугу на горячую" on 127.0.0.1:3128#
{"params":{"service_id":2,"user_id":250},"jsonrpc":"2.0","id":"1503378389620","method":"Удалить услугу на горячую"} at {ru.apertum.qsystem.common.NetCommander.sendRpc(NetCommander.java:131)}
2017-08-22 08:08:09,565 [TRACE] Socket was created. at {ru.apertum.qsystem.common.NetCommander.sendRpc(NetCommander.java:139)}
2017-08-22 08:08:09,566 [TRACE] Sending... at {ru.apertum.qsystem.common.NetCommander.sendRpc(NetCommander.java:145)}
2017-08-22 08:08:09,567 [TRACE] Reading... at {ru.apertum.qsystem.common.NetCommander.sendRpc(NetCommander.java:147)}
2017-08-22 08:08:09,578 [TRACE] Response:
{"result":"Требуемая услуга не назначена этому пользователю. 127.0.0.1","jsonrpc":"2.0","id":"1503378489571"}
 at {ru.apertum.qsystem.common.NetCommander.sendRpc(NetCommander.java:159)}
2017-08-22 08:08:26,074 [DEBUG] Сохранили конфигурацию. at {ru.apertum.qsystem.client.forms.FAdmin.lambda$saveConfiguration$20(FAdmin.java:1707)}
2017-08-22 09:50:28,872 [ INFO] Properties are ready. at {ru.apertum.qsystem.common.QConfig.prepareCLI(QConfig.java:305)}
2017-08-22 09:50:28,876 [ INFO] "QSystem 17.1"!  date: 20.05.2017 at {ru.apertum.qsystem.common.QLog.initial(QLog.java:180)}
2017-08-22 09:50:28,876 [ INFO] START LOGER. Logger: admin.file.info.trace at {ru.apertum.qsystem.common.QLog.initial(QLog.java:181)}
2017-08-22 09:50:28,877 [ INFO] Mode: KEY_DEBUG at {ru.apertum.qsystem.common.QLog.initial(QLog.java:186)}
2017-08-22 09:50:28,877 [ INFO] Plugins: YES at {ru.apertum.qsystem.common.QLog.initial(QLog.java:187)}
2017-08-22 09:50:28,879 [ INFO] Languages are loading... at {ru.apertum.qsystem.client.Locales.<init>(Locales.java:79)}
2017-08-22 09:50:28,887 [DEBUG]    Langusge: Az?rbaycan az_AZ at {ru.apertum.qsystem.client.Locales.<init>(Locales.java:119)}
2017-08-22 09:50:28,890 [DEBUG]    Langusge: English en_US at {ru.apertum.qsystem.client.Locales.<init>(Locales.java:119)}
2017-08-22 09:50:28,891 [DEBUG]    Langusge: Espanol es_ES at {ru.apertum.qsystem.client.Locales.<init>(Locales.java:119)}
2017-08-22 09:50:28,893 [DEBUG]    Langusge: Fran?ais fr_FR at {ru.apertum.qsystem.client.Locales.<init>(Locales.java:119)}
2017-08-22 09:50:28,895 [DEBUG]    Langusge: Italiano it_IT at {ru.apertum.qsystem.client.Locales.<init>(Locales.java:119)}
2017-08-22 09:50:28,900 [DEBUG]    Langusge: Portugu?s pt_PT at {ru.apertum.qsystem.client.Locales.<init>(Locales.java:119)}
2017-08-22 09:50:28,903 [DEBUG]    Langusge: Roman ro_RO at {ru.apertum.qsystem.client.Locales.<init>(Locales.java:119)}
2017-08-22 09:50:28,905 [DEBUG]    Langusge: Русский ru_RU at {ru.apertum.qsystem.client.Locales.<init>(Locales.java:119)}
2017-08-22 09:50:28,913 [DEBUG]    Langusge: Українська uk_UA at {ru.apertum.qsystem.client.Locales.<init>(Locales.java:119)}
2017-08-22 09:50:29,666 [ INFO] DB server '+ driver=com.mysql.jdbc.Driver' url=jdbc:mysql://127.0.0.1/qsystem?autoReconnect=true&amp;characterEncoding=UTF-8 at {ru.apertum.qsystem.hibernate.AnnotationSessionFactoryBean.load(AnnotationSessionFactoryBean.java:183)}
2017-08-22 09:50:31,144 [ INFO] DB is OK. at {ru.apertum.qsystem.client.forms.FAdmin.main(FAdmin.java:1212)}
2017-08-22 09:50:31,151 [ INFO] Загрузка плагинов из папки plugins. at {ru.apertum.qsystem.common.Uses.loadPlugins(Uses.java:788)}
2017-08-22 09:50:31,152 [DEBUG] Плагин Journal.jar at {ru.apertum.qsystem.common.Uses.loadPlugins(Uses.java:795)}
2017-08-22 09:50:31,152 [DEBUG] Плагин Microsound.jar at {ru.apertum.qsystem.common.Uses.loadPlugins(Uses.java:795)}
2017-08-22 09:50:32,084 [ INFO] Создали список. at {ru.apertum.qsystem.server.model.ATListModel.createList(ATListModel.java:45)}
2017-08-22 09:50:32,094 [ INFO] Вход в систему. at {ru.apertum.qsystem.client.forms.FLogin.logining(FLogin.java:312)}
2017-08-22 09:50:35,196 [ INFO] Вход в систему выполнен. Пользователь "Администратор", уровень доступа "3". at {ru.apertum.qsystem.client.forms.FLogin.logining(FLogin.java:334)}
2017-08-22 09:50:35,750 [ INFO] Создали дерево. at {ru.apertum.qsystem.server.model.ATreeModel.createTree(ATreeModel.java:54)}
2017-08-22 09:50:35,757 [ INFO] Создали список. at {ru.apertum.qsystem.server.model.ATListModel.createList(ATListModel.java:45)}
2017-08-22 09:50:35,780 [ INFO] Создали дерево. at {ru.apertum.qsystem.server.model.ATreeModel.createTree(ATreeModel.java:54)}
2017-08-22 09:50:35,789 [ INFO] Создали дерево. at {ru.apertum.qsystem.server.model.ATreeModel.createTree(ATreeModel.java:54)}
2017-08-22 09:50:35,797 [ INFO] Создали список. at {ru.apertum.qsystem.server.model.ATListModel.createList(ATListModel.java:45)}
2017-08-22 09:50:35,812 [ INFO] Создали список. at {ru.apertum.qsystem.server.model.ATListModel.createList(ATListModel.java:45)}
2017-08-22 09:50:35,822 [ INFO] Создали список. at {ru.apertum.qsystem.server.model.ATListModel.createList(ATListModel.java:45)}
2017-08-22 09:50:35,869 [ INFO] Создали список. at {ru.apertum.qsystem.server.model.ATListModel.createList(ATListModel.java:45)}
2017-08-22 09:50:35,936 [DEBUG] Создаем модель для календаря at {ru.apertum.qsystem.server.model.calendar.CalendarTableModel.<init>(CalendarTableModel.java:44)}
2017-08-22 09:52:06,400 [ INFO] Properties are ready. at {ru.apertum.qsystem.common.QConfig.prepareCLI(QConfig.java:305)}
2017-08-22 09:52:06,404 [ INFO] "QSystem 17.1"!  date: 20.05.2017 at {ru.apertum.qsystem.common.QLog.initial(QLog.java:180)}
2017-08-22 09:52:06,405 [ INFO] START LOGER. Logger: admin.file.info.trace at {ru.apertum.qsystem.common.QLog.initial(QLog.java:181)}
2017-08-22 09:52:06,405 [ INFO] Mode: KEY_DEBUG at {ru.apertum.qsystem.common.QLog.initial(QLog.java:186)}
2017-08-22 09:52:06,405 [ INFO] Plugins: YES at {ru.apertum.qsystem.common.QLog.initial(QLog.java:187)}
2017-08-22 09:52:06,407 [ INFO] Languages are loading... at {ru.apertum.qsystem.client.Locales.<init>(Locales.java:79)}
2017-08-22 09:52:06,414 [DEBUG]    Langusge: Az?rbaycan az_AZ at {ru.apertum.qsystem.client.Locales.<init>(Locales.java:119)}
2017-08-22 09:52:06,417 [DEBUG]    Langusge: English en_US at {ru.apertum.qsystem.client.Locales.<init>(Locales.java:119)}
2017-08-22 09:52:06,419 [DEBUG]    Langusge: Espanol es_ES at {ru.apertum.qsystem.client.Locales.<init>(Locales.java:119)}
2017-08-22 09:52:06,421 [DEBUG]    Langusge: Fran?ais fr_FR at {ru.apertum.qsystem.client.Locales.<init>(Locales.java:119)}
2017-08-22 09:52:06,422 [DEBUG]    Langusge: Italiano it_IT at {ru.apertum.qsystem.client.Locales.<init>(Locales.java:119)}
2017-08-22 09:52:06,424 [DEBUG]    Langusge: Portugu?s pt_PT at {ru.apertum.qsystem.client.Locales.<init>(Locales.java:119)}
2017-08-22 09:52:06,426 [DEBUG]    Langusge: Roman ro_RO at {ru.apertum.qsystem.client.Locales.<init>(Locales.java:119)}
2017-08-22 09:52:06,428 [DEBUG]    Langusge: Русский ru_RU at {ru.apertum.qsystem.client.Locales.<init>(Locales.java:119)}
2017-08-22 09:52:06,430 [DEBUG]    Langusge: Українська uk_UA at {ru.apertum.qsystem.client.Locales.<init>(Locales.java:119)}
2017-08-22 09:52:07,193 [ INFO] DB server '+ driver=com.mysql.jdbc.Driver' url=jdbc:mysql://127.0.0.1/qsystem?autoReconnect=true&amp;characterEncoding=UTF-8 at {ru.apertum.qsystem.hibernate.AnnotationSessionFactoryBean.load(AnnotationSessionFactoryBean.java:183)}
2017-08-22 09:52:08,701 [ INFO] DB is OK. at {ru.apertum.qsystem.client.forms.FAdmin.main(FAdmin.java:1212)}
2017-08-22 09:52:08,708 [ INFO] Загрузка плагинов из папки plugins. at {ru.apertum.qsystem.common.Uses.loadPlugins(Uses.java:788)}
2017-08-22 09:52:08,709 [DEBUG] Плагин Journal.jar at {ru.apertum.qsystem.common.Uses.loadPlugins(Uses.java:795)}
2017-08-22 09:52:08,710 [DEBUG] Плагин Microsound.jar at {ru.apertum.qsystem.common.Uses.loadPlugins(Uses.java:795)}
2017-08-22 09:52:09,767 [ INFO] Создали список. at {ru.apertum.qsystem.server.model.ATListModel.createList(ATListModel.java:45)}
2017-08-22 09:52:09,775 [ INFO] Вход в систему. at {ru.apertum.qsystem.client.forms.FLogin.logining(FLogin.java:312)}
2017-08-22 09:52:12,799 [ INFO] Вход в систему выполнен. Пользователь "Администратор", уровень доступа "3". at {ru.apertum.qsystem.client.forms.FLogin.logining(FLogin.java:334)}
2017-08-22 09:52:13,350 [ INFO] Создали дерево. at {ru.apertum.qsystem.server.model.ATreeModel.createTree(ATreeModel.java:54)}
2017-08-22 09:52:13,357 [ INFO] Создали список. at {ru.apertum.qsystem.server.model.ATListModel.createList(ATListModel.java:45)}
2017-08-22 09:52:13,369 [ INFO] Создали дерево. at {ru.apertum.qsystem.server.model.ATreeModel.createTree(ATreeModel.java:54)}
2017-08-22 09:52:13,376 [ INFO] Создали дерево. at {ru.apertum.qsystem.server.model.ATreeModel.createTree(ATreeModel.java:54)}
2017-08-22 09:52:13,385 [ INFO] Создали список. at {ru.apertum.qsystem.server.model.ATListModel.createList(ATListModel.java:45)}
2017-08-22 09:52:13,389 [ INFO] Создали список. at {ru.apertum.qsystem.server.model.ATListModel.createList(ATListModel.java:45)}
2017-08-22 09:52:13,397 [ INFO] Создали список. at {ru.apertum.qsystem.server.model.ATListModel.createList(ATListModel.java:45)}
2017-08-22 09:52:13,433 [ INFO] Создали список. at {ru.apertum.qsystem.server.model.ATListModel.createList(ATListModel.java:45)}
2017-08-22 09:52:13,491 [DEBUG] Создаем модель для календаря at {ru.apertum.qsystem.server.model.calendar.CalendarTableModel.<init>(CalendarTableModel.java:44)}
2017-08-22 09:52:44,676 [ INFO] Properties are ready. at {ru.apertum.qsystem.common.QConfig.prepareCLI(QConfig.java:305)}
2017-08-22 09:52:44,680 [ INFO] "QSystem 17.1"!  date: 20.05.2017 at {ru.apertum.qsystem.common.QLog.initial(QLog.java:180)}
2017-08-22 09:52:44,681 [ INFO] START LOGER. Logger: admin.file.info.trace at {ru.apertum.qsystem.common.QLog.initial(QLog.java:181)}
2017-08-22 09:52:44,681 [ INFO] Mode: KEY_DEBUG at {ru.apertum.qsystem.common.QLog.initial(QLog.java:186)}
2017-08-22 09:52:44,681 [ INFO] Plugins: YES at {ru.apertum.qsystem.common.QLog.initial(QLog.java:187)}
2017-08-22 09:52:44,683 [ INFO] Languages are loading... at {ru.apertum.qsystem.client.Locales.<init>(Locales.java:79)}
2017-08-22 09:52:44,692 [DEBUG]    Langusge: Az?rbaycan az_AZ at {ru.apertum.qsystem.client.Locales.<init>(Locales.java:119)}
2017-08-22 09:52:44,695 [DEBUG]    Langusge: English en_US at {ru.apertum.qsystem.client.Locales.<init>(Locales.java:119)}
2017-08-22 09:52:44,697 [DEBUG]    Langusge: Espanol es_ES at {ru.apertum.qsystem.client.Locales.<init>(Locales.java:119)}
2017-08-22 09:52:44,698 [DEBUG]    Langusge: Fran?ais fr_FR at {ru.apertum.qsystem.client.Locales.<init>(Locales.java:119)}
2017-08-22 09:52:44,716 [DEBUG]    Langusge: Italiano it_IT at {ru.apertum.qsystem.client.Locales.<init>(Locales.java:119)}
2017-08-22 09:52:44,717 [DEBUG]    Langusge: Portugu?s pt_PT at {ru.apertum.qsystem.client.Locales.<init>(Locales.java:119)}
2017-08-22 09:52:44,719 [DEBUG]    Langusge: Roman ro_RO at {ru.apertum.qsystem.client.Locales.<init>(Locales.java:119)}
2017-08-22 09:52:44,720 [DEBUG]    Langusge: Русский ru_RU at {ru.apertum.qsystem.client.Locales.<init>(Locales.java:119)}
2017-08-22 09:52:44,721 [DEBUG]    Langusge: Українська uk_UA at {ru.apertum.qsystem.client.Locales.<init>(Locales.java:119)}
2017-08-22 09:52:45,483 [ INFO] DB server '+ driver=com.mysql.jdbc.Driver' url=jdbc:mysql://127.0.0.1/qsystem?autoReconnect=true&amp;characterEncoding=UTF-8 at {ru.apertum.qsystem.hibernate.AnnotationSessionFactoryBean.load(AnnotationSessionFactoryBean.java:183)}
2017-08-22 09:52:47,003 [ INFO] DB is OK. at {ru.apertum.qsystem.client.forms.FAdmin.main(FAdmin.java:1212)}
2017-08-22 09:52:47,014 [ INFO] Загрузка плагинов из папки plugins. at {ru.apertum.qsystem.common.Uses.loadPlugins(Uses.java:788)}
2017-08-22 09:52:47,015 [DEBUG] Плагин Journal.jar at {ru.apertum.qsystem.common.Uses.loadPlugins(Uses.java:795)}
2017-08-22 09:52:47,015 [DEBUG] Плагин Microsound.jar at {ru.apertum.qsystem.common.Uses.loadPlugins(Uses.java:795)}
2017-08-22 09:52:48,076 [ INFO] Создали список. at {ru.apertum.qsystem.server.model.ATListModel.createList(ATListModel.java:45)}
2017-08-22 09:52:48,084 [ INFO] Вход в систему. at {ru.apertum.qsystem.client.forms.FLogin.logining(FLogin.java:312)}
2017-08-22 09:52:50,881 [ INFO] Вход в систему выполнен. Пользователь "Администратор", уровень доступа "3". at {ru.apertum.qsystem.client.forms.FLogin.logining(FLogin.java:334)}
2017-08-22 09:52:51,374 [ INFO] Создали дерево. at {ru.apertum.qsystem.server.model.ATreeModel.createTree(ATreeModel.java:54)}
2017-08-22 09:52:51,382 [ INFO] Создали список. at {ru.apertum.qsystem.server.model.ATListModel.createList(ATListModel.java:45)}
2017-08-22 09:52:51,398 [ INFO] Создали дерево. at {ru.apertum.qsystem.server.model.ATreeModel.createTree(ATreeModel.java:54)}
2017-08-22 09:52:51,404 [ INFO] Создали дерево. at {ru.apertum.qsystem.server.model.ATreeModel.createTree(ATreeModel.java:54)}
2017-08-22 09:52:51,411 [ INFO] Создали список. at {ru.apertum.qsystem.server.model.ATListModel.createList(ATListModel.java:45)}
2017-08-22 09:52:51,415 [ INFO] Создали список. at {ru.apertum.qsystem.server.model.ATListModel.createList(ATListModel.java:45)}
2017-08-22 09:52:51,424 [ INFO] Создали список. at {ru.apertum.qsystem.server.model.ATListModel.createList(ATListModel.java:45)}
2017-08-22 09:52:51,458 [ INFO] Создали список. at {ru.apertum.qsystem.server.model.ATListModel.createList(ATListModel.java:45)}
2017-08-22 09:52:51,525 [DEBUG] Создаем модель для календаря at {ru.apertum.qsystem.server.model.calendar.CalendarTableModel.<init>(CalendarTableModel.java:44)}
2017-08-22 09:53:57,927 [ INFO] Properties are ready. at {ru.apertum.qsystem.common.QConfig.prepareCLI(QConfig.java:305)}
2017-08-22 09:53:57,931 [ INFO] "QSystem 17.1"!  date: 20.05.2017 at {ru.apertum.qsystem.common.QLog.initial(QLog.java:180)}
2017-08-22 09:53:57,931 [ INFO] START LOGER. Logger: admin.file.info.trace at {ru.apertum.qsystem.common.QLog.initial(QLog.java:181)}
2017-08-22 09:53:57,932 [ INFO] Mode: KEY_DEBUG at {ru.apertum.qsystem.common.QLog.initial(QLog.java:186)}
2017-08-22 09:53:57,932 [ INFO] Plugins: YES at {ru.apertum.qsystem.common.QLog.initial(QLog.java:187)}
2017-08-22 09:53:57,934 [ INFO] Languages are loading... at {ru.apertum.qsystem.client.Locales.<init>(Locales.java:79)}
2017-08-22 09:53:57,942 [DEBUG]    Langusge: Az?rbaycan az_AZ at {ru.apertum.qsystem.client.Locales.<init>(Locales.java:119)}
2017-08-22 09:53:57,945 [DEBUG]    Langusge: English en_US at {ru.apertum.qsystem.client.Locales.<init>(Locales.java:119)}
2017-08-22 09:53:57,947 [DEBUG]    Langusge: Espanol es_ES at {ru.apertum.qsystem.client.Locales.<init>(Locales.java:119)}
2017-08-22 09:53:57,949 [DEBUG]    Langusge: Fran?ais fr_FR at {ru.apertum.qsystem.client.Locales.<init>(Locales.java:119)}
2017-08-22 09:53:57,955 [DEBUG]    Langusge: Italiano it_IT at {ru.apertum.qsystem.client.Locales.<init>(Locales.java:119)}
2017-08-22 09:53:57,959 [DEBUG]    Langusge: Portugu?s pt_PT at {ru.apertum.qsystem.client.Locales.<init>(Locales.java:119)}
2017-08-22 09:53:57,960 [DEBUG]    Langusge: Roman ro_RO at {ru.apertum.qsystem.client.Locales.<init>(Locales.java:119)}
2017-08-22 09:53:57,962 [DEBUG]    Langusge: Русский ru_RU at {ru.apertum.qsystem.client.Locales.<init>(Locales.java:119)}
2017-08-22 09:53:57,963 [DEBUG]    Langusge: Українська uk_UA at {ru.apertum.qsystem.client.Locales.<init>(Locales.java:119)}
2017-08-22 09:53:58,701 [ INFO] DB server '+ driver=com.mysql.jdbc.Driver' url=jdbc:mysql://127.0.0.1/qsystem?autoReconnect=true&amp;characterEncoding=UTF-8 at {ru.apertum.qsystem.hibernate.AnnotationSessionFactoryBean.load(AnnotationSessionFactoryBean.java:183)}
2017-08-22 09:54:00,139 [ INFO] DB is OK. at {ru.apertum.qsystem.client.forms.FAdmin.main(FAdmin.java:1212)}
2017-08-22 09:54:00,145 [ INFO] Загрузка плагинов из папки plugins. at {ru.apertum.qsystem.common.Uses.loadPlugins(Uses.java:788)}
2017-08-22 09:54:00,146 [DEBUG] Плагин Journal.jar at {ru.apertum.qsystem.common.Uses.loadPlugins(Uses.java:795)}
2017-08-22 09:54:00,148 [DEBUG] Плагин Microsound.jar at {ru.apertum.qsystem.common.Uses.loadPlugins(Uses.java:795)}
2017-08-22 09:54:01,063 [ INFO] Создали список. at {ru.apertum.qsystem.server.model.ATListModel.createList(ATListModel.java:45)}
2017-08-22 09:54:01,073 [ INFO] Вход в систему. at {ru.apertum.qsystem.client.forms.FLogin.logining(FLogin.java:312)}
2017-08-22 09:54:05,472 [ INFO] Вход в систему выполнен. Пользователь "Администратор", уровень доступа "3". at {ru.apertum.qsystem.client.forms.FLogin.logining(FLogin.java:334)}
2017-08-22 09:54:05,965 [ INFO] Создали дерево. at {ru.apertum.qsystem.server.model.ATreeModel.createTree(ATreeModel.java:54)}
2017-08-22 09:54:05,973 [ INFO] Создали список. at {ru.apertum.qsystem.server.model.ATListModel.createList(ATListModel.java:45)}
2017-08-22 09:54:05,988 [ INFO] Создали дерево. at {ru.apertum.qsystem.server.model.ATreeModel.createTree(ATreeModel.java:54)}
2017-08-22 09:54:06,000 [ INFO] Создали дерево. at {ru.apertum.qsystem.server.model.ATreeModel.createTree(ATreeModel.java:54)}
2017-08-22 09:54:06,015 [ INFO] Создали список. at {ru.apertum.qsystem.server.model.ATListModel.createList(ATListModel.java:45)}
2017-08-22 09:54:06,024 [ INFO] Создали список. at {ru.apertum.qsystem.server.model.ATListModel.createList(ATListModel.java:45)}
2017-08-22 09:54:06,043 [ INFO] Создали список. at {ru.apertum.qsystem.server.model.ATListModel.createList(ATListModel.java:45)}
2017-08-22 09:54:06,084 [ INFO] Создали список. at {ru.apertum.qsystem.server.model.ATListModel.createList(ATListModel.java:45)}
2017-08-22 09:54:06,177 [DEBUG] Создаем модель для календаря at {ru.apertum.qsystem.server.model.calendar.CalendarTableModel.<init>(CalendarTableModel.java:44)}
2017-08-22 09:54:11,532 [ INFO] Встать в очередь. at {ru.apertum.qsystem.common.NetCommander.standInService(NetCommander.java:334)}
2017-08-22 09:54:11,544 [TRACE] Task "Поставить в очередь" on 127.0.0.1:3128#
{"params":{"service_id":2,"pass":"1","priority":1},"jsonrpc":"2.0","id":"1503384851532","method":"Поставить в очередь"} at {ru.apertum.qsystem.common.NetCommander.sendRpc(NetCommander.java:131)}
2017-08-22 09:54:11,545 [TRACE] Socket was created. at {ru.apertum.qsystem.common.NetCommander.sendRpc(NetCommander.java:139)}
2017-08-22 09:54:11,545 [TRACE] Sending... at {ru.apertum.qsystem.common.NetCommander.sendRpc(NetCommander.java:145)}
2017-08-22 09:54:11,546 [TRACE] Reading... at {ru.apertum.qsystem.common.NetCommander.sendRpc(NetCommander.java:147)}
2017-08-22 09:54:11,694 [TRACE] Response:
{"result":{"id":1503384851649,"number":1,"stateIn":1,"state":"STATE_WAIT","priority":1,"to_service":{"id":2,"status":1,"point":0,"duration":1,"exp":1,"sound_template":"021111","advance_limit":1,"day_limit":0,"person_day_limit":0,"inputed_as_number":0,"advance_limit_period":14,"advance_time_period":60,"enable":1,"result_required":false,"input_required":false,"inputed_as_ext":false,"input_caption":"","pre_info_html":"","pre_info_print_text":"","ticket_text":"","tablo_text":"","but_x":100,"but_y":100,"but_b":200,"but_h":100,"countPerDay":1,"day":234,"description":"Описание услуги","service_prefix":"А","name":"Услуга","buttonText":"\u003chtml\u003e\u003cb\u003e\u003cp align\u003dcenter\u003e\u003cspan style\u003d\u0027font-size:20.0pt;color:blue\u0027\u003eНекая услуга","parentId":1,"langs":[],"inner_services":[]},"prefix":"А","stand_time":"22.08.2017 09:54:11","need_back":false,"temp_comments":"","post_atatus":"","postpone_period":0,"recall_cnt":0,"start_postpone_period":0,"complex_id":[]},"jsonrpc":"2.0","id":"1503384851670"}
 at {ru.apertum.qsystem.common.NetCommander.sendRpc(NetCommander.java:159)}
2017-08-22 09:54:11,768 [DEBUG] Загрузим параметры из файла "config\welcome.property" at {ru.apertum.qsystem.client.common.WelcomeParams.loadSettings(WelcomeParams.java:218)}
2017-08-22 09:54:15,619 [ERROR] Ошибка печати:  at {ru.apertum.qsystem.client.forms.FWelcome.printTicket(FWelcome.java:1413)}
java.awt.print.PrinterAbortException
	at sun.print.RasterPrinterJob.cancelDoc(RasterPrinterJob.java:1886)
	at sun.print.RasterPrinterJob.print(RasterPrinterJob.java:1430)
	at ru.apertum.qsystem.client.forms.FWelcome.printTicket(FWelcome.java:1410)
	at ru.apertum.qsystem.client.forms.FWelcome.printTicket(FWelcome.java:1210)
	at ru.apertum.qsystem.client.forms.FAdmin.getTicket(FAdmin.java:1787)
	at sun.reflect.NativeMethodAccessorImpl.invoke0(Native Method)
	at sun.reflect.NativeMethodAccessorImpl.invoke(NativeMethodAccessorImpl.java:62)
	at sun.reflect.DelegatingMethodAccessorImpl.invoke(DelegatingMethodAccessorImpl.java:43)
	at java.lang.reflect.Method.invoke(Method.java:498)
	at org.jdesktop.application.ApplicationAction.noProxyActionPerformed(ApplicationAction.java:662)
	at org.jdesktop.application.ApplicationAction.actionPerformed(ApplicationAction.java:698)
	at javax.swing.AbstractButton.fireActionPerformed(AbstractButton.java:2022)
	at javax.swing.AbstractButton$Handler.actionPerformed(AbstractButton.java:2348)
	at javax.swing.DefaultButtonModel.fireActionPerformed(DefaultButtonModel.java:402)
	at javax.swing.DefaultButtonModel.setPressed(DefaultButtonModel.java:259)
	at javax.swing.AbstractButton.doClick(AbstractButton.java:376)
	at javax.swing.plaf.basic.BasicMenuItemUI.doClick(BasicMenuItemUI.java:833)
	at javax.swing.plaf.basic.BasicMenuItemUI$Handler.mouseReleased(BasicMenuItemUI.java:877)
	at java.awt.AWTEventMulticaster.mouseReleased(AWTEventMulticaster.java:289)
	at java.awt.Component.processMouseEvent(Component.java:6533)
	at javax.swing.JComponent.processMouseEvent(JComponent.java:3324)
	at java.awt.Component.processEvent(Component.java:6298)
	at java.awt.Container.processEvent(Container.java:2236)
	at java.awt.Component.dispatchEventImpl(Component.java:4889)
	at java.awt.Container.dispatchEventImpl(Container.java:2294)
	at java.awt.Component.dispatchEvent(Component.java:4711)
	at java.awt.LightweightDispatcher.retargetMouseEvent(Container.java:4888)
	at java.awt.LightweightDispatcher.processMouseEvent(Container.java:4525)
	at java.awt.LightweightDispatcher.dispatchEvent(Container.java:4466)
	at java.awt.Container.dispatchEventImpl(Container.java:2280)
	at java.awt.Window.dispatchEventImpl(Window.java:2746)
	at java.awt.Component.dispatchEvent(Component.java:4711)
	at java.awt.EventQueue.dispatchEventImpl(EventQueue.java:758)
	at java.awt.EventQueue.access$500(EventQueue.java:97)
	at java.awt.EventQueue$3.run(EventQueue.java:709)
	at java.awt.EventQueue$3.run(EventQueue.java:703)
	at java.security.AccessController.doPrivileged(Native Method)
	at java.security.ProtectionDomain$JavaSecurityAccessImpl.doIntersectionPrivilege(ProtectionDomain.java:76)
	at java.security.ProtectionDomain$JavaSecurityAccessImpl.doIntersectionPrivilege(ProtectionDomain.java:86)
	at java.awt.EventQueue$4.run(EventQueue.java:731)
	at java.awt.EventQueue$4.run(EventQueue.java:729)
	at java.security.AccessController.doPrivileged(Native Method)
	at java.security.ProtectionDomain$JavaSecurityAccessImpl.doIntersectionPrivilege(ProtectionDomain.java:76)
	at java.awt.EventQueue.dispatchEvent(EventQueue.java:728)
	at java.awt.EventDispatchThread.pumpOneEventForFilters(EventDispatchThread.java:201)
	at java.awt.EventDispatchThread.pumpEventsForFilter(EventDispatchThread.java:116)
	at java.awt.EventDispatchThread.pumpEventsForHierarchy(EventDispatchThread.java:105)
	at java.awt.EventDispatchThread.pumpEvents(EventDispatchThread.java:101)
	at java.awt.EventDispatchThread.pumpEvents(EventDispatchThread.java:93)
	at java.awt.EventDispatchThread.run(EventDispatchThread.java:82)
2017-08-22 09:54:56,778 [ INFO] Properties are ready. at {ru.apertum.qsystem.common.QConfig.prepareCLI(QConfig.java:305)}
2017-08-22 09:54:56,782 [ INFO] "QSystem 17.1"!  date: 20.05.2017 at {ru.apertum.qsystem.common.QLog.initial(QLog.java:180)}
2017-08-22 09:54:56,783 [ INFO] START LOGER. Logger: admin.file.info.trace at {ru.apertum.qsystem.common.QLog.initial(QLog.java:181)}
2017-08-22 09:54:56,783 [ INFO] Mode: KEY_DEBUG at {ru.apertum.qsystem.common.QLog.initial(QLog.java:186)}
2017-08-22 09:54:56,783 [ INFO] Plugins: YES at {ru.apertum.qsystem.common.QLog.initial(QLog.java:187)}
2017-08-22 09:54:56,785 [ INFO] Languages are loading... at {ru.apertum.qsystem.client.Locales.<init>(Locales.java:79)}
2017-08-22 09:54:56,793 [DEBUG]    Langusge: Az?rbaycan az_AZ at {ru.apertum.qsystem.client.Locales.<init>(Locales.java:119)}
2017-08-22 09:54:56,797 [DEBUG]    Langusge: English en_US at {ru.apertum.qsystem.client.Locales.<init>(Locales.java:119)}
2017-08-22 09:54:56,800 [DEBUG]    Langusge: Espanol es_ES at {ru.apertum.qsystem.client.Locales.<init>(Locales.java:119)}
2017-08-22 09:54:56,803 [DEBUG]    Langusge: Fran?ais fr_FR at {ru.apertum.qsystem.client.Locales.<init>(Locales.java:119)}
2017-08-22 09:54:56,806 [DEBUG]    Langusge: Italiano it_IT at {ru.apertum.qsystem.client.Locales.<init>(Locales.java:119)}
2017-08-22 09:54:56,808 [DEBUG]    Langusge: Portugu?s pt_PT at {ru.apertum.qsystem.client.Locales.<init>(Locales.java:119)}
2017-08-22 09:54:56,809 [DEBUG]    Langusge: Roman ro_RO at {ru.apertum.qsystem.client.Locales.<init>(Locales.java:119)}
2017-08-22 09:54:56,810 [DEBUG]    Langusge: Русский ru_RU at {ru.apertum.qsystem.client.Locales.<init>(Locales.java:119)}
2017-08-22 09:54:56,816 [DEBUG]    Langusge: Українська uk_UA at {ru.apertum.qsystem.client.Locales.<init>(Locales.java:119)}
2017-08-22 09:54:57,647 [ INFO] DB server '+ driver=com.mysql.jdbc.Driver' url=jdbc:mysql://127.0.0.1/qsystem?autoReconnect=true&amp;characterEncoding=UTF-8 at {ru.apertum.qsystem.hibernate.AnnotationSessionFactoryBean.load(AnnotationSessionFactoryBean.java:183)}
2017-08-22 09:54:59,128 [ INFO] DB is OK. at {ru.apertum.qsystem.client.forms.FAdmin.main(FAdmin.java:1212)}
2017-08-22 09:54:59,135 [ INFO] Загрузка плагинов из папки plugins. at {ru.apertum.qsystem.common.Uses.loadPlugins(Uses.java:788)}
2017-08-22 09:54:59,137 [DEBUG] Плагин Journal.jar at {ru.apertum.qsystem.common.Uses.loadPlugins(Uses.java:795)}
2017-08-22 09:54:59,137 [DEBUG] Плагин Microsound.jar at {ru.apertum.qsystem.common.Uses.loadPlugins(Uses.java:795)}
2017-08-22 09:55:00,062 [ INFO] Создали список. at {ru.apertum.qsystem.server.model.ATListModel.createList(ATListModel.java:45)}
2017-08-22 09:55:00,070 [ INFO] Вход в систему. at {ru.apertum.qsystem.client.forms.FLogin.logining(FLogin.java:312)}
2017-08-22 09:55:03,940 [ INFO] Вход в систему выполнен. Пользователь "Администратор", уровень доступа "3". at {ru.apertum.qsystem.client.forms.FLogin.logining(FLogin.java:334)}
2017-08-22 09:55:04,435 [ INFO] Создали дерево. at {ru.apertum.qsystem.server.model.ATreeModel.createTree(ATreeModel.java:54)}
2017-08-22 09:55:04,442 [ INFO] Создали список. at {ru.apertum.qsystem.server.model.ATListModel.createList(ATListModel.java:45)}
2017-08-22 09:55:04,456 [ INFO] Создали дерево. at {ru.apertum.qsystem.server.model.ATreeModel.createTree(ATreeModel.java:54)}
2017-08-22 09:55:04,462 [ INFO] Создали дерево. at {ru.apertum.qsystem.server.model.ATreeModel.createTree(ATreeModel.java:54)}
2017-08-22 09:55:04,470 [ INFO] Создали список. at {ru.apertum.qsystem.server.model.ATListModel.createList(ATListModel.java:45)}
2017-08-22 09:55:04,475 [ INFO] Создали список. at {ru.apertum.qsystem.server.model.ATListModel.createList(ATListModel.java:45)}
2017-08-22 09:55:04,482 [ INFO] Создали список. at {ru.apertum.qsystem.server.model.ATListModel.createList(ATListModel.java:45)}
2017-08-22 09:55:04,516 [ INFO] Создали список. at {ru.apertum.qsystem.server.model.ATListModel.createList(ATListModel.java:45)}
2017-08-22 09:55:04,580 [DEBUG] Создаем модель для календаря at {ru.apertum.qsystem.server.model.calendar.CalendarTableModel.<init>(CalendarTableModel.java:44)}
2017-08-22 09:55:11,963 [ INFO] Встать в очередь. at {ru.apertum.qsystem.common.NetCommander.standInService(NetCommander.java:334)}
2017-08-22 09:55:11,988 [TRACE] Task "Поставить в очередь" on 127.0.0.1:3128#
{"params":{"service_id":2,"pass":"1","priority":1},"jsonrpc":"2.0","id":"1503384911963","method":"Поставить в очередь"} at {ru.apertum.qsystem.common.NetCommander.sendRpc(NetCommander.java:131)}
2017-08-22 09:55:11,991 [TRACE] Socket was created. at {ru.apertum.qsystem.common.NetCommander.sendRpc(NetCommander.java:139)}
2017-08-22 09:55:11,993 [TRACE] Sending... at {ru.apertum.qsystem.common.NetCommander.sendRpc(NetCommander.java:145)}
2017-08-22 09:55:11,994 [TRACE] Reading... at {ru.apertum.qsystem.common.NetCommander.sendRpc(NetCommander.java:147)}
2017-08-22 09:55:12,008 [TRACE] Response:
{"result":{"id":1503384911997,"number":2,"stateIn":1,"state":"STATE_WAIT","priority":1,"to_service":{"id":2,"status":1,"point":0,"duration":1,"exp":1,"sound_template":"021111","advance_limit":1,"day_limit":0,"person_day_limit":0,"inputed_as_number":0,"advance_limit_period":14,"advance_time_period":60,"enable":1,"result_required":false,"input_required":false,"inputed_as_ext":false,"input_caption":"","pre_info_html":"","pre_info_print_text":"","ticket_text":"","tablo_text":"","but_x":100,"but_y":100,"but_b":200,"but_h":100,"countPerDay":2,"day":234,"description":"Описание услуги","service_prefix":"А","name":"Услуга","buttonText":"\u003chtml\u003e\u003cb\u003e\u003cp align\u003dcenter\u003e\u003cspan style\u003d\u0027font-size:20.0pt;color:blue\u0027\u003eНекая услуга","parentId":1,"langs":[],"inner_services":[]},"prefix":"А","stand_time":"22.08.2017 09:55:11","need_back":false,"temp_comments":"","post_atatus":"","postpone_period":0,"recall_cnt":0,"start_postpone_period":0,"complex_id":[]},"jsonrpc":"2.0","id":"1503384912004"}
 at {ru.apertum.qsystem.common.NetCommander.sendRpc(NetCommander.java:159)}
2017-08-22 09:55:12,037 [DEBUG] Загрузим параметры из файла "config\welcome.property" at {ru.apertum.qsystem.client.common.WelcomeParams.loadSettings(WelcomeParams.java:218)}
2017-08-22 09:55:15,240 [ERROR] Ошибка печати:  at {ru.apertum.qsystem.client.forms.FWelcome.printTicket(FWelcome.java:1413)}
java.awt.print.PrinterAbortException
	at sun.print.RasterPrinterJob.cancelDoc(RasterPrinterJob.java:1886)
	at sun.print.RasterPrinterJob.print(RasterPrinterJob.java:1430)
	at ru.apertum.qsystem.client.forms.FWelcome.printTicket(FWelcome.java:1410)
	at ru.apertum.qsystem.client.forms.FWelcome.printTicket(FWelcome.java:1210)
	at ru.apertum.qsystem.client.forms.FAdmin.getTicket(FAdmin.java:1787)
	at sun.reflect.NativeMethodAccessorImpl.invoke0(Native Method)
	at sun.reflect.NativeMethodAccessorImpl.invoke(NativeMethodAccessorImpl.java:62)
	at sun.reflect.DelegatingMethodAccessorImpl.invoke(DelegatingMethodAccessorImpl.java:43)
	at java.lang.reflect.Method.invoke(Method.java:498)
	at org.jdesktop.application.ApplicationAction.noProxyActionPerformed(ApplicationAction.java:662)
	at org.jdesktop.application.ApplicationAction.actionPerformed(ApplicationAction.java:698)
	at javax.swing.AbstractButton.fireActionPerformed(AbstractButton.java:2022)
	at javax.swing.AbstractButton$Handler.actionPerformed(AbstractButton.java:2348)
	at javax.swing.DefaultButtonModel.fireActionPerformed(DefaultButtonModel.java:402)
	at javax.swing.DefaultButtonModel.setPressed(DefaultButtonModel.java:259)
	at javax.swing.AbstractButton.doClick(AbstractButton.java:376)
	at javax.swing.plaf.basic.BasicMenuItemUI.doClick(BasicMenuItemUI.java:833)
	at javax.swing.plaf.basic.BasicMenuItemUI$Handler.mouseReleased(BasicMenuItemUI.java:877)
	at java.awt.AWTEventMulticaster.mouseReleased(AWTEventMulticaster.java:289)
	at java.awt.Component.processMouseEvent(Component.java:6533)
	at javax.swing.JComponent.processMouseEvent(JComponent.java:3324)
	at java.awt.Component.processEvent(Component.java:6298)
	at java.awt.Container.processEvent(Container.java:2236)
	at java.awt.Component.dispatchEventImpl(Component.java:4889)
	at java.awt.Container.dispatchEventImpl(Container.java:2294)
	at java.awt.Component.dispatchEvent(Component.java:4711)
	at java.awt.LightweightDispatcher.retargetMouseEvent(Container.java:4888)
	at java.awt.LightweightDispatcher.processMouseEvent(Container.java:4525)
	at java.awt.LightweightDispatcher.dispatchEvent(Container.java:4466)
	at java.awt.Container.dispatchEventImpl(Container.java:2280)
	at java.awt.Window.dispatchEventImpl(Window.java:2746)
	at java.awt.Component.dispatchEvent(Component.java:4711)
	at java.awt.EventQueue.dispatchEventImpl(EventQueue.java:758)
	at java.awt.EventQueue.access$500(EventQueue.java:97)
	at java.awt.EventQueue$3.run(EventQueue.java:709)
	at java.awt.EventQueue$3.run(EventQueue.java:703)
	at java.security.AccessController.doPrivileged(Native Method)
	at java.security.ProtectionDomain$JavaSecurityAccessImpl.doIntersectionPrivilege(ProtectionDomain.java:76)
	at java.security.ProtectionDomain$JavaSecurityAccessImpl.doIntersectionPrivilege(ProtectionDomain.java:86)
	at java.awt.EventQueue$4.run(EventQueue.java:731)
	at java.awt.EventQueue$4.run(EventQueue.java:729)
	at java.security.AccessController.doPrivileged(Native Method)
	at java.security.ProtectionDomain$JavaSecurityAccessImpl.doIntersectionPrivilege(ProtectionDomain.java:76)
	at java.awt.EventQueue.dispatchEvent(EventQueue.java:728)
	at java.awt.EventDispatchThread.pumpOneEventForFilters(EventDispatchThread.java:201)
	at java.awt.EventDispatchThread.pumpEventsForFilter(EventDispatchThread.java:116)
	at java.awt.EventDispatchThread.pumpEventsForHierarchy(EventDispatchThread.java:105)
	at java.awt.EventDispatchThread.pumpEvents(EventDispatchThread.java:101)
	at java.awt.EventDispatchThread.pumpEvents(EventDispatchThread.java:93)
	at java.awt.EventDispatchThread.run(EventDispatchThread.java:82)
2017-08-22 10:33:06,935 [ INFO] Properties are ready. at {ru.apertum.qsystem.common.QConfig.prepareCLI(QConfig.java:305)}
2017-08-22 10:33:06,939 [ INFO] "QSystem 17.1"!  date: 20.05.2017 at {ru.apertum.qsystem.common.QLog.initial(QLog.java:180)}
2017-08-22 10:33:06,940 [ INFO] START LOGER. Logger: admin.file.info.trace at {ru.apertum.qsystem.common.QLog.initial(QLog.java:181)}
2017-08-22 10:33:06,940 [ INFO] Mode: KEY_DEBUG at {ru.apertum.qsystem.common.QLog.initial(QLog.java:186)}
2017-08-22 10:33:06,940 [ INFO] Plugins: YES at {ru.apertum.qsystem.common.QLog.initial(QLog.java:187)}
2017-08-22 10:33:06,942 [ INFO] Languages are loading... at {ru.apertum.qsystem.client.Locales.<init>(Locales.java:79)}
2017-08-22 10:33:06,949 [DEBUG]    Langusge: Az?rbaycan az_AZ at {ru.apertum.qsystem.client.Locales.<init>(Locales.java:119)}
2017-08-22 10:33:06,952 [DEBUG]    Langusge: English en_US at {ru.apertum.qsystem.client.Locales.<init>(Locales.java:119)}
2017-08-22 10:33:06,954 [DEBUG]    Langusge: Espanol es_ES at {ru.apertum.qsystem.client.Locales.<init>(Locales.java:119)}
2017-08-22 10:33:06,956 [DEBUG]    Langusge: Fran?ais fr_FR at {ru.apertum.qsystem.client.Locales.<init>(Locales.java:119)}
2017-08-22 10:33:06,957 [DEBUG]    Langusge: Italiano it_IT at {ru.apertum.qsystem.client.Locales.<init>(Locales.java:119)}
2017-08-22 10:33:06,959 [DEBUG]    Langusge: Portugu?s pt_PT at {ru.apertum.qsystem.client.Locales.<init>(Locales.java:119)}
2017-08-22 10:33:06,960 [DEBUG]    Langusge: Roman ro_RO at {ru.apertum.qsystem.client.Locales.<init>(Locales.java:119)}
2017-08-22 10:33:06,962 [DEBUG]    Langusge: Русский ru_RU at {ru.apertum.qsystem.client.Locales.<init>(Locales.java:119)}
2017-08-22 10:33:06,963 [DEBUG]    Langusge: Українська uk_UA at {ru.apertum.qsystem.client.Locales.<init>(Locales.java:119)}
2017-08-22 10:33:07,694 [ INFO] DB server '+ driver=com.mysql.jdbc.Driver' url=jdbc:mysql://127.0.0.1/qsystem?autoReconnect=true&amp;characterEncoding=UTF-8 at {ru.apertum.qsystem.hibernate.AnnotationSessionFactoryBean.load(AnnotationSessionFactoryBean.java:183)}
2017-08-22 10:33:09,159 [ INFO] DB is OK. at {ru.apertum.qsystem.client.forms.FAdmin.main(FAdmin.java:1212)}
2017-08-22 10:33:09,165 [ INFO] Загрузка плагинов из папки plugins. at {ru.apertum.qsystem.common.Uses.loadPlugins(Uses.java:788)}
2017-08-22 10:33:09,166 [DEBUG] Плагин Journal.jar at {ru.apertum.qsystem.common.Uses.loadPlugins(Uses.java:795)}
2017-08-22 10:33:09,167 [DEBUG] Плагин Microsound.jar at {ru.apertum.qsystem.common.Uses.loadPlugins(Uses.java:795)}
2017-08-22 10:33:09,947 [ INFO] Создали список. at {ru.apertum.qsystem.server.model.ATListModel.createList(ATListModel.java:45)}
2017-08-22 10:33:09,956 [ INFO] Вход в систему. at {ru.apertum.qsystem.client.forms.FLogin.logining(FLogin.java:312)}
2017-08-22 10:33:14,776 [ INFO] Вход в систему выполнен. Пользователь "Администратор", уровень доступа "3". at {ru.apertum.qsystem.client.forms.FLogin.logining(FLogin.java:334)}
2017-08-22 10:33:15,267 [ INFO] Создали дерево. at {ru.apertum.qsystem.server.model.ATreeModel.createTree(ATreeModel.java:54)}
2017-08-22 10:33:15,275 [ INFO] Создали список. at {ru.apertum.qsystem.server.model.ATListModel.createList(ATListModel.java:45)}
2017-08-22 10:33:15,286 [ INFO] Создали дерево. at {ru.apertum.qsystem.server.model.ATreeModel.createTree(ATreeModel.java:54)}
2017-08-22 10:33:15,294 [ INFO] Создали дерево. at {ru.apertum.qsystem.server.model.ATreeModel.createTree(ATreeModel.java:54)}
2017-08-22 10:33:15,312 [ INFO] Создали список. at {ru.apertum.qsystem.server.model.ATListModel.createList(ATListModel.java:45)}
2017-08-22 10:33:15,316 [ INFO] Создали список. at {ru.apertum.qsystem.server.model.ATListModel.createList(ATListModel.java:45)}
2017-08-22 10:33:15,327 [ INFO] Создали список. at {ru.apertum.qsystem.server.model.ATListModel.createList(ATListModel.java:45)}
2017-08-22 10:33:15,362 [ INFO] Создали список. at {ru.apertum.qsystem.server.model.ATListModel.createList(ATListModel.java:45)}
2017-08-22 10:33:15,418 [DEBUG] Создаем модель для календаря at {ru.apertum.qsystem.server.model.calendar.CalendarTableModel.<init>(CalendarTableModel.java:44)}
2017-08-22 10:33:22,777 [DEBUG] Сохранили конфигурацию. at {ru.apertum.qsystem.client.forms.FAdmin.lambda$saveConfiguration$20(FAdmin.java:1707)}
2017-08-22 11:22:27,936 [ INFO] Properties are ready. at {ru.apertum.qsystem.common.QConfig.prepareCLI(QConfig.java:305)}
2017-08-22 11:22:27,941 [ INFO] "QSystem 17.1"!  date: 20.05.2017 at {ru.apertum.qsystem.common.QLog.initial(QLog.java:180)}
2017-08-22 11:22:27,941 [ INFO] START LOGER. Logger: admin.file.info.trace at {ru.apertum.qsystem.common.QLog.initial(QLog.java:181)}
2017-08-22 11:22:27,941 [ INFO] Mode: KEY_DEBUG at {ru.apertum.qsystem.common.QLog.initial(QLog.java:186)}
2017-08-22 11:22:27,941 [ INFO] Plugins: YES at {ru.apertum.qsystem.common.QLog.initial(QLog.java:187)}
2017-08-22 11:22:27,944 [ INFO] Languages are loading... at {ru.apertum.qsystem.client.Locales.<init>(Locales.java:79)}
2017-08-22 11:22:27,951 [DEBUG]    Langusge: Az?rbaycan az_AZ at {ru.apertum.qsystem.client.Locales.<init>(Locales.java:119)}
2017-08-22 11:22:27,954 [DEBUG]    Langusge: English en_US at {ru.apertum.qsystem.client.Locales.<init>(Locales.java:119)}
2017-08-22 11:22:27,956 [DEBUG]    Langusge: Espanol es_ES at {ru.apertum.qsystem.client.Locales.<init>(Locales.java:119)}
2017-08-22 11:22:27,957 [DEBUG]    Langusge: Fran?ais fr_FR at {ru.apertum.qsystem.client.Locales.<init>(Locales.java:119)}
2017-08-22 11:22:27,959 [DEBUG]    Langusge: Italiano it_IT at {ru.apertum.qsystem.client.Locales.<init>(Locales.java:119)}
2017-08-22 11:22:27,963 [DEBUG]    Langusge: Portugu?s pt_PT at {ru.apertum.qsystem.client.Locales.<init>(Locales.java:119)}
2017-08-22 11:22:27,965 [DEBUG]    Langusge: Roman ro_RO at {ru.apertum.qsystem.client.Locales.<init>(Locales.java:119)}
2017-08-22 11:22:27,966 [DEBUG]    Langusge: Русский ru_RU at {ru.apertum.qsystem.client.Locales.<init>(Locales.java:119)}
2017-08-22 11:22:27,968 [DEBUG]    Langusge: Українська uk_UA at {ru.apertum.qsystem.client.Locales.<init>(Locales.java:119)}
2017-08-22 11:22:28,720 [ INFO] DB server '+ driver=com.mysql.jdbc.Driver' url=jdbc:mysql://127.0.0.1/qsystem?autoReconnect=true&amp;characterEncoding=UTF-8 at {ru.apertum.qsystem.hibernate.AnnotationSessionFactoryBean.load(AnnotationSessionFactoryBean.java:183)}
2017-08-22 11:22:30,184 [ INFO] DB is OK. at {ru.apertum.qsystem.client.forms.FAdmin.main(FAdmin.java:1212)}
2017-08-22 11:22:30,190 [ INFO] Загрузка плагинов из папки plugins. at {ru.apertum.qsystem.common.Uses.loadPlugins(Uses.java:788)}
2017-08-22 11:22:30,191 [DEBUG] Плагин Journal.jar at {ru.apertum.qsystem.common.Uses.loadPlugins(Uses.java:795)}
2017-08-22 11:22:30,192 [DEBUG] Плагин Microsound.jar at {ru.apertum.qsystem.common.Uses.loadPlugins(Uses.java:795)}
2017-08-22 11:22:31,271 [ INFO] Создали список. at {ru.apertum.qsystem.server.model.ATListModel.createList(ATListModel.java:45)}
2017-08-22 11:22:31,279 [ INFO] Вход в систему. at {ru.apertum.qsystem.client.forms.FLogin.logining(FLogin.java:312)}
2017-08-22 11:22:34,756 [ INFO] Вход в систему выполнен. Пользователь "Администратор", уровень доступа "3". at {ru.apertum.qsystem.client.forms.FLogin.logining(FLogin.java:334)}
2017-08-22 11:22:35,265 [ INFO] Создали дерево. at {ru.apertum.qsystem.server.model.ATreeModel.createTree(ATreeModel.java:54)}
2017-08-22 11:22:35,272 [ INFO] Создали список. at {ru.apertum.qsystem.server.model.ATListModel.createList(ATListModel.java:45)}
2017-08-22 11:22:35,293 [ INFO] Создали дерево. at {ru.apertum.qsystem.server.model.ATreeModel.createTree(ATreeModel.java:54)}
2017-08-22 11:22:35,299 [ INFO] Создали дерево. at {ru.apertum.qsystem.server.model.ATreeModel.createTree(ATreeModel.java:54)}
2017-08-22 11:22:35,307 [ INFO] Создали список. at {ru.apertum.qsystem.server.model.ATListModel.createList(ATListModel.java:45)}
2017-08-22 11:22:35,314 [ INFO] Создали список. at {ru.apertum.qsystem.server.model.ATListModel.createList(ATListModel.java:45)}
2017-08-22 11:22:35,323 [ INFO] Создали список. at {ru.apertum.qsystem.server.model.ATListModel.createList(ATListModel.java:45)}
2017-08-22 11:22:35,365 [ INFO] Создали список. at {ru.apertum.qsystem.server.model.ATListModel.createList(ATListModel.java:45)}
2017-08-22 11:22:35,432 [DEBUG] Создаем модель для календаря at {ru.apertum.qsystem.server.model.calendar.CalendarTableModel.<init>(CalendarTableModel.java:44)}
2017-08-22 11:22:39,381 [ INFO] Встать в очередь. at {ru.apertum.qsystem.common.NetCommander.standInService(NetCommander.java:334)}
2017-08-22 11:22:39,396 [TRACE] Task "Поставить в очередь" on 127.0.0.1:3128#
{"params":{"service_id":2,"pass":"1","priority":1},"jsonrpc":"2.0","id":"1503390159381","method":"Поставить в очередь"} at {ru.apertum.qsystem.common.NetCommander.sendRpc(NetCommander.java:131)}
2017-08-22 11:22:39,398 [TRACE] Socket was created. at {ru.apertum.qsystem.common.NetCommander.sendRpc(NetCommander.java:139)}
2017-08-22 11:22:39,402 [TRACE] Sending... at {ru.apertum.qsystem.common.NetCommander.sendRpc(NetCommander.java:145)}
2017-08-22 11:22:39,403 [TRACE] Reading... at {ru.apertum.qsystem.common.NetCommander.sendRpc(NetCommander.java:147)}
2017-08-22 11:22:46,997 [TRACE] Response:
{"result":{"id":1503390159413,"number":3,"stateIn":1,"state":"STATE_WAIT","priority":1,"to_service":{"id":2,"status":1,"point":0,"duration":1,"exp":1,"sound_template":"021111","advance_limit":1,"day_limit":0,"person_day_limit":0,"inputed_as_number":0,"advance_limit_period":14,"advance_time_period":60,"enable":1,"result_required":false,"input_required":false,"inputed_as_ext":false,"input_caption":"","pre_info_html":"","pre_info_print_text":"","ticket_text":"","tablo_text":"","but_x":100,"but_y":100,"but_b":200,"but_h":100,"countPerDay":7,"day":234,"description":"Описание услуги","service_prefix":"А","name":"Услуга","buttonText":"\u003chtml\u003e\u003cb\u003e\u003cp align\u003dcenter\u003e\u003cspan style\u003d\u0027font-size:20.0pt;color:blue\u0027\u003eНекая услуга","parentId":1,"langs":[],"inner_services":[]},"prefix":"А","stand_time":"22.08.2017 11:22:46","need_back":false,"temp_comments":"","post_atatus":"","postpone_period":0,"recall_cnt":0,"start_postpone_period":0,"complex_id":[]},"jsonrpc":"2.0","id":"1503390166978"}
 at {ru.apertum.qsystem.common.NetCommander.sendRpc(NetCommander.java:159)}
2017-08-22 11:22:47,033 [DEBUG] Загрузим параметры из файла "config\welcome.property" at {ru.apertum.qsystem.client.common.WelcomeParams.loadSettings(WelcomeParams.java:218)}
2017-08-22 11:22:50,372 [ERROR] Ошибка печати:  at {ru.apertum.qsystem.client.forms.FWelcome.printTicket(FWelcome.java:1413)}
java.awt.print.PrinterAbortException
	at sun.print.RasterPrinterJob.cancelDoc(RasterPrinterJob.java:1886)
	at sun.print.RasterPrinterJob.print(RasterPrinterJob.java:1430)
	at ru.apertum.qsystem.client.forms.FWelcome.printTicket(FWelcome.java:1410)
	at ru.apertum.qsystem.client.forms.FWelcome.printTicket(FWelcome.java:1210)
	at ru.apertum.qsystem.client.forms.FAdmin.getTicket(FAdmin.java:1787)
	at sun.reflect.NativeMethodAccessorImpl.invoke0(Native Method)
	at sun.reflect.NativeMethodAccessorImpl.invoke(NativeMethodAccessorImpl.java:62)
	at sun.reflect.DelegatingMethodAccessorImpl.invoke(DelegatingMethodAccessorImpl.java:43)
	at java.lang.reflect.Method.invoke(Method.java:498)
	at org.jdesktop.application.ApplicationAction.noProxyActionPerformed(ApplicationAction.java:662)
	at org.jdesktop.application.ApplicationAction.actionPerformed(ApplicationAction.java:698)
	at javax.swing.AbstractButton.fireActionPerformed(AbstractButton.java:2022)
	at javax.swing.AbstractButton$Handler.actionPerformed(AbstractButton.java:2348)
	at javax.swing.DefaultButtonModel.fireActionPerformed(DefaultButtonModel.java:402)
	at javax.swing.DefaultButtonModel.setPressed(DefaultButtonModel.java:259)
	at javax.swing.AbstractButton.doClick(AbstractButton.java:376)
	at javax.swing.plaf.basic.BasicMenuItemUI.doClick(BasicMenuItemUI.java:833)
	at javax.swing.plaf.basic.BasicMenuItemUI$Handler.mouseReleased(BasicMenuItemUI.java:877)
	at java.awt.AWTEventMulticaster.mouseReleased(AWTEventMulticaster.java:289)
	at java.awt.Component.processMouseEvent(Component.java:6533)
	at javax.swing.JComponent.processMouseEvent(JComponent.java:3324)
	at java.awt.Component.processEvent(Component.java:6298)
	at java.awt.Container.processEvent(Container.java:2236)
	at java.awt.Component.dispatchEventImpl(Component.java:4889)
	at java.awt.Container.dispatchEventImpl(Container.java:2294)
	at java.awt.Component.dispatchEvent(Component.java:4711)
	at java.awt.LightweightDispatcher.retargetMouseEvent(Container.java:4888)
	at java.awt.LightweightDispatcher.processMouseEvent(Container.java:4525)
	at java.awt.LightweightDispatcher.dispatchEvent(Container.java:4466)
	at java.awt.Container.dispatchEventImpl(Container.java:2280)
	at java.awt.Window.dispatchEventImpl(Window.java:2746)
	at java.awt.Component.dispatchEvent(Component.java:4711)
	at java.awt.EventQueue.dispatchEventImpl(EventQueue.java:758)
	at java.awt.EventQueue.access$500(EventQueue.java:97)
	at java.awt.EventQueue$3.run(EventQueue.java:709)
	at java.awt.EventQueue$3.run(EventQueue.java:703)
	at java.security.AccessController.doPrivileged(Native Method)
	at java.security.ProtectionDomain$JavaSecurityAccessImpl.doIntersectionPrivilege(ProtectionDomain.java:76)
	at java.security.ProtectionDomain$JavaSecurityAccessImpl.doIntersectionPrivilege(ProtectionDomain.java:86)
	at java.awt.EventQueue$4.run(EventQueue.java:731)
	at java.awt.EventQueue$4.run(EventQueue.java:729)
	at java.security.AccessController.doPrivileged(Native Method)
	at java.security.ProtectionDomain$JavaSecurityAccessImpl.doIntersectionPrivilege(ProtectionDomain.java:76)
	at java.awt.EventQueue.dispatchEvent(EventQueue.java:728)
	at java.awt.EventDispatchThread.pumpOneEventForFilters(EventDispatchThread.java:201)
	at java.awt.EventDispatchThread.pumpEventsForFilter(EventDispatchThread.java:116)
	at java.awt.EventDispatchThread.pumpEventsForHierarchy(EventDispatchThread.java:105)
	at java.awt.EventDispatchThread.pumpEvents(EventDispatchThread.java:101)
	at java.awt.EventDispatchThread.pumpEvents(EventDispatchThread.java:93)
	at java.awt.EventDispatchThread.run(EventDispatchThread.java:82)
2017-08-23 08:11:41,606 [ INFO] Properties are ready. at {ru.apertum.qsystem.common.QConfig.prepareCLI(QConfig.java:305)}
2017-08-23 08:11:41,609 [ INFO] "QSystem 17.1"!  date: 20.05.2017 at {ru.apertum.qsystem.common.QLog.initial(QLog.java:180)}
2017-08-23 08:11:41,609 [ INFO] START LOGER. Logger: admin.file.info.trace at {ru.apertum.qsystem.common.QLog.initial(QLog.java:181)}
2017-08-23 08:11:41,610 [ INFO] Mode: KEY_DEBUG at {ru.apertum.qsystem.common.QLog.initial(QLog.java:186)}
2017-08-23 08:11:41,610 [ INFO] Plugins: YES at {ru.apertum.qsystem.common.QLog.initial(QLog.java:187)}
2017-08-23 08:11:41,612 [ INFO] Languages are loading... at {ru.apertum.qsystem.client.Locales.<init>(Locales.java:79)}
2017-08-23 08:11:41,617 [DEBUG]    Langusge: Az?rbaycan az_AZ at {ru.apertum.qsystem.client.Locales.<init>(Locales.java:119)}
2017-08-23 08:11:41,620 [DEBUG]    Langusge: English en_US at {ru.apertum.qsystem.client.Locales.<init>(Locales.java:119)}
2017-08-23 08:11:41,621 [DEBUG]    Langusge: Espanol es_ES at {ru.apertum.qsystem.client.Locales.<init>(Locales.java:119)}
2017-08-23 08:11:41,623 [DEBUG]    Langusge: Fran?ais fr_FR at {ru.apertum.qsystem.client.Locales.<init>(Locales.java:119)}
2017-08-23 08:11:41,625 [DEBUG]    Langusge: Italiano it_IT at {ru.apertum.qsystem.client.Locales.<init>(Locales.java:119)}
2017-08-23 08:11:41,626 [DEBUG]    Langusge: Portugu?s pt_PT at {ru.apertum.qsystem.client.Locales.<init>(Locales.java:119)}
2017-08-23 08:11:41,628 [DEBUG]    Langusge: Roman ro_RO at {ru.apertum.qsystem.client.Locales.<init>(Locales.java:119)}
2017-08-23 08:11:41,629 [DEBUG]    Langusge: Русский ru_RU at {ru.apertum.qsystem.client.Locales.<init>(Locales.java:119)}
2017-08-23 08:11:41,631 [DEBUG]    Langusge: Українська uk_UA at {ru.apertum.qsystem.client.Locales.<init>(Locales.java:119)}
2017-08-23 08:11:42,276 [ INFO] DB server '+ driver=com.mysql.jdbc.Driver' url=jdbc:mysql://127.0.0.1/qsystem?autoReconnect=true&amp;characterEncoding=UTF-8 at {ru.apertum.qsystem.hibernate.AnnotationSessionFactoryBean.load(AnnotationSessionFactoryBean.java:183)}
2017-08-23 08:11:43,518 [ INFO] DB is OK. at {ru.apertum.qsystem.client.forms.FAdmin.main(FAdmin.java:1212)}
2017-08-23 08:11:43,523 [ INFO] Загрузка плагинов из папки plugins. at {ru.apertum.qsystem.common.Uses.loadPlugins(Uses.java:788)}
2017-08-23 08:11:43,525 [DEBUG] Плагин Journal.jar at {ru.apertum.qsystem.common.Uses.loadPlugins(Uses.java:795)}
2017-08-23 08:11:43,526 [DEBUG] Плагин Microsound.jar at {ru.apertum.qsystem.common.Uses.loadPlugins(Uses.java:795)}
2017-08-23 08:11:44,291 [ INFO] Создали список. at {ru.apertum.qsystem.server.model.ATListModel.createList(ATListModel.java:45)}
2017-08-23 08:11:44,297 [ INFO] Вход в систему. at {ru.apertum.qsystem.client.forms.FLogin.logining(FLogin.java:312)}
2017-08-23 08:12:38,071 [ INFO] Properties are ready. at {ru.apertum.qsystem.common.QConfig.prepareCLI(QConfig.java:305)}
2017-08-23 08:12:38,074 [ INFO] "QSystem 17.1"!  date: 20.05.2017 at {ru.apertum.qsystem.common.QLog.initial(QLog.java:180)}
2017-08-23 08:12:38,075 [ INFO] START LOGER. Logger: admin.file.info.trace at {ru.apertum.qsystem.common.QLog.initial(QLog.java:181)}
2017-08-23 08:12:38,075 [ INFO] Mode: KEY_DEBUG at {ru.apertum.qsystem.common.QLog.initial(QLog.java:186)}
2017-08-23 08:12:38,076 [ INFO] Plugins: YES at {ru.apertum.qsystem.common.QLog.initial(QLog.java:187)}
2017-08-23 08:12:38,078 [ INFO] Languages are loading... at {ru.apertum.qsystem.client.Locales.<init>(Locales.java:79)}
2017-08-23 08:12:38,083 [DEBUG]    Langusge: Az?rbaycan az_AZ at {ru.apertum.qsystem.client.Locales.<init>(Locales.java:119)}
2017-08-23 08:12:38,086 [DEBUG]    Langusge: English en_US at {ru.apertum.qsystem.client.Locales.<init>(Locales.java:119)}
2017-08-23 08:12:38,087 [DEBUG]    Langusge: Espanol es_ES at {ru.apertum.qsystem.client.Locales.<init>(Locales.java:119)}
2017-08-23 08:12:38,089 [DEBUG]    Langusge: Fran?ais fr_FR at {ru.apertum.qsystem.client.Locales.<init>(Locales.java:119)}
2017-08-23 08:12:38,090 [DEBUG]    Langusge: Italiano it_IT at {ru.apertum.qsystem.client.Locales.<init>(Locales.java:119)}
2017-08-23 08:12:38,092 [DEBUG]    Langusge: Portugu?s pt_PT at {ru.apertum.qsystem.client.Locales.<init>(Locales.java:119)}
2017-08-23 08:12:38,093 [DEBUG]    Langusge: Roman ro_RO at {ru.apertum.qsystem.client.Locales.<init>(Locales.java:119)}
2017-08-23 08:12:38,094 [DEBUG]    Langusge: Русский ru_RU at {ru.apertum.qsystem.client.Locales.<init>(Locales.java:119)}
2017-08-23 08:12:38,095 [DEBUG]    Langusge: Українська uk_UA at {ru.apertum.qsystem.client.Locales.<init>(Locales.java:119)}
2017-08-23 08:12:38,758 [ INFO] DB server '+ driver=com.mysql.jdbc.Driver' url=jdbc:mysql://127.0.0.1/qsystem?autoReconnect=true&amp;characterEncoding=UTF-8 at {ru.apertum.qsystem.hibernate.AnnotationSessionFactoryBean.load(AnnotationSessionFactoryBean.java:183)}
2017-08-23 08:12:39,955 [ INFO] DB is OK. at {ru.apertum.qsystem.client.forms.FAdmin.main(FAdmin.java:1212)}
2017-08-23 08:12:39,960 [ INFO] Загрузка плагинов из папки plugins. at {ru.apertum.qsystem.common.Uses.loadPlugins(Uses.java:788)}
2017-08-23 08:12:39,962 [DEBUG] Плагин Journal.jar at {ru.apertum.qsystem.common.Uses.loadPlugins(Uses.java:795)}
2017-08-23 08:12:39,964 [DEBUG] Плагин Microsound.jar at {ru.apertum.qsystem.common.Uses.loadPlugins(Uses.java:795)}
2017-08-23 08:12:40,750 [ INFO] Создали список. at {ru.apertum.qsystem.server.model.ATListModel.createList(ATListModel.java:45)}
2017-08-23 08:12:40,756 [ INFO] Вход в систему. at {ru.apertum.qsystem.client.forms.FLogin.logining(FLogin.java:312)}
2017-08-23 08:13:26,128 [ INFO] Properties are ready. at {ru.apertum.qsystem.common.QConfig.prepareCLI(QConfig.java:305)}
2017-08-23 08:13:26,132 [ INFO] "QSystem 17.1"!  date: 20.05.2017 at {ru.apertum.qsystem.common.QLog.initial(QLog.java:180)}
2017-08-23 08:13:26,132 [ INFO] START LOGER. Logger: admin.file.info.trace at {ru.apertum.qsystem.common.QLog.initial(QLog.java:181)}
2017-08-23 08:13:26,132 [ INFO] Mode: KEY_DEBUG at {ru.apertum.qsystem.common.QLog.initial(QLog.java:186)}
2017-08-23 08:13:26,133 [ INFO] Plugins: YES at {ru.apertum.qsystem.common.QLog.initial(QLog.java:187)}
2017-08-23 08:13:26,135 [ INFO] Languages are loading... at {ru.apertum.qsystem.client.Locales.<init>(Locales.java:79)}
2017-08-23 08:13:26,140 [DEBUG]    Langusge: Az?rbaycan az_AZ at {ru.apertum.qsystem.client.Locales.<init>(Locales.java:119)}
2017-08-23 08:13:26,142 [DEBUG]    Langusge: English en_US at {ru.apertum.qsystem.client.Locales.<init>(Locales.java:119)}
2017-08-23 08:13:26,144 [DEBUG]    Langusge: Espanol es_ES at {ru.apertum.qsystem.client.Locales.<init>(Locales.java:119)}
2017-08-23 08:13:26,146 [DEBUG]    Langusge: Fran?ais fr_FR at {ru.apertum.qsystem.client.Locales.<init>(Locales.java:119)}
2017-08-23 08:13:26,147 [DEBUG]    Langusge: Italiano it_IT at {ru.apertum.qsystem.client.Locales.<init>(Locales.java:119)}
2017-08-23 08:13:26,149 [DEBUG]    Langusge: Portugu?s pt_PT at {ru.apertum.qsystem.client.Locales.<init>(Locales.java:119)}
2017-08-23 08:13:26,150 [DEBUG]    Langusge: Roman ro_RO at {ru.apertum.qsystem.client.Locales.<init>(Locales.java:119)}
2017-08-23 08:13:26,151 [DEBUG]    Langusge: Русский ru_RU at {ru.apertum.qsystem.client.Locales.<init>(Locales.java:119)}
2017-08-23 08:13:26,153 [DEBUG]    Langusge: Українська uk_UA at {ru.apertum.qsystem.client.Locales.<init>(Locales.java:119)}
2017-08-23 08:13:26,797 [ INFO] DB server '+ driver=com.mysql.jdbc.Driver' url=jdbc:mysql://127.0.0.1/qsystem?autoReconnect=true&amp;characterEncoding=UTF-8 at {ru.apertum.qsystem.hibernate.AnnotationSessionFactoryBean.load(AnnotationSessionFactoryBean.java:183)}
2017-08-23 08:13:28,072 [ INFO] DB is OK. at {ru.apertum.qsystem.client.forms.FAdmin.main(FAdmin.java:1212)}
2017-08-23 08:13:28,078 [ INFO] Загрузка плагинов из папки plugins. at {ru.apertum.qsystem.common.Uses.loadPlugins(Uses.java:788)}
2017-08-23 08:13:28,084 [DEBUG] Плагин Journal.jar at {ru.apertum.qsystem.common.Uses.loadPlugins(Uses.java:795)}
2017-08-23 08:13:28,085 [DEBUG] Плагин Microsound.jar at {ru.apertum.qsystem.common.Uses.loadPlugins(Uses.java:795)}
2017-08-23 08:13:28,902 [ INFO] Создали список. at {ru.apertum.qsystem.server.model.ATListModel.createList(ATListModel.java:45)}
2017-08-23 08:13:28,908 [ INFO] Вход в систему. at {ru.apertum.qsystem.client.forms.FLogin.logining(FLogin.java:312)}
2017-08-23 08:13:30,899 [ INFO] Вход в систему выполнен. Пользователь "Администратор", уровень доступа "3". at {ru.apertum.qsystem.client.forms.FLogin.logining(FLogin.java:334)}
2017-08-23 08:13:31,632 [ INFO] Создали дерево. at {ru.apertum.qsystem.server.model.ATreeModel.createTree(ATreeModel.java:54)}
2017-08-23 08:13:31,639 [ INFO] Создали список. at {ru.apertum.qsystem.server.model.ATListModel.createList(ATListModel.java:45)}
2017-08-23 08:13:31,649 [ INFO] Создали дерево. at {ru.apertum.qsystem.server.model.ATreeModel.createTree(ATreeModel.java:54)}
2017-08-23 08:13:31,655 [ INFO] Создали дерево. at {ru.apertum.qsystem.server.model.ATreeModel.createTree(ATreeModel.java:54)}
2017-08-23 08:13:31,661 [ INFO] Создали список. at {ru.apertum.qsystem.server.model.ATListModel.createList(ATListModel.java:45)}
2017-08-23 08:13:31,664 [ INFO] Создали список. at {ru.apertum.qsystem.server.model.ATListModel.createList(ATListModel.java:45)}
2017-08-23 08:13:31,668 [ INFO] Создали список. at {ru.apertum.qsystem.server.model.ATListModel.createList(ATListModel.java:45)}
2017-08-23 08:13:31,714 [ INFO] Создали список. at {ru.apertum.qsystem.server.model.ATListModel.createList(ATListModel.java:45)}
2017-08-23 08:13:31,772 [DEBUG] Создаем модель для календаря at {ru.apertum.qsystem.server.model.calendar.CalendarTableModel.<init>(CalendarTableModel.java:44)}
2017-08-23 08:13:45,963 [ INFO] Properties are ready. at {ru.apertum.qsystem.common.QConfig.prepareCLI(QConfig.java:305)}
2017-08-23 08:13:45,966 [ INFO] "QSystem 17.1"!  date: 20.05.2017 at {ru.apertum.qsystem.common.QLog.initial(QLog.java:180)}
2017-08-23 08:13:45,967 [ INFO] START LOGER. Logger: admin.file.info.trace at {ru.apertum.qsystem.common.QLog.initial(QLog.java:181)}
2017-08-23 08:13:45,967 [ INFO] Mode: KEY_DEBUG at {ru.apertum.qsystem.common.QLog.initial(QLog.java:186)}
2017-08-23 08:13:45,967 [ INFO] Plugins: YES at {ru.apertum.qsystem.common.QLog.initial(QLog.java:187)}
2017-08-23 08:13:45,969 [ INFO] Languages are loading... at {ru.apertum.qsystem.client.Locales.<init>(Locales.java:79)}
2017-08-23 08:13:45,975 [DEBUG]    Langusge: Az?rbaycan az_AZ at {ru.apertum.qsystem.client.Locales.<init>(Locales.java:119)}
2017-08-23 08:13:45,978 [DEBUG]    Langusge: English en_US at {ru.apertum.qsystem.client.Locales.<init>(Locales.java:119)}
2017-08-23 08:13:45,979 [DEBUG]    Langusge: Espanol es_ES at {ru.apertum.qsystem.client.Locales.<init>(Locales.java:119)}
2017-08-23 08:13:45,981 [DEBUG]    Langusge: Fran?ais fr_FR at {ru.apertum.qsystem.client.Locales.<init>(Locales.java:119)}
2017-08-23 08:13:45,982 [DEBUG]    Langusge: Italiano it_IT at {ru.apertum.qsystem.client.Locales.<init>(Locales.java:119)}
2017-08-23 08:13:45,983 [DEBUG]    Langusge: Portugu?s pt_PT at {ru.apertum.qsystem.client.Locales.<init>(Locales.java:119)}
2017-08-23 08:13:45,985 [DEBUG]    Langusge: Roman ro_RO at {ru.apertum.qsystem.client.Locales.<init>(Locales.java:119)}
2017-08-23 08:13:45,986 [DEBUG]    Langusge: Русский ru_RU at {ru.apertum.qsystem.client.Locales.<init>(Locales.java:119)}
2017-08-23 08:13:45,988 [DEBUG]    Langusge: Українська uk_UA at {ru.apertum.qsystem.client.Locales.<init>(Locales.java:119)}
2017-08-23 08:13:46,663 [ INFO] DB server '+ driver=com.mysql.jdbc.Driver' url=jdbc:mysql://127.0.0.1/qsystem?autoReconnect=true&amp;characterEncoding=UTF-8 at {ru.apertum.qsystem.hibernate.AnnotationSessionFactoryBean.load(AnnotationSessionFactoryBean.java:183)}
2017-08-23 08:13:47,875 [ INFO] DB is OK. at {ru.apertum.qsystem.client.forms.FAdmin.main(FAdmin.java:1212)}
2017-08-23 08:13:47,880 [ INFO] Загрузка плагинов из папки plugins. at {ru.apertum.qsystem.common.Uses.loadPlugins(Uses.java:788)}
2017-08-23 08:13:47,883 [DEBUG] Плагин Journal.jar at {ru.apertum.qsystem.common.Uses.loadPlugins(Uses.java:795)}
2017-08-23 08:13:47,884 [DEBUG] Плагин Microsound.jar at {ru.apertum.qsystem.common.Uses.loadPlugins(Uses.java:795)}
2017-08-23 08:13:48,601 [ INFO] Создали список. at {ru.apertum.qsystem.server.model.ATListModel.createList(ATListModel.java:45)}
2017-08-23 08:13:48,608 [ INFO] Вход в систему. at {ru.apertum.qsystem.client.forms.FLogin.logining(FLogin.java:312)}
2017-08-23 08:13:52,590 [ INFO] Вход в систему выполнен. Пользователь "Администратор", уровень доступа "3". at {ru.apertum.qsystem.client.forms.FLogin.logining(FLogin.java:334)}
2017-08-23 08:13:53,034 [ INFO] Создали дерево. at {ru.apertum.qsystem.server.model.ATreeModel.createTree(ATreeModel.java:54)}
2017-08-23 08:13:53,038 [ INFO] Создали список. at {ru.apertum.qsystem.server.model.ATListModel.createList(ATListModel.java:45)}
2017-08-23 08:13:53,048 [ INFO] Создали дерево. at {ru.apertum.qsystem.server.model.ATreeModel.createTree(ATreeModel.java:54)}
2017-08-23 08:13:53,052 [ INFO] Создали дерево. at {ru.apertum.qsystem.server.model.ATreeModel.createTree(ATreeModel.java:54)}
2017-08-23 08:13:53,057 [ INFO] Создали список. at {ru.apertum.qsystem.server.model.ATListModel.createList(ATListModel.java:45)}
2017-08-23 08:13:53,060 [ INFO] Создали список. at {ru.apertum.qsystem.server.model.ATListModel.createList(ATListModel.java:45)}
2017-08-23 08:13:53,064 [ INFO] Создали список. at {ru.apertum.qsystem.server.model.ATListModel.createList(ATListModel.java:45)}
2017-08-23 08:13:53,084 [ INFO] Создали список. at {ru.apertum.qsystem.server.model.ATListModel.createList(ATListModel.java:45)}
2017-08-23 08:13:53,135 [DEBUG] Создаем модель для календаря at {ru.apertum.qsystem.server.model.calendar.CalendarTableModel.<init>(CalendarTableModel.java:44)}
2017-08-23 08:14:00,520 [ INFO] Properties are ready. at {ru.apertum.qsystem.common.QConfig.prepareCLI(QConfig.java:305)}
2017-08-23 08:14:00,524 [ INFO] "QSystem 17.1"!  date: 20.05.2017 at {ru.apertum.qsystem.common.QLog.initial(QLog.java:180)}
2017-08-23 08:14:00,525 [ INFO] START LOGER. Logger: admin.file.info.trace at {ru.apertum.qsystem.common.QLog.initial(QLog.java:181)}
2017-08-23 08:14:00,525 [ INFO] Mode: KEY_DEBUG at {ru.apertum.qsystem.common.QLog.initial(QLog.java:186)}
2017-08-23 08:14:00,525 [ INFO] Plugins: YES at {ru.apertum.qsystem.common.QLog.initial(QLog.java:187)}
2017-08-23 08:14:00,528 [ INFO] Languages are loading... at {ru.apertum.qsystem.client.Locales.<init>(Locales.java:79)}
2017-08-23 08:14:00,537 [DEBUG]    Langusge: Az?rbaycan az_AZ at {ru.apertum.qsystem.client.Locales.<init>(Locales.java:119)}
2017-08-23 08:14:00,539 [DEBUG]    Langusge: English en_US at {ru.apertum.qsystem.client.Locales.<init>(Locales.java:119)}
2017-08-23 08:14:00,540 [DEBUG]    Langusge: Espanol es_ES at {ru.apertum.qsystem.client.Locales.<init>(Locales.java:119)}
2017-08-23 08:14:00,542 [DEBUG]    Langusge: Fran?ais fr_FR at {ru.apertum.qsystem.client.Locales.<init>(Locales.java:119)}
2017-08-23 08:14:00,543 [DEBUG]    Langusge: Italiano it_IT at {ru.apertum.qsystem.client.Locales.<init>(Locales.java:119)}
2017-08-23 08:14:00,544 [DEBUG]    Langusge: Portugu?s pt_PT at {ru.apertum.qsystem.client.Locales.<init>(Locales.java:119)}
2017-08-23 08:14:00,546 [DEBUG]    Langusge: Roman ro_RO at {ru.apertum.qsystem.client.Locales.<init>(Locales.java:119)}
2017-08-23 08:14:00,549 [DEBUG]    Langusge: Русский ru_RU at {ru.apertum.qsystem.client.Locales.<init>(Locales.java:119)}
2017-08-23 08:14:00,550 [DEBUG]    Langusge: Українська uk_UA at {ru.apertum.qsystem.client.Locales.<init>(Locales.java:119)}
2017-08-23 08:14:01,388 [ INFO] DB server '+ driver=com.mysql.jdbc.Driver' url=jdbc:mysql://127.0.0.1/qsystem?autoReconnect=true&amp;characterEncoding=UTF-8 at {ru.apertum.qsystem.hibernate.AnnotationSessionFactoryBean.load(AnnotationSessionFactoryBean.java:183)}
2017-08-23 08:14:02,838 [ INFO] DB is OK. at {ru.apertum.qsystem.client.forms.FAdmin.main(FAdmin.java:1212)}
2017-08-23 08:14:02,846 [ INFO] Загрузка плагинов из папки plugins. at {ru.apertum.qsystem.common.Uses.loadPlugins(Uses.java:788)}
2017-08-23 08:14:02,847 [DEBUG] Плагин Journal.jar at {ru.apertum.qsystem.common.Uses.loadPlugins(Uses.java:795)}
2017-08-23 08:14:02,848 [DEBUG] Плагин Microsound.jar at {ru.apertum.qsystem.common.Uses.loadPlugins(Uses.java:795)}
2017-08-23 08:14:03,658 [ INFO] Создали список. at {ru.apertum.qsystem.server.model.ATListModel.createList(ATListModel.java:45)}
2017-08-23 08:14:03,666 [ INFO] Вход в систему. at {ru.apertum.qsystem.client.forms.FLogin.logining(FLogin.java:312)}
2017-08-23 08:14:07,090 [ INFO] Вход в систему выполнен. Пользователь "Администратор", уровень доступа "3". at {ru.apertum.qsystem.client.forms.FLogin.logining(FLogin.java:334)}
2017-08-23 08:14:07,641 [ INFO] Создали дерево. at {ru.apertum.qsystem.server.model.ATreeModel.createTree(ATreeModel.java:54)}
2017-08-23 08:14:07,647 [ INFO] Создали список. at {ru.apertum.qsystem.server.model.ATListModel.createList(ATListModel.java:45)}
2017-08-23 08:14:07,658 [ INFO] Создали дерево. at {ru.apertum.qsystem.server.model.ATreeModel.createTree(ATreeModel.java:54)}
2017-08-23 08:14:07,663 [ INFO] Создали дерево. at {ru.apertum.qsystem.server.model.ATreeModel.createTree(ATreeModel.java:54)}
2017-08-23 08:14:07,670 [ INFO] Создали список. at {ru.apertum.qsystem.server.model.ATListModel.createList(ATListModel.java:45)}
2017-08-23 08:14:07,674 [ INFO] Создали список. at {ru.apertum.qsystem.server.model.ATListModel.createList(ATListModel.java:45)}
2017-08-23 08:14:07,680 [ INFO] Создали список. at {ru.apertum.qsystem.server.model.ATListModel.createList(ATListModel.java:45)}
2017-08-23 08:14:07,709 [ INFO] Создали список. at {ru.apertum.qsystem.server.model.ATListModel.createList(ATListModel.java:45)}
2017-08-23 08:14:07,761 [DEBUG] Создаем модель для календаря at {ru.apertum.qsystem.server.model.calendar.CalendarTableModel.<init>(CalendarTableModel.java:44)}
2017-08-23 08:14:19,468 [ INFO] Properties are ready. at {ru.apertum.qsystem.common.QConfig.prepareCLI(QConfig.java:305)}
2017-08-23 08:14:19,472 [ INFO] "QSystem 17.1"!  date: 20.05.2017 at {ru.apertum.qsystem.common.QLog.initial(QLog.java:180)}
2017-08-23 08:14:19,472 [ INFO] START LOGER. Logger: admin.file.info.trace at {ru.apertum.qsystem.common.QLog.initial(QLog.java:181)}
2017-08-23 08:14:19,472 [ INFO] Mode: KEY_DEBUG at {ru.apertum.qsystem.common.QLog.initial(QLog.java:186)}
2017-08-23 08:14:19,473 [ INFO] Plugins: YES at {ru.apertum.qsystem.common.QLog.initial(QLog.java:187)}
2017-08-23 08:14:19,475 [ INFO] Languages are loading... at {ru.apertum.qsystem.client.Locales.<init>(Locales.java:79)}
2017-08-23 08:14:19,480 [DEBUG]    Langusge: Az?rbaycan az_AZ at {ru.apertum.qsystem.client.Locales.<init>(Locales.java:119)}
2017-08-23 08:14:19,482 [DEBUG]    Langusge: English en_US at {ru.apertum.qsystem.client.Locales.<init>(Locales.java:119)}
2017-08-23 08:14:19,484 [DEBUG]    Langusge: Espanol es_ES at {ru.apertum.qsystem.client.Locales.<init>(Locales.java:119)}
2017-08-23 08:14:19,485 [DEBUG]    Langusge: Fran?ais fr_FR at {ru.apertum.qsystem.client.Locales.<init>(Locales.java:119)}
2017-08-23 08:14:19,487 [DEBUG]    Langusge: Italiano it_IT at {ru.apertum.qsystem.client.Locales.<init>(Locales.java:119)}
2017-08-23 08:14:19,489 [DEBUG]    Langusge: Portugu?s pt_PT at {ru.apertum.qsystem.client.Locales.<init>(Locales.java:119)}
2017-08-23 08:14:19,490 [DEBUG]    Langusge: Roman ro_RO at {ru.apertum.qsystem.client.Locales.<init>(Locales.java:119)}
2017-08-23 08:14:19,492 [DEBUG]    Langusge: Русский ru_RU at {ru.apertum.qsystem.client.Locales.<init>(Locales.java:119)}
2017-08-23 08:14:19,493 [DEBUG]    Langusge: Українська uk_UA at {ru.apertum.qsystem.client.Locales.<init>(Locales.java:119)}
2017-08-23 08:14:20,147 [ INFO] DB server '+ driver=com.mysql.jdbc.Driver' url=jdbc:mysql://127.0.0.1/qsystem?autoReconnect=true&amp;characterEncoding=UTF-8 at {ru.apertum.qsystem.hibernate.AnnotationSessionFactoryBean.load(AnnotationSessionFactoryBean.java:183)}
2017-08-23 08:14:21,337 [ INFO] DB is OK. at {ru.apertum.qsystem.client.forms.FAdmin.main(FAdmin.java:1212)}
2017-08-23 08:14:21,343 [ INFO] Загрузка плагинов из папки plugins. at {ru.apertum.qsystem.common.Uses.loadPlugins(Uses.java:788)}
2017-08-23 08:14:21,345 [DEBUG] Плагин Journal.jar at {ru.apertum.qsystem.common.Uses.loadPlugins(Uses.java:795)}
2017-08-23 08:14:21,347 [DEBUG] Плагин Microsound.jar at {ru.apertum.qsystem.common.Uses.loadPlugins(Uses.java:795)}
2017-08-23 08:14:22,145 [ INFO] Создали список. at {ru.apertum.qsystem.server.model.ATListModel.createList(ATListModel.java:45)}
2017-08-23 08:14:22,151 [ INFO] Вход в систему. at {ru.apertum.qsystem.client.forms.FLogin.logining(FLogin.java:312)}
2017-08-23 08:14:25,140 [ INFO] Вход в систему выполнен. Пользователь "Администратор", уровень доступа "3". at {ru.apertum.qsystem.client.forms.FLogin.logining(FLogin.java:334)}
2017-08-23 08:14:25,567 [ INFO] Создали дерево. at {ru.apertum.qsystem.server.model.ATreeModel.createTree(ATreeModel.java:54)}
2017-08-23 08:14:25,572 [ INFO] Создали список. at {ru.apertum.qsystem.server.model.ATListModel.createList(ATListModel.java:45)}
2017-08-23 08:14:25,583 [ INFO] Создали дерево. at {ru.apertum.qsystem.server.model.ATreeModel.createTree(ATreeModel.java:54)}
2017-08-23 08:14:25,588 [ INFO] Создали дерево. at {ru.apertum.qsystem.server.model.ATreeModel.createTree(ATreeModel.java:54)}
2017-08-23 08:14:25,594 [ INFO] Создали список. at {ru.apertum.qsystem.server.model.ATListModel.createList(ATListModel.java:45)}
2017-08-23 08:14:25,596 [ INFO] Создали список. at {ru.apertum.qsystem.server.model.ATListModel.createList(ATListModel.java:45)}
2017-08-23 08:14:25,600 [ INFO] Создали список. at {ru.apertum.qsystem.server.model.ATListModel.createList(ATListModel.java:45)}
2017-08-23 08:14:25,622 [ INFO] Создали список. at {ru.apertum.qsystem.server.model.ATListModel.createList(ATListModel.java:45)}
2017-08-23 08:14:25,671 [DEBUG] Создаем модель для календаря at {ru.apertum.qsystem.server.model.calendar.CalendarTableModel.<init>(CalendarTableModel.java:44)}
2017-08-23 08:16:24,783 [ INFO] Properties are ready. at {ru.apertum.qsystem.common.QConfig.prepareCLI(QConfig.java:305)}
2017-08-23 08:16:24,786 [ INFO] "QSystem 17.1"!  date: 20.05.2017 at {ru.apertum.qsystem.common.QLog.initial(QLog.java:180)}
2017-08-23 08:16:24,787 [ INFO] START LOGER. Logger: admin.file.info.trace at {ru.apertum.qsystem.common.QLog.initial(QLog.java:181)}
2017-08-23 08:16:24,787 [ INFO] Mode: KEY_DEBUG at {ru.apertum.qsystem.common.QLog.initial(QLog.java:186)}
2017-08-23 08:16:24,788 [ INFO] Plugins: YES at {ru.apertum.qsystem.common.QLog.initial(QLog.java:187)}
2017-08-23 08:16:24,789 [ INFO] Languages are loading... at {ru.apertum.qsystem.client.Locales.<init>(Locales.java:79)}
2017-08-23 08:16:24,795 [DEBUG]    Langusge: Az?rbaycan az_AZ at {ru.apertum.qsystem.client.Locales.<init>(Locales.java:119)}
2017-08-23 08:16:24,798 [DEBUG]    Langusge: English en_US at {ru.apertum.qsystem.client.Locales.<init>(Locales.java:119)}
2017-08-23 08:16:24,799 [DEBUG]    Langusge: Espanol es_ES at {ru.apertum.qsystem.client.Locales.<init>(Locales.java:119)}
2017-08-23 08:16:24,801 [DEBUG]    Langusge: Fran?ais fr_FR at {ru.apertum.qsystem.client.Locales.<init>(Locales.java:119)}
2017-08-23 08:16:24,802 [DEBUG]    Langusge: Italiano it_IT at {ru.apertum.qsystem.client.Locales.<init>(Locales.java:119)}
2017-08-23 08:16:24,804 [DEBUG]    Langusge: Portugu?s pt_PT at {ru.apertum.qsystem.client.Locales.<init>(Locales.java:119)}
2017-08-23 08:16:24,805 [DEBUG]    Langusge: Roman ro_RO at {ru.apertum.qsystem.client.Locales.<init>(Locales.java:119)}
2017-08-23 08:16:24,807 [DEBUG]    Langusge: Русский ru_RU at {ru.apertum.qsystem.client.Locales.<init>(Locales.java:119)}
2017-08-23 08:16:24,808 [DEBUG]    Langusge: Українська uk_UA at {ru.apertum.qsystem.client.Locales.<init>(Locales.java:119)}
2017-08-23 08:16:25,514 [ INFO] DB server '+ driver=com.mysql.jdbc.Driver' url=jdbc:mysql://127.0.0.1/qsystem?autoReconnect=true&amp;characterEncoding=UTF-8 at {ru.apertum.qsystem.hibernate.AnnotationSessionFactoryBean.load(AnnotationSessionFactoryBean.java:183)}
2017-08-23 08:16:26,715 [ INFO] DB is OK. at {ru.apertum.qsystem.client.forms.FAdmin.main(FAdmin.java:1212)}
2017-08-23 08:16:26,721 [ INFO] Загрузка плагинов из папки plugins. at {ru.apertum.qsystem.common.Uses.loadPlugins(Uses.java:788)}
2017-08-23 08:16:26,725 [DEBUG] Плагин Journal.jar at {ru.apertum.qsystem.common.Uses.loadPlugins(Uses.java:795)}
2017-08-23 08:16:26,726 [DEBUG] Плагин Microsound.jar at {ru.apertum.qsystem.common.Uses.loadPlugins(Uses.java:795)}
2017-08-23 08:16:27,542 [ INFO] Создали список. at {ru.apertum.qsystem.server.model.ATListModel.createList(ATListModel.java:45)}
2017-08-23 08:16:27,549 [ INFO] Вход в систему. at {ru.apertum.qsystem.client.forms.FLogin.logining(FLogin.java:312)}
2017-08-23 08:16:29,630 [ INFO] Вход в систему выполнен. Пользователь "Администратор", уровень доступа "3". at {ru.apertum.qsystem.client.forms.FLogin.logining(FLogin.java:334)}
2017-08-23 08:16:30,084 [ INFO] Создали дерево. at {ru.apertum.qsystem.server.model.ATreeModel.createTree(ATreeModel.java:54)}
2017-08-23 08:16:30,088 [ INFO] Создали список. at {ru.apertum.qsystem.server.model.ATListModel.createList(ATListModel.java:45)}
2017-08-23 08:16:30,098 [ INFO] Создали дерево. at {ru.apertum.qsystem.server.model.ATreeModel.createTree(ATreeModel.java:54)}
2017-08-23 08:16:30,102 [ INFO] Создали дерево. at {ru.apertum.qsystem.server.model.ATreeModel.createTree(ATreeModel.java:54)}
2017-08-23 08:16:30,107 [ INFO] Создали список. at {ru.apertum.qsystem.server.model.ATListModel.createList(ATListModel.java:45)}
2017-08-23 08:16:30,110 [ INFO] Создали список. at {ru.apertum.qsystem.server.model.ATListModel.createList(ATListModel.java:45)}
2017-08-23 08:16:30,115 [ INFO] Создали список. at {ru.apertum.qsystem.server.model.ATListModel.createList(ATListModel.java:45)}
2017-08-23 08:16:30,137 [ INFO] Создали список. at {ru.apertum.qsystem.server.model.ATListModel.createList(ATListModel.java:45)}
2017-08-23 08:16:30,188 [DEBUG] Создаем модель для календаря at {ru.apertum.qsystem.server.model.calendar.CalendarTableModel.<init>(CalendarTableModel.java:44)}
2017-08-23 08:17:55,610 [ INFO] Properties are ready. at {ru.apertum.qsystem.common.QConfig.prepareCLI(QConfig.java:305)}
2017-08-23 08:17:55,614 [ INFO] "QSystem 17.1"!  date: 20.05.2017 at {ru.apertum.qsystem.common.QLog.initial(QLog.java:180)}
2017-08-23 08:17:55,614 [ INFO] START LOGER. Logger: admin.file.info.trace at {ru.apertum.qsystem.common.QLog.initial(QLog.java:181)}
2017-08-23 08:17:55,615 [ INFO] Mode: KEY_DEBUG at {ru.apertum.qsystem.common.QLog.initial(QLog.java:186)}
2017-08-23 08:17:55,615 [ INFO] Plugins: YES at {ru.apertum.qsystem.common.QLog.initial(QLog.java:187)}
2017-08-23 08:17:55,617 [ INFO] Languages are loading... at {ru.apertum.qsystem.client.Locales.<init>(Locales.java:79)}
2017-08-23 08:17:55,622 [DEBUG]    Langusge: Az?rbaycan az_AZ at {ru.apertum.qsystem.client.Locales.<init>(Locales.java:119)}
2017-08-23 08:17:55,625 [DEBUG]    Langusge: English en_US at {ru.apertum.qsystem.client.Locales.<init>(Locales.java:119)}
2017-08-23 08:17:55,627 [DEBUG]    Langusge: Espanol es_ES at {ru.apertum.qsystem.client.Locales.<init>(Locales.java:119)}
2017-08-23 08:17:55,628 [DEBUG]    Langusge: Fran?ais fr_FR at {ru.apertum.qsystem.client.Locales.<init>(Locales.java:119)}
2017-08-23 08:17:55,630 [DEBUG]    Langusge: Italiano it_IT at {ru.apertum.qsystem.client.Locales.<init>(Locales.java:119)}
2017-08-23 08:17:55,631 [DEBUG]    Langusge: Portugu?s pt_PT at {ru.apertum.qsystem.client.Locales.<init>(Locales.java:119)}
2017-08-23 08:17:55,632 [DEBUG]    Langusge: Roman ro_RO at {ru.apertum.qsystem.client.Locales.<init>(Locales.java:119)}
2017-08-23 08:17:55,634 [DEBUG]    Langusge: Русский ru_RU at {ru.apertum.qsystem.client.Locales.<init>(Locales.java:119)}
2017-08-23 08:17:55,635 [DEBUG]    Langusge: Українська uk_UA at {ru.apertum.qsystem.client.Locales.<init>(Locales.java:119)}
2017-08-23 08:17:56,435 [ INFO] DB server '+ driver=com.mysql.jdbc.Driver' url=jdbc:mysql://127.0.0.1/qsystem?autoReconnect=true&amp;characterEncoding=UTF-8 at {ru.apertum.qsystem.hibernate.AnnotationSessionFactoryBean.load(AnnotationSessionFactoryBean.java:183)}
2017-08-23 08:17:57,917 [ INFO] DB is OK. at {ru.apertum.qsystem.client.forms.FAdmin.main(FAdmin.java:1212)}
2017-08-23 08:17:57,923 [ INFO] Загрузка плагинов из папки plugins. at {ru.apertum.qsystem.common.Uses.loadPlugins(Uses.java:788)}
2017-08-23 08:17:57,925 [DEBUG] Плагин Journal.jar at {ru.apertum.qsystem.common.Uses.loadPlugins(Uses.java:795)}
2017-08-23 08:17:57,926 [DEBUG] Плагин Microsound.jar at {ru.apertum.qsystem.common.Uses.loadPlugins(Uses.java:795)}
2017-08-23 08:17:58,761 [ INFO] Создали список. at {ru.apertum.qsystem.server.model.ATListModel.createList(ATListModel.java:45)}
2017-08-23 08:17:58,769 [ INFO] Вход в систему. at {ru.apertum.qsystem.client.forms.FLogin.logining(FLogin.java:312)}
2017-08-23 08:18:21,637 [ INFO] Properties are ready. at {ru.apertum.qsystem.common.QConfig.prepareCLI(QConfig.java:305)}
2017-08-23 08:18:21,641 [ INFO] "QSystem 17.1"!  date: 20.05.2017 at {ru.apertum.qsystem.common.QLog.initial(QLog.java:180)}
2017-08-23 08:18:21,643 [ INFO] START LOGER. Logger: admin.file.info.trace at {ru.apertum.qsystem.common.QLog.initial(QLog.java:181)}
2017-08-23 08:18:21,643 [ INFO] Mode: KEY_DEBUG at {ru.apertum.qsystem.common.QLog.initial(QLog.java:186)}
2017-08-23 08:18:21,644 [ INFO] Plugins: YES at {ru.apertum.qsystem.common.QLog.initial(QLog.java:187)}
2017-08-23 08:18:21,647 [ INFO] Languages are loading... at {ru.apertum.qsystem.client.Locales.<init>(Locales.java:79)}
2017-08-23 08:18:21,653 [DEBUG]    Langusge: Az?rbaycan az_AZ at {ru.apertum.qsystem.client.Locales.<init>(Locales.java:119)}
2017-08-23 08:18:21,658 [DEBUG]    Langusge: English en_US at {ru.apertum.qsystem.client.Locales.<init>(Locales.java:119)}
2017-08-23 08:18:21,660 [DEBUG]    Langusge: Espanol es_ES at {ru.apertum.qsystem.client.Locales.<init>(Locales.java:119)}
2017-08-23 08:18:21,664 [DEBUG]    Langusge: Fran?ais fr_FR at {ru.apertum.qsystem.client.Locales.<init>(Locales.java:119)}
2017-08-23 08:18:21,666 [DEBUG]    Langusge: Italiano it_IT at {ru.apertum.qsystem.client.Locales.<init>(Locales.java:119)}
2017-08-23 08:18:21,668 [DEBUG]    Langusge: Portugu?s pt_PT at {ru.apertum.qsystem.client.Locales.<init>(Locales.java:119)}
2017-08-23 08:18:21,672 [DEBUG]    Langusge: Roman ro_RO at {ru.apertum.qsystem.client.Locales.<init>(Locales.java:119)}
2017-08-23 08:18:21,675 [DEBUG]    Langusge: Русский ru_RU at {ru.apertum.qsystem.client.Locales.<init>(Locales.java:119)}
2017-08-23 08:18:21,677 [DEBUG]    Langusge: Українська uk_UA at {ru.apertum.qsystem.client.Locales.<init>(Locales.java:119)}
2017-08-23 08:18:22,342 [ INFO] DB server '+ driver=com.mysql.jdbc.Driver' url=jdbc:mysql://127.0.0.1/qsystem?autoReconnect=true&amp;characterEncoding=UTF-8 at {ru.apertum.qsystem.hibernate.AnnotationSessionFactoryBean.load(AnnotationSessionFactoryBean.java:183)}
2017-08-23 08:18:23,559 [ INFO] DB is OK. at {ru.apertum.qsystem.client.forms.FAdmin.main(FAdmin.java:1212)}
2017-08-23 08:18:23,567 [ INFO] Загрузка плагинов из папки plugins. at {ru.apertum.qsystem.common.Uses.loadPlugins(Uses.java:788)}
2017-08-23 08:18:23,569 [DEBUG] Плагин Journal.jar at {ru.apertum.qsystem.common.Uses.loadPlugins(Uses.java:795)}
2017-08-23 08:18:23,571 [DEBUG] Плагин Microsound.jar at {ru.apertum.qsystem.common.Uses.loadPlugins(Uses.java:795)}
2017-08-23 08:18:24,387 [ INFO] Создали список. at {ru.apertum.qsystem.server.model.ATListModel.createList(ATListModel.java:45)}
2017-08-23 08:18:24,393 [ INFO] Вход в систему. at {ru.apertum.qsystem.client.forms.FLogin.logining(FLogin.java:312)}
2017-08-23 08:18:26,451 [ INFO] Вход в систему выполнен. Пользователь "Администратор", уровень доступа "3". at {ru.apertum.qsystem.client.forms.FLogin.logining(FLogin.java:334)}
2017-08-23 08:18:26,941 [ INFO] Создали дерево. at {ru.apertum.qsystem.server.model.ATreeModel.createTree(ATreeModel.java:54)}
2017-08-23 08:18:26,945 [ INFO] Создали список. at {ru.apertum.qsystem.server.model.ATListModel.createList(ATListModel.java:45)}
2017-08-23 08:18:26,958 [ INFO] Создали дерево. at {ru.apertum.qsystem.server.model.ATreeModel.createTree(ATreeModel.java:54)}
2017-08-23 08:18:26,963 [ INFO] Создали дерево. at {ru.apertum.qsystem.server.model.ATreeModel.createTree(ATreeModel.java:54)}
2017-08-23 08:18:26,970 [ INFO] Создали список. at {ru.apertum.qsystem.server.model.ATListModel.createList(ATListModel.java:45)}
2017-08-23 08:18:26,976 [ INFO] Создали список. at {ru.apertum.qsystem.server.model.ATListModel.createList(ATListModel.java:45)}
2017-08-23 08:18:26,980 [ INFO] Создали список. at {ru.apertum.qsystem.server.model.ATListModel.createList(ATListModel.java:45)}
2017-08-23 08:18:27,024 [ INFO] Создали список. at {ru.apertum.qsystem.server.model.ATListModel.createList(ATListModel.java:45)}
2017-08-23 08:18:27,086 [DEBUG] Создаем модель для календаря at {ru.apertum.qsystem.server.model.calendar.CalendarTableModel.<init>(CalendarTableModel.java:44)}
2017-08-23 08:19:45,046 [ INFO] Properties are ready. at {ru.apertum.qsystem.common.QConfig.prepareCLI(QConfig.java:305)}
2017-08-23 08:19:45,050 [ INFO] "QSystem 17.1"!  date: 20.05.2017 at {ru.apertum.qsystem.common.QLog.initial(QLog.java:180)}
2017-08-23 08:19:45,050 [ INFO] START LOGER. Logger: admin.file.info.trace at {ru.apertum.qsystem.common.QLog.initial(QLog.java:181)}
2017-08-23 08:19:45,051 [ INFO] Mode: KEY_DEBUG at {ru.apertum.qsystem.common.QLog.initial(QLog.java:186)}
2017-08-23 08:19:45,052 [ INFO] Plugins: YES at {ru.apertum.qsystem.common.QLog.initial(QLog.java:187)}
2017-08-23 08:19:45,053 [ INFO] Languages are loading... at {ru.apertum.qsystem.client.Locales.<init>(Locales.java:79)}
2017-08-23 08:19:45,059 [DEBUG]    Langusge: Az?rbaycan az_AZ at {ru.apertum.qsystem.client.Locales.<init>(Locales.java:119)}
2017-08-23 08:19:45,062 [DEBUG]    Langusge: English en_US at {ru.apertum.qsystem.client.Locales.<init>(Locales.java:119)}
2017-08-23 08:19:45,064 [DEBUG]    Langusge: Espanol es_ES at {ru.apertum.qsystem.client.Locales.<init>(Locales.java:119)}
2017-08-23 08:19:45,066 [DEBUG]    Langusge: Fran?ais fr_FR at {ru.apertum.qsystem.client.Locales.<init>(Locales.java:119)}
2017-08-23 08:19:45,067 [DEBUG]    Langusge: Italiano it_IT at {ru.apertum.qsystem.client.Locales.<init>(Locales.java:119)}
2017-08-23 08:19:45,068 [DEBUG]    Langusge: Portugu?s pt_PT at {ru.apertum.qsystem.client.Locales.<init>(Locales.java:119)}
2017-08-23 08:19:45,070 [DEBUG]    Langusge: Roman ro_RO at {ru.apertum.qsystem.client.Locales.<init>(Locales.java:119)}
2017-08-23 08:19:45,071 [DEBUG]    Langusge: Русский ru_RU at {ru.apertum.qsystem.client.Locales.<init>(Locales.java:119)}
2017-08-23 08:19:45,072 [DEBUG]    Langusge: Українська uk_UA at {ru.apertum.qsystem.client.Locales.<init>(Locales.java:119)}
2017-08-23 08:19:45,723 [ INFO] DB server '+ driver=com.mysql.jdbc.Driver' url=jdbc:mysql://127.0.0.1/qsystem?autoReconnect=true&amp;characterEncoding=UTF-8 at {ru.apertum.qsystem.hibernate.AnnotationSessionFactoryBean.load(AnnotationSessionFactoryBean.java:183)}
2017-08-23 08:19:47,022 [ INFO] DB is OK. at {ru.apertum.qsystem.client.forms.FAdmin.main(FAdmin.java:1212)}
2017-08-23 08:19:47,027 [ INFO] Загрузка плагинов из папки plugins. at {ru.apertum.qsystem.common.Uses.loadPlugins(Uses.java:788)}
2017-08-23 08:19:47,029 [DEBUG] Плагин Journal.jar at {ru.apertum.qsystem.common.Uses.loadPlugins(Uses.java:795)}
2017-08-23 08:19:47,033 [DEBUG] Плагин Microsound.jar at {ru.apertum.qsystem.common.Uses.loadPlugins(Uses.java:795)}
2017-08-23 08:19:47,759 [ INFO] Создали список. at {ru.apertum.qsystem.server.model.ATListModel.createList(ATListModel.java:45)}
2017-08-23 08:19:47,765 [ INFO] Вход в систему. at {ru.apertum.qsystem.client.forms.FLogin.logining(FLogin.java:312)}
2017-08-23 08:20:26,233 [ INFO] Properties are ready. at {ru.apertum.qsystem.common.QConfig.prepareCLI(QConfig.java:305)}
2017-08-23 08:20:26,237 [ INFO] "QSystem 17.1"!  date: 20.05.2017 at {ru.apertum.qsystem.common.QLog.initial(QLog.java:180)}
2017-08-23 08:20:26,237 [ INFO] START LOGER. Logger: admin.file.info.trace at {ru.apertum.qsystem.common.QLog.initial(QLog.java:181)}
2017-08-23 08:20:26,238 [ INFO] Mode: KEY_DEBUG at {ru.apertum.qsystem.common.QLog.initial(QLog.java:186)}
2017-08-23 08:20:26,238 [ INFO] Plugins: YES at {ru.apertum.qsystem.common.QLog.initial(QLog.java:187)}
2017-08-23 08:20:26,240 [ INFO] Languages are loading... at {ru.apertum.qsystem.client.Locales.<init>(Locales.java:79)}
2017-08-23 08:20:26,245 [DEBUG]    Langusge: Az?rbaycan az_AZ at {ru.apertum.qsystem.client.Locales.<init>(Locales.java:119)}
2017-08-23 08:20:26,248 [DEBUG]    Langusge: English en_US at {ru.apertum.qsystem.client.Locales.<init>(Locales.java:119)}
2017-08-23 08:20:26,250 [DEBUG]    Langusge: Espanol es_ES at {ru.apertum.qsystem.client.Locales.<init>(Locales.java:119)}
2017-08-23 08:20:26,251 [DEBUG]    Langusge: Fran?ais fr_FR at {ru.apertum.qsystem.client.Locales.<init>(Locales.java:119)}
2017-08-23 08:20:26,252 [DEBUG]    Langusge: Italiano it_IT at {ru.apertum.qsystem.client.Locales.<init>(Locales.java:119)}
2017-08-23 08:20:26,254 [DEBUG]    Langusge: Portugu?s pt_PT at {ru.apertum.qsystem.client.Locales.<init>(Locales.java:119)}
2017-08-23 08:20:26,255 [DEBUG]    Langusge: Roman ro_RO at {ru.apertum.qsystem.client.Locales.<init>(Locales.java:119)}
2017-08-23 08:20:26,257 [DEBUG]    Langusge: Русский ru_RU at {ru.apertum.qsystem.client.Locales.<init>(Locales.java:119)}
2017-08-23 08:20:26,258 [DEBUG]    Langusge: Українська uk_UA at {ru.apertum.qsystem.client.Locales.<init>(Locales.java:119)}
2017-08-23 08:20:26,911 [ INFO] DB server '+ driver=com.mysql.jdbc.Driver' url=jdbc:mysql://127.0.0.1/qsystem?autoReconnect=true&amp;characterEncoding=UTF-8 at {ru.apertum.qsystem.hibernate.AnnotationSessionFactoryBean.load(AnnotationSessionFactoryBean.java:183)}
2017-08-23 08:20:28,119 [ INFO] DB is OK. at {ru.apertum.qsystem.client.forms.FAdmin.main(FAdmin.java:1212)}
2017-08-23 08:20:28,125 [ INFO] Загрузка плагинов из папки plugins. at {ru.apertum.qsystem.common.Uses.loadPlugins(Uses.java:788)}
2017-08-23 08:20:28,130 [DEBUG] Плагин Journal.jar at {ru.apertum.qsystem.common.Uses.loadPlugins(Uses.java:795)}
2017-08-23 08:20:28,131 [DEBUG] Плагин Microsound.jar at {ru.apertum.qsystem.common.Uses.loadPlugins(Uses.java:795)}
2017-08-23 08:20:28,892 [ INFO] Создали список. at {ru.apertum.qsystem.server.model.ATListModel.createList(ATListModel.java:45)}
2017-08-23 08:20:28,900 [ INFO] Вход в систему. at {ru.apertum.qsystem.client.forms.FLogin.logining(FLogin.java:312)}
2017-08-23 08:20:31,068 [ INFO] Вход в систему выполнен. Пользователь "Администратор", уровень доступа "3". at {ru.apertum.qsystem.client.forms.FLogin.logining(FLogin.java:334)}
2017-08-23 08:20:31,515 [ INFO] Создали дерево. at {ru.apertum.qsystem.server.model.ATreeModel.createTree(ATreeModel.java:54)}
2017-08-23 08:20:31,520 [ INFO] Создали список. at {ru.apertum.qsystem.server.model.ATListModel.createList(ATListModel.java:45)}
2017-08-23 08:20:31,530 [ INFO] Создали дерево. at {ru.apertum.qsystem.server.model.ATreeModel.createTree(ATreeModel.java:54)}
2017-08-23 08:20:31,535 [ INFO] Создали дерево. at {ru.apertum.qsystem.server.model.ATreeModel.createTree(ATreeModel.java:54)}
2017-08-23 08:20:31,540 [ INFO] Создали список. at {ru.apertum.qsystem.server.model.ATListModel.createList(ATListModel.java:45)}
2017-08-23 08:20:31,543 [ INFO] Создали список. at {ru.apertum.qsystem.server.model.ATListModel.createList(ATListModel.java:45)}
2017-08-23 08:20:31,548 [ INFO] Создали список. at {ru.apertum.qsystem.server.model.ATListModel.createList(ATListModel.java:45)}
2017-08-23 08:20:31,570 [ INFO] Создали список. at {ru.apertum.qsystem.server.model.ATListModel.createList(ATListModel.java:45)}
2017-08-23 08:20:31,626 [DEBUG] Создаем модель для календаря at {ru.apertum.qsystem.server.model.calendar.CalendarTableModel.<init>(CalendarTableModel.java:44)}
2017-08-23 08:26:00,278 [ INFO] Properties are ready. at {ru.apertum.qsystem.common.QConfig.prepareCLI(QConfig.java:305)}
2017-08-23 08:26:00,283 [ INFO] "QSystem 17.1"!  date: 20.05.2017 at {ru.apertum.qsystem.common.QLog.initial(QLog.java:180)}
2017-08-23 08:26:00,283 [ INFO] START LOGER. Logger: admin.file.info.trace at {ru.apertum.qsystem.common.QLog.initial(QLog.java:181)}
2017-08-23 08:26:00,283 [ INFO] Mode: KEY_DEBUG at {ru.apertum.qsystem.common.QLog.initial(QLog.java:186)}
2017-08-23 08:26:00,284 [ INFO] Plugins: YES at {ru.apertum.qsystem.common.QLog.initial(QLog.java:187)}
2017-08-23 08:26:00,286 [ INFO] Languages are loading... at {ru.apertum.qsystem.client.Locales.<init>(Locales.java:79)}
2017-08-23 08:26:00,302 [DEBUG]    Langusge: Az?rbaycan az_AZ at {ru.apertum.qsystem.client.Locales.<init>(Locales.java:119)}
2017-08-23 08:26:00,305 [DEBUG]    Langusge: English en_US at {ru.apertum.qsystem.client.Locales.<init>(Locales.java:119)}
2017-08-23 08:26:00,307 [DEBUG]    Langusge: Espanol es_ES at {ru.apertum.qsystem.client.Locales.<init>(Locales.java:119)}
2017-08-23 08:26:00,309 [DEBUG]    Langusge: Fran?ais fr_FR at {ru.apertum.qsystem.client.Locales.<init>(Locales.java:119)}
2017-08-23 08:26:00,310 [DEBUG]    Langusge: Italiano it_IT at {ru.apertum.qsystem.client.Locales.<init>(Locales.java:119)}
2017-08-23 08:26:00,322 [DEBUG]    Langusge: Portugu?s pt_PT at {ru.apertum.qsystem.client.Locales.<init>(Locales.java:119)}
2017-08-23 08:26:00,323 [DEBUG]    Langusge: Roman ro_RO at {ru.apertum.qsystem.client.Locales.<init>(Locales.java:119)}
2017-08-23 08:26:00,324 [DEBUG]    Langusge: Русский ru_RU at {ru.apertum.qsystem.client.Locales.<init>(Locales.java:119)}
2017-08-23 08:26:00,326 [DEBUG]    Langusge: Українська uk_UA at {ru.apertum.qsystem.client.Locales.<init>(Locales.java:119)}
2017-08-23 08:26:01,339 [ INFO] DB server '+ driver=com.mysql.jdbc.Driver' url=jdbc:mysql://127.0.0.1/qsystem?autoReconnect=true&amp;characterEncoding=UTF-8 at {ru.apertum.qsystem.hibernate.AnnotationSessionFactoryBean.load(AnnotationSessionFactoryBean.java:183)}
2017-08-23 08:26:03,105 [ INFO] DB is OK. at {ru.apertum.qsystem.client.forms.FAdmin.main(FAdmin.java:1212)}
2017-08-23 08:26:03,117 [ INFO] Загрузка плагинов из папки plugins. at {ru.apertum.qsystem.common.Uses.loadPlugins(Uses.java:788)}
2017-08-23 08:26:03,118 [DEBUG] Плагин Journal.jar at {ru.apertum.qsystem.common.Uses.loadPlugins(Uses.java:795)}
2017-08-23 08:26:03,118 [DEBUG] Плагин Microsound.jar at {ru.apertum.qsystem.common.Uses.loadPlugins(Uses.java:795)}
2017-08-23 08:26:04,053 [ INFO] Создали список. at {ru.apertum.qsystem.server.model.ATListModel.createList(ATListModel.java:45)}
2017-08-23 08:26:04,069 [ INFO] Вход в систему. at {ru.apertum.qsystem.client.forms.FLogin.logining(FLogin.java:312)}
2017-08-23 08:26:08,759 [ INFO] Вход в систему выполнен. Пользователь "Администратор", уровень доступа "3". at {ru.apertum.qsystem.client.forms.FLogin.logining(FLogin.java:334)}
2017-08-23 08:26:09,321 [ INFO] Создали дерево. at {ru.apertum.qsystem.server.model.ATreeModel.createTree(ATreeModel.java:54)}
2017-08-23 08:26:09,328 [ INFO] Создали список. at {ru.apertum.qsystem.server.model.ATListModel.createList(ATListModel.java:45)}
2017-08-23 08:26:09,343 [ INFO] Создали дерево. at {ru.apertum.qsystem.server.model.ATreeModel.createTree(ATreeModel.java:54)}
2017-08-23 08:26:09,355 [ INFO] Создали дерево. at {ru.apertum.qsystem.server.model.ATreeModel.createTree(ATreeModel.java:54)}
2017-08-23 08:26:09,362 [ INFO] Создали список. at {ru.apertum.qsystem.server.model.ATListModel.createList(ATListModel.java:45)}
2017-08-23 08:26:09,368 [ INFO] Создали список. at {ru.apertum.qsystem.server.model.ATListModel.createList(ATListModel.java:45)}
2017-08-23 08:26:09,376 [ INFO] Создали список. at {ru.apertum.qsystem.server.model.ATListModel.createList(ATListModel.java:45)}
2017-08-23 08:26:09,407 [ INFO] Создали список. at {ru.apertum.qsystem.server.model.ATListModel.createList(ATListModel.java:45)}
2017-08-23 08:26:09,464 [DEBUG] Создаем модель для календаря at {ru.apertum.qsystem.server.model.calendar.CalendarTableModel.<init>(CalendarTableModel.java:44)}
2017-08-23 08:27:58,006 [ INFO] Properties are ready. at {ru.apertum.qsystem.common.QConfig.prepareCLI(QConfig.java:305)}
2017-08-23 08:27:58,016 [ INFO] "QSystem 17.1"!  date: 20.05.2017 at {ru.apertum.qsystem.common.QLog.initial(QLog.java:180)}
2017-08-23 08:27:58,017 [ INFO] START LOGER. Logger: admin.file.info.trace at {ru.apertum.qsystem.common.QLog.initial(QLog.java:181)}
2017-08-23 08:27:58,017 [ INFO] Mode: KEY_DEBUG at {ru.apertum.qsystem.common.QLog.initial(QLog.java:186)}
2017-08-23 08:27:58,017 [ INFO] Plugins: YES at {ru.apertum.qsystem.common.QLog.initial(QLog.java:187)}
2017-08-23 08:27:58,019 [ INFO] Languages are loading... at {ru.apertum.qsystem.client.Locales.<init>(Locales.java:79)}
2017-08-23 08:27:58,025 [DEBUG]    Langusge: Az?rbaycan az_AZ at {ru.apertum.qsystem.client.Locales.<init>(Locales.java:119)}
2017-08-23 08:27:58,027 [DEBUG]    Langusge: English en_US at {ru.apertum.qsystem.client.Locales.<init>(Locales.java:119)}
2017-08-23 08:27:58,029 [DEBUG]    Langusge: Espanol es_ES at {ru.apertum.qsystem.client.Locales.<init>(Locales.java:119)}
2017-08-23 08:27:58,031 [DEBUG]    Langusge: Fran?ais fr_FR at {ru.apertum.qsystem.client.Locales.<init>(Locales.java:119)}
2017-08-23 08:27:58,032 [DEBUG]    Langusge: Italiano it_IT at {ru.apertum.qsystem.client.Locales.<init>(Locales.java:119)}
2017-08-23 08:27:58,034 [DEBUG]    Langusge: Portugu?s pt_PT at {ru.apertum.qsystem.client.Locales.<init>(Locales.java:119)}
2017-08-23 08:27:58,036 [DEBUG]    Langusge: Roman ro_RO at {ru.apertum.qsystem.client.Locales.<init>(Locales.java:119)}
2017-08-23 08:27:58,038 [DEBUG]    Langusge: Русский ru_RU at {ru.apertum.qsystem.client.Locales.<init>(Locales.java:119)}
2017-08-23 08:27:58,041 [DEBUG]    Langusge: Українська uk_UA at {ru.apertum.qsystem.client.Locales.<init>(Locales.java:119)}
2017-08-23 08:27:58,708 [ INFO] DB server '+ driver=com.mysql.jdbc.Driver' url=jdbc:mysql://127.0.0.1/qsystem?autoReconnect=true&amp;characterEncoding=UTF-8 at {ru.apertum.qsystem.hibernate.AnnotationSessionFactoryBean.load(AnnotationSessionFactoryBean.java:183)}
2017-08-23 08:27:59,958 [ INFO] DB is OK. at {ru.apertum.qsystem.client.forms.FAdmin.main(FAdmin.java:1212)}
2017-08-23 08:27:59,964 [ INFO] Загрузка плагинов из папки plugins. at {ru.apertum.qsystem.common.Uses.loadPlugins(Uses.java:788)}
2017-08-23 08:27:59,965 [DEBUG] Плагин Journal.jar at {ru.apertum.qsystem.common.Uses.loadPlugins(Uses.java:795)}
2017-08-23 08:27:59,967 [DEBUG] Плагин Microsound.jar at {ru.apertum.qsystem.common.Uses.loadPlugins(Uses.java:795)}
2017-08-23 08:28:00,688 [ INFO] Создали список. at {ru.apertum.qsystem.server.model.ATListModel.createList(ATListModel.java:45)}
2017-08-23 08:28:00,695 [ INFO] Вход в систему. at {ru.apertum.qsystem.client.forms.FLogin.logining(FLogin.java:312)}
2017-08-23 08:28:03,387 [ INFO] Вход в систему выполнен. Пользователь "Администратор", уровень доступа "3". at {ru.apertum.qsystem.client.forms.FLogin.logining(FLogin.java:334)}
2017-08-23 08:28:03,878 [ INFO] Создали дерево. at {ru.apertum.qsystem.server.model.ATreeModel.createTree(ATreeModel.java:54)}
2017-08-23 08:28:03,884 [ INFO] Создали список. at {ru.apertum.qsystem.server.model.ATListModel.createList(ATListModel.java:45)}
2017-08-23 08:28:03,894 [ INFO] Создали дерево. at {ru.apertum.qsystem.server.model.ATreeModel.createTree(ATreeModel.java:54)}
2017-08-23 08:28:03,899 [ INFO] Создали дерево. at {ru.apertum.qsystem.server.model.ATreeModel.createTree(ATreeModel.java:54)}
2017-08-23 08:28:03,904 [ INFO] Создали список. at {ru.apertum.qsystem.server.model.ATListModel.createList(ATListModel.java:45)}
2017-08-23 08:28:03,907 [ INFO] Создали список. at {ru.apertum.qsystem.server.model.ATListModel.createList(ATListModel.java:45)}
2017-08-23 08:28:03,911 [ INFO] Создали список. at {ru.apertum.qsystem.server.model.ATListModel.createList(ATListModel.java:45)}
2017-08-23 08:28:03,933 [ INFO] Создали список. at {ru.apertum.qsystem.server.model.ATListModel.createList(ATListModel.java:45)}
2017-08-23 08:28:03,990 [DEBUG] Создаем модель для календаря at {ru.apertum.qsystem.server.model.calendar.CalendarTableModel.<init>(CalendarTableModel.java:44)}
2017-08-23 09:31:53,028 [ INFO] Properties are ready. at {ru.apertum.qsystem.common.QConfig.prepareCLI(QConfig.java:305)}
2017-08-23 09:31:53,032 [ INFO] "QSystem 17.1"!  date: 20.05.2017 at {ru.apertum.qsystem.common.QLog.initial(QLog.java:180)}
2017-08-23 09:31:53,032 [ INFO] START LOGER. Logger: admin.file.info.trace at {ru.apertum.qsystem.common.QLog.initial(QLog.java:181)}
2017-08-23 09:31:53,032 [ INFO] Mode: KEY_DEBUG at {ru.apertum.qsystem.common.QLog.initial(QLog.java:186)}
2017-08-23 09:31:53,033 [ INFO] Plugins: YES at {ru.apertum.qsystem.common.QLog.initial(QLog.java:187)}
2017-08-23 09:31:53,034 [ INFO] Languages are loading... at {ru.apertum.qsystem.client.Locales.<init>(Locales.java:79)}
2017-08-23 09:31:53,040 [DEBUG]    Langusge: Az?rbaycan az_AZ at {ru.apertum.qsystem.client.Locales.<init>(Locales.java:119)}
2017-08-23 09:31:53,043 [DEBUG]    Langusge: English en_US at {ru.apertum.qsystem.client.Locales.<init>(Locales.java:119)}
2017-08-23 09:31:53,045 [DEBUG]    Langusge: Espanol es_ES at {ru.apertum.qsystem.client.Locales.<init>(Locales.java:119)}
2017-08-23 09:31:53,046 [DEBUG]    Langusge: Fran?ais fr_FR at {ru.apertum.qsystem.client.Locales.<init>(Locales.java:119)}
2017-08-23 09:31:53,048 [DEBUG]    Langusge: Italiano it_IT at {ru.apertum.qsystem.client.Locales.<init>(Locales.java:119)}
2017-08-23 09:31:53,050 [DEBUG]    Langusge: Portugu?s pt_PT at {ru.apertum.qsystem.client.Locales.<init>(Locales.java:119)}
2017-08-23 09:31:53,053 [DEBUG]    Langusge: Roman ro_RO at {ru.apertum.qsystem.client.Locales.<init>(Locales.java:119)}
2017-08-23 09:31:53,054 [DEBUG]    Langusge: Русский ru_RU at {ru.apertum.qsystem.client.Locales.<init>(Locales.java:119)}
2017-08-23 09:31:53,056 [DEBUG]    Langusge: Українська uk_UA at {ru.apertum.qsystem.client.Locales.<init>(Locales.java:119)}
2017-08-23 09:31:53,758 [ INFO] DB server '+ driver=com.mysql.jdbc.Driver' url=jdbc:mysql://127.0.0.1/qsystem?autoReconnect=true&amp;characterEncoding=UTF-8 at {ru.apertum.qsystem.hibernate.AnnotationSessionFactoryBean.load(AnnotationSessionFactoryBean.java:183)}
2017-08-23 09:31:55,092 [ INFO] DB is OK. at {ru.apertum.qsystem.client.forms.FAdmin.main(FAdmin.java:1212)}
2017-08-23 09:31:55,098 [ INFO] Загрузка плагинов из папки plugins. at {ru.apertum.qsystem.common.Uses.loadPlugins(Uses.java:788)}
2017-08-23 09:31:55,103 [DEBUG] Плагин Journal.jar at {ru.apertum.qsystem.common.Uses.loadPlugins(Uses.java:795)}
2017-08-23 09:31:55,104 [DEBUG] Плагин Microsound.jar at {ru.apertum.qsystem.common.Uses.loadPlugins(Uses.java:795)}
2017-08-23 09:31:55,849 [ INFO] Создали список. at {ru.apertum.qsystem.server.model.ATListModel.createList(ATListModel.java:45)}
2017-08-23 09:31:55,856 [ INFO] Вход в систему. at {ru.apertum.qsystem.client.forms.FLogin.logining(FLogin.java:312)}
2017-08-23 09:31:57,967 [ INFO] Вход в систему выполнен. Пользователь "Администратор", уровень доступа "3". at {ru.apertum.qsystem.client.forms.FLogin.logining(FLogin.java:334)}
2017-08-23 09:31:58,435 [ INFO] Создали дерево. at {ru.apertum.qsystem.server.model.ATreeModel.createTree(ATreeModel.java:54)}
2017-08-23 09:31:58,439 [ INFO] Создали список. at {ru.apertum.qsystem.server.model.ATListModel.createList(ATListModel.java:45)}
2017-08-23 09:31:58,448 [ INFO] Создали дерево. at {ru.apertum.qsystem.server.model.ATreeModel.createTree(ATreeModel.java:54)}
2017-08-23 09:31:58,453 [ INFO] Создали дерево. at {ru.apertum.qsystem.server.model.ATreeModel.createTree(ATreeModel.java:54)}
2017-08-23 09:31:58,459 [ INFO] Создали список. at {ru.apertum.qsystem.server.model.ATListModel.createList(ATListModel.java:45)}
2017-08-23 09:31:58,462 [ INFO] Создали список. at {ru.apertum.qsystem.server.model.ATListModel.createList(ATListModel.java:45)}
2017-08-23 09:31:58,466 [ INFO] Создали список. at {ru.apertum.qsystem.server.model.ATListModel.createList(ATListModel.java:45)}
2017-08-23 09:31:58,492 [ INFO] Создали список. at {ru.apertum.qsystem.server.model.ATListModel.createList(ATListModel.java:45)}
2017-08-23 09:31:58,551 [DEBUG] Создаем модель для календаря at {ru.apertum.qsystem.server.model.calendar.CalendarTableModel.<init>(CalendarTableModel.java:44)}
2017-08-23 09:32:49,512 [ INFO] Properties are ready. at {ru.apertum.qsystem.common.QConfig.prepareCLI(QConfig.java:305)}
2017-08-23 09:32:49,516 [ INFO] "QSystem 17.1"!  date: 20.05.2017 at {ru.apertum.qsystem.common.QLog.initial(QLog.java:180)}
2017-08-23 09:32:49,517 [ INFO] START LOGER. Logger: admin.file.info.trace at {ru.apertum.qsystem.common.QLog.initial(QLog.java:181)}
2017-08-23 09:32:49,517 [ INFO] Mode: KEY_DEBUG at {ru.apertum.qsystem.common.QLog.initial(QLog.java:186)}
2017-08-23 09:32:49,518 [ INFO] Plugins: YES at {ru.apertum.qsystem.common.QLog.initial(QLog.java:187)}
2017-08-23 09:32:49,520 [ INFO] Languages are loading... at {ru.apertum.qsystem.client.Locales.<init>(Locales.java:79)}
2017-08-23 09:32:49,525 [DEBUG]    Langusge: Az?rbaycan az_AZ at {ru.apertum.qsystem.client.Locales.<init>(Locales.java:119)}
2017-08-23 09:32:49,528 [DEBUG]    Langusge: English en_US at {ru.apertum.qsystem.client.Locales.<init>(Locales.java:119)}
2017-08-23 09:32:49,529 [DEBUG]    Langusge: Espanol es_ES at {ru.apertum.qsystem.client.Locales.<init>(Locales.java:119)}
2017-08-23 09:32:49,531 [DEBUG]    Langusge: Fran?ais fr_FR at {ru.apertum.qsystem.client.Locales.<init>(Locales.java:119)}
2017-08-23 09:32:49,532 [DEBUG]    Langusge: Italiano it_IT at {ru.apertum.qsystem.client.Locales.<init>(Locales.java:119)}
2017-08-23 09:32:49,534 [DEBUG]    Langusge: Portugu?s pt_PT at {ru.apertum.qsystem.client.Locales.<init>(Locales.java:119)}
2017-08-23 09:32:49,535 [DEBUG]    Langusge: Roman ro_RO at {ru.apertum.qsystem.client.Locales.<init>(Locales.java:119)}
2017-08-23 09:32:49,537 [DEBUG]    Langusge: Русский ru_RU at {ru.apertum.qsystem.client.Locales.<init>(Locales.java:119)}
2017-08-23 09:32:49,538 [DEBUG]    Langusge: Українська uk_UA at {ru.apertum.qsystem.client.Locales.<init>(Locales.java:119)}
2017-08-23 09:32:50,219 [ INFO] DB server '+ driver=com.mysql.jdbc.Driver' url=jdbc:mysql://127.0.0.1/qsystem?autoReconnect=true&amp;characterEncoding=UTF-8 at {ru.apertum.qsystem.hibernate.AnnotationSessionFactoryBean.load(AnnotationSessionFactoryBean.java:183)}
2017-08-23 09:32:51,475 [ INFO] DB is OK. at {ru.apertum.qsystem.client.forms.FAdmin.main(FAdmin.java:1212)}
2017-08-23 09:32:51,480 [ INFO] Загрузка плагинов из папки plugins. at {ru.apertum.qsystem.common.Uses.loadPlugins(Uses.java:788)}
2017-08-23 09:32:51,482 [DEBUG] Плагин Journal.jar at {ru.apertum.qsystem.common.Uses.loadPlugins(Uses.java:795)}
2017-08-23 09:32:51,485 [DEBUG] Плагин Microsound.jar at {ru.apertum.qsystem.common.Uses.loadPlugins(Uses.java:795)}
2017-08-23 09:32:51,486 [DEBUG] Плагин ZoneboardPlugin.jar at {ru.apertum.qsystem.common.Uses.loadPlugins(Uses.java:795)}
2017-08-23 09:32:52,232 [ INFO] Создали список. at {ru.apertum.qsystem.server.model.ATListModel.createList(ATListModel.java:45)}
2017-08-23 09:32:52,238 [ INFO] Вход в систему. at {ru.apertum.qsystem.client.forms.FLogin.logining(FLogin.java:312)}
2017-08-23 09:32:55,314 [ INFO] Вход в систему выполнен. Пользователь "Администратор", уровень доступа "3". at {ru.apertum.qsystem.client.forms.FLogin.logining(FLogin.java:334)}
2017-08-23 09:32:55,777 [ INFO] Создали дерево. at {ru.apertum.qsystem.server.model.ATreeModel.createTree(ATreeModel.java:54)}
2017-08-23 09:32:55,781 [ INFO] Создали список. at {ru.apertum.qsystem.server.model.ATListModel.createList(ATListModel.java:45)}
2017-08-23 09:32:55,788 [ INFO] Создали дерево. at {ru.apertum.qsystem.server.model.ATreeModel.createTree(ATreeModel.java:54)}
2017-08-23 09:32:55,791 [ INFO] Создали дерево. at {ru.apertum.qsystem.server.model.ATreeModel.createTree(ATreeModel.java:54)}
2017-08-23 09:32:55,796 [ INFO] Создали список. at {ru.apertum.qsystem.server.model.ATListModel.createList(ATListModel.java:45)}
2017-08-23 09:32:55,799 [ INFO] Создали список. at {ru.apertum.qsystem.server.model.ATListModel.createList(ATListModel.java:45)}
2017-08-23 09:32:55,802 [ INFO] Создали список. at {ru.apertum.qsystem.server.model.ATListModel.createList(ATListModel.java:45)}
2017-08-23 09:32:55,821 [ INFO] Создали список. at {ru.apertum.qsystem.server.model.ATListModel.createList(ATListModel.java:45)}
2017-08-23 09:32:55,870 [DEBUG] Создаем модель для календаря at {ru.apertum.qsystem.server.model.calendar.CalendarTableModel.<init>(CalendarTableModel.java:44)}
2017-08-23 09:32:59,691 [ INFO] Вызов SPI расширения. Описание: Плагин "ZoneboardPlugin" v.=4 дата=14.02.2014 для опроса зонального сервера вывода информации на существование и совместимость. at {ru.apertum.qsystem.client.forms.FAdmin.buttonCheckZoneBoardServActionPerformed(FAdmin.java:5407)}
2017-08-23 09:32:59,729 [TRACE] Task "ping" on 127.0.0.1:27007#
{"params":{"text_data":"4"},"jsonrpc":"2.0","id":"1503469979717","method":"ping"} at {ru.apertum.qsystem.common.NetCommander.sendRpc(NetCommander.java:131)}
2017-08-23 09:32:59,731 [TRACE] Socket was created. at {ru.apertum.qsystem.common.NetCommander.sendRpc(NetCommander.java:139)}
2017-08-23 09:32:59,732 [TRACE] Sending... at {ru.apertum.qsystem.common.NetCommander.sendRpc(NetCommander.java:145)}
2017-08-23 09:32:59,732 [TRACE] Reading... at {ru.apertum.qsystem.common.NetCommander.sendRpc(NetCommander.java:147)}
2017-08-23 09:32:59,841 [TRACE] Response:
{"result":1,"jsonrpc":"2.0","id":"1503469979837"}
 at {ru.apertum.qsystem.common.NetCommander.sendRpc(NetCommander.java:159)}
2017-08-23 09:33:12,003 [ INFO] Вызов SPI расширения. Описание: Плагин "ZoneboardPlugin" v.=4 дата=14.02.2014 для опроса зонального сервера вывода информации на существование и совместимость. at {ru.apertum.qsystem.client.forms.FAdmin.buttonCheckZoneBoardServActionPerformed(FAdmin.java:5407)}
2017-08-23 09:33:12,007 [TRACE] Task "ping" on 127.0.0.1:27007#
{"params":{"text_data":"4"},"jsonrpc":"2.0","id":"1503469979717","method":"ping"} at {ru.apertum.qsystem.common.NetCommander.sendRpc(NetCommander.java:131)}
2017-08-23 09:33:12,009 [TRACE] Socket was created. at {ru.apertum.qsystem.common.NetCommander.sendRpc(NetCommander.java:139)}
2017-08-23 09:33:12,014 [TRACE] Sending... at {ru.apertum.qsystem.common.NetCommander.sendRpc(NetCommander.java:145)}
2017-08-23 09:33:12,017 [TRACE] Reading... at {ru.apertum.qsystem.common.NetCommander.sendRpc(NetCommander.java:147)}
2017-08-23 09:33:12,118 [TRACE] Response:
{"result":1,"jsonrpc":"2.0","id":"1503469992115"}
 at {ru.apertum.qsystem.common.NetCommander.sendRpc(NetCommander.java:159)}
2017-08-23 09:53:41,282 [ INFO] Properties are ready. at {ru.apertum.qsystem.common.QConfig.prepareCLI(QConfig.java:305)}
2017-08-23 09:53:41,286 [ INFO] "QSystem 17.1"!  date: 20.05.2017 at {ru.apertum.qsystem.common.QLog.initial(QLog.java:180)}
2017-08-23 09:53:41,287 [ INFO] START LOGER. Logger: admin.file.info.trace at {ru.apertum.qsystem.common.QLog.initial(QLog.java:181)}
2017-08-23 09:53:41,287 [ INFO] Mode: KEY_DEBUG at {ru.apertum.qsystem.common.QLog.initial(QLog.java:186)}
2017-08-23 09:53:41,287 [ INFO] Plugins: YES at {ru.apertum.qsystem.common.QLog.initial(QLog.java:187)}
2017-08-23 09:53:41,290 [ INFO] Languages are loading... at {ru.apertum.qsystem.client.Locales.<init>(Locales.java:79)}
2017-08-23 09:53:41,297 [DEBUG]    Langusge: Az?rbaycan az_AZ at {ru.apertum.qsystem.client.Locales.<init>(Locales.java:119)}
2017-08-23 09:53:41,301 [DEBUG]    Langusge: English en_US at {ru.apertum.qsystem.client.Locales.<init>(Locales.java:119)}
2017-08-23 09:53:41,303 [DEBUG]    Langusge: Espanol es_ES at {ru.apertum.qsystem.client.Locales.<init>(Locales.java:119)}
2017-08-23 09:53:41,307 [DEBUG]    Langusge: Fran?ais fr_FR at {ru.apertum.qsystem.client.Locales.<init>(Locales.java:119)}
2017-08-23 09:53:41,310 [DEBUG]    Langusge: Italiano it_IT at {ru.apertum.qsystem.client.Locales.<init>(Locales.java:119)}
2017-08-23 09:53:41,312 [DEBUG]    Langusge: Portugu?s pt_PT at {ru.apertum.qsystem.client.Locales.<init>(Locales.java:119)}
2017-08-23 09:53:41,314 [DEBUG]    Langusge: Roman ro_RO at {ru.apertum.qsystem.client.Locales.<init>(Locales.java:119)}
2017-08-23 09:53:41,315 [DEBUG]    Langusge: Русский ru_RU at {ru.apertum.qsystem.client.Locales.<init>(Locales.java:119)}
2017-08-23 09:53:41,317 [DEBUG]    Langusge: Українська uk_UA at {ru.apertum.qsystem.client.Locales.<init>(Locales.java:119)}
2017-08-23 09:53:42,081 [ INFO] DB server '+ driver=com.mysql.jdbc.Driver' url=jdbc:mysql://127.0.0.1/qsystem?autoReconnect=true&amp;characterEncoding=UTF-8 at {ru.apertum.qsystem.hibernate.AnnotationSessionFactoryBean.load(AnnotationSessionFactoryBean.java:183)}
2017-08-23 09:53:43,604 [ INFO] DB is OK. at {ru.apertum.qsystem.client.forms.FAdmin.main(FAdmin.java:1212)}
2017-08-23 09:53:43,612 [ INFO] Загрузка плагинов из папки plugins. at {ru.apertum.qsystem.common.Uses.loadPlugins(Uses.java:788)}
2017-08-23 09:53:43,613 [DEBUG] Плагин Journal.jar at {ru.apertum.qsystem.common.Uses.loadPlugins(Uses.java:795)}
2017-08-23 09:53:43,614 [DEBUG] Плагин Microsound.jar at {ru.apertum.qsystem.common.Uses.loadPlugins(Uses.java:795)}
2017-08-23 09:53:43,614 [DEBUG] Плагин ZoneboardPlugin.jar at {ru.apertum.qsystem.common.Uses.loadPlugins(Uses.java:795)}
2017-08-23 09:53:44,461 [ INFO] Создали список. at {ru.apertum.qsystem.server.model.ATListModel.createList(ATListModel.java:45)}
2017-08-23 09:53:44,470 [ INFO] Вход в систему. at {ru.apertum.qsystem.client.forms.FLogin.logining(FLogin.java:312)}
2017-08-23 09:53:49,258 [ INFO] Вход в систему выполнен. Пользователь "Администратор", уровень доступа "3". at {ru.apertum.qsystem.client.forms.FLogin.logining(FLogin.java:334)}
2017-08-23 09:53:49,820 [ INFO] Создали дерево. at {ru.apertum.qsystem.server.model.ATreeModel.createTree(ATreeModel.java:54)}
2017-08-23 09:53:49,827 [ INFO] Создали список. at {ru.apertum.qsystem.server.model.ATListModel.createList(ATListModel.java:45)}
2017-08-23 09:53:49,849 [ INFO] Создали дерево. at {ru.apertum.qsystem.server.model.ATreeModel.createTree(ATreeModel.java:54)}
2017-08-23 09:53:49,855 [ INFO] Создали дерево. at {ru.apertum.qsystem.server.model.ATreeModel.createTree(ATreeModel.java:54)}
2017-08-23 09:53:49,863 [ INFO] Создали список. at {ru.apertum.qsystem.server.model.ATListModel.createList(ATListModel.java:45)}
2017-08-23 09:53:49,868 [ INFO] Создали список. at {ru.apertum.qsystem.server.model.ATListModel.createList(ATListModel.java:45)}
2017-08-23 09:53:49,877 [ INFO] Создали список. at {ru.apertum.qsystem.server.model.ATListModel.createList(ATListModel.java:45)}
2017-08-23 09:53:49,919 [ INFO] Создали список. at {ru.apertum.qsystem.server.model.ATListModel.createList(ATListModel.java:45)}
2017-08-23 09:53:49,980 [DEBUG] Создаем модель для календаря at {ru.apertum.qsystem.server.model.calendar.CalendarTableModel.<init>(CalendarTableModel.java:44)}
2017-08-23 09:53:54,488 [ INFO] Вызов SPI расширения. Описание: Плагин "ZoneboardPlugin" v.=4 дата=14.02.2014 для опроса зонального сервера вывода информации на существование и совместимость. at {ru.apertum.qsystem.client.forms.FAdmin.buttonCheckZoneBoardServActionPerformed(FAdmin.java:5407)}
2017-08-23 09:53:54,527 [TRACE] Task "ping" on 127.0.0.1:27007#
{"params":{"text_data":"4"},"jsonrpc":"2.0","id":"1503471234519","method":"ping"} at {ru.apertum.qsystem.common.NetCommander.sendRpc(NetCommander.java:131)}
2017-08-23 09:53:54,528 [TRACE] Socket was created. at {ru.apertum.qsystem.common.NetCommander.sendRpc(NetCommander.java:139)}
2017-08-23 09:53:54,529 [TRACE] Sending... at {ru.apertum.qsystem.common.NetCommander.sendRpc(NetCommander.java:145)}
2017-08-23 09:53:54,529 [TRACE] Reading... at {ru.apertum.qsystem.common.NetCommander.sendRpc(NetCommander.java:147)}
2017-08-23 09:53:54,638 [TRACE] Response:
{"result":1,"jsonrpc":"2.0","id":"1503471234634"}
 at {ru.apertum.qsystem.common.NetCommander.sendRpc(NetCommander.java:159)}
2017-08-23 09:54:01,470 [ INFO] Вызов SPI расширения. Описание: Плагин "ZoneboardPlugin" v.=4 дата=14.02.2014 для опроса зонального сервера вывода информации на существование и совместимость. at {ru.apertum.qsystem.client.forms.FAdmin.buttonCheckZoneBoardServActionPerformed(FAdmin.java:5407)}
2017-08-23 09:54:01,473 [TRACE] Task "ping" on 127.0.0.1:27007#
{"params":{"text_data":"4"},"jsonrpc":"2.0","id":"1503471234519","method":"ping"} at {ru.apertum.qsystem.common.NetCommander.sendRpc(NetCommander.java:131)}
2017-08-23 09:54:01,474 [TRACE] Socket was created. at {ru.apertum.qsystem.common.NetCommander.sendRpc(NetCommander.java:139)}
2017-08-23 09:54:01,476 [TRACE] Sending... at {ru.apertum.qsystem.common.NetCommander.sendRpc(NetCommander.java:145)}
2017-08-23 09:54:01,477 [TRACE] Reading... at {ru.apertum.qsystem.common.NetCommander.sendRpc(NetCommander.java:147)}
2017-08-23 09:54:01,579 [TRACE] Response:
{"result":1,"jsonrpc":"2.0","id":"1503471241577"}
 at {ru.apertum.qsystem.common.NetCommander.sendRpc(NetCommander.java:159)}
2017-08-24 10:02:54,677 [ INFO] Properties are ready. at {ru.apertum.qsystem.common.QConfig.prepareCLI(QConfig.java:305)}
2017-08-24 10:02:54,680 [ INFO] "QSystem 17.1"!  date: 20.05.2017 at {ru.apertum.qsystem.common.QLog.initial(QLog.java:180)}
2017-08-24 10:02:54,681 [ INFO] START LOGER. Logger: admin.file.info.trace at {ru.apertum.qsystem.common.QLog.initial(QLog.java:181)}
2017-08-24 10:02:54,681 [ INFO] Mode: KEY_DEBUG at {ru.apertum.qsystem.common.QLog.initial(QLog.java:186)}
2017-08-24 10:02:54,682 [ INFO] Plugins: YES at {ru.apertum.qsystem.common.QLog.initial(QLog.java:187)}
2017-08-24 10:02:54,683 [ INFO] Languages are loading... at {ru.apertum.qsystem.client.Locales.<init>(Locales.java:79)}
2017-08-24 10:02:54,689 [DEBUG]    Langusge: Az?rbaycan az_AZ at {ru.apertum.qsystem.client.Locales.<init>(Locales.java:119)}
2017-08-24 10:02:54,692 [DEBUG]    Langusge: English en_US at {ru.apertum.qsystem.client.Locales.<init>(Locales.java:119)}
2017-08-24 10:02:54,694 [DEBUG]    Langusge: Espanol es_ES at {ru.apertum.qsystem.client.Locales.<init>(Locales.java:119)}
2017-08-24 10:02:54,696 [DEBUG]    Langusge: Fran?ais fr_FR at {ru.apertum.qsystem.client.Locales.<init>(Locales.java:119)}
2017-08-24 10:02:54,698 [DEBUG]    Langusge: Italiano it_IT at {ru.apertum.qsystem.client.Locales.<init>(Locales.java:119)}
2017-08-24 10:02:54,699 [DEBUG]    Langusge: Portugu?s pt_PT at {ru.apertum.qsystem.client.Locales.<init>(Locales.java:119)}
2017-08-24 10:02:54,700 [DEBUG]    Langusge: Roman ro_RO at {ru.apertum.qsystem.client.Locales.<init>(Locales.java:119)}
2017-08-24 10:02:54,702 [DEBUG]    Langusge: Русский ru_RU at {ru.apertum.qsystem.client.Locales.<init>(Locales.java:119)}
2017-08-24 10:02:54,703 [DEBUG]    Langusge: Українська uk_UA at {ru.apertum.qsystem.client.Locales.<init>(Locales.java:119)}
2017-08-24 11:09:05,000 [ INFO] Properties are ready. at {ru.apertum.qsystem.common.QConfig.prepareCLI(QConfig.java:305)}
2017-08-24 11:09:05,005 [ INFO] "QSystem 17.1"!  date: 20.05.2017 at {ru.apertum.qsystem.common.QLog.initial(QLog.java:180)}
2017-08-24 11:09:05,005 [ INFO] START LOGER. Logger: admin.file.info.trace at {ru.apertum.qsystem.common.QLog.initial(QLog.java:181)}
2017-08-24 11:09:05,005 [ INFO] Mode: KEY_DEBUG at {ru.apertum.qsystem.common.QLog.initial(QLog.java:186)}
2017-08-24 11:09:05,006 [ INFO] Plugins: YES at {ru.apertum.qsystem.common.QLog.initial(QLog.java:187)}
2017-08-24 11:09:05,009 [ INFO] Languages are loading... at {ru.apertum.qsystem.client.Locales.<init>(Locales.java:79)}
2017-08-24 11:09:05,016 [DEBUG]    Langusge: Az?rbaycan az_AZ at {ru.apertum.qsystem.client.Locales.<init>(Locales.java:119)}
2017-08-24 11:09:05,019 [DEBUG]    Langusge: English en_US at {ru.apertum.qsystem.client.Locales.<init>(Locales.java:119)}
2017-08-24 11:09:05,022 [DEBUG]    Langusge: Espanol es_ES at {ru.apertum.qsystem.client.Locales.<init>(Locales.java:119)}
2017-08-24 11:09:05,024 [DEBUG]    Langusge: Fran?ais fr_FR at {ru.apertum.qsystem.client.Locales.<init>(Locales.java:119)}
2017-08-24 11:09:05,026 [DEBUG]    Langusge: Italiano it_IT at {ru.apertum.qsystem.client.Locales.<init>(Locales.java:119)}
2017-08-24 11:09:05,029 [DEBUG]    Langusge: Portugu?s pt_PT at {ru.apertum.qsystem.client.Locales.<init>(Locales.java:119)}
2017-08-24 11:09:05,031 [DEBUG]    Langusge: Roman ro_RO at {ru.apertum.qsystem.client.Locales.<init>(Locales.java:119)}
2017-08-24 11:09:05,033 [DEBUG]    Langusge: Русский ru_RU at {ru.apertum.qsystem.client.Locales.<init>(Locales.java:119)}
2017-08-24 11:09:05,036 [DEBUG]    Langusge: Українська uk_UA at {ru.apertum.qsystem.client.Locales.<init>(Locales.java:119)}
2017-08-24 11:09:05,799 [ INFO] DB server '+ driver=com.mysql.jdbc.Driver' url=jdbc:mysql://127.0.0.1/qsystem?autoReconnect=true&amp;characterEncoding=UTF-8 at {ru.apertum.qsystem.hibernate.AnnotationSessionFactoryBean.load(AnnotationSessionFactoryBean.java:183)}
2017-08-24 11:09:07,347 [ INFO] DB is OK. at {ru.apertum.qsystem.client.forms.FAdmin.main(FAdmin.java:1212)}
2017-08-24 11:09:07,359 [ INFO] Загрузка плагинов из папки plugins. at {ru.apertum.qsystem.common.Uses.loadPlugins(Uses.java:788)}
2017-08-24 11:09:07,361 [DEBUG] Плагин ClientboardRS485Plugin.jar at {ru.apertum.qsystem.common.Uses.loadPlugins(Uses.java:795)}
2017-08-24 11:09:07,361 [DEBUG] Плагин Journal.jar at {ru.apertum.qsystem.common.Uses.loadPlugins(Uses.java:795)}
2017-08-24 11:09:07,362 [DEBUG] Плагин Microsound.jar at {ru.apertum.qsystem.common.Uses.loadPlugins(Uses.java:795)}
2017-08-24 11:09:07,363 [DEBUG] Плагин ZoneboardPlugin.jar at {ru.apertum.qsystem.common.Uses.loadPlugins(Uses.java:795)}
2017-08-24 11:09:08,484 [ INFO] Создали список. at {ru.apertum.qsystem.server.model.ATListModel.createList(ATListModel.java:45)}
2017-08-24 11:09:08,491 [ INFO] Вход в систему. at {ru.apertum.qsystem.client.forms.FLogin.logining(FLogin.java:313)}
2017-08-24 11:09:11,305 [ INFO] Вход в систему выполнен. Пользователь "Администратор", уровень доступа "3". at {ru.apertum.qsystem.client.forms.FLogin.logining(FLogin.java:335)}
2017-08-24 11:09:12,158 [ INFO] Создали дерево. at {ru.apertum.qsystem.server.model.ATreeModel.createTree(ATreeModel.java:54)}
2017-08-24 11:09:12,166 [ INFO] Создали список. at {ru.apertum.qsystem.server.model.ATListModel.createList(ATListModel.java:45)}
2017-08-24 11:09:12,181 [ INFO] Создали дерево. at {ru.apertum.qsystem.server.model.ATreeModel.createTree(ATreeModel.java:54)}
2017-08-24 11:09:12,191 [ INFO] Создали дерево. at {ru.apertum.qsystem.server.model.ATreeModel.createTree(ATreeModel.java:54)}
2017-08-24 11:09:12,198 [ INFO] Создали список. at {ru.apertum.qsystem.server.model.ATListModel.createList(ATListModel.java:45)}
2017-08-24 11:09:12,207 [ INFO] Создали список. at {ru.apertum.qsystem.server.model.ATListModel.createList(ATListModel.java:45)}
2017-08-24 11:09:12,215 [ INFO] Создали список. at {ru.apertum.qsystem.server.model.ATListModel.createList(ATListModel.java:45)}
2017-08-24 11:09:12,257 [ INFO] Создали список. at {ru.apertum.qsystem.server.model.ATListModel.createList(ATListModel.java:45)}
2017-08-24 11:09:12,337 [DEBUG] Создаем модель для календаря at {ru.apertum.qsystem.server.model.calendar.CalendarTableModel.<init>(CalendarTableModel.java:44)}
2017-08-25 08:20:30,707 [ INFO] Properties are ready. at {ru.apertum.qsystem.common.QConfig.prepareCLI(QConfig.java:305)}
2017-08-25 08:20:30,722 [ INFO] "QSystem 17.1"!  date: 20.05.2017 at {ru.apertum.qsystem.common.QLog.initial(QLog.java:180)}
2017-08-25 08:20:30,722 [ INFO] START LOGER. Logger: admin.file.info.trace at {ru.apertum.qsystem.common.QLog.initial(QLog.java:181)}
2017-08-25 08:20:30,723 [ INFO] Mode: KEY_DEBUG at {ru.apertum.qsystem.common.QLog.initial(QLog.java:186)}
2017-08-25 08:20:30,723 [ INFO] Plugins: YES at {ru.apertum.qsystem.common.QLog.initial(QLog.java:187)}
2017-08-25 08:20:30,735 [ INFO] Languages are loading... at {ru.apertum.qsystem.client.Locales.<init>(Locales.java:79)}
2017-08-25 08:20:30,759 [DEBUG]    Langusge: Az?rbaycan az_AZ at {ru.apertum.qsystem.client.Locales.<init>(Locales.java:119)}
2017-08-25 08:20:30,779 [DEBUG]    Langusge: English en_US at {ru.apertum.qsystem.client.Locales.<init>(Locales.java:119)}
2017-08-25 08:20:30,796 [DEBUG]    Langusge: Espanol es_ES at {ru.apertum.qsystem.client.Locales.<init>(Locales.java:119)}
2017-08-25 08:20:30,809 [DEBUG]    Langusge: Fran?ais fr_FR at {ru.apertum.qsystem.client.Locales.<init>(Locales.java:119)}
2017-08-25 08:20:30,817 [DEBUG]    Langusge: Italiano it_IT at {ru.apertum.qsystem.client.Locales.<init>(Locales.java:119)}
2017-08-25 08:20:30,827 [DEBUG]    Langusge: Portugu?s pt_PT at {ru.apertum.qsystem.client.Locales.<init>(Locales.java:119)}
2017-08-25 08:20:30,833 [DEBUG]    Langusge: Roman ro_RO at {ru.apertum.qsystem.client.Locales.<init>(Locales.java:119)}
2017-08-25 08:20:30,836 [DEBUG]    Langusge: Русский ru_RU at {ru.apertum.qsystem.client.Locales.<init>(Locales.java:119)}
2017-08-25 08:20:30,846 [DEBUG]    Langusge: Українська uk_UA at {ru.apertum.qsystem.client.Locales.<init>(Locales.java:119)}
2017-08-25 08:20:31,817 [ INFO] DB server '+ driver=com.mysql.jdbc.Driver' url=jdbc:mysql://127.0.0.1/qsystem?autoReconnect=true&amp;characterEncoding=UTF-8 at {ru.apertum.qsystem.hibernate.AnnotationSessionFactoryBean.load(AnnotationSessionFactoryBean.java:183)}
2017-08-25 08:21:35,645 [ INFO] DB is OK. at {ru.apertum.qsystem.client.forms.FAdmin.main(FAdmin.java:1212)}
2017-08-25 08:21:35,673 [ INFO] Загрузка плагинов из папки plugins. at {ru.apertum.qsystem.common.Uses.loadPlugins(Uses.java:788)}
2017-08-25 08:21:35,675 [DEBUG] Плагин ClientboardRS485Plugin.jar at {ru.apertum.qsystem.common.Uses.loadPlugins(Uses.java:795)}
2017-08-25 08:21:35,676 [DEBUG] Плагин Journal.jar at {ru.apertum.qsystem.common.Uses.loadPlugins(Uses.java:795)}
2017-08-25 08:21:35,677 [DEBUG] Плагин Microsound.jar at {ru.apertum.qsystem.common.Uses.loadPlugins(Uses.java:795)}
2017-08-25 08:21:35,677 [DEBUG] Плагин ZoneboardPlugin.jar at {ru.apertum.qsystem.common.Uses.loadPlugins(Uses.java:795)}
2017-08-25 08:21:37,007 [ INFO] Создали список. at {ru.apertum.qsystem.server.model.ATListModel.createList(ATListModel.java:45)}
2017-08-25 08:21:37,183 [ INFO] Вход в систему. at {ru.apertum.qsystem.client.forms.FLogin.logining(FLogin.java:313)}
2017-08-25 08:21:43,940 [ INFO] Properties are ready. at {ru.apertum.qsystem.common.QConfig.prepareCLI(QConfig.java:305)}
2017-08-25 08:21:43,945 [ INFO] "QSystem 17.1"!  date: 20.05.2017 at {ru.apertum.qsystem.common.QLog.initial(QLog.java:180)}
2017-08-25 08:21:43,945 [ INFO] START LOGER. Logger: admin.file.info.trace at {ru.apertum.qsystem.common.QLog.initial(QLog.java:181)}
2017-08-25 08:21:43,945 [ INFO] Mode: KEY_DEBUG at {ru.apertum.qsystem.common.QLog.initial(QLog.java:186)}
2017-08-25 08:21:43,946 [ INFO] Plugins: YES at {ru.apertum.qsystem.common.QLog.initial(QLog.java:187)}
2017-08-25 08:21:43,948 [ INFO] Languages are loading... at {ru.apertum.qsystem.client.Locales.<init>(Locales.java:79)}
2017-08-25 08:21:43,955 [DEBUG]    Langusge: Az?rbaycan az_AZ at {ru.apertum.qsystem.client.Locales.<init>(Locales.java:119)}
2017-08-25 08:21:43,958 [DEBUG]    Langusge: English en_US at {ru.apertum.qsystem.client.Locales.<init>(Locales.java:119)}
2017-08-25 08:21:43,960 [DEBUG]    Langusge: Espanol es_ES at {ru.apertum.qsystem.client.Locales.<init>(Locales.java:119)}
2017-08-25 08:21:43,961 [DEBUG]    Langusge: Fran?ais fr_FR at {ru.apertum.qsystem.client.Locales.<init>(Locales.java:119)}
2017-08-25 08:21:43,962 [DEBUG]    Langusge: Italiano it_IT at {ru.apertum.qsystem.client.Locales.<init>(Locales.java:119)}
2017-08-25 08:21:43,963 [DEBUG]    Langusge: Portugu?s pt_PT at {ru.apertum.qsystem.client.Locales.<init>(Locales.java:119)}
2017-08-25 08:21:43,969 [DEBUG]    Langusge: Roman ro_RO at {ru.apertum.qsystem.client.Locales.<init>(Locales.java:119)}
2017-08-25 08:21:43,971 [DEBUG]    Langusge: Русский ru_RU at {ru.apertum.qsystem.client.Locales.<init>(Locales.java:119)}
2017-08-25 08:21:43,974 [DEBUG]    Langusge: Українська uk_UA at {ru.apertum.qsystem.client.Locales.<init>(Locales.java:119)}
2017-08-25 08:21:44,795 [ INFO] DB server '+ driver=com.mysql.jdbc.Driver' url=jdbc:mysql://127.0.0.1/qsystem?autoReconnect=true&amp;characterEncoding=UTF-8 at {ru.apertum.qsystem.hibernate.AnnotationSessionFactoryBean.load(AnnotationSessionFactoryBean.java:183)}
2017-08-25 08:21:54,871 [ INFO] DB is OK. at {ru.apertum.qsystem.client.forms.FAdmin.main(FAdmin.java:1212)}
2017-08-25 08:21:54,889 [ INFO] Загрузка плагинов из папки plugins. at {ru.apertum.qsystem.common.Uses.loadPlugins(Uses.java:788)}
2017-08-25 08:21:54,890 [DEBUG] Плагин ClientboardRS485Plugin.jar at {ru.apertum.qsystem.common.Uses.loadPlugins(Uses.java:795)}
2017-08-25 08:21:54,906 [DEBUG] Плагин Journal.jar at {ru.apertum.qsystem.common.Uses.loadPlugins(Uses.java:795)}
2017-08-25 08:21:54,907 [DEBUG] Плагин Microsound.jar at {ru.apertum.qsystem.common.Uses.loadPlugins(Uses.java:795)}
2017-08-25 08:21:54,910 [DEBUG] Плагин ZoneboardPlugin.jar at {ru.apertum.qsystem.common.Uses.loadPlugins(Uses.java:795)}
2017-08-25 08:21:55,938 [ INFO] Создали список. at {ru.apertum.qsystem.server.model.ATListModel.createList(ATListModel.java:45)}
2017-08-25 08:21:55,946 [ INFO] Вход в систему. at {ru.apertum.qsystem.client.forms.FLogin.logining(FLogin.java:313)}
2017-08-25 08:22:01,951 [ INFO] Properties are ready. at {ru.apertum.qsystem.common.QConfig.prepareCLI(QConfig.java:305)}
2017-08-25 08:22:01,956 [ INFO] "QSystem 17.1"!  date: 20.05.2017 at {ru.apertum.qsystem.common.QLog.initial(QLog.java:180)}
2017-08-25 08:22:01,956 [ INFO] START LOGER. Logger: admin.file.info.trace at {ru.apertum.qsystem.common.QLog.initial(QLog.java:181)}
2017-08-25 08:22:01,957 [ INFO] Mode: KEY_DEBUG at {ru.apertum.qsystem.common.QLog.initial(QLog.java:186)}
2017-08-25 08:22:01,957 [ INFO] Plugins: YES at {ru.apertum.qsystem.common.QLog.initial(QLog.java:187)}
2017-08-25 08:22:01,959 [ INFO] Languages are loading... at {ru.apertum.qsystem.client.Locales.<init>(Locales.java:79)}
2017-08-25 08:22:01,966 [DEBUG]    Langusge: Az?rbaycan az_AZ at {ru.apertum.qsystem.client.Locales.<init>(Locales.java:119)}
2017-08-25 08:22:01,969 [DEBUG]    Langusge: English en_US at {ru.apertum.qsystem.client.Locales.<init>(Locales.java:119)}
2017-08-25 08:22:01,971 [DEBUG]    Langusge: Espanol es_ES at {ru.apertum.qsystem.client.Locales.<init>(Locales.java:119)}
2017-08-25 08:22:01,972 [DEBUG]    Langusge: Fran?ais fr_FR at {ru.apertum.qsystem.client.Locales.<init>(Locales.java:119)}
2017-08-25 08:22:01,974 [DEBUG]    Langusge: Italiano it_IT at {ru.apertum.qsystem.client.Locales.<init>(Locales.java:119)}
2017-08-25 08:22:01,976 [DEBUG]    Langusge: Portugu?s pt_PT at {ru.apertum.qsystem.client.Locales.<init>(Locales.java:119)}
2017-08-25 08:22:01,978 [DEBUG]    Langusge: Roman ro_RO at {ru.apertum.qsystem.client.Locales.<init>(Locales.java:119)}
2017-08-25 08:22:01,980 [DEBUG]    Langusge: Русский ru_RU at {ru.apertum.qsystem.client.Locales.<init>(Locales.java:119)}
2017-08-25 08:22:01,981 [DEBUG]    Langusge: Українська uk_UA at {ru.apertum.qsystem.client.Locales.<init>(Locales.java:119)}
2017-08-25 08:22:02,822 [ INFO] DB server '+ driver=com.mysql.jdbc.Driver' url=jdbc:mysql://127.0.0.1/qsystem?autoReconnect=true&amp;characterEncoding=UTF-8 at {ru.apertum.qsystem.hibernate.AnnotationSessionFactoryBean.load(AnnotationSessionFactoryBean.java:183)}
2017-08-25 08:22:26,891 [ INFO] DB is OK. at {ru.apertum.qsystem.client.forms.FAdmin.main(FAdmin.java:1212)}
2017-08-25 08:22:26,917 [ INFO] Загрузка плагинов из папки plugins. at {ru.apertum.qsystem.common.Uses.loadPlugins(Uses.java:788)}
2017-08-25 08:22:26,918 [DEBUG] Плагин ClientboardRS485Plugin.jar at {ru.apertum.qsystem.common.Uses.loadPlugins(Uses.java:795)}
2017-08-25 08:22:26,919 [DEBUG] Плагин Journal.jar at {ru.apertum.qsystem.common.Uses.loadPlugins(Uses.java:795)}
2017-08-25 08:22:26,920 [DEBUG] Плагин Microsound.jar at {ru.apertum.qsystem.common.Uses.loadPlugins(Uses.java:795)}
2017-08-25 08:22:26,921 [DEBUG] Плагин ZoneboardPlugin.jar at {ru.apertum.qsystem.common.Uses.loadPlugins(Uses.java:795)}
2017-08-25 08:22:28,544 [ INFO] Создали список. at {ru.apertum.qsystem.server.model.ATListModel.createList(ATListModel.java:45)}
2017-08-25 08:22:28,551 [ INFO] Вход в систему. at {ru.apertum.qsystem.client.forms.FLogin.logining(FLogin.java:313)}
2017-08-25 08:23:35,493 [ INFO] Properties are ready. at {ru.apertum.qsystem.common.QConfig.prepareCLI(QConfig.java:305)}
2017-08-25 08:23:35,497 [ INFO] "QSystem 17.1"!  date: 20.05.2017 at {ru.apertum.qsystem.common.QLog.initial(QLog.java:180)}
2017-08-25 08:23:35,498 [ INFO] START LOGER. Logger: admin.file.info.trace at {ru.apertum.qsystem.common.QLog.initial(QLog.java:181)}
2017-08-25 08:23:35,498 [ INFO] Mode: KEY_DEBUG at {ru.apertum.qsystem.common.QLog.initial(QLog.java:186)}
2017-08-25 08:23:35,498 [ INFO] Plugins: YES at {ru.apertum.qsystem.common.QLog.initial(QLog.java:187)}
2017-08-25 08:23:35,501 [ INFO] Languages are loading... at {ru.apertum.qsystem.client.Locales.<init>(Locales.java:79)}
2017-08-25 08:23:35,509 [DEBUG]    Langusge: Az?rbaycan az_AZ at {ru.apertum.qsystem.client.Locales.<init>(Locales.java:119)}
2017-08-25 08:23:35,512 [DEBUG]    Langusge: English en_US at {ru.apertum.qsystem.client.Locales.<init>(Locales.java:119)}
2017-08-25 08:23:35,514 [DEBUG]    Langusge: Espanol es_ES at {ru.apertum.qsystem.client.Locales.<init>(Locales.java:119)}
2017-08-25 08:23:35,517 [DEBUG]    Langusge: Fran?ais fr_FR at {ru.apertum.qsystem.client.Locales.<init>(Locales.java:119)}
2017-08-25 08:23:35,519 [DEBUG]    Langusge: Italiano it_IT at {ru.apertum.qsystem.client.Locales.<init>(Locales.java:119)}
2017-08-25 08:23:35,520 [DEBUG]    Langusge: Portugu?s pt_PT at {ru.apertum.qsystem.client.Locales.<init>(Locales.java:119)}
2017-08-25 08:23:35,522 [DEBUG]    Langusge: Roman ro_RO at {ru.apertum.qsystem.client.Locales.<init>(Locales.java:119)}
2017-08-25 08:23:35,524 [DEBUG]    Langusge: Русский ru_RU at {ru.apertum.qsystem.client.Locales.<init>(Locales.java:119)}
2017-08-25 08:23:35,526 [DEBUG]    Langusge: Українська uk_UA at {ru.apertum.qsystem.client.Locales.<init>(Locales.java:119)}
2017-08-25 08:23:36,356 [ INFO] DB server '+ driver=com.mysql.jdbc.Driver' url=jdbc:mysql://10.5.18.10:3306/qsystem?autoReconnect=true&amp;characterEncoding=UTF-8 at {ru.apertum.qsystem.hibernate.AnnotationSessionFactoryBean.load(AnnotationSessionFactoryBean.java:183)}
2017-08-25 08:24:10,834 [ERROR] Error! Could not create connection to database server. Attempted reconnect 3 times. Giving up.
Access denied for user 'spy'@'10.5.0.94' (using password: YES) at {ru.apertum.qsystem.common.exceptions.ServerException.<init>(ServerException.java:32)}
ru.apertum.qsystem.common.exceptions.ClientException: Could not create connection to database server. Attempted reconnect 3 times. Giving up.
Access denied for user 'spy'@'10.5.0.94' (using password: YES)
	at ru.apertum.qsystem.client.forms.FAdmin.main(FAdmin.java:1208)
2017-08-25 08:24:22,246 [ INFO] Properties are ready. at {ru.apertum.qsystem.common.QConfig.prepareCLI(QConfig.java:305)}
2017-08-25 08:24:22,250 [ INFO] "QSystem 17.1"!  date: 20.05.2017 at {ru.apertum.qsystem.common.QLog.initial(QLog.java:180)}
2017-08-25 08:24:22,251 [ INFO] START LOGER. Logger: admin.file.info.trace at {ru.apertum.qsystem.common.QLog.initial(QLog.java:181)}
2017-08-25 08:24:22,251 [ INFO] Mode: KEY_DEBUG at {ru.apertum.qsystem.common.QLog.initial(QLog.java:186)}
2017-08-25 08:24:22,251 [ INFO] Plugins: YES at {ru.apertum.qsystem.common.QLog.initial(QLog.java:187)}
2017-08-25 08:24:22,254 [ INFO] Languages are loading... at {ru.apertum.qsystem.client.Locales.<init>(Locales.java:79)}
2017-08-25 08:24:22,261 [DEBUG]    Langusge: Az?rbaycan az_AZ at {ru.apertum.qsystem.client.Locales.<init>(Locales.java:119)}
2017-08-25 08:24:22,265 [DEBUG]    Langusge: English en_US at {ru.apertum.qsystem.client.Locales.<init>(Locales.java:119)}
2017-08-25 08:24:22,267 [DEBUG]    Langusge: Espanol es_ES at {ru.apertum.qsystem.client.Locales.<init>(Locales.java:119)}
2017-08-25 08:24:22,269 [DEBUG]    Langusge: Fran?ais fr_FR at {ru.apertum.qsystem.client.Locales.<init>(Locales.java:119)}
2017-08-25 08:24:22,270 [DEBUG]    Langusge: Italiano it_IT at {ru.apertum.qsystem.client.Locales.<init>(Locales.java:119)}
2017-08-25 08:24:22,272 [DEBUG]    Langusge: Portugu?s pt_PT at {ru.apertum.qsystem.client.Locales.<init>(Locales.java:119)}
2017-08-25 08:24:22,274 [DEBUG]    Langusge: Roman ro_RO at {ru.apertum.qsystem.client.Locales.<init>(Locales.java:119)}
2017-08-25 08:24:22,277 [DEBUG]    Langusge: Русский ru_RU at {ru.apertum.qsystem.client.Locales.<init>(Locales.java:119)}
2017-08-25 08:24:22,279 [DEBUG]    Langusge: Українська uk_UA at {ru.apertum.qsystem.client.Locales.<init>(Locales.java:119)}
2017-08-25 08:24:23,107 [ INFO] DB server '+ driver=com.mysql.jdbc.Driver' url=jdbc:mysql://10.5.18.10:3306/qsystem?autoReconnect=true&amp;characterEncoding=UTF-8 at {ru.apertum.qsystem.hibernate.AnnotationSessionFactoryBean.load(AnnotationSessionFactoryBean.java:183)}
2017-08-25 08:24:58,702 [ERROR] Error! Could not create connection to database server. Attempted reconnect 3 times. Giving up.
Access denied for user 'spy'@'10.5.0.94' (using password: YES) at {ru.apertum.qsystem.common.exceptions.ServerException.<init>(ServerException.java:32)}
ru.apertum.qsystem.common.exceptions.ClientException: Could not create connection to database server. Attempted reconnect 3 times. Giving up.
Access denied for user 'spy'@'10.5.0.94' (using password: YES)
	at ru.apertum.qsystem.client.forms.FAdmin.main(FAdmin.java:1208)
2017-08-25 08:28:19,778 [ INFO] Properties are ready. at {ru.apertum.qsystem.common.QConfig.prepareCLI(QConfig.java:305)}
2017-08-25 08:28:19,782 [ INFO] "QSystem 17.1"!  date: 20.05.2017 at {ru.apertum.qsystem.common.QLog.initial(QLog.java:180)}
2017-08-25 08:28:19,782 [ INFO] START LOGER. Logger: admin.file.info.trace at {ru.apertum.qsystem.common.QLog.initial(QLog.java:181)}
2017-08-25 08:28:19,782 [ INFO] Mode: KEY_DEBUG at {ru.apertum.qsystem.common.QLog.initial(QLog.java:186)}
2017-08-25 08:28:19,782 [ INFO] Plugins: YES at {ru.apertum.qsystem.common.QLog.initial(QLog.java:187)}
2017-08-25 08:28:19,785 [ INFO] Languages are loading... at {ru.apertum.qsystem.client.Locales.<init>(Locales.java:79)}
2017-08-25 08:28:19,793 [DEBUG]    Langusge: Az?rbaycan az_AZ at {ru.apertum.qsystem.client.Locales.<init>(Locales.java:119)}
2017-08-25 08:28:19,796 [DEBUG]    Langusge: English en_US at {ru.apertum.qsystem.client.Locales.<init>(Locales.java:119)}
2017-08-25 08:28:19,797 [DEBUG]    Langusge: Espanol es_ES at {ru.apertum.qsystem.client.Locales.<init>(Locales.java:119)}
2017-08-25 08:28:19,799 [DEBUG]    Langusge: Fran?ais fr_FR at {ru.apertum.qsystem.client.Locales.<init>(Locales.java:119)}
2017-08-25 08:28:19,800 [DEBUG]    Langusge: Italiano it_IT at {ru.apertum.qsystem.client.Locales.<init>(Locales.java:119)}
2017-08-25 08:28:19,804 [DEBUG]    Langusge: Portugu?s pt_PT at {ru.apertum.qsystem.client.Locales.<init>(Locales.java:119)}
2017-08-25 08:28:19,807 [DEBUG]    Langusge: Roman ro_RO at {ru.apertum.qsystem.client.Locales.<init>(Locales.java:119)}
2017-08-25 08:28:19,808 [DEBUG]    Langusge: Русский ru_RU at {ru.apertum.qsystem.client.Locales.<init>(Locales.java:119)}
2017-08-25 08:28:19,815 [DEBUG]    Langusge: Українська uk_UA at {ru.apertum.qsystem.client.Locales.<init>(Locales.java:119)}
2017-08-25 08:28:20,525 [ INFO] DB server '+ driver=com.mysql.jdbc.Driver' url=jdbc:mysql://10.5.18.10/qsystem?autoReconnect=true&amp;characterEncoding=UTF-8 at {ru.apertum.qsystem.hibernate.AnnotationSessionFactoryBean.load(AnnotationSessionFactoryBean.java:183)}
2017-08-25 08:28:35,663 [ERROR] Error! Could not create connection to database server. Attempted reconnect 3 times. Giving up.
Access denied for user 'spy'@'10.5.0.94' (using password: YES) at {ru.apertum.qsystem.common.exceptions.ServerException.<init>(ServerException.java:32)}
ru.apertum.qsystem.common.exceptions.ClientException: Could not create connection to database server. Attempted reconnect 3 times. Giving up.
Access denied for user 'spy'@'10.5.0.94' (using password: YES)
	at ru.apertum.qsystem.client.forms.FAdmin.main(FAdmin.java:1208)
2017-08-25 08:28:57,103 [ INFO] Properties are ready. at {ru.apertum.qsystem.common.QConfig.prepareCLI(QConfig.java:305)}
2017-08-25 08:28:57,107 [ INFO] "QSystem 17.1"!  date: 20.05.2017 at {ru.apertum.qsystem.common.QLog.initial(QLog.java:180)}
2017-08-25 08:28:57,108 [ INFO] START LOGER. Logger: admin.file.info.trace at {ru.apertum.qsystem.common.QLog.initial(QLog.java:181)}
2017-08-25 08:28:57,108 [ INFO] Mode: KEY_DEBUG at {ru.apertum.qsystem.common.QLog.initial(QLog.java:186)}
2017-08-25 08:28:57,108 [ INFO] Plugins: YES at {ru.apertum.qsystem.common.QLog.initial(QLog.java:187)}
2017-08-25 08:28:57,111 [ INFO] Languages are loading... at {ru.apertum.qsystem.client.Locales.<init>(Locales.java:79)}
2017-08-25 08:28:57,117 [DEBUG]    Langusge: Az?rbaycan az_AZ at {ru.apertum.qsystem.client.Locales.<init>(Locales.java:119)}
2017-08-25 08:28:57,120 [DEBUG]    Langusge: English en_US at {ru.apertum.qsystem.client.Locales.<init>(Locales.java:119)}
2017-08-25 08:28:57,123 [DEBUG]    Langusge: Espanol es_ES at {ru.apertum.qsystem.client.Locales.<init>(Locales.java:119)}
2017-08-25 08:28:57,126 [DEBUG]    Langusge: Fran?ais fr_FR at {ru.apertum.qsystem.client.Locales.<init>(Locales.java:119)}
2017-08-25 08:28:57,128 [DEBUG]    Langusge: Italiano it_IT at {ru.apertum.qsystem.client.Locales.<init>(Locales.java:119)}
2017-08-25 08:28:57,135 [DEBUG]    Langusge: Portugu?s pt_PT at {ru.apertum.qsystem.client.Locales.<init>(Locales.java:119)}
2017-08-25 08:28:57,144 [DEBUG]    Langusge: Roman ro_RO at {ru.apertum.qsystem.client.Locales.<init>(Locales.java:119)}
2017-08-25 08:28:57,145 [DEBUG]    Langusge: Русский ru_RU at {ru.apertum.qsystem.client.Locales.<init>(Locales.java:119)}
2017-08-25 08:28:57,147 [DEBUG]    Langusge: Українська uk_UA at {ru.apertum.qsystem.client.Locales.<init>(Locales.java:119)}
2017-08-25 08:28:57,869 [ INFO] DB server '+ driver=com.mysql.jdbc.Driver' url=jdbc:mysql://10.5.18.10/qsystem?autoReconnect=true&amp;characterEncoding=UTF-8 at {ru.apertum.qsystem.hibernate.AnnotationSessionFactoryBean.load(AnnotationSessionFactoryBean.java:183)}
2017-08-25 08:28:59,290 [ INFO] DB is OK. at {ru.apertum.qsystem.client.forms.FAdmin.main(FAdmin.java:1212)}
2017-08-25 08:28:59,308 [ INFO] Загрузка плагинов из папки plugins. at {ru.apertum.qsystem.common.Uses.loadPlugins(Uses.java:788)}
2017-08-25 08:28:59,309 [DEBUG] Плагин ClientboardRS485Plugin.jar at {ru.apertum.qsystem.common.Uses.loadPlugins(Uses.java:795)}
2017-08-25 08:28:59,310 [DEBUG] Плагин Journal.jar at {ru.apertum.qsystem.common.Uses.loadPlugins(Uses.java:795)}
2017-08-25 08:28:59,310 [DEBUG] Плагин Microsound.jar at {ru.apertum.qsystem.common.Uses.loadPlugins(Uses.java:795)}
2017-08-25 08:28:59,315 [DEBUG] Плагин ZoneboardPlugin.jar at {ru.apertum.qsystem.common.Uses.loadPlugins(Uses.java:795)}
2017-08-25 08:29:01,650 [ INFO] Создали список. at {ru.apertum.qsystem.server.model.ATListModel.createList(ATListModel.java:45)}
2017-08-25 08:29:01,659 [ INFO] Вход в систему. at {ru.apertum.qsystem.client.forms.FLogin.logining(FLogin.java:313)}
2017-08-25 08:29:15,196 [ INFO] Properties are ready. at {ru.apertum.qsystem.common.QConfig.prepareCLI(QConfig.java:305)}
2017-08-25 08:29:15,200 [ INFO] "QSystem 17.1"!  date: 20.05.2017 at {ru.apertum.qsystem.common.QLog.initial(QLog.java:180)}
2017-08-25 08:29:15,200 [ INFO] START LOGER. Logger: admin.file.info.trace at {ru.apertum.qsystem.common.QLog.initial(QLog.java:181)}
2017-08-25 08:29:15,201 [ INFO] Mode: KEY_DEBUG at {ru.apertum.qsystem.common.QLog.initial(QLog.java:186)}
2017-08-25 08:29:15,201 [ INFO] Plugins: YES at {ru.apertum.qsystem.common.QLog.initial(QLog.java:187)}
2017-08-25 08:29:15,203 [ INFO] Languages are loading... at {ru.apertum.qsystem.client.Locales.<init>(Locales.java:79)}
2017-08-25 08:29:15,210 [DEBUG]    Langusge: Az?rbaycan az_AZ at {ru.apertum.qsystem.client.Locales.<init>(Locales.java:119)}
2017-08-25 08:29:15,213 [DEBUG]    Langusge: English en_US at {ru.apertum.qsystem.client.Locales.<init>(Locales.java:119)}
2017-08-25 08:29:15,216 [DEBUG]    Langusge: Espanol es_ES at {ru.apertum.qsystem.client.Locales.<init>(Locales.java:119)}
2017-08-25 08:29:15,218 [DEBUG]    Langusge: Fran?ais fr_FR at {ru.apertum.qsystem.client.Locales.<init>(Locales.java:119)}
2017-08-25 08:29:15,219 [DEBUG]    Langusge: Italiano it_IT at {ru.apertum.qsystem.client.Locales.<init>(Locales.java:119)}
2017-08-25 08:29:15,221 [DEBUG]    Langusge: Portugu?s pt_PT at {ru.apertum.qsystem.client.Locales.<init>(Locales.java:119)}
2017-08-25 08:29:15,222 [DEBUG]    Langusge: Roman ro_RO at {ru.apertum.qsystem.client.Locales.<init>(Locales.java:119)}
2017-08-25 08:29:15,223 [DEBUG]    Langusge: Русский ru_RU at {ru.apertum.qsystem.client.Locales.<init>(Locales.java:119)}
2017-08-25 08:29:15,224 [DEBUG]    Langusge: Українська uk_UA at {ru.apertum.qsystem.client.Locales.<init>(Locales.java:119)}
2017-08-25 08:29:16,002 [ INFO] DB server '+ driver=com.mysql.jdbc.Driver' url=jdbc:mysql://10.5.18.10:3306/qsystem?autoReconnect=true&amp;characterEncoding=UTF-8 at {ru.apertum.qsystem.hibernate.AnnotationSessionFactoryBean.load(AnnotationSessionFactoryBean.java:183)}
2017-08-25 08:29:17,431 [ INFO] DB is OK. at {ru.apertum.qsystem.client.forms.FAdmin.main(FAdmin.java:1212)}
2017-08-25 08:29:17,437 [ INFO] Загрузка плагинов из папки plugins. at {ru.apertum.qsystem.common.Uses.loadPlugins(Uses.java:788)}
2017-08-25 08:29:17,439 [DEBUG] Плагин ClientboardRS485Plugin.jar at {ru.apertum.qsystem.common.Uses.loadPlugins(Uses.java:795)}
2017-08-25 08:29:17,439 [DEBUG] Плагин Journal.jar at {ru.apertum.qsystem.common.Uses.loadPlugins(Uses.java:795)}
2017-08-25 08:29:17,440 [DEBUG] Плагин Microsound.jar at {ru.apertum.qsystem.common.Uses.loadPlugins(Uses.java:795)}
2017-08-25 08:29:17,440 [DEBUG] Плагин ZoneboardPlugin.jar at {ru.apertum.qsystem.common.Uses.loadPlugins(Uses.java:795)}
2017-08-25 08:29:19,612 [ INFO] Создали список. at {ru.apertum.qsystem.server.model.ATListModel.createList(ATListModel.java:45)}
2017-08-25 08:29:19,622 [ INFO] Вход в систему. at {ru.apertum.qsystem.client.forms.FLogin.logining(FLogin.java:313)}
2017-08-25 08:31:03,782 [ INFO] Properties are ready. at {ru.apertum.qsystem.common.QConfig.prepareCLI(QConfig.java:305)}
2017-08-25 08:31:03,786 [ INFO] "QSystem 17.1"!  date: 20.05.2017 at {ru.apertum.qsystem.common.QLog.initial(QLog.java:180)}
2017-08-25 08:31:03,787 [ INFO] START LOGER. Logger: admin.file.info.trace at {ru.apertum.qsystem.common.QLog.initial(QLog.java:181)}
2017-08-25 08:31:03,787 [ INFO] Mode: KEY_DEBUG at {ru.apertum.qsystem.common.QLog.initial(QLog.java:186)}
2017-08-25 08:31:03,787 [ INFO] Plugins: YES at {ru.apertum.qsystem.common.QLog.initial(QLog.java:187)}
2017-08-25 08:31:03,789 [ INFO] Languages are loading... at {ru.apertum.qsystem.client.Locales.<init>(Locales.java:79)}
2017-08-25 08:31:03,799 [DEBUG]    Langusge: Az?rbaycan az_AZ at {ru.apertum.qsystem.client.Locales.<init>(Locales.java:119)}
2017-08-25 08:31:03,803 [DEBUG]    Langusge: English en_US at {ru.apertum.qsystem.client.Locales.<init>(Locales.java:119)}
2017-08-25 08:31:03,806 [DEBUG]    Langusge: Espanol es_ES at {ru.apertum.qsystem.client.Locales.<init>(Locales.java:119)}
2017-08-25 08:31:03,810 [DEBUG]    Langusge: Fran?ais fr_FR at {ru.apertum.qsystem.client.Locales.<init>(Locales.java:119)}
2017-08-25 08:31:03,816 [DEBUG]    Langusge: Italiano it_IT at {ru.apertum.qsystem.client.Locales.<init>(Locales.java:119)}
2017-08-25 08:31:03,818 [DEBUG]    Langusge: Portugu?s pt_PT at {ru.apertum.qsystem.client.Locales.<init>(Locales.java:119)}
2017-08-25 08:31:03,820 [DEBUG]    Langusge: Roman ro_RO at {ru.apertum.qsystem.client.Locales.<init>(Locales.java:119)}
2017-08-25 08:31:03,830 [DEBUG]    Langusge: Русский ru_RU at {ru.apertum.qsystem.client.Locales.<init>(Locales.java:119)}
2017-08-25 08:31:03,831 [DEBUG]    Langusge: Українська uk_UA at {ru.apertum.qsystem.client.Locales.<init>(Locales.java:119)}
2017-08-25 08:31:04,612 [ INFO] DB server '+ driver=com.mysql.jdbc.Driver' url=jdbc:mysql://10.5.18.10:3306/qsystem?autoReconnect=true&amp;characterEncoding=UTF-8 at {ru.apertum.qsystem.hibernate.AnnotationSessionFactoryBean.load(AnnotationSessionFactoryBean.java:183)}
2017-08-25 08:31:06,051 [ INFO] DB is OK. at {ru.apertum.qsystem.client.forms.FAdmin.main(FAdmin.java:1212)}
2017-08-25 08:31:06,074 [ INFO] Загрузка плагинов из папки plugins. at {ru.apertum.qsystem.common.Uses.loadPlugins(Uses.java:788)}
2017-08-25 08:31:06,076 [DEBUG] Плагин ClientboardRS485Plugin.jar at {ru.apertum.qsystem.common.Uses.loadPlugins(Uses.java:795)}
2017-08-25 08:31:06,077 [DEBUG] Плагин Journal.jar at {ru.apertum.qsystem.common.Uses.loadPlugins(Uses.java:795)}
2017-08-25 08:31:06,078 [DEBUG] Плагин Microsound.jar at {ru.apertum.qsystem.common.Uses.loadPlugins(Uses.java:795)}
2017-08-25 08:31:06,079 [DEBUG] Плагин ZoneboardPlugin.jar at {ru.apertum.qsystem.common.Uses.loadPlugins(Uses.java:795)}
2017-08-25 08:31:08,336 [ INFO] Создали список. at {ru.apertum.qsystem.server.model.ATListModel.createList(ATListModel.java:45)}
2017-08-25 08:31:08,354 [ INFO] Вход в систему. at {ru.apertum.qsystem.client.forms.FLogin.logining(FLogin.java:313)}
2017-08-25 08:48:15,153 [ INFO] Properties are ready. at {ru.apertum.qsystem.common.QConfig.prepareCLI(QConfig.java:305)}
2017-08-25 08:48:15,158 [ INFO] "QSystem 17.1"!  date: 20.05.2017 at {ru.apertum.qsystem.common.QLog.initial(QLog.java:180)}
2017-08-25 08:48:15,158 [ INFO] START LOGER. Logger: admin.file.info.trace at {ru.apertum.qsystem.common.QLog.initial(QLog.java:181)}
2017-08-25 08:48:15,158 [ INFO] Mode: KEY_DEBUG at {ru.apertum.qsystem.common.QLog.initial(QLog.java:186)}
2017-08-25 08:48:15,159 [ INFO] Plugins: YES at {ru.apertum.qsystem.common.QLog.initial(QLog.java:187)}
2017-08-25 08:48:15,161 [ INFO] Languages are loading... at {ru.apertum.qsystem.client.Locales.<init>(Locales.java:79)}
2017-08-25 08:48:15,180 [DEBUG]    Langusge: Az?rbaycan az_AZ at {ru.apertum.qsystem.client.Locales.<init>(Locales.java:119)}
2017-08-25 08:48:15,184 [DEBUG]    Langusge: English en_US at {ru.apertum.qsystem.client.Locales.<init>(Locales.java:119)}
2017-08-25 08:48:15,186 [DEBUG]    Langusge: Espanol es_ES at {ru.apertum.qsystem.client.Locales.<init>(Locales.java:119)}
2017-08-25 08:48:15,205 [DEBUG]    Langusge: Fran?ais fr_FR at {ru.apertum.qsystem.client.Locales.<init>(Locales.java:119)}
2017-08-25 08:48:15,207 [DEBUG]    Langusge: Italiano it_IT at {ru.apertum.qsystem.client.Locales.<init>(Locales.java:119)}
2017-08-25 08:48:15,209 [DEBUG]    Langusge: Portugu?s pt_PT at {ru.apertum.qsystem.client.Locales.<init>(Locales.java:119)}
2017-08-25 08:48:15,210 [DEBUG]    Langusge: Roman ro_RO at {ru.apertum.qsystem.client.Locales.<init>(Locales.java:119)}
2017-08-25 08:48:15,231 [DEBUG]    Langusge: Русский ru_RU at {ru.apertum.qsystem.client.Locales.<init>(Locales.java:119)}
2017-08-25 08:48:15,291 [DEBUG]    Langusge: Українська uk_UA at {ru.apertum.qsystem.client.Locales.<init>(Locales.java:119)}
2017-08-25 08:48:16,438 [ INFO] DB server '+ driver=com.mysql.jdbc.Driver' url=jdbc:mysql://10.5.18.10:3306/qsystem?autoReconnect=true&amp;characterEncoding=UTF-8 at {ru.apertum.qsystem.hibernate.AnnotationSessionFactoryBean.load(AnnotationSessionFactoryBean.java:183)}
2017-08-25 08:48:41,716 [ERROR] Error! Could not create connection to database server. Attempted reconnect 3 times. Giving up.
Access denied for user 'qsystem'@'10.5.0.94' (using password: YES) at {ru.apertum.qsystem.common.exceptions.ServerException.<init>(ServerException.java:32)}
ru.apertum.qsystem.common.exceptions.ClientException: Could not create connection to database server. Attempted reconnect 3 times. Giving up.
Access denied for user 'qsystem'@'10.5.0.94' (using password: YES)
	at ru.apertum.qsystem.client.forms.FAdmin.main(FAdmin.java:1208)
2017-08-25 08:49:42,681 [ INFO] Properties are ready. at {ru.apertum.qsystem.common.QConfig.prepareCLI(QConfig.java:305)}
2017-08-25 08:49:42,685 [ INFO] "QSystem 17.1"!  date: 20.05.2017 at {ru.apertum.qsystem.common.QLog.initial(QLog.java:180)}
2017-08-25 08:49:42,686 [ INFO] START LOGER. Logger: admin.file.info.trace at {ru.apertum.qsystem.common.QLog.initial(QLog.java:181)}
2017-08-25 08:49:42,686 [ INFO] Mode: KEY_DEBUG at {ru.apertum.qsystem.common.QLog.initial(QLog.java:186)}
2017-08-25 08:49:42,686 [ INFO] Plugins: YES at {ru.apertum.qsystem.common.QLog.initial(QLog.java:187)}
2017-08-25 08:49:42,688 [ INFO] Languages are loading... at {ru.apertum.qsystem.client.Locales.<init>(Locales.java:79)}
2017-08-25 08:49:42,695 [DEBUG]    Langusge: Az?rbaycan az_AZ at {ru.apertum.qsystem.client.Locales.<init>(Locales.java:119)}
2017-08-25 08:49:42,698 [DEBUG]    Langusge: English en_US at {ru.apertum.qsystem.client.Locales.<init>(Locales.java:119)}
2017-08-25 08:49:42,700 [DEBUG]    Langusge: Espanol es_ES at {ru.apertum.qsystem.client.Locales.<init>(Locales.java:119)}
2017-08-25 08:49:42,703 [DEBUG]    Langusge: Fran?ais fr_FR at {ru.apertum.qsystem.client.Locales.<init>(Locales.java:119)}
2017-08-25 08:49:42,705 [DEBUG]    Langusge: Italiano it_IT at {ru.apertum.qsystem.client.Locales.<init>(Locales.java:119)}
2017-08-25 08:49:42,707 [DEBUG]    Langusge: Portugu?s pt_PT at {ru.apertum.qsystem.client.Locales.<init>(Locales.java:119)}
2017-08-25 08:49:42,709 [DEBUG]    Langusge: Roman ro_RO at {ru.apertum.qsystem.client.Locales.<init>(Locales.java:119)}
2017-08-25 08:49:42,710 [DEBUG]    Langusge: Русский ru_RU at {ru.apertum.qsystem.client.Locales.<init>(Locales.java:119)}
2017-08-25 08:49:42,712 [DEBUG]    Langusge: Українська uk_UA at {ru.apertum.qsystem.client.Locales.<init>(Locales.java:119)}
2017-08-25 08:49:43,482 [ INFO] DB server '+ driver=com.mysql.jdbc.Driver' url=jdbc:mysql://10.5.18.10:3306/qsystem?autoReconnect=true&amp;characterEncoding=UTF-8 at {ru.apertum.qsystem.hibernate.AnnotationSessionFactoryBean.load(AnnotationSessionFactoryBean.java:183)}
2017-08-25 08:50:08,725 [ERROR] Error! Could not create connection to database server. Attempted reconnect 3 times. Giving up.
Access denied for user 'qsystem'@'10.5.0.94' (using password: YES) at {ru.apertum.qsystem.common.exceptions.ServerException.<init>(ServerException.java:32)}
ru.apertum.qsystem.common.exceptions.ClientException: Could not create connection to database server. Attempted reconnect 3 times. Giving up.
Access denied for user 'qsystem'@'10.5.0.94' (using password: YES)
	at ru.apertum.qsystem.client.forms.FAdmin.main(FAdmin.java:1208)
2017-08-25 08:50:45,392 [ INFO] Properties are ready. at {ru.apertum.qsystem.common.QConfig.prepareCLI(QConfig.java:305)}
2017-08-25 08:50:45,397 [ INFO] "QSystem 17.1"!  date: 20.05.2017 at {ru.apertum.qsystem.common.QLog.initial(QLog.java:180)}
2017-08-25 08:50:45,397 [ INFO] START LOGER. Logger: admin.file.info.trace at {ru.apertum.qsystem.common.QLog.initial(QLog.java:181)}
2017-08-25 08:50:45,397 [ INFO] Mode: KEY_DEBUG at {ru.apertum.qsystem.common.QLog.initial(QLog.java:186)}
2017-08-25 08:50:45,398 [ INFO] Plugins: YES at {ru.apertum.qsystem.common.QLog.initial(QLog.java:187)}
2017-08-25 08:50:45,400 [ INFO] Languages are loading... at {ru.apertum.qsystem.client.Locales.<init>(Locales.java:79)}
2017-08-25 08:50:45,407 [DEBUG]    Langusge: Az?rbaycan az_AZ at {ru.apertum.qsystem.client.Locales.<init>(Locales.java:119)}
2017-08-25 08:50:45,411 [DEBUG]    Langusge: English en_US at {ru.apertum.qsystem.client.Locales.<init>(Locales.java:119)}
2017-08-25 08:50:45,412 [DEBUG]    Langusge: Espanol es_ES at {ru.apertum.qsystem.client.Locales.<init>(Locales.java:119)}
2017-08-25 08:50:45,414 [DEBUG]    Langusge: Fran?ais fr_FR at {ru.apertum.qsystem.client.Locales.<init>(Locales.java:119)}
2017-08-25 08:50:45,422 [DEBUG]    Langusge: Italiano it_IT at {ru.apertum.qsystem.client.Locales.<init>(Locales.java:119)}
2017-08-25 08:50:45,423 [DEBUG]    Langusge: Portugu?s pt_PT at {ru.apertum.qsystem.client.Locales.<init>(Locales.java:119)}
2017-08-25 08:50:45,426 [DEBUG]    Langusge: Roman ro_RO at {ru.apertum.qsystem.client.Locales.<init>(Locales.java:119)}
2017-08-25 08:50:45,428 [DEBUG]    Langusge: Русский ru_RU at {ru.apertum.qsystem.client.Locales.<init>(Locales.java:119)}
2017-08-25 08:50:45,430 [DEBUG]    Langusge: Українська uk_UA at {ru.apertum.qsystem.client.Locales.<init>(Locales.java:119)}
2017-08-25 08:50:46,169 [ INFO] DB server '+ driver=com.mysql.jdbc.Driver' url=jdbc:mysql://10.5.18.10:3306/qsystem?autoReconnect=true&amp;characterEncoding=UTF-8 at {ru.apertum.qsystem.hibernate.AnnotationSessionFactoryBean.load(AnnotationSessionFactoryBean.java:183)}
2017-08-25 08:51:11,347 [ERROR] Error! Could not create connection to database server. Attempted reconnect 3 times. Giving up.
Access denied for user 'qsystem'@'10.5.0.94' (using password: YES) at {ru.apertum.qsystem.common.exceptions.ServerException.<init>(ServerException.java:32)}
ru.apertum.qsystem.common.exceptions.ClientException: Could not create connection to database server. Attempted reconnect 3 times. Giving up.
Access denied for user 'qsystem'@'10.5.0.94' (using password: YES)
	at ru.apertum.qsystem.client.forms.FAdmin.main(FAdmin.java:1208)
2017-08-25 08:59:19,818 [ INFO] Properties are ready. at {ru.apertum.qsystem.common.QConfig.prepareCLI(QConfig.java:305)}
2017-08-25 08:59:19,824 [ INFO] "QSystem 17.1"!  date: 20.05.2017 at {ru.apertum.qsystem.common.QLog.initial(QLog.java:180)}
2017-08-25 08:59:19,824 [ INFO] START LOGER. Logger: admin.file.info.trace at {ru.apertum.qsystem.common.QLog.initial(QLog.java:181)}
2017-08-25 08:59:19,825 [ INFO] Mode: KEY_DEBUG at {ru.apertum.qsystem.common.QLog.initial(QLog.java:186)}
2017-08-25 08:59:19,825 [ INFO] Plugins: YES at {ru.apertum.qsystem.common.QLog.initial(QLog.java:187)}
2017-08-25 08:59:19,829 [ INFO] Languages are loading... at {ru.apertum.qsystem.client.Locales.<init>(Locales.java:79)}
2017-08-25 08:59:19,838 [DEBUG]    Langusge: Az?rbaycan az_AZ at {ru.apertum.qsystem.client.Locales.<init>(Locales.java:119)}
2017-08-25 08:59:19,842 [DEBUG]    Langusge: English en_US at {ru.apertum.qsystem.client.Locales.<init>(Locales.java:119)}
2017-08-25 08:59:19,845 [DEBUG]    Langusge: Espanol es_ES at {ru.apertum.qsystem.client.Locales.<init>(Locales.java:119)}
2017-08-25 08:59:19,847 [DEBUG]    Langusge: Fran?ais fr_FR at {ru.apertum.qsystem.client.Locales.<init>(Locales.java:119)}
2017-08-25 08:59:19,852 [DEBUG]    Langusge: Italiano it_IT at {ru.apertum.qsystem.client.Locales.<init>(Locales.java:119)}
2017-08-25 08:59:19,856 [DEBUG]    Langusge: Portugu?s pt_PT at {ru.apertum.qsystem.client.Locales.<init>(Locales.java:119)}
2017-08-25 08:59:19,858 [DEBUG]    Langusge: Roman ro_RO at {ru.apertum.qsystem.client.Locales.<init>(Locales.java:119)}
2017-08-25 08:59:19,860 [DEBUG]    Langusge: Русский ru_RU at {ru.apertum.qsystem.client.Locales.<init>(Locales.java:119)}
2017-08-25 08:59:19,863 [DEBUG]    Langusge: Українська uk_UA at {ru.apertum.qsystem.client.Locales.<init>(Locales.java:119)}
2017-08-25 08:59:20,602 [ INFO] DB server '+ driver=com.mysql.jdbc.Driver' url=jdbc:mysql://10.5.18.10:3306/qsystem?autoReconnect=true&amp;characterEncoding=UTF-8 at {ru.apertum.qsystem.hibernate.AnnotationSessionFactoryBean.load(AnnotationSessionFactoryBean.java:183)}
2017-08-25 08:59:22,034 [ INFO] DB is OK. at {ru.apertum.qsystem.client.forms.FAdmin.main(FAdmin.java:1212)}
2017-08-25 08:59:22,041 [ INFO] Загрузка плагинов из папки plugins. at {ru.apertum.qsystem.common.Uses.loadPlugins(Uses.java:788)}
2017-08-25 08:59:22,043 [DEBUG] Плагин ClientboardRS485Plugin.jar at {ru.apertum.qsystem.common.Uses.loadPlugins(Uses.java:795)}
2017-08-25 08:59:22,044 [DEBUG] Плагин Journal.jar at {ru.apertum.qsystem.common.Uses.loadPlugins(Uses.java:795)}
2017-08-25 08:59:22,045 [DEBUG] Плагин Microsound.jar at {ru.apertum.qsystem.common.Uses.loadPlugins(Uses.java:795)}
2017-08-25 08:59:22,045 [DEBUG] Плагин ZoneboardPlugin.jar at {ru.apertum.qsystem.common.Uses.loadPlugins(Uses.java:795)}
2017-08-25 08:59:24,265 [ INFO] Создали список. at {ru.apertum.qsystem.server.model.ATListModel.createList(ATListModel.java:45)}
2017-08-25 08:59:24,275 [ INFO] Вход в систему. at {ru.apertum.qsystem.client.forms.FLogin.logining(FLogin.java:313)}
2017-08-25 13:09:48,622 [ INFO] Properties are ready. at {ru.apertum.qsystem.common.QConfig.prepareCLI(QConfig.java:305)}
2017-08-25 13:09:48,629 [ INFO] "QSystem 17.1"!  date: 20.05.2017 at {ru.apertum.qsystem.common.QLog.initial(QLog.java:180)}
2017-08-25 13:09:48,629 [ INFO] START LOGER. Logger: admin.file.info.trace at {ru.apertum.qsystem.common.QLog.initial(QLog.java:181)}
2017-08-25 13:09:48,629 [ INFO] Mode: KEY_DEBUG at {ru.apertum.qsystem.common.QLog.initial(QLog.java:186)}
2017-08-25 13:09:48,629 [ INFO] Plugins: YES at {ru.apertum.qsystem.common.QLog.initial(QLog.java:187)}
2017-08-25 13:09:48,632 [ INFO] Languages are loading... at {ru.apertum.qsystem.client.Locales.<init>(Locales.java:79)}
2017-08-25 13:09:48,640 [DEBUG]    Langusge: Az?rbaycan az_AZ at {ru.apertum.qsystem.client.Locales.<init>(Locales.java:119)}
2017-08-25 13:09:48,644 [DEBUG]    Langusge: English en_US at {ru.apertum.qsystem.client.Locales.<init>(Locales.java:119)}
2017-08-25 13:09:48,647 [DEBUG]    Langusge: Espanol es_ES at {ru.apertum.qsystem.client.Locales.<init>(Locales.java:119)}
2017-08-25 13:09:48,649 [DEBUG]    Langusge: Fran?ais fr_FR at {ru.apertum.qsystem.client.Locales.<init>(Locales.java:119)}
2017-08-25 13:09:48,651 [DEBUG]    Langusge: Italiano it_IT at {ru.apertum.qsystem.client.Locales.<init>(Locales.java:119)}
2017-08-25 13:09:48,654 [DEBUG]    Langusge: Portugu?s pt_PT at {ru.apertum.qsystem.client.Locales.<init>(Locales.java:119)}
2017-08-25 13:09:48,656 [DEBUG]    Langusge: Roman ro_RO at {ru.apertum.qsystem.client.Locales.<init>(Locales.java:119)}
2017-08-25 13:09:48,658 [DEBUG]    Langusge: Русский ru_RU at {ru.apertum.qsystem.client.Locales.<init>(Locales.java:119)}
2017-08-25 13:09:48,660 [DEBUG]    Langusge: Українська uk_UA at {ru.apertum.qsystem.client.Locales.<init>(Locales.java:119)}
2017-08-25 13:09:49,528 [ INFO] DB server '+ driver=com.mysql.jdbc.Driver' url=jdbc:mysql://10.5.18.10:3306/qsystem?autoReconnect=true&amp;characterEncoding=UTF-8 at {ru.apertum.qsystem.hibernate.AnnotationSessionFactoryBean.load(AnnotationSessionFactoryBean.java:183)}
2017-08-25 13:10:08,122 [ INFO] DB is OK. at {ru.apertum.qsystem.client.forms.FAdmin.main(FAdmin.java:1212)}
2017-08-25 13:10:08,139 [ INFO] Загрузка плагинов из папки plugins. at {ru.apertum.qsystem.common.Uses.loadPlugins(Uses.java:788)}
2017-08-25 13:10:08,142 [DEBUG] Плагин ClientboardRS485Plugin.jar at {ru.apertum.qsystem.common.Uses.loadPlugins(Uses.java:795)}
2017-08-25 13:10:08,145 [DEBUG] Плагин Journal.jar at {ru.apertum.qsystem.common.Uses.loadPlugins(Uses.java:795)}
2017-08-25 13:10:08,149 [DEBUG] Плагин Microsound.jar at {ru.apertum.qsystem.common.Uses.loadPlugins(Uses.java:795)}
2017-08-25 13:10:08,151 [DEBUG] Плагин ZoneboardPlugin.jar at {ru.apertum.qsystem.common.Uses.loadPlugins(Uses.java:795)}
2017-08-25 13:10:15,042 [ INFO] Создали список. at {ru.apertum.qsystem.server.model.ATListModel.createList(ATListModel.java:45)}
2017-08-25 13:10:15,067 [ INFO] Вход в систему. at {ru.apertum.qsystem.client.forms.FLogin.logining(FLogin.java:313)}
2017-08-25 13:10:18,180 [ INFO] Вход в систему выполнен. Пользователь "Администратор", уровень доступа "3". at {ru.apertum.qsystem.client.forms.FLogin.logining(FLogin.java:335)}
2017-08-25 13:10:21,056 [ INFO] Создали дерево. at {ru.apertum.qsystem.server.model.ATreeModel.createTree(ATreeModel.java:54)}
2017-08-25 13:10:21,075 [ INFO] Создали список. at {ru.apertum.qsystem.server.model.ATListModel.createList(ATListModel.java:45)}
2017-08-25 13:10:21,278 [ INFO] Создали дерево. at {ru.apertum.qsystem.server.model.ATreeModel.createTree(ATreeModel.java:54)}
2017-08-25 13:10:21,296 [ INFO] Создали дерево. at {ru.apertum.qsystem.server.model.ATreeModel.createTree(ATreeModel.java:54)}
2017-08-25 13:10:21,345 [ INFO] Создали список. at {ru.apertum.qsystem.server.model.ATListModel.createList(ATListModel.java:45)}
2017-08-25 13:10:21,379 [ INFO] Создали список. at {ru.apertum.qsystem.server.model.ATListModel.createList(ATListModel.java:45)}
2017-08-25 13:10:21,428 [ INFO] Создали список. at {ru.apertum.qsystem.server.model.ATListModel.createList(ATListModel.java:45)}
2017-08-25 13:10:21,836 [ INFO] Создали список. at {ru.apertum.qsystem.server.model.ATListModel.createList(ATListModel.java:45)}
2017-08-25 13:10:22,289 [DEBUG] Создаем модель для календаря at {ru.apertum.qsystem.server.model.calendar.CalendarTableModel.<init>(CalendarTableModel.java:44)}
2017-08-25 13:10:32,966 [ INFO] Запрос о состоянии на пункт регистрации. at {ru.apertum.qsystem.client.forms.FAdmin.checkWelcome(FAdmin.java:1033)}
2017-08-25 13:10:32,988 [ INFO] Получение описания состояния пункта регистрации. at {ru.apertum.qsystem.common.NetCommander.getWelcomeState(NetCommander.java:870)}
2017-08-25 13:10:54,062 [TRACE] Task "Empty" on 10.5.18.31:3129#
{"params":{"drop_tickets_cnt":false},"jsonrpc":"2.0","id":"1503655832988","method":"Empty"} at {ru.apertum.qsystem.common.NetCommander.sendRpc(NetCommander.java:131)}
2017-08-25 13:10:59,229 [TRACE] Socket was created. at {ru.apertum.qsystem.common.NetCommander.sendRpc(NetCommander.java:139)}
2017-08-25 13:10:59,234 [TRACE] Sending... at {ru.apertum.qsystem.common.NetCommander.sendRpc(NetCommander.java:145)}
2017-08-25 13:10:59,238 [TRACE] Reading... at {ru.apertum.qsystem.common.NetCommander.sendRpc(NetCommander.java:147)}
2017-08-25 13:19:14,388 [TRACE] Response:
 at {ru.apertum.qsystem.common.NetCommander.sendRpc(NetCommander.java:159)}
2017-08-25 13:19:14,403 [ERROR] Exception!: Ошибка на сервере не позволила сформировать ответ. at {ru.apertum.qsystem.common.exceptions.QException.<init>(QException.java:29)}
2017-08-25 13:19:14,420 [ERROR] Error! Невозможно интерпретировать ответ.
ru.apertum.qsystem.common.exceptions.QException: Ошибка на сервере не позволила сформировать ответ. at {ru.apertum.qsystem.common.exceptions.ServerException.<init>(ServerException.java:32)}
ru.apertum.qsystem.common.exceptions.ClientException: Невозможно интерпретировать ответ.
ru.apertum.qsystem.common.exceptions.QException: Ошибка на сервере не позволила сформировать ответ.
	at ru.apertum.qsystem.common.NetCommander.getWelcomeState(NetCommander.java:878)
	at ru.apertum.qsystem.client.forms.FAdmin.checkWelcome(FAdmin.java:1037)
	at ru.apertum.qsystem.client.forms.FAdmin.buttonClientRequestActionPerformed(FAdmin.java:5105)
	at ru.apertum.qsystem.client.forms.FAdmin.access$3700(FAdmin.java:186)
	at ru.apertum.qsystem.client.forms.FAdmin$25.actionPerformed(FAdmin.java:2500)
	at javax.swing.AbstractButton.fireActionPerformed(AbstractButton.java:2022)
	at javax.swing.AbstractButton$Handler.actionPerformed(AbstractButton.java:2348)
	at javax.swing.DefaultButtonModel.fireActionPerformed(DefaultButtonModel.java:402)
	at javax.swing.DefaultButtonModel.setPressed(DefaultButtonModel.java:259)
	at javax.swing.plaf.basic.BasicButtonListener.mouseReleased(BasicButtonListener.java:252)
	at java.awt.Component.processMouseEvent(Component.java:6533)
	at javax.swing.JComponent.processMouseEvent(JComponent.java:3324)
	at java.awt.Component.processEvent(Component.java:6298)
	at java.awt.Container.processEvent(Container.java:2236)
	at java.awt.Component.dispatchEventImpl(Component.java:4889)
	at java.awt.Container.dispatchEventImpl(Container.java:2294)
	at java.awt.Component.dispatchEvent(Component.java:4711)
	at java.awt.LightweightDispatcher.retargetMouseEvent(Container.java:4888)
	at java.awt.LightweightDispatcher.processMouseEvent(Container.java:4525)
	at java.awt.LightweightDispatcher.dispatchEvent(Container.java:4466)
	at java.awt.Container.dispatchEventImpl(Container.java:2280)
	at java.awt.Window.dispatchEventImpl(Window.java:2746)
	at java.awt.Component.dispatchEvent(Component.java:4711)
	at java.awt.EventQueue.dispatchEventImpl(EventQueue.java:758)
	at java.awt.EventQueue.access$500(EventQueue.java:97)
	at java.awt.EventQueue$3.run(EventQueue.java:709)
	at java.awt.EventQueue$3.run(EventQueue.java:703)
	at java.security.AccessController.doPrivileged(Native Method)
	at java.security.ProtectionDomain$JavaSecurityAccessImpl.doIntersectionPrivilege(ProtectionDomain.java:76)
	at java.security.ProtectionDomain$JavaSecurityAccessImpl.doIntersectionPrivilege(ProtectionDomain.java:86)
	at java.awt.EventQueue$4.run(EventQueue.java:731)
	at java.awt.EventQueue$4.run(EventQueue.java:729)
	at java.security.AccessController.doPrivileged(Native Method)
	at java.security.ProtectionDomain$JavaSecurityAccessImpl.doIntersectionPrivilege(ProtectionDomain.java:76)
	at java.awt.EventQueue.dispatchEvent(EventQueue.java:728)
	at java.awt.EventDispatchThread.pumpOneEventForFilters(EventDispatchThread.java:201)
	at java.awt.EventDispatchThread.pumpEventsForFilter(EventDispatchThread.java:116)
	at java.awt.EventDispatchThread.pumpEventsForHierarchy(EventDispatchThread.java:105)
	at java.awt.EventDispatchThread.pumpEvents(EventDispatchThread.java:101)
	at java.awt.EventDispatchThread.pumpEvents(EventDispatchThread.java:93)
	at java.awt.EventDispatchThread.run(EventDispatchThread.java:82)
2017-08-25 13:20:03,014 [ERROR] Пункт регистрации не ответил на запрос о состоянии или поризошла ошибка. "ru.apertum.qsystem.common.exceptions.ClientException: Невозможно интерпретировать ответ.
ru.apertum.qsystem.common.exceptions.QException: Ошибка на сервере не позволила сформировать ответ." at {ru.apertum.qsystem.client.forms.FAdmin.checkWelcome(FAdmin.java:1040)}
2017-08-28 10:28:47,087 [ INFO] Properties are ready. at {ru.apertum.qsystem.common.QConfig.prepareCLI(QConfig.java:305)}
2017-08-28 10:28:47,101 [ INFO] "QSystem 17.1"!  date: 20.05.2017 at {ru.apertum.qsystem.common.QLog.initial(QLog.java:180)}
2017-08-28 10:28:47,102 [ INFO] START LOGER. Logger: admin.file.info.trace at {ru.apertum.qsystem.common.QLog.initial(QLog.java:181)}
2017-08-28 10:28:47,102 [ INFO] Mode: KEY_DEBUG at {ru.apertum.qsystem.common.QLog.initial(QLog.java:186)}
2017-08-28 10:28:47,103 [ INFO] Plugins: YES at {ru.apertum.qsystem.common.QLog.initial(QLog.java:187)}
2017-08-28 10:28:47,104 [ INFO] Languages are loading... at {ru.apertum.qsystem.client.Locales.<init>(Locales.java:79)}
2017-08-28 10:28:47,110 [DEBUG]    Langusge: Az?rbaycan az_AZ at {ru.apertum.qsystem.client.Locales.<init>(Locales.java:119)}
2017-08-28 10:28:47,113 [DEBUG]    Langusge: English en_US at {ru.apertum.qsystem.client.Locales.<init>(Locales.java:119)}
2017-08-28 10:28:47,115 [DEBUG]    Langusge: Espanol es_ES at {ru.apertum.qsystem.client.Locales.<init>(Locales.java:119)}
2017-08-28 10:28:47,117 [DEBUG]    Langusge: Fran?ais fr_FR at {ru.apertum.qsystem.client.Locales.<init>(Locales.java:119)}
2017-08-28 10:28:47,118 [DEBUG]    Langusge: Italiano it_IT at {ru.apertum.qsystem.client.Locales.<init>(Locales.java:119)}
2017-08-28 10:28:47,120 [DEBUG]    Langusge: Portugu?s pt_PT at {ru.apertum.qsystem.client.Locales.<init>(Locales.java:119)}
2017-08-28 10:28:47,122 [DEBUG]    Langusge: Roman ro_RO at {ru.apertum.qsystem.client.Locales.<init>(Locales.java:119)}
2017-08-28 10:28:47,123 [DEBUG]    Langusge: Русский ru_RU at {ru.apertum.qsystem.client.Locales.<init>(Locales.java:119)}
2017-08-28 10:28:47,124 [DEBUG]    Langusge: Українська uk_UA at {ru.apertum.qsystem.client.Locales.<init>(Locales.java:119)}
2017-08-28 10:28:47,856 [ INFO] DB server '+ driver=com.mysql.jdbc.Driver' url=jdbc:mysql://10.5.18.10:3306/qsystem?autoReconnect=true&amp;characterEncoding=UTF-8 at {ru.apertum.qsystem.hibernate.AnnotationSessionFactoryBean.load(AnnotationSessionFactoryBean.java:183)}
2017-08-28 10:28:49,455 [ INFO] DB is OK. at {ru.apertum.qsystem.client.forms.FAdmin.main(FAdmin.java:1212)}
2017-08-28 10:28:49,460 [ INFO] Загрузка плагинов из папки plugins. at {ru.apertum.qsystem.common.Uses.loadPlugins(Uses.java:788)}
2017-08-28 10:28:49,462 [DEBUG] Плагин ClientboardRS485Plugin.jar at {ru.apertum.qsystem.common.Uses.loadPlugins(Uses.java:795)}
2017-08-28 10:28:49,463 [DEBUG] Плагин Journal.jar at {ru.apertum.qsystem.common.Uses.loadPlugins(Uses.java:795)}
2017-08-28 10:28:49,464 [DEBUG] Плагин Microsound.jar at {ru.apertum.qsystem.common.Uses.loadPlugins(Uses.java:795)}
2017-08-28 10:28:49,465 [DEBUG] Плагин ZoneboardPlugin.jar at {ru.apertum.qsystem.common.Uses.loadPlugins(Uses.java:795)}
2017-08-28 10:28:53,147 [ INFO] Создали список. at {ru.apertum.qsystem.server.model.ATListModel.createList(ATListModel.java:45)}
2017-08-28 10:28:53,157 [ INFO] Вход в систему. at {ru.apertum.qsystem.client.forms.FLogin.logining(FLogin.java:312)}
2017-08-28 10:29:24,437 [ INFO] Properties are ready. at {ru.apertum.qsystem.common.QConfig.prepareCLI(QConfig.java:305)}
2017-08-28 10:29:24,440 [ INFO] "QSystem 17.1"!  date: 20.05.2017 at {ru.apertum.qsystem.common.QLog.initial(QLog.java:180)}
2017-08-28 10:29:24,441 [ INFO] START LOGER. Logger: admin.file.info.trace at {ru.apertum.qsystem.common.QLog.initial(QLog.java:181)}
2017-08-28 10:29:24,441 [ INFO] Mode: KEY_DEBUG at {ru.apertum.qsystem.common.QLog.initial(QLog.java:186)}
2017-08-28 10:29:24,441 [ INFO] Plugins: YES at {ru.apertum.qsystem.common.QLog.initial(QLog.java:187)}
2017-08-28 10:29:24,443 [ INFO] Languages are loading... at {ru.apertum.qsystem.client.Locales.<init>(Locales.java:79)}
2017-08-28 10:29:24,449 [DEBUG]    Langusge: Az?rbaycan az_AZ at {ru.apertum.qsystem.client.Locales.<init>(Locales.java:119)}
2017-08-28 10:29:24,451 [DEBUG]    Langusge: English en_US at {ru.apertum.qsystem.client.Locales.<init>(Locales.java:119)}
2017-08-28 10:29:24,453 [DEBUG]    Langusge: Espanol es_ES at {ru.apertum.qsystem.client.Locales.<init>(Locales.java:119)}
2017-08-28 10:29:24,454 [DEBUG]    Langusge: Fran?ais fr_FR at {ru.apertum.qsystem.client.Locales.<init>(Locales.java:119)}
2017-08-28 10:29:24,456 [DEBUG]    Langusge: Italiano it_IT at {ru.apertum.qsystem.client.Locales.<init>(Locales.java:119)}
2017-08-28 10:29:24,458 [DEBUG]    Langusge: Portugu?s pt_PT at {ru.apertum.qsystem.client.Locales.<init>(Locales.java:119)}
2017-08-28 10:29:24,459 [DEBUG]    Langusge: Roman ro_RO at {ru.apertum.qsystem.client.Locales.<init>(Locales.java:119)}
2017-08-28 10:29:24,461 [DEBUG]    Langusge: Русский ru_RU at {ru.apertum.qsystem.client.Locales.<init>(Locales.java:119)}
2017-08-28 10:29:24,462 [DEBUG]    Langusge: Українська uk_UA at {ru.apertum.qsystem.client.Locales.<init>(Locales.java:119)}
2017-08-28 10:29:25,091 [ INFO] DB server '+ driver=com.mysql.jdbc.Driver' url=jdbc:mysql://10.5.18.10:3306/qsystem?autoReconnect=true&amp;characterEncoding=UTF-8 at {ru.apertum.qsystem.hibernate.AnnotationSessionFactoryBean.load(AnnotationSessionFactoryBean.java:183)}
2017-08-28 10:29:26,335 [ INFO] DB is OK. at {ru.apertum.qsystem.client.forms.FAdmin.main(FAdmin.java:1212)}
2017-08-28 10:29:26,342 [ INFO] Загрузка плагинов из папки plugins. at {ru.apertum.qsystem.common.Uses.loadPlugins(Uses.java:788)}
2017-08-28 10:29:26,344 [DEBUG] Плагин ClientboardRS485Plugin.jar at {ru.apertum.qsystem.common.Uses.loadPlugins(Uses.java:795)}
2017-08-28 10:29:26,345 [DEBUG] Плагин Journal.jar at {ru.apertum.qsystem.common.Uses.loadPlugins(Uses.java:795)}
2017-08-28 10:29:26,345 [DEBUG] Плагин Microsound.jar at {ru.apertum.qsystem.common.Uses.loadPlugins(Uses.java:795)}
2017-08-28 10:29:26,347 [DEBUG] Плагин ZoneboardPlugin.jar at {ru.apertum.qsystem.common.Uses.loadPlugins(Uses.java:795)}
2017-08-28 10:29:28,603 [ INFO] Создали список. at {ru.apertum.qsystem.server.model.ATListModel.createList(ATListModel.java:45)}
2017-08-28 10:29:28,615 [ INFO] Вход в систему. at {ru.apertum.qsystem.client.forms.FLogin.logining(FLogin.java:312)}
2017-08-29 15:36:57,124 [ INFO] Properties are ready. at {ru.apertum.qsystem.common.QConfig.prepareCLI(QConfig.java:305)}
2017-08-29 15:36:57,127 [ INFO] "QSystem 17.1"!  date: 20.05.2017 at {ru.apertum.qsystem.common.QLog.initial(QLog.java:180)}
2017-08-29 15:36:57,128 [ INFO] START LOGER. Logger: admin.file.info.trace at {ru.apertum.qsystem.common.QLog.initial(QLog.java:181)}
2017-08-29 15:36:57,128 [ INFO] Mode: KEY_DEBUG at {ru.apertum.qsystem.common.QLog.initial(QLog.java:186)}
2017-08-29 15:36:57,128 [ INFO] Plugins: YES at {ru.apertum.qsystem.common.QLog.initial(QLog.java:187)}
2017-08-29 15:36:57,130 [ INFO] Languages are loading... at {ru.apertum.qsystem.client.Locales.<init>(Locales.java:79)}
2017-08-29 15:36:57,136 [DEBUG]    Langusge: Az?rbaycan az_AZ at {ru.apertum.qsystem.client.Locales.<init>(Locales.java:119)}
2017-08-29 15:36:57,139 [DEBUG]    Langusge: English en_US at {ru.apertum.qsystem.client.Locales.<init>(Locales.java:119)}
2017-08-29 15:36:57,140 [DEBUG]    Langusge: Espanol es_ES at {ru.apertum.qsystem.client.Locales.<init>(Locales.java:119)}
2017-08-29 15:36:57,142 [DEBUG]    Langusge: Fran?ais fr_FR at {ru.apertum.qsystem.client.Locales.<init>(Locales.java:119)}
2017-08-29 15:36:57,144 [DEBUG]    Langusge: Italiano it_IT at {ru.apertum.qsystem.client.Locales.<init>(Locales.java:119)}
2017-08-29 15:36:57,145 [DEBUG]    Langusge: Portugu?s pt_PT at {ru.apertum.qsystem.client.Locales.<init>(Locales.java:119)}
2017-08-29 15:36:57,147 [DEBUG]    Langusge: Roman ro_RO at {ru.apertum.qsystem.client.Locales.<init>(Locales.java:119)}
2017-08-29 15:36:57,148 [DEBUG]    Langusge: Русский ru_RU at {ru.apertum.qsystem.client.Locales.<init>(Locales.java:119)}
2017-08-29 15:36:57,149 [DEBUG]    Langusge: Українська uk_UA at {ru.apertum.qsystem.client.Locales.<init>(Locales.java:119)}
2017-08-29 15:36:58,261 [ INFO] DB server '+ driver=com.mysql.jdbc.Driver' url=jdbc:mysql://10.5.18.10:3306/qsystem?autoReconnect=true&amp;characterEncoding=UTF-8 at {ru.apertum.qsystem.hibernate.AnnotationSessionFactoryBean.load(AnnotationSessionFactoryBean.java:183)}
2017-08-29 15:36:59,772 [ INFO] DB is OK. at {ru.apertum.qsystem.client.forms.FAdmin.main(FAdmin.java:1212)}
2017-08-29 15:36:59,777 [ INFO] Загрузка плагинов из папки plugins. at {ru.apertum.qsystem.common.Uses.loadPlugins(Uses.java:788)}
2017-08-29 15:36:59,779 [DEBUG] Плагин ClientboardRS485Plugin.jar at {ru.apertum.qsystem.common.Uses.loadPlugins(Uses.java:795)}
2017-08-29 15:36:59,780 [DEBUG] Плагин Journal.jar at {ru.apertum.qsystem.common.Uses.loadPlugins(Uses.java:795)}
2017-08-29 15:36:59,780 [DEBUG] Плагин Microsound.jar at {ru.apertum.qsystem.common.Uses.loadPlugins(Uses.java:795)}
2017-08-29 15:36:59,782 [DEBUG] Плагин ZoneboardPlugin.jar at {ru.apertum.qsystem.common.Uses.loadPlugins(Uses.java:795)}
2017-08-29 15:37:00,475 [ INFO] Создали список. at {ru.apertum.qsystem.server.model.ATListModel.createList(ATListModel.java:45)}
2017-08-29 15:37:00,482 [ INFO] Вход в систему. at {ru.apertum.qsystem.client.forms.FLogin.logining(FLogin.java:313)}
2017-08-30 12:57:11,852 [ INFO] Properties are ready. at {ru.apertum.qsystem.common.QConfig.prepareCLI(QConfig.java:305)}
2017-08-30 12:57:11,867 [ INFO] "QSystem 17.1"!  date: 20.05.2017 at {ru.apertum.qsystem.common.QLog.initial(QLog.java:180)}
2017-08-30 12:57:11,867 [ INFO] START LOGER. Logger: admin.file.info.trace at {ru.apertum.qsystem.common.QLog.initial(QLog.java:181)}
2017-08-30 12:57:11,868 [ INFO] Mode: KEY_DEBUG at {ru.apertum.qsystem.common.QLog.initial(QLog.java:186)}
2017-08-30 12:57:11,868 [ INFO] Plugins: YES at {ru.apertum.qsystem.common.QLog.initial(QLog.java:187)}
2017-08-30 12:57:11,871 [ INFO] Languages are loading... at {ru.apertum.qsystem.client.Locales.<init>(Locales.java:79)}
2017-08-30 12:57:11,878 [DEBUG]    Langusge: Az?rbaycan az_AZ at {ru.apertum.qsystem.client.Locales.<init>(Locales.java:119)}
2017-08-30 12:57:11,882 [DEBUG]    Langusge: English en_US at {ru.apertum.qsystem.client.Locales.<init>(Locales.java:119)}
2017-08-30 12:57:11,883 [DEBUG]    Langusge: Espanol es_ES at {ru.apertum.qsystem.client.Locales.<init>(Locales.java:119)}
2017-08-30 12:57:11,885 [DEBUG]    Langusge: Fran?ais fr_FR at {ru.apertum.qsystem.client.Locales.<init>(Locales.java:119)}
2017-08-30 12:57:11,886 [DEBUG]    Langusge: Italiano it_IT at {ru.apertum.qsystem.client.Locales.<init>(Locales.java:119)}
2017-08-30 12:57:11,887 [DEBUG]    Langusge: Portugu?s pt_PT at {ru.apertum.qsystem.client.Locales.<init>(Locales.java:119)}
2017-08-30 12:57:11,890 [DEBUG]    Langusge: Roman ro_RO at {ru.apertum.qsystem.client.Locales.<init>(Locales.java:119)}
2017-08-30 12:57:11,894 [DEBUG]    Langusge: Русский ru_RU at {ru.apertum.qsystem.client.Locales.<init>(Locales.java:119)}
2017-08-30 12:57:11,895 [DEBUG]    Langusge: Українська uk_UA at {ru.apertum.qsystem.client.Locales.<init>(Locales.java:119)}
2017-08-30 12:57:12,742 [ INFO] DB server '+ driver=com.mysql.jdbc.Driver' url=jdbc:mysql://10.5.18.10:3306/qsystem?autoReconnect=true&amp;characterEncoding=UTF-8 at {ru.apertum.qsystem.hibernate.AnnotationSessionFactoryBean.load(AnnotationSessionFactoryBean.java:183)}
2017-08-30 12:57:52,385 [ INFO] DB is OK. at {ru.apertum.qsystem.client.forms.FAdmin.main(FAdmin.java:1212)}
2017-08-30 12:57:52,438 [ INFO] Загрузка плагинов из папки plugins. at {ru.apertum.qsystem.common.Uses.loadPlugins(Uses.java:788)}
2017-08-30 12:57:52,439 [DEBUG] Плагин ClientboardRS485Plugin.jar at {ru.apertum.qsystem.common.Uses.loadPlugins(Uses.java:795)}
2017-08-30 12:57:52,443 [DEBUG] Плагин Journal.jar at {ru.apertum.qsystem.common.Uses.loadPlugins(Uses.java:795)}
2017-08-30 12:57:52,444 [DEBUG] Плагин Microsound.jar at {ru.apertum.qsystem.common.Uses.loadPlugins(Uses.java:795)}
2017-08-30 12:57:52,451 [DEBUG] Плагин ZoneboardPlugin.jar at {ru.apertum.qsystem.common.Uses.loadPlugins(Uses.java:795)}
2017-08-30 12:57:54,529 [ INFO] Создали список. at {ru.apertum.qsystem.server.model.ATListModel.createList(ATListModel.java:45)}
2017-08-30 12:57:54,572 [ INFO] Вход в систему. at {ru.apertum.qsystem.client.forms.FLogin.logining(FLogin.java:313)}
2017-08-30 12:57:59,260 [ INFO] Properties are ready. at {ru.apertum.qsystem.common.QConfig.prepareCLI(QConfig.java:305)}
2017-08-30 12:57:59,266 [ INFO] "QSystem 17.1"!  date: 20.05.2017 at {ru.apertum.qsystem.common.QLog.initial(QLog.java:180)}
2017-08-30 12:57:59,266 [ INFO] START LOGER. Logger: admin.file.info.trace at {ru.apertum.qsystem.common.QLog.initial(QLog.java:181)}
2017-08-30 12:57:59,266 [ INFO] Mode: KEY_DEBUG at {ru.apertum.qsystem.common.QLog.initial(QLog.java:186)}
2017-08-30 12:57:59,267 [ INFO] Plugins: YES at {ru.apertum.qsystem.common.QLog.initial(QLog.java:187)}
2017-08-30 12:57:59,269 [ INFO] Languages are loading... at {ru.apertum.qsystem.client.Locales.<init>(Locales.java:79)}
2017-08-30 12:57:59,277 [DEBUG]    Langusge: Az?rbaycan az_AZ at {ru.apertum.qsystem.client.Locales.<init>(Locales.java:119)}
2017-08-30 12:57:59,281 [DEBUG]    Langusge: English en_US at {ru.apertum.qsystem.client.Locales.<init>(Locales.java:119)}
2017-08-30 12:57:59,285 [DEBUG]    Langusge: Espanol es_ES at {ru.apertum.qsystem.client.Locales.<init>(Locales.java:119)}
2017-08-30 12:57:59,289 [DEBUG]    Langusge: Fran?ais fr_FR at {ru.apertum.qsystem.client.Locales.<init>(Locales.java:119)}
2017-08-30 12:57:59,291 [DEBUG]    Langusge: Italiano it_IT at {ru.apertum.qsystem.client.Locales.<init>(Locales.java:119)}
2017-08-30 12:57:59,292 [DEBUG]    Langusge: Portugu?s pt_PT at {ru.apertum.qsystem.client.Locales.<init>(Locales.java:119)}
2017-08-30 12:57:59,294 [DEBUG]    Langusge: Roman ro_RO at {ru.apertum.qsystem.client.Locales.<init>(Locales.java:119)}
2017-08-30 12:57:59,296 [DEBUG]    Langusge: Русский ru_RU at {ru.apertum.qsystem.client.Locales.<init>(Locales.java:119)}
2017-08-30 12:57:59,299 [DEBUG]    Langusge: Українська uk_UA at {ru.apertum.qsystem.client.Locales.<init>(Locales.java:119)}
2017-08-30 12:58:00,063 [ INFO] DB server '+ driver=com.mysql.jdbc.Driver' url=jdbc:mysql://10.5.18.10:3306/qsystem?autoReconnect=true&amp;characterEncoding=UTF-8 at {ru.apertum.qsystem.hibernate.AnnotationSessionFactoryBean.load(AnnotationSessionFactoryBean.java:183)}
2017-08-30 12:58:01,628 [ INFO] DB is OK. at {ru.apertum.qsystem.client.forms.FAdmin.main(FAdmin.java:1212)}
2017-08-30 12:58:01,634 [ INFO] Загрузка плагинов из папки plugins. at {ru.apertum.qsystem.common.Uses.loadPlugins(Uses.java:788)}
2017-08-30 12:58:01,635 [DEBUG] Плагин ClientboardRS485Plugin.jar at {ru.apertum.qsystem.common.Uses.loadPlugins(Uses.java:795)}
2017-08-30 12:58:01,636 [DEBUG] Плагин Journal.jar at {ru.apertum.qsystem.common.Uses.loadPlugins(Uses.java:795)}
2017-08-30 12:58:01,636 [DEBUG] Плагин Microsound.jar at {ru.apertum.qsystem.common.Uses.loadPlugins(Uses.java:795)}
2017-08-30 12:58:01,641 [DEBUG] Плагин ZoneboardPlugin.jar at {ru.apertum.qsystem.common.Uses.loadPlugins(Uses.java:795)}
2017-08-30 12:58:02,527 [ INFO] Создали список. at {ru.apertum.qsystem.server.model.ATListModel.createList(ATListModel.java:45)}
2017-08-30 12:58:02,538 [ INFO] Вход в систему. at {ru.apertum.qsystem.client.forms.FLogin.logining(FLogin.java:313)}
2017-08-30 13:00:48,557 [ INFO] Properties are ready. at {ru.apertum.qsystem.common.QConfig.prepareCLI(QConfig.java:305)}
2017-08-30 13:00:48,562 [ INFO] "QSystem 17.1"!  date: 20.05.2017 at {ru.apertum.qsystem.common.QLog.initial(QLog.java:180)}
2017-08-30 13:00:48,563 [ INFO] START LOGER. Logger: admin.file.info.trace at {ru.apertum.qsystem.common.QLog.initial(QLog.java:181)}
2017-08-30 13:00:48,563 [ INFO] Mode: KEY_DEBUG at {ru.apertum.qsystem.common.QLog.initial(QLog.java:186)}
2017-08-30 13:00:48,563 [ INFO] Plugins: YES at {ru.apertum.qsystem.common.QLog.initial(QLog.java:187)}
2017-08-30 13:00:48,566 [ INFO] Languages are loading... at {ru.apertum.qsystem.client.Locales.<init>(Locales.java:79)}
2017-08-30 13:00:48,573 [DEBUG]    Langusge: Az?rbaycan az_AZ at {ru.apertum.qsystem.client.Locales.<init>(Locales.java:119)}
2017-08-30 13:00:48,576 [DEBUG]    Langusge: English en_US at {ru.apertum.qsystem.client.Locales.<init>(Locales.java:119)}
2017-08-30 13:00:48,578 [DEBUG]    Langusge: Espanol es_ES at {ru.apertum.qsystem.client.Locales.<init>(Locales.java:119)}
2017-08-30 13:00:48,579 [DEBUG]    Langusge: Fran?ais fr_FR at {ru.apertum.qsystem.client.Locales.<init>(Locales.java:119)}
2017-08-30 13:00:48,581 [DEBUG]    Langusge: Italiano it_IT at {ru.apertum.qsystem.client.Locales.<init>(Locales.java:119)}
2017-08-30 13:00:48,582 [DEBUG]    Langusge: Portugu?s pt_PT at {ru.apertum.qsystem.client.Locales.<init>(Locales.java:119)}
2017-08-30 13:00:48,583 [DEBUG]    Langusge: Roman ro_RO at {ru.apertum.qsystem.client.Locales.<init>(Locales.java:119)}
2017-08-30 13:00:48,585 [DEBUG]    Langusge: Русский ru_RU at {ru.apertum.qsystem.client.Locales.<init>(Locales.java:119)}
2017-08-30 13:00:48,586 [DEBUG]    Langusge: Українська uk_UA at {ru.apertum.qsystem.client.Locales.<init>(Locales.java:119)}
2017-08-30 13:00:49,456 [ INFO] DB server '+ driver=com.mysql.jdbc.Driver' url=jdbc:mysql://10.5.18.9:3306/qsystem?autoReconnect=true&amp;characterEncoding=UTF-8 at {ru.apertum.qsystem.hibernate.AnnotationSessionFactoryBean.load(AnnotationSessionFactoryBean.java:183)}
2017-08-30 13:02:23,141 [ERROR] Error! Could not create connection to database server. Attempted reconnect 3 times. Giving up.
Communications link failure

The last packet sent successfully to the server was 0 milliseconds ago. The driver has not received any packets from the server. at {ru.apertum.qsystem.common.exceptions.ServerException.<init>(ServerException.java:32)}
ru.apertum.qsystem.common.exceptions.ClientException: Could not create connection to database server. Attempted reconnect 3 times. Giving up.
Communications link failure

The last packet sent successfully to the server was 0 milliseconds ago. The driver has not received any packets from the server.
	at ru.apertum.qsystem.client.forms.FAdmin.main(FAdmin.java:1208)
2017-08-30 13:08:34,909 [ INFO] Properties are ready. at {ru.apertum.qsystem.common.QConfig.prepareCLI(QConfig.java:305)}
2017-08-30 13:08:34,914 [ INFO] "QSystem 17.1"!  date: 20.05.2017 at {ru.apertum.qsystem.common.QLog.initial(QLog.java:180)}
2017-08-30 13:08:34,915 [ INFO] START LOGER. Logger: admin.file.info.trace at {ru.apertum.qsystem.common.QLog.initial(QLog.java:181)}
2017-08-30 13:08:34,915 [ INFO] Mode: KEY_DEBUG at {ru.apertum.qsystem.common.QLog.initial(QLog.java:186)}
2017-08-30 13:08:34,915 [ INFO] Plugins: YES at {ru.apertum.qsystem.common.QLog.initial(QLog.java:187)}
2017-08-30 13:08:34,918 [ INFO] Languages are loading... at {ru.apertum.qsystem.client.Locales.<init>(Locales.java:79)}
2017-08-30 13:08:34,927 [DEBUG]    Langusge: Az?rbaycan az_AZ at {ru.apertum.qsystem.client.Locales.<init>(Locales.java:119)}
2017-08-30 13:08:34,930 [DEBUG]    Langusge: English en_US at {ru.apertum.qsystem.client.Locales.<init>(Locales.java:119)}
2017-08-30 13:08:34,931 [DEBUG]    Langusge: Espanol es_ES at {ru.apertum.qsystem.client.Locales.<init>(Locales.java:119)}
2017-08-30 13:08:34,933 [DEBUG]    Langusge: Fran?ais fr_FR at {ru.apertum.qsystem.client.Locales.<init>(Locales.java:119)}
2017-08-30 13:08:34,938 [DEBUG]    Langusge: Italiano it_IT at {ru.apertum.qsystem.client.Locales.<init>(Locales.java:119)}
2017-08-30 13:08:34,941 [DEBUG]    Langusge: Portugu?s pt_PT at {ru.apertum.qsystem.client.Locales.<init>(Locales.java:119)}
2017-08-30 13:08:34,942 [DEBUG]    Langusge: Roman ro_RO at {ru.apertum.qsystem.client.Locales.<init>(Locales.java:119)}
2017-08-30 13:08:34,944 [DEBUG]    Langusge: Русский ru_RU at {ru.apertum.qsystem.client.Locales.<init>(Locales.java:119)}
2017-08-30 13:08:34,946 [DEBUG]    Langusge: Українська uk_UA at {ru.apertum.qsystem.client.Locales.<init>(Locales.java:119)}
2017-08-30 13:08:35,881 [ INFO] DB server '+ driver=com.mysql.jdbc.Driver' url=jdbc:mysql://10.5.18.8:3306/qsystem?autoReconnect=true&amp;characterEncoding=UTF-8 at {ru.apertum.qsystem.hibernate.AnnotationSessionFactoryBean.load(AnnotationSessionFactoryBean.java:183)}
2017-08-30 13:09:28,867 [ INFO] Properties are ready. at {ru.apertum.qsystem.common.QConfig.prepareCLI(QConfig.java:305)}
2017-08-30 13:09:28,873 [ INFO] "QSystem 17.1"!  date: 20.05.2017 at {ru.apertum.qsystem.common.QLog.initial(QLog.java:180)}
2017-08-30 13:09:28,873 [ INFO] START LOGER. Logger: admin.file.info.trace at {ru.apertum.qsystem.common.QLog.initial(QLog.java:181)}
2017-08-30 13:09:28,873 [ INFO] Mode: KEY_DEBUG at {ru.apertum.qsystem.common.QLog.initial(QLog.java:186)}
2017-08-30 13:09:28,874 [ INFO] Plugins: YES at {ru.apertum.qsystem.common.QLog.initial(QLog.java:187)}
2017-08-30 13:09:28,876 [ INFO] Languages are loading... at {ru.apertum.qsystem.client.Locales.<init>(Locales.java:79)}
2017-08-30 13:09:28,883 [DEBUG]    Langusge: Az?rbaycan az_AZ at {ru.apertum.qsystem.client.Locales.<init>(Locales.java:119)}
2017-08-30 13:09:28,889 [DEBUG]    Langusge: English en_US at {ru.apertum.qsystem.client.Locales.<init>(Locales.java:119)}
2017-08-30 13:09:28,891 [DEBUG]    Langusge: Espanol es_ES at {ru.apertum.qsystem.client.Locales.<init>(Locales.java:119)}
2017-08-30 13:09:28,893 [DEBUG]    Langusge: Fran?ais fr_FR at {ru.apertum.qsystem.client.Locales.<init>(Locales.java:119)}
2017-08-30 13:09:28,895 [DEBUG]    Langusge: Italiano it_IT at {ru.apertum.qsystem.client.Locales.<init>(Locales.java:119)}
2017-08-30 13:09:28,897 [DEBUG]    Langusge: Portugu?s pt_PT at {ru.apertum.qsystem.client.Locales.<init>(Locales.java:119)}
2017-08-30 13:09:28,898 [DEBUG]    Langusge: Roman ro_RO at {ru.apertum.qsystem.client.Locales.<init>(Locales.java:119)}
2017-08-30 13:09:28,899 [DEBUG]    Langusge: Русский ru_RU at {ru.apertum.qsystem.client.Locales.<init>(Locales.java:119)}
2017-08-30 13:09:28,902 [DEBUG]    Langusge: Українська uk_UA at {ru.apertum.qsystem.client.Locales.<init>(Locales.java:119)}
2017-08-30 13:09:29,777 [ INFO] DB server '+ driver=com.mysql.jdbc.Driver' url=jdbc:mysql://10.5.18.10:3306/qsystem?autoReconnect=true&amp;characterEncoding=UTF-8 at {ru.apertum.qsystem.hibernate.AnnotationSessionFactoryBean.load(AnnotationSessionFactoryBean.java:183)}
2017-08-30 13:09:35,605 [ INFO] DB is OK. at {ru.apertum.qsystem.client.forms.FAdmin.main(FAdmin.java:1212)}
2017-08-30 13:09:35,621 [ INFO] Загрузка плагинов из папки plugins. at {ru.apertum.qsystem.common.Uses.loadPlugins(Uses.java:788)}
2017-08-30 13:09:35,624 [DEBUG] Плагин ClientboardRS485Plugin.jar at {ru.apertum.qsystem.common.Uses.loadPlugins(Uses.java:795)}
2017-08-30 13:09:35,628 [DEBUG] Плагин Journal.jar at {ru.apertum.qsystem.common.Uses.loadPlugins(Uses.java:795)}
2017-08-30 13:09:35,633 [DEBUG] Плагин Microsound.jar at {ru.apertum.qsystem.common.Uses.loadPlugins(Uses.java:795)}
2017-08-30 13:09:35,637 [DEBUG] Плагин ZoneboardPlugin.jar at {ru.apertum.qsystem.common.Uses.loadPlugins(Uses.java:795)}
2017-08-30 13:09:37,465 [ INFO] Создали список. at {ru.apertum.qsystem.server.model.ATListModel.createList(ATListModel.java:45)}
2017-08-30 13:09:37,489 [ INFO] Вход в систему. at {ru.apertum.qsystem.client.forms.FLogin.logining(FLogin.java:313)}
2017-09-05 16:17:25,759 [ INFO] Properties are ready. at {ru.apertum.qsystem.common.QConfig.prepareCLI(QConfig.java:305)}
2017-09-05 16:17:25,762 [ INFO] "QSystem 17.1"!  date: 20.05.2017 at {ru.apertum.qsystem.common.QLog.initial(QLog.java:180)}
2017-09-05 16:17:25,763 [ INFO] START LOGER. Logger: admin.file.info.trace at {ru.apertum.qsystem.common.QLog.initial(QLog.java:181)}
2017-09-05 16:17:25,763 [ INFO] Mode: KEY_DEBUG at {ru.apertum.qsystem.common.QLog.initial(QLog.java:186)}
2017-09-05 16:17:25,764 [ INFO] Plugins: YES at {ru.apertum.qsystem.common.QLog.initial(QLog.java:187)}
2017-09-05 16:17:25,766 [ INFO] Languages are loading... at {ru.apertum.qsystem.client.Locales.<init>(Locales.java:79)}
2017-09-05 16:17:25,771 [DEBUG]    Langusge: Az?rbaycan az_AZ at {ru.apertum.qsystem.client.Locales.<init>(Locales.java:119)}
2017-09-05 16:17:25,774 [DEBUG]    Langusge: English en_US at {ru.apertum.qsystem.client.Locales.<init>(Locales.java:119)}
2017-09-05 16:17:25,776 [DEBUG]    Langusge: Espanol es_ES at {ru.apertum.qsystem.client.Locales.<init>(Locales.java:119)}
2017-09-05 16:17:25,777 [DEBUG]    Langusge: Fran?ais fr_FR at {ru.apertum.qsystem.client.Locales.<init>(Locales.java:119)}
2017-09-05 16:17:25,779 [DEBUG]    Langusge: Italiano it_IT at {ru.apertum.qsystem.client.Locales.<init>(Locales.java:119)}
2017-09-05 16:17:25,780 [DEBUG]    Langusge: Portugu?s pt_PT at {ru.apertum.qsystem.client.Locales.<init>(Locales.java:119)}
2017-09-05 16:17:25,781 [DEBUG]    Langusge: Roman ro_RO at {ru.apertum.qsystem.client.Locales.<init>(Locales.java:119)}
2017-09-05 16:17:25,782 [DEBUG]    Langusge: Русский ru_RU at {ru.apertum.qsystem.client.Locales.<init>(Locales.java:119)}
2017-09-05 16:17:25,784 [DEBUG]    Langusge: Українська uk_UA at {ru.apertum.qsystem.client.Locales.<init>(Locales.java:119)}
2017-09-05 16:17:26,547 [ INFO] DB server '+ driver=com.mysql.jdbc.Driver' url=jdbc:mysql://127.0.0.1/qsystem?autoReconnect=true&amp;characterEncoding=UTF-8 at {ru.apertum.qsystem.hibernate.AnnotationSessionFactoryBean.load(AnnotationSessionFactoryBean.java:183)}
2017-09-05 16:17:27,933 [ INFO] DB is OK. at {ru.apertum.qsystem.client.forms.FAdmin.main(FAdmin.java:1212)}
2017-09-05 16:17:27,938 [ INFO] Загрузка плагинов из папки plugins. at {ru.apertum.qsystem.common.Uses.loadPlugins(Uses.java:788)}
2017-09-05 16:17:27,940 [DEBUG] Плагин Journal.jar at {ru.apertum.qsystem.common.Uses.loadPlugins(Uses.java:795)}
2017-09-05 16:17:27,940 [DEBUG] Плагин Microsound.jar at {ru.apertum.qsystem.common.Uses.loadPlugins(Uses.java:795)}
2017-09-05 16:17:28,797 [ INFO] Создали список. at {ru.apertum.qsystem.server.model.ATListModel.createList(ATListModel.java:45)}
2017-09-05 16:17:28,805 [ INFO] Вход в систему. at {ru.apertum.qsystem.client.forms.FLogin.logining(FLogin.java:313)}
2017-09-05 16:17:30,824 [ INFO] Вход в систему выполнен. Пользователь "Администратор", уровень доступа "3". at {ru.apertum.qsystem.client.forms.FLogin.logining(FLogin.java:335)}
2017-09-05 16:17:31,287 [ INFO] Создали дерево. at {ru.apertum.qsystem.server.model.ATreeModel.createTree(ATreeModel.java:54)}
2017-09-05 16:17:31,293 [ INFO] Создали список. at {ru.apertum.qsystem.server.model.ATListModel.createList(ATListModel.java:45)}
2017-09-05 16:17:31,301 [ INFO] Создали дерево. at {ru.apertum.qsystem.server.model.ATreeModel.createTree(ATreeModel.java:54)}
2017-09-05 16:17:31,305 [ INFO] Создали дерево. at {ru.apertum.qsystem.server.model.ATreeModel.createTree(ATreeModel.java:54)}
2017-09-05 16:17:31,311 [ INFO] Создали список. at {ru.apertum.qsystem.server.model.ATListModel.createList(ATListModel.java:45)}
2017-09-05 16:17:31,313 [ INFO] Создали список. at {ru.apertum.qsystem.server.model.ATListModel.createList(ATListModel.java:45)}
2017-09-05 16:17:31,317 [ INFO] Создали список. at {ru.apertum.qsystem.server.model.ATListModel.createList(ATListModel.java:45)}
2017-09-05 16:17:31,338 [ INFO] Создали список. at {ru.apertum.qsystem.server.model.ATListModel.createList(ATListModel.java:45)}
2017-09-05 16:17:31,389 [DEBUG] Создаем модель для календаря at {ru.apertum.qsystem.server.model.calendar.CalendarTableModel.<init>(CalendarTableModel.java:44)}
2017-09-05 16:18:02,963 [ INFO] Editing of user "Администратор" at {ru.apertum.qsystem.client.forms.FUserChangeDialog.changeUser(FUserChangeDialog.java:74)}
2017-09-05 16:18:09,420 [DEBUG] Добавлена услуга "111" в группу "Дерево услуг" at {ru.apertum.qsystem.client.forms.FAdmin.addService(FAdmin.java:1514)}
2017-09-05 16:18:10,936 [DEBUG] Пользователю "Администратор" назначили услугу "111". at {ru.apertum.qsystem.client.forms.FAdmin.addServiceToUser(FAdmin.java:1735)}
2017-09-05 16:18:24,313 [DEBUG] Сохранили конфигурацию. at {ru.apertum.qsystem.client.forms.FAdmin.lambda$saveConfiguration$20(FAdmin.java:1707)}
2017-09-05 16:19:58,826 [ INFO] Properties are ready. at {ru.apertum.qsystem.common.QConfig.prepareCLI(QConfig.java:305)}
2017-09-05 16:19:58,830 [ INFO] "QSystem 17.1"!  date: 20.05.2017 at {ru.apertum.qsystem.common.QLog.initial(QLog.java:180)}
2017-09-05 16:19:58,830 [ INFO] START LOGER. Logger: admin.file.info.trace at {ru.apertum.qsystem.common.QLog.initial(QLog.java:181)}
2017-09-05 16:19:58,831 [ INFO] Mode: KEY_DEBUG at {ru.apertum.qsystem.common.QLog.initial(QLog.java:186)}
2017-09-05 16:19:58,831 [ INFO] Plugins: YES at {ru.apertum.qsystem.common.QLog.initial(QLog.java:187)}
2017-09-05 16:19:58,833 [ INFO] Languages are loading... at {ru.apertum.qsystem.client.Locales.<init>(Locales.java:79)}
2017-09-05 16:19:58,839 [DEBUG]    Langusge: Az?rbaycan az_AZ at {ru.apertum.qsystem.client.Locales.<init>(Locales.java:119)}
2017-09-05 16:19:58,843 [DEBUG]    Langusge: English en_US at {ru.apertum.qsystem.client.Locales.<init>(Locales.java:119)}
2017-09-05 16:19:58,846 [DEBUG]    Langusge: Espanol es_ES at {ru.apertum.qsystem.client.Locales.<init>(Locales.java:119)}
2017-09-05 16:19:58,849 [DEBUG]    Langusge: Fran?ais fr_FR at {ru.apertum.qsystem.client.Locales.<init>(Locales.java:119)}
2017-09-05 16:19:58,851 [DEBUG]    Langusge: Italiano it_IT at {ru.apertum.qsystem.client.Locales.<init>(Locales.java:119)}
2017-09-05 16:19:58,853 [DEBUG]    Langusge: Portugu?s pt_PT at {ru.apertum.qsystem.client.Locales.<init>(Locales.java:119)}
2017-09-05 16:19:58,855 [DEBUG]    Langusge: Roman ro_RO at {ru.apertum.qsystem.client.Locales.<init>(Locales.java:119)}
2017-09-05 16:19:58,857 [DEBUG]    Langusge: Русский ru_RU at {ru.apertum.qsystem.client.Locales.<init>(Locales.java:119)}
2017-09-05 16:19:58,859 [DEBUG]    Langusge: Українська uk_UA at {ru.apertum.qsystem.client.Locales.<init>(Locales.java:119)}
2017-09-05 16:19:59,568 [ INFO] DB server '+ driver=com.mysql.jdbc.Driver' url=jdbc:mysql://127.0.0.1/qsystem?autoReconnect=true&amp;characterEncoding=UTF-8 at {ru.apertum.qsystem.hibernate.AnnotationSessionFactoryBean.load(AnnotationSessionFactoryBean.java:183)}
2017-09-05 16:20:00,842 [ INFO] DB is OK. at {ru.apertum.qsystem.client.forms.FAdmin.main(FAdmin.java:1212)}
2017-09-05 16:20:00,849 [ INFO] Загрузка плагинов из папки plugins. at {ru.apertum.qsystem.common.Uses.loadPlugins(Uses.java:788)}
2017-09-05 16:20:00,854 [DEBUG] Плагин Journal.jar at {ru.apertum.qsystem.common.Uses.loadPlugins(Uses.java:795)}
2017-09-05 16:20:00,855 [DEBUG] Плагин Microsound.jar at {ru.apertum.qsystem.common.Uses.loadPlugins(Uses.java:795)}
2017-09-05 16:20:01,689 [ INFO] Создали список. at {ru.apertum.qsystem.server.model.ATListModel.createList(ATListModel.java:45)}
2017-09-05 16:20:01,695 [ INFO] Вход в систему. at {ru.apertum.qsystem.client.forms.FLogin.logining(FLogin.java:313)}
2017-09-05 16:20:03,647 [ INFO] Вход в систему выполнен. Пользователь "Администратор", уровень доступа "3". at {ru.apertum.qsystem.client.forms.FLogin.logining(FLogin.java:335)}
2017-09-05 16:20:04,109 [ INFO] Создали дерево. at {ru.apertum.qsystem.server.model.ATreeModel.createTree(ATreeModel.java:54)}
2017-09-05 16:20:04,115 [ INFO] Создали список. at {ru.apertum.qsystem.server.model.ATListModel.createList(ATListModel.java:45)}
2017-09-05 16:20:04,123 [ INFO] Создали дерево. at {ru.apertum.qsystem.server.model.ATreeModel.createTree(ATreeModel.java:54)}
2017-09-05 16:20:04,129 [ INFO] Создали дерево. at {ru.apertum.qsystem.server.model.ATreeModel.createTree(ATreeModel.java:54)}
2017-09-05 16:20:04,134 [ INFO] Создали список. at {ru.apertum.qsystem.server.model.ATListModel.createList(ATListModel.java:45)}
2017-09-05 16:20:04,137 [ INFO] Создали список. at {ru.apertum.qsystem.server.model.ATListModel.createList(ATListModel.java:45)}
2017-09-05 16:20:04,141 [ INFO] Создали список. at {ru.apertum.qsystem.server.model.ATListModel.createList(ATListModel.java:45)}
2017-09-05 16:20:04,162 [ INFO] Создали список. at {ru.apertum.qsystem.server.model.ATListModel.createList(ATListModel.java:45)}
2017-09-05 16:20:04,215 [DEBUG] Создаем модель для календаря at {ru.apertum.qsystem.server.model.calendar.CalendarTableModel.<init>(CalendarTableModel.java:44)}
2017-09-05 16:29:33,148 [ INFO] Properties are ready. at {ru.apertum.qsystem.common.QConfig.prepareCLI(QConfig.java:305)}
2017-09-05 16:29:33,151 [ INFO] "QSystem 17.1"!  date: 20.05.2017 at {ru.apertum.qsystem.common.QLog.initial(QLog.java:180)}
2017-09-05 16:29:33,152 [ INFO] START LOGER. Logger: admin.file.info.trace at {ru.apertum.qsystem.common.QLog.initial(QLog.java:181)}
2017-09-05 16:29:33,153 [ INFO] Mode: KEY_DEBUG at {ru.apertum.qsystem.common.QLog.initial(QLog.java:186)}
2017-09-05 16:29:33,153 [ INFO] Plugins: YES at {ru.apertum.qsystem.common.QLog.initial(QLog.java:187)}
2017-09-05 16:29:33,155 [ INFO] Languages are loading... at {ru.apertum.qsystem.client.Locales.<init>(Locales.java:79)}
2017-09-05 16:29:33,161 [DEBUG]    Langusge: Az?rbaycan az_AZ at {ru.apertum.qsystem.client.Locales.<init>(Locales.java:119)}
2017-09-05 16:29:33,164 [DEBUG]    Langusge: English en_US at {ru.apertum.qsystem.client.Locales.<init>(Locales.java:119)}
2017-09-05 16:29:33,166 [DEBUG]    Langusge: Espanol es_ES at {ru.apertum.qsystem.client.Locales.<init>(Locales.java:119)}
2017-09-05 16:29:33,168 [DEBUG]    Langusge: Fran?ais fr_FR at {ru.apertum.qsystem.client.Locales.<init>(Locales.java:119)}
2017-09-05 16:29:33,171 [DEBUG]    Langusge: Italiano it_IT at {ru.apertum.qsystem.client.Locales.<init>(Locales.java:119)}
2017-09-05 16:29:33,173 [DEBUG]    Langusge: Portugu?s pt_PT at {ru.apertum.qsystem.client.Locales.<init>(Locales.java:119)}
2017-09-05 16:29:33,175 [DEBUG]    Langusge: Roman ro_RO at {ru.apertum.qsystem.client.Locales.<init>(Locales.java:119)}
2017-09-05 16:29:33,181 [DEBUG]    Langusge: Русский ru_RU at {ru.apertum.qsystem.client.Locales.<init>(Locales.java:119)}
2017-09-05 16:29:33,184 [DEBUG]    Langusge: Українська uk_UA at {ru.apertum.qsystem.client.Locales.<init>(Locales.java:119)}
2017-09-05 16:29:33,883 [ INFO] DB server '+ driver=com.mysql.jdbc.Driver' url=jdbc:mysql://127.0.0.1/qsystem?autoReconnect=true&amp;characterEncoding=UTF-8 at {ru.apertum.qsystem.hibernate.AnnotationSessionFactoryBean.load(AnnotationSessionFactoryBean.java:183)}
2017-09-05 16:29:35,159 [ INFO] DB is OK. at {ru.apertum.qsystem.client.forms.FAdmin.main(FAdmin.java:1212)}
2017-09-05 16:29:35,166 [ INFO] Загрузка плагинов из папки plugins. at {ru.apertum.qsystem.common.Uses.loadPlugins(Uses.java:788)}
2017-09-05 16:29:35,168 [DEBUG] Плагин Journal.jar at {ru.apertum.qsystem.common.Uses.loadPlugins(Uses.java:795)}
2017-09-05 16:29:35,170 [DEBUG] Плагин Microsound.jar at {ru.apertum.qsystem.common.Uses.loadPlugins(Uses.java:795)}
2017-09-05 16:29:36,041 [ INFO] Создали список. at {ru.apertum.qsystem.server.model.ATListModel.createList(ATListModel.java:45)}
2017-09-05 16:29:36,047 [ INFO] Вход в систему. at {ru.apertum.qsystem.client.forms.FLogin.logining(FLogin.java:313)}
2017-09-05 16:29:38,399 [ INFO] Вход в систему выполнен. Пользователь "Администратор", уровень доступа "3". at {ru.apertum.qsystem.client.forms.FLogin.logining(FLogin.java:335)}
2017-09-05 16:29:38,866 [ INFO] Создали дерево. at {ru.apertum.qsystem.server.model.ATreeModel.createTree(ATreeModel.java:54)}
2017-09-05 16:29:38,872 [ INFO] Создали список. at {ru.apertum.qsystem.server.model.ATListModel.createList(ATListModel.java:45)}
2017-09-05 16:29:38,881 [ INFO] Создали дерево. at {ru.apertum.qsystem.server.model.ATreeModel.createTree(ATreeModel.java:54)}
2017-09-05 16:29:38,887 [ INFO] Создали дерево. at {ru.apertum.qsystem.server.model.ATreeModel.createTree(ATreeModel.java:54)}
2017-09-05 16:29:38,892 [ INFO] Создали список. at {ru.apertum.qsystem.server.model.ATListModel.createList(ATListModel.java:45)}
2017-09-05 16:29:38,895 [ INFO] Создали список. at {ru.apertum.qsystem.server.model.ATListModel.createList(ATListModel.java:45)}
2017-09-05 16:29:38,899 [ INFO] Создали список. at {ru.apertum.qsystem.server.model.ATListModel.createList(ATListModel.java:45)}
2017-09-05 16:29:38,921 [ INFO] Создали список. at {ru.apertum.qsystem.server.model.ATListModel.createList(ATListModel.java:45)}
2017-09-05 16:29:38,980 [DEBUG] Создаем модель для календаря at {ru.apertum.qsystem.server.model.calendar.CalendarTableModel.<init>(CalendarTableModel.java:44)}
2017-09-05 16:29:42,564 [ INFO] Редактирование услуги "Услуга" at {ru.apertum.qsystem.client.forms.FServiceChangeDialod.changeService(FServiceChangeDialod.java:94)}
2017-09-05 17:46:39,686 [ INFO] Properties are ready. at {ru.apertum.qsystem.common.QConfig.prepareCLI(QConfig.java:305)}
2017-09-05 17:46:39,689 [ INFO] "QSystem 17.1"!  date: 20.05.2017 at {ru.apertum.qsystem.common.QLog.initial(QLog.java:180)}
2017-09-05 17:46:39,690 [ INFO] START LOGER. Logger: admin.file.info.trace at {ru.apertum.qsystem.common.QLog.initial(QLog.java:181)}
2017-09-05 17:46:39,690 [ INFO] Mode: KEY_DEBUG at {ru.apertum.qsystem.common.QLog.initial(QLog.java:186)}
2017-09-05 17:46:39,691 [ INFO] Plugins: YES at {ru.apertum.qsystem.common.QLog.initial(QLog.java:187)}
2017-09-05 17:46:39,693 [ INFO] Languages are loading... at {ru.apertum.qsystem.client.Locales.<init>(Locales.java:79)}
2017-09-05 17:46:39,698 [DEBUG]    Langusge: Az?rbaycan az_AZ at {ru.apertum.qsystem.client.Locales.<init>(Locales.java:119)}
2017-09-05 17:46:39,701 [DEBUG]    Langusge: English en_US at {ru.apertum.qsystem.client.Locales.<init>(Locales.java:119)}
2017-09-05 17:46:39,702 [DEBUG]    Langusge: Espanol es_ES at {ru.apertum.qsystem.client.Locales.<init>(Locales.java:119)}
2017-09-05 17:46:39,704 [DEBUG]    Langusge: Fran?ais fr_FR at {ru.apertum.qsystem.client.Locales.<init>(Locales.java:119)}
2017-09-05 17:46:39,705 [DEBUG]    Langusge: Italiano it_IT at {ru.apertum.qsystem.client.Locales.<init>(Locales.java:119)}
2017-09-05 17:46:39,706 [DEBUG]    Langusge: Portugu?s pt_PT at {ru.apertum.qsystem.client.Locales.<init>(Locales.java:119)}
2017-09-05 17:46:39,708 [DEBUG]    Langusge: Roman ro_RO at {ru.apertum.qsystem.client.Locales.<init>(Locales.java:119)}
2017-09-05 17:46:39,710 [DEBUG]    Langusge: Русский ru_RU at {ru.apertum.qsystem.client.Locales.<init>(Locales.java:119)}
2017-09-05 17:46:39,712 [DEBUG]    Langusge: Українська uk_UA at {ru.apertum.qsystem.client.Locales.<init>(Locales.java:119)}
2017-09-05 17:46:40,633 [ INFO] DB server '+ driver=com.mysql.jdbc.Driver' url=jdbc:mysql://127.0.0.1/qsystem?autoReconnect=true&amp;characterEncoding=UTF-8 at {ru.apertum.qsystem.hibernate.AnnotationSessionFactoryBean.load(AnnotationSessionFactoryBean.java:183)}
2017-09-05 17:46:42,227 [ INFO] DB is OK. at {ru.apertum.qsystem.client.forms.FAdmin.main(FAdmin.java:1212)}
2017-09-05 17:46:42,232 [ INFO] Загрузка плагинов из папки plugins. at {ru.apertum.qsystem.common.Uses.loadPlugins(Uses.java:788)}
2017-09-05 17:46:42,234 [DEBUG] Плагин Journal.jar at {ru.apertum.qsystem.common.Uses.loadPlugins(Uses.java:795)}
2017-09-05 17:46:42,235 [DEBUG] Плагин Microsound.jar at {ru.apertum.qsystem.common.Uses.loadPlugins(Uses.java:795)}
2017-09-05 17:46:43,047 [ INFO] Создали список. at {ru.apertum.qsystem.server.model.ATListModel.createList(ATListModel.java:45)}
2017-09-05 17:46:43,075 [ INFO] Вход в систему. at {ru.apertum.qsystem.client.forms.FLogin.logining(FLogin.java:313)}
2017-09-05 17:46:45,834 [ INFO] Вход в систему выполнен. Пользователь "Администратор", уровень доступа "3". at {ru.apertum.qsystem.client.forms.FLogin.logining(FLogin.java:335)}
2017-09-05 17:46:46,370 [ INFO] Создали дерево. at {ru.apertum.qsystem.server.model.ATreeModel.createTree(ATreeModel.java:54)}
2017-09-05 17:46:46,375 [ INFO] Создали список. at {ru.apertum.qsystem.server.model.ATListModel.createList(ATListModel.java:45)}
2017-09-05 17:46:46,384 [ INFO] Создали дерево. at {ru.apertum.qsystem.server.model.ATreeModel.createTree(ATreeModel.java:54)}
2017-09-05 17:46:46,388 [ INFO] Создали дерево. at {ru.apertum.qsystem.server.model.ATreeModel.createTree(ATreeModel.java:54)}
2017-09-05 17:46:46,421 [ INFO] Создали список. at {ru.apertum.qsystem.server.model.ATListModel.createList(ATListModel.java:45)}
2017-09-05 17:46:46,424 [ INFO] Создали список. at {ru.apertum.qsystem.server.model.ATListModel.createList(ATListModel.java:45)}
2017-09-05 17:46:46,428 [ INFO] Создали список. at {ru.apertum.qsystem.server.model.ATListModel.createList(ATListModel.java:45)}
2017-09-05 17:46:46,472 [ INFO] Создали список. at {ru.apertum.qsystem.server.model.ATListModel.createList(ATListModel.java:45)}
2017-09-05 17:46:46,559 [DEBUG] Создаем модель для календаря at {ru.apertum.qsystem.server.model.calendar.CalendarTableModel.<init>(CalendarTableModel.java:44)}
2017-09-05 17:46:53,769 [ INFO] Редактирование услуги "Услуга" at {ru.apertum.qsystem.client.forms.FServiceChangeDialod.changeService(FServiceChangeDialod.java:94)}
2017-09-05 17:46:56,796 [ INFO] Редактирование услуги "111" at {ru.apertum.qsystem.client.forms.FServiceChangeDialod.changeService(FServiceChangeDialod.java:94)}
2017-09-05 17:46:59,167 [ INFO] Редактирование услуги "Услуга" at {ru.apertum.qsystem.client.forms.FServiceChangeDialod.changeService(FServiceChangeDialod.java:94)}
2017-09-05 17:47:01,118 [ INFO] Редактирование услуги "111" at {ru.apertum.qsystem.client.forms.FServiceChangeDialod.changeService(FServiceChangeDialod.java:94)}
2017-09-05 17:47:05,162 [DEBUG] Сохранили конфигурацию. at {ru.apertum.qsystem.client.forms.FAdmin.lambda$saveConfiguration$20(FAdmin.java:1707)}
2017-09-05 17:51:50,613 [ INFO] Properties are ready. at {ru.apertum.qsystem.common.QConfig.prepareCLI(QConfig.java:305)}
2017-09-05 17:51:50,617 [ INFO] "QSystem 17.1"!  date: 20.05.2017 at {ru.apertum.qsystem.common.QLog.initial(QLog.java:180)}
2017-09-05 17:51:50,617 [ INFO] START LOGER. Logger: admin.file.info.trace at {ru.apertum.qsystem.common.QLog.initial(QLog.java:181)}
2017-09-05 17:51:50,618 [ INFO] Mode: KEY_DEBUG at {ru.apertum.qsystem.common.QLog.initial(QLog.java:186)}
2017-09-05 17:51:50,619 [ INFO] Plugins: YES at {ru.apertum.qsystem.common.QLog.initial(QLog.java:187)}
2017-09-05 17:51:50,621 [ INFO] Languages are loading... at {ru.apertum.qsystem.client.Locales.<init>(Locales.java:79)}
2017-09-05 17:51:50,626 [DEBUG]    Langusge: Az?rbaycan az_AZ at {ru.apertum.qsystem.client.Locales.<init>(Locales.java:119)}
2017-09-05 17:51:50,629 [DEBUG]    Langusge: English en_US at {ru.apertum.qsystem.client.Locales.<init>(Locales.java:119)}
2017-09-05 17:51:50,631 [DEBUG]    Langusge: Espanol es_ES at {ru.apertum.qsystem.client.Locales.<init>(Locales.java:119)}
2017-09-05 17:51:50,632 [DEBUG]    Langusge: Fran?ais fr_FR at {ru.apertum.qsystem.client.Locales.<init>(Locales.java:119)}
2017-09-05 17:51:50,634 [DEBUG]    Langusge: Italiano it_IT at {ru.apertum.qsystem.client.Locales.<init>(Locales.java:119)}
2017-09-05 17:51:50,635 [DEBUG]    Langusge: Portugu?s pt_PT at {ru.apertum.qsystem.client.Locales.<init>(Locales.java:119)}
2017-09-05 17:51:50,637 [DEBUG]    Langusge: Roman ro_RO at {ru.apertum.qsystem.client.Locales.<init>(Locales.java:119)}
2017-09-05 17:51:50,638 [DEBUG]    Langusge: Русский ru_RU at {ru.apertum.qsystem.client.Locales.<init>(Locales.java:119)}
2017-09-05 17:51:50,640 [DEBUG]    Langusge: Українська uk_UA at {ru.apertum.qsystem.client.Locales.<init>(Locales.java:119)}
2017-09-05 17:51:51,352 [ INFO] DB server '+ driver=com.mysql.jdbc.Driver' url=jdbc:mysql://127.0.0.1/qsystem?autoReconnect=true&amp;characterEncoding=UTF-8 at {ru.apertum.qsystem.hibernate.AnnotationSessionFactoryBean.load(AnnotationSessionFactoryBean.java:183)}
2017-09-05 17:51:52,661 [ INFO] DB is OK. at {ru.apertum.qsystem.client.forms.FAdmin.main(FAdmin.java:1212)}
2017-09-05 17:51:52,667 [ INFO] Загрузка плагинов из папки plugins. at {ru.apertum.qsystem.common.Uses.loadPlugins(Uses.java:788)}
2017-09-05 17:51:52,668 [DEBUG] Плагин Journal.jar at {ru.apertum.qsystem.common.Uses.loadPlugins(Uses.java:795)}
2017-09-05 17:51:52,669 [DEBUG] Плагин Microsound.jar at {ru.apertum.qsystem.common.Uses.loadPlugins(Uses.java:795)}
2017-09-05 17:51:53,502 [ INFO] Создали список. at {ru.apertum.qsystem.server.model.ATListModel.createList(ATListModel.java:45)}
2017-09-05 17:51:53,507 [ INFO] Вход в систему. at {ru.apertum.qsystem.client.forms.FLogin.logining(FLogin.java:313)}
2017-09-05 17:51:55,584 [ INFO] Вход в систему выполнен. Пользователь "Администратор", уровень доступа "3". at {ru.apertum.qsystem.client.forms.FLogin.logining(FLogin.java:335)}
2017-09-05 17:51:56,040 [ INFO] Создали дерево. at {ru.apertum.qsystem.server.model.ATreeModel.createTree(ATreeModel.java:54)}
2017-09-05 17:51:56,046 [ INFO] Создали список. at {ru.apertum.qsystem.server.model.ATListModel.createList(ATListModel.java:45)}
2017-09-05 17:51:56,056 [ INFO] Создали дерево. at {ru.apertum.qsystem.server.model.ATreeModel.createTree(ATreeModel.java:54)}
2017-09-05 17:51:56,060 [ INFO] Создали дерево. at {ru.apertum.qsystem.server.model.ATreeModel.createTree(ATreeModel.java:54)}
2017-09-05 17:51:56,066 [ INFO] Создали список. at {ru.apertum.qsystem.server.model.ATListModel.createList(ATListModel.java:45)}
2017-09-05 17:51:56,069 [ INFO] Создали список. at {ru.apertum.qsystem.server.model.ATListModel.createList(ATListModel.java:45)}
2017-09-05 17:51:56,073 [ INFO] Создали список. at {ru.apertum.qsystem.server.model.ATListModel.createList(ATListModel.java:45)}
2017-09-05 17:51:56,094 [ INFO] Создали список. at {ru.apertum.qsystem.server.model.ATListModel.createList(ATListModel.java:45)}
2017-09-05 17:51:56,154 [DEBUG] Создаем модель для календаря at {ru.apertum.qsystem.server.model.calendar.CalendarTableModel.<init>(CalendarTableModel.java:44)}
2017-09-05 17:52:19,350 [ INFO] Редактирование услуги "Услуга" at {ru.apertum.qsystem.client.forms.FServiceChangeDialod.changeService(FServiceChangeDialod.java:94)}
2017-09-05 17:52:30,385 [ INFO] Редактирование услуги "111" at {ru.apertum.qsystem.client.forms.FServiceChangeDialod.changeService(FServiceChangeDialod.java:94)}
2017-09-05 18:01:14,357 [ INFO] Properties are ready. at {ru.apertum.qsystem.common.QConfig.prepareCLI(QConfig.java:305)}
2017-09-05 18:01:14,361 [ INFO] "QSystem 17.1"!  date: 20.05.2017 at {ru.apertum.qsystem.common.QLog.initial(QLog.java:180)}
2017-09-05 18:01:14,361 [ INFO] START LOGER. Logger: admin.file.info.trace at {ru.apertum.qsystem.common.QLog.initial(QLog.java:181)}
2017-09-05 18:01:14,361 [ INFO] Mode: KEY_DEBUG at {ru.apertum.qsystem.common.QLog.initial(QLog.java:186)}
2017-09-05 18:01:14,362 [ INFO] Plugins: YES at {ru.apertum.qsystem.common.QLog.initial(QLog.java:187)}
2017-09-05 18:01:14,364 [ INFO] Languages are loading... at {ru.apertum.qsystem.client.Locales.<init>(Locales.java:79)}
2017-09-05 18:01:14,369 [DEBUG]    Langusge: Az?rbaycan az_AZ at {ru.apertum.qsystem.client.Locales.<init>(Locales.java:119)}
2017-09-05 18:01:14,372 [DEBUG]    Langusge: English en_US at {ru.apertum.qsystem.client.Locales.<init>(Locales.java:119)}
2017-09-05 18:01:14,374 [DEBUG]    Langusge: Espanol es_ES at {ru.apertum.qsystem.client.Locales.<init>(Locales.java:119)}
2017-09-05 18:01:14,375 [DEBUG]    Langusge: Fran?ais fr_FR at {ru.apertum.qsystem.client.Locales.<init>(Locales.java:119)}
2017-09-05 18:01:14,377 [DEBUG]    Langusge: Italiano it_IT at {ru.apertum.qsystem.client.Locales.<init>(Locales.java:119)}
2017-09-05 18:01:14,378 [DEBUG]    Langusge: Portugu?s pt_PT at {ru.apertum.qsystem.client.Locales.<init>(Locales.java:119)}
2017-09-05 18:01:14,380 [DEBUG]    Langusge: Roman ro_RO at {ru.apertum.qsystem.client.Locales.<init>(Locales.java:119)}
2017-09-05 18:01:14,381 [DEBUG]    Langusge: Русский ru_RU at {ru.apertum.qsystem.client.Locales.<init>(Locales.java:119)}
2017-09-05 18:01:14,383 [DEBUG]    Langusge: Українська uk_UA at {ru.apertum.qsystem.client.Locales.<init>(Locales.java:119)}
2017-09-05 18:01:15,087 [ INFO] DB server '+ driver=com.mysql.jdbc.Driver' url=jdbc:mysql://127.0.0.1/qsystem?autoReconnect=true&amp;characterEncoding=UTF-8 at {ru.apertum.qsystem.hibernate.AnnotationSessionFactoryBean.load(AnnotationSessionFactoryBean.java:183)}
2017-09-05 18:01:16,549 [ INFO] DB is OK. at {ru.apertum.qsystem.client.forms.FAdmin.main(FAdmin.java:1212)}
2017-09-05 18:01:16,556 [ INFO] Загрузка плагинов из папки plugins. at {ru.apertum.qsystem.common.Uses.loadPlugins(Uses.java:788)}
2017-09-05 18:01:16,560 [DEBUG] Плагин Journal.jar at {ru.apertum.qsystem.common.Uses.loadPlugins(Uses.java:795)}
2017-09-05 18:01:16,561 [DEBUG] Плагин Microsound.jar at {ru.apertum.qsystem.common.Uses.loadPlugins(Uses.java:795)}
2017-09-05 18:01:17,434 [ INFO] Создали список. at {ru.apertum.qsystem.server.model.ATListModel.createList(ATListModel.java:45)}
2017-09-05 18:01:17,441 [ INFO] Вход в систему. at {ru.apertum.qsystem.client.forms.FLogin.logining(FLogin.java:313)}
2017-09-05 18:01:20,873 [ INFO] Вход в систему выполнен. Пользователь "Администратор", уровень доступа "3". at {ru.apertum.qsystem.client.forms.FLogin.logining(FLogin.java:335)}
2017-09-05 18:01:21,378 [ INFO] Создали дерево. at {ru.apertum.qsystem.server.model.ATreeModel.createTree(ATreeModel.java:54)}
2017-09-05 18:01:21,382 [ INFO] Создали список. at {ru.apertum.qsystem.server.model.ATListModel.createList(ATListModel.java:45)}
2017-09-05 18:01:21,391 [ INFO] Создали дерево. at {ru.apertum.qsystem.server.model.ATreeModel.createTree(ATreeModel.java:54)}
2017-09-05 18:01:21,397 [ INFO] Создали дерево. at {ru.apertum.qsystem.server.model.ATreeModel.createTree(ATreeModel.java:54)}
2017-09-05 18:01:21,402 [ INFO] Создали список. at {ru.apertum.qsystem.server.model.ATListModel.createList(ATListModel.java:45)}
2017-09-05 18:01:21,405 [ INFO] Создали список. at {ru.apertum.qsystem.server.model.ATListModel.createList(ATListModel.java:45)}
2017-09-05 18:01:21,411 [ INFO] Создали список. at {ru.apertum.qsystem.server.model.ATListModel.createList(ATListModel.java:45)}
2017-09-05 18:01:21,432 [ INFO] Создали список. at {ru.apertum.qsystem.server.model.ATListModel.createList(ATListModel.java:45)}
2017-09-05 18:01:21,494 [DEBUG] Создаем модель для календаря at {ru.apertum.qsystem.server.model.calendar.CalendarTableModel.<init>(CalendarTableModel.java:44)}
2017-09-05 18:01:25,955 [ INFO] Редактирование услуги "111" at {ru.apertum.qsystem.client.forms.FServiceChangeDialod.changeService(FServiceChangeDialod.java:94)}
2017-09-05 18:01:37,976 [DEBUG] Сохранили конфигурацию. at {ru.apertum.qsystem.client.forms.FAdmin.lambda$saveConfiguration$20(FAdmin.java:1707)}
2017-09-05 18:01:39,657 [ INFO] Редактирование услуги "111" at {ru.apertum.qsystem.client.forms.FServiceChangeDialod.changeService(FServiceChangeDialod.java:94)}
2017-09-05 18:01:44,852 [ INFO] Properties are ready. at {ru.apertum.qsystem.common.QConfig.prepareCLI(QConfig.java:305)}
2017-09-05 18:01:44,855 [ INFO] "QSystem 17.1"!  date: 20.05.2017 at {ru.apertum.qsystem.common.QLog.initial(QLog.java:180)}
2017-09-05 18:01:44,856 [ INFO] START LOGER. Logger: admin.file.info.trace at {ru.apertum.qsystem.common.QLog.initial(QLog.java:181)}
2017-09-05 18:01:44,857 [ INFO] Mode: KEY_DEBUG at {ru.apertum.qsystem.common.QLog.initial(QLog.java:186)}
2017-09-05 18:01:44,857 [ INFO] Plugins: YES at {ru.apertum.qsystem.common.QLog.initial(QLog.java:187)}
2017-09-05 18:01:44,859 [ INFO] Languages are loading... at {ru.apertum.qsystem.client.Locales.<init>(Locales.java:79)}
2017-09-05 18:01:44,864 [DEBUG]    Langusge: Az?rbaycan az_AZ at {ru.apertum.qsystem.client.Locales.<init>(Locales.java:119)}
2017-09-05 18:01:44,868 [DEBUG]    Langusge: English en_US at {ru.apertum.qsystem.client.Locales.<init>(Locales.java:119)}
2017-09-05 18:01:44,869 [DEBUG]    Langusge: Espanol es_ES at {ru.apertum.qsystem.client.Locales.<init>(Locales.java:119)}
2017-09-05 18:01:44,871 [DEBUG]    Langusge: Fran?ais fr_FR at {ru.apertum.qsystem.client.Locales.<init>(Locales.java:119)}
2017-09-05 18:01:44,872 [DEBUG]    Langusge: Italiano it_IT at {ru.apertum.qsystem.client.Locales.<init>(Locales.java:119)}
2017-09-05 18:01:44,873 [DEBUG]    Langusge: Portugu?s pt_PT at {ru.apertum.qsystem.client.Locales.<init>(Locales.java:119)}
2017-09-05 18:01:44,875 [DEBUG]    Langusge: Roman ro_RO at {ru.apertum.qsystem.client.Locales.<init>(Locales.java:119)}
2017-09-05 18:01:44,876 [DEBUG]    Langusge: Русский ru_RU at {ru.apertum.qsystem.client.Locales.<init>(Locales.java:119)}
2017-09-05 18:01:44,878 [DEBUG]    Langusge: Українська uk_UA at {ru.apertum.qsystem.client.Locales.<init>(Locales.java:119)}
2017-09-05 18:01:45,530 [ INFO] DB server '+ driver=com.mysql.jdbc.Driver' url=jdbc:mysql://127.0.0.1/qsystem?autoReconnect=true&amp;characterEncoding=UTF-8 at {ru.apertum.qsystem.hibernate.AnnotationSessionFactoryBean.load(AnnotationSessionFactoryBean.java:183)}
2017-09-05 18:01:46,889 [ INFO] DB is OK. at {ru.apertum.qsystem.client.forms.FAdmin.main(FAdmin.java:1212)}
2017-09-05 18:01:46,896 [ INFO] Загрузка плагинов из папки plugins. at {ru.apertum.qsystem.common.Uses.loadPlugins(Uses.java:788)}
2017-09-05 18:01:46,898 [DEBUG] Плагин Journal.jar at {ru.apertum.qsystem.common.Uses.loadPlugins(Uses.java:795)}
2017-09-05 18:01:46,899 [DEBUG] Плагин Microsound.jar at {ru.apertum.qsystem.common.Uses.loadPlugins(Uses.java:795)}
2017-09-05 18:01:47,771 [ INFO] Создали список. at {ru.apertum.qsystem.server.model.ATListModel.createList(ATListModel.java:45)}
2017-09-05 18:01:47,777 [ INFO] Вход в систему. at {ru.apertum.qsystem.client.forms.FLogin.logining(FLogin.java:313)}
2017-09-05 18:01:51,147 [ INFO] Вход в систему выполнен. Пользователь "Администратор", уровень доступа "3". at {ru.apertum.qsystem.client.forms.FLogin.logining(FLogin.java:335)}
2017-09-05 18:01:51,590 [ INFO] Создали дерево. at {ru.apertum.qsystem.server.model.ATreeModel.createTree(ATreeModel.java:54)}
2017-09-05 18:01:51,594 [ INFO] Создали список. at {ru.apertum.qsystem.server.model.ATListModel.createList(ATListModel.java:45)}
2017-09-05 18:01:51,604 [ INFO] Создали дерево. at {ru.apertum.qsystem.server.model.ATreeModel.createTree(ATreeModel.java:54)}
2017-09-05 18:01:51,609 [ INFO] Создали дерево. at {ru.apertum.qsystem.server.model.ATreeModel.createTree(ATreeModel.java:54)}
2017-09-05 18:01:51,614 [ INFO] Создали список. at {ru.apertum.qsystem.server.model.ATListModel.createList(ATListModel.java:45)}
2017-09-05 18:01:51,617 [ INFO] Создали список. at {ru.apertum.qsystem.server.model.ATListModel.createList(ATListModel.java:45)}
2017-09-05 18:01:51,621 [ INFO] Создали список. at {ru.apertum.qsystem.server.model.ATListModel.createList(ATListModel.java:45)}
2017-09-05 18:01:51,642 [ INFO] Создали список. at {ru.apertum.qsystem.server.model.ATListModel.createList(ATListModel.java:45)}
2017-09-05 18:01:51,690 [DEBUG] Создаем модель для календаря at {ru.apertum.qsystem.server.model.calendar.CalendarTableModel.<init>(CalendarTableModel.java:44)}
2017-09-05 18:01:54,062 [ INFO] Редактирование услуги "Услуга" at {ru.apertum.qsystem.client.forms.FServiceChangeDialod.changeService(FServiceChangeDialod.java:94)}
2017-09-05 18:01:57,378 [ INFO] Редактирование услуги "111" at {ru.apertum.qsystem.client.forms.FServiceChangeDialod.changeService(FServiceChangeDialod.java:94)}
2017-09-06 10:56:22,758 [ INFO] Properties are ready. at {ru.apertum.qsystem.common.QConfig.prepareCLI(QConfig.java:305)}
2017-09-06 10:56:22,810 [ INFO] "QSystem 17.1"!  date: 20.05.2017 at {ru.apertum.qsystem.common.QLog.initial(QLog.java:180)}
2017-09-06 10:56:22,812 [ INFO] START LOGER. Logger: admin.file.info.trace at {ru.apertum.qsystem.common.QLog.initial(QLog.java:181)}
2017-09-06 10:56:22,813 [ INFO] Mode: KEY_DEBUG at {ru.apertum.qsystem.common.QLog.initial(QLog.java:186)}
2017-09-06 10:56:22,814 [ INFO] Plugins: YES at {ru.apertum.qsystem.common.QLog.initial(QLog.java:187)}
2017-09-06 10:56:22,819 [ INFO] Languages are loading... at {ru.apertum.qsystem.client.Locales.<init>(Locales.java:79)}
2017-09-06 10:56:22,834 [DEBUG]    Langusge: Az?rbaycan az_AZ at {ru.apertum.qsystem.client.Locales.<init>(Locales.java:119)}
2017-09-06 10:56:22,841 [DEBUG]    Langusge: English en_US at {ru.apertum.qsystem.client.Locales.<init>(Locales.java:119)}
2017-09-06 10:56:22,896 [DEBUG]    Langusge: Espanol es_ES at {ru.apertum.qsystem.client.Locales.<init>(Locales.java:119)}
2017-09-06 10:56:22,898 [DEBUG]    Langusge: Fran?ais fr_FR at {ru.apertum.qsystem.client.Locales.<init>(Locales.java:119)}
2017-09-06 10:56:22,900 [DEBUG]    Langusge: Italiano it_IT at {ru.apertum.qsystem.client.Locales.<init>(Locales.java:119)}
2017-09-06 10:56:22,902 [DEBUG]    Langusge: Portugu?s pt_PT at {ru.apertum.qsystem.client.Locales.<init>(Locales.java:119)}
2017-09-06 10:56:22,904 [DEBUG]    Langusge: Roman ro_RO at {ru.apertum.qsystem.client.Locales.<init>(Locales.java:119)}
2017-09-06 10:56:22,906 [DEBUG]    Langusge: Русский ru_RU at {ru.apertum.qsystem.client.Locales.<init>(Locales.java:119)}
2017-09-06 10:56:22,908 [DEBUG]    Langusge: Українська uk_UA at {ru.apertum.qsystem.client.Locales.<init>(Locales.java:119)}
2017-09-06 10:56:23,981 [ INFO] DB server '+ driver=com.mysql.jdbc.Driver' url=jdbc:mysql://127.0.0.1/qsystem?autoReconnect=true&amp;characterEncoding=UTF-8 at {ru.apertum.qsystem.hibernate.AnnotationSessionFactoryBean.load(AnnotationSessionFactoryBean.java:183)}
2017-09-06 10:56:25,500 [ INFO] DB is OK. at {ru.apertum.qsystem.client.forms.FAdmin.main(FAdmin.java:1212)}
2017-09-06 10:56:25,519 [ INFO] Загрузка плагинов из папки plugins. at {ru.apertum.qsystem.common.Uses.loadPlugins(Uses.java:788)}
2017-09-06 10:56:25,521 [DEBUG] Плагин Journal.jar at {ru.apertum.qsystem.common.Uses.loadPlugins(Uses.java:795)}
2017-09-06 10:56:25,521 [DEBUG] Плагин Microsound.jar at {ru.apertum.qsystem.common.Uses.loadPlugins(Uses.java:795)}
2017-09-06 10:56:26,377 [ INFO] Создали список. at {ru.apertum.qsystem.server.model.ATListModel.createList(ATListModel.java:45)}
2017-09-06 10:56:26,382 [ INFO] Вход в систему. at {ru.apertum.qsystem.client.forms.FLogin.logining(FLogin.java:313)}
2017-09-06 10:56:29,895 [ INFO] Вход в систему выполнен. Пользователь "Администратор", уровень доступа "3". at {ru.apertum.qsystem.client.forms.FLogin.logining(FLogin.java:335)}
2017-09-06 10:56:30,377 [ INFO] Создали дерево. at {ru.apertum.qsystem.server.model.ATreeModel.createTree(ATreeModel.java:54)}
2017-09-06 10:56:30,383 [ INFO] Создали список. at {ru.apertum.qsystem.server.model.ATListModel.createList(ATListModel.java:45)}
2017-09-06 10:56:30,392 [ INFO] Создали дерево. at {ru.apertum.qsystem.server.model.ATreeModel.createTree(ATreeModel.java:54)}
2017-09-06 10:56:30,398 [ INFO] Создали дерево. at {ru.apertum.qsystem.server.model.ATreeModel.createTree(ATreeModel.java:54)}
2017-09-06 10:56:30,403 [ INFO] Создали список. at {ru.apertum.qsystem.server.model.ATListModel.createList(ATListModel.java:45)}
2017-09-06 10:56:30,406 [ INFO] Создали список. at {ru.apertum.qsystem.server.model.ATListModel.createList(ATListModel.java:45)}
2017-09-06 10:56:30,410 [ INFO] Создали список. at {ru.apertum.qsystem.server.model.ATListModel.createList(ATListModel.java:45)}
2017-09-06 10:56:30,435 [ INFO] Создали список. at {ru.apertum.qsystem.server.model.ATListModel.createList(ATListModel.java:45)}
2017-09-06 10:56:30,495 [DEBUG] Создаем модель для календаря at {ru.apertum.qsystem.server.model.calendar.CalendarTableModel.<init>(CalendarTableModel.java:44)}
2017-09-06 10:56:35,017 [ INFO] Редактирование услуги "Дерево услуг" at {ru.apertum.qsystem.client.forms.FServiceChangeDialod.changeService(FServiceChangeDialod.java:94)}
2017-09-06 10:56:45,469 [ INFO] Редактирование услуги "СЗАО "ИНТЕРДНЕСТРКОМ"" at {ru.apertum.qsystem.client.forms.FServiceChangeDialod.changeService(FServiceChangeDialod.java:94)}
2017-09-06 10:56:47,705 [ INFO] Редактирование услуги "Услуга" at {ru.apertum.qsystem.client.forms.FServiceChangeDialod.changeService(FServiceChangeDialod.java:94)}
2017-09-06 10:57:19,890 [DEBUG] Добавлена услуга "Консультация. Сотовая связь" в группу "Обслуживание в абон зале" at {ru.apertum.qsystem.client.forms.FAdmin.addService(FAdmin.java:1514)}
2017-09-06 10:57:33,248 [DEBUG] Добавлена услуга "Оформить обращение по качеству обслуживания" в группу "Обслуживание в абон зале" at {ru.apertum.qsystem.client.forms.FAdmin.addService(FAdmin.java:1514)}
2017-09-06 10:57:54,200 [DEBUG] Добавлена услуга "Сдать оборудование в ремонт (на тестирование)" в группу "c/w" at {ru.apertum.qsystem.client.forms.FAdmin.addService(FAdmin.java:1514)}
2017-09-06 10:57:57,400 [ INFO] Редактирование услуги "Сдать оборудование в ремонт (на тестирование)" at {ru.apertum.qsystem.client.forms.FServiceChangeDialod.changeService(FServiceChangeDialod.java:94)}
2017-09-06 10:58:00,362 [ INFO] Редактирование услуги "Оформить обращение по качеству обслуживания" at {ru.apertum.qsystem.client.forms.FServiceChangeDialod.changeService(FServiceChangeDialod.java:94)}
2017-09-06 10:58:03,064 [ INFO] Редактирование услуги "Консультация. Сотовая связь" at {ru.apertum.qsystem.client.forms.FServiceChangeDialod.changeService(FServiceChangeDialod.java:94)}
2017-09-06 10:58:07,477 [DEBUG] Сохранили конфигурацию. at {ru.apertum.qsystem.client.forms.FAdmin.lambda$saveConfiguration$20(FAdmin.java:1707)}
2017-09-06 10:59:14,192 [ INFO] Properties are ready. at {ru.apertum.qsystem.common.QConfig.prepareCLI(QConfig.java:305)}
2017-09-06 10:59:14,196 [ INFO] "QSystem 17.1"!  date: 20.05.2017 at {ru.apertum.qsystem.common.QLog.initial(QLog.java:180)}
2017-09-06 10:59:14,196 [ INFO] START LOGER. Logger: admin.file.info.trace at {ru.apertum.qsystem.common.QLog.initial(QLog.java:181)}
2017-09-06 10:59:14,197 [ INFO] Mode: KEY_DEBUG at {ru.apertum.qsystem.common.QLog.initial(QLog.java:186)}
2017-09-06 10:59:14,197 [ INFO] Plugins: YES at {ru.apertum.qsystem.common.QLog.initial(QLog.java:187)}
2017-09-06 10:59:14,199 [ INFO] Languages are loading... at {ru.apertum.qsystem.client.Locales.<init>(Locales.java:79)}
2017-09-06 10:59:14,205 [DEBUG]    Langusge: Az?rbaycan az_AZ at {ru.apertum.qsystem.client.Locales.<init>(Locales.java:119)}
2017-09-06 10:59:14,208 [DEBUG]    Langusge: English en_US at {ru.apertum.qsystem.client.Locales.<init>(Locales.java:119)}
2017-09-06 10:59:14,209 [DEBUG]    Langusge: Espanol es_ES at {ru.apertum.qsystem.client.Locales.<init>(Locales.java:119)}
2017-09-06 10:59:14,211 [DEBUG]    Langusge: Fran?ais fr_FR at {ru.apertum.qsystem.client.Locales.<init>(Locales.java:119)}
2017-09-06 10:59:14,213 [DEBUG]    Langusge: Italiano it_IT at {ru.apertum.qsystem.client.Locales.<init>(Locales.java:119)}
2017-09-06 10:59:14,214 [DEBUG]    Langusge: Portugu?s pt_PT at {ru.apertum.qsystem.client.Locales.<init>(Locales.java:119)}
2017-09-06 10:59:14,215 [DEBUG]    Langusge: Roman ro_RO at {ru.apertum.qsystem.client.Locales.<init>(Locales.java:119)}
2017-09-06 10:59:14,217 [DEBUG]    Langusge: Русский ru_RU at {ru.apertum.qsystem.client.Locales.<init>(Locales.java:119)}
2017-09-06 10:59:14,218 [DEBUG]    Langusge: Українська uk_UA at {ru.apertum.qsystem.client.Locales.<init>(Locales.java:119)}
2017-09-06 10:59:14,889 [ INFO] DB server '+ driver=com.mysql.jdbc.Driver' url=jdbc:mysql://127.0.0.1/qsystem?autoReconnect=true&amp;characterEncoding=UTF-8 at {ru.apertum.qsystem.hibernate.AnnotationSessionFactoryBean.load(AnnotationSessionFactoryBean.java:183)}
2017-09-06 10:59:16,079 [ INFO] DB is OK. at {ru.apertum.qsystem.client.forms.FAdmin.main(FAdmin.java:1212)}
2017-09-06 10:59:16,086 [ INFO] Загрузка плагинов из папки plugins. at {ru.apertum.qsystem.common.Uses.loadPlugins(Uses.java:788)}
2017-09-06 10:59:16,088 [DEBUG] Плагин Journal.jar at {ru.apertum.qsystem.common.Uses.loadPlugins(Uses.java:795)}
2017-09-06 10:59:16,089 [DEBUG] Плагин Microsound.jar at {ru.apertum.qsystem.common.Uses.loadPlugins(Uses.java:795)}
2017-09-06 10:59:16,829 [ INFO] Создали список. at {ru.apertum.qsystem.server.model.ATListModel.createList(ATListModel.java:45)}
2017-09-06 10:59:16,836 [ INFO] Вход в систему. at {ru.apertum.qsystem.client.forms.FLogin.logining(FLogin.java:313)}
2017-09-06 10:59:19,057 [ INFO] Вход в систему выполнен. Пользователь "Администратор", уровень доступа "3". at {ru.apertum.qsystem.client.forms.FLogin.logining(FLogin.java:335)}
2017-09-06 10:59:19,581 [ INFO] Создали дерево. at {ru.apertum.qsystem.server.model.ATreeModel.createTree(ATreeModel.java:54)}
2017-09-06 10:59:19,586 [ INFO] Создали список. at {ru.apertum.qsystem.server.model.ATListModel.createList(ATListModel.java:45)}
2017-09-06 10:59:19,617 [ INFO] Создали дерево. at {ru.apertum.qsystem.server.model.ATreeModel.createTree(ATreeModel.java:54)}
2017-09-06 10:59:19,623 [ INFO] Создали дерево. at {ru.apertum.qsystem.server.model.ATreeModel.createTree(ATreeModel.java:54)}
2017-09-06 10:59:19,628 [ INFO] Создали список. at {ru.apertum.qsystem.server.model.ATListModel.createList(ATListModel.java:45)}
2017-09-06 10:59:19,631 [ INFO] Создали список. at {ru.apertum.qsystem.server.model.ATListModel.createList(ATListModel.java:45)}
2017-09-06 10:59:19,635 [ INFO] Создали список. at {ru.apertum.qsystem.server.model.ATListModel.createList(ATListModel.java:45)}
2017-09-06 10:59:19,660 [ INFO] Создали список. at {ru.apertum.qsystem.server.model.ATListModel.createList(ATListModel.java:45)}
2017-09-06 10:59:19,715 [DEBUG] Создаем модель для календаря at {ru.apertum.qsystem.server.model.calendar.CalendarTableModel.<init>(CalendarTableModel.java:44)}
2017-09-06 10:59:30,446 [DEBUG] Пользователю "Администратор" назначили услугу "Консультация. Сотовая связь". at {ru.apertum.qsystem.client.forms.FAdmin.lambda$addServiceToUser$21(FAdmin.java:1742)}
2017-09-06 10:59:30,448 [DEBUG] Пользователю "Администратор" назначили услугу "Оформить обращение по качеству обслуживания". at {ru.apertum.qsystem.client.forms.FAdmin.lambda$addServiceToUser$21(FAdmin.java:1742)}
2017-09-06 10:59:31,683 [DEBUG] Пользователю "Администратор" назначили услугу "Сдать оборудование в ремонт (на тестирование)". at {ru.apertum.qsystem.client.forms.FAdmin.lambda$addServiceToUser$21(FAdmin.java:1742)}
2017-09-06 10:59:33,592 [DEBUG] Сохранили конфигурацию. at {ru.apertum.qsystem.client.forms.FAdmin.lambda$saveConfiguration$20(FAdmin.java:1707)}
2017-09-06 11:00:38,916 [ INFO] Properties are ready. at {ru.apertum.qsystem.common.QConfig.prepareCLI(QConfig.java:305)}
2017-09-06 11:00:38,919 [ INFO] "QSystem 17.1"!  date: 20.05.2017 at {ru.apertum.qsystem.common.QLog.initial(QLog.java:180)}
2017-09-06 11:00:38,920 [ INFO] START LOGER. Logger: admin.file.info.trace at {ru.apertum.qsystem.common.QLog.initial(QLog.java:181)}
2017-09-06 11:00:38,920 [ INFO] Mode: KEY_DEBUG at {ru.apertum.qsystem.common.QLog.initial(QLog.java:186)}
2017-09-06 11:00:38,920 [ INFO] Plugins: YES at {ru.apertum.qsystem.common.QLog.initial(QLog.java:187)}
2017-09-06 11:00:38,922 [ INFO] Languages are loading... at {ru.apertum.qsystem.client.Locales.<init>(Locales.java:79)}
2017-09-06 11:00:38,928 [DEBUG]    Langusge: Az?rbaycan az_AZ at {ru.apertum.qsystem.client.Locales.<init>(Locales.java:119)}
2017-09-06 11:00:38,930 [DEBUG]    Langusge: English en_US at {ru.apertum.qsystem.client.Locales.<init>(Locales.java:119)}
2017-09-06 11:00:38,932 [DEBUG]    Langusge: Espanol es_ES at {ru.apertum.qsystem.client.Locales.<init>(Locales.java:119)}
2017-09-06 11:00:38,933 [DEBUG]    Langusge: Fran?ais fr_FR at {ru.apertum.qsystem.client.Locales.<init>(Locales.java:119)}
2017-09-06 11:00:38,935 [DEBUG]    Langusge: Italiano it_IT at {ru.apertum.qsystem.client.Locales.<init>(Locales.java:119)}
2017-09-06 11:00:38,936 [DEBUG]    Langusge: Portugu?s pt_PT at {ru.apertum.qsystem.client.Locales.<init>(Locales.java:119)}
2017-09-06 11:00:38,938 [DEBUG]    Langusge: Roman ro_RO at {ru.apertum.qsystem.client.Locales.<init>(Locales.java:119)}
2017-09-06 11:00:38,940 [DEBUG]    Langusge: Русский ru_RU at {ru.apertum.qsystem.client.Locales.<init>(Locales.java:119)}
2017-09-06 11:00:38,941 [DEBUG]    Langusge: Українська uk_UA at {ru.apertum.qsystem.client.Locales.<init>(Locales.java:119)}
2017-09-06 11:00:39,640 [ INFO] DB server '+ driver=com.mysql.jdbc.Driver' url=jdbc:mysql://127.0.0.1/qsystem?autoReconnect=true&amp;characterEncoding=UTF-8 at {ru.apertum.qsystem.hibernate.AnnotationSessionFactoryBean.load(AnnotationSessionFactoryBean.java:183)}
2017-09-06 11:00:40,840 [ INFO] DB is OK. at {ru.apertum.qsystem.client.forms.FAdmin.main(FAdmin.java:1212)}
2017-09-06 11:00:40,846 [ INFO] Загрузка плагинов из папки plugins. at {ru.apertum.qsystem.common.Uses.loadPlugins(Uses.java:788)}
2017-09-06 11:00:40,848 [DEBUG] Плагин Journal.jar at {ru.apertum.qsystem.common.Uses.loadPlugins(Uses.java:795)}
2017-09-06 11:00:40,850 [DEBUG] Плагин Microsound.jar at {ru.apertum.qsystem.common.Uses.loadPlugins(Uses.java:795)}
2017-09-06 11:00:41,559 [ INFO] Создали список. at {ru.apertum.qsystem.server.model.ATListModel.createList(ATListModel.java:45)}
2017-09-06 11:00:41,565 [ INFO] Вход в систему. at {ru.apertum.qsystem.client.forms.FLogin.logining(FLogin.java:313)}
2017-09-06 11:00:43,980 [ INFO] Вход в систему выполнен. Пользователь "Администратор", уровень доступа "3". at {ru.apertum.qsystem.client.forms.FLogin.logining(FLogin.java:335)}
2017-09-06 11:00:44,435 [ INFO] Создали дерево. at {ru.apertum.qsystem.server.model.ATreeModel.createTree(ATreeModel.java:54)}
2017-09-06 11:00:44,441 [ INFO] Создали список. at {ru.apertum.qsystem.server.model.ATListModel.createList(ATListModel.java:45)}
2017-09-06 11:00:44,451 [ INFO] Создали дерево. at {ru.apertum.qsystem.server.model.ATreeModel.createTree(ATreeModel.java:54)}
2017-09-06 11:00:44,459 [ INFO] Создали дерево. at {ru.apertum.qsystem.server.model.ATreeModel.createTree(ATreeModel.java:54)}
2017-09-06 11:00:44,466 [ INFO] Создали список. at {ru.apertum.qsystem.server.model.ATListModel.createList(ATListModel.java:45)}
2017-09-06 11:00:44,471 [ INFO] Создали список. at {ru.apertum.qsystem.server.model.ATListModel.createList(ATListModel.java:45)}
2017-09-06 11:00:44,478 [ INFO] Создали список. at {ru.apertum.qsystem.server.model.ATListModel.createList(ATListModel.java:45)}
2017-09-06 11:00:44,503 [ INFO] Создали список. at {ru.apertum.qsystem.server.model.ATListModel.createList(ATListModel.java:45)}
2017-09-06 11:00:44,567 [DEBUG] Создаем модель для календаря at {ru.apertum.qsystem.server.model.calendar.CalendarTableModel.<init>(CalendarTableModel.java:44)}
2017-09-06 11:01:21,358 [DEBUG] Добавлена услуга "Получить оборудование из ремонта" в группу "c/w" at {ru.apertum.qsystem.client.forms.FAdmin.addService(FAdmin.java:1514)}
2017-09-06 11:01:23,664 [DEBUG] Сохранили конфигурацию. at {ru.apertum.qsystem.client.forms.FAdmin.lambda$saveConfiguration$20(FAdmin.java:1707)}
2017-09-06 11:02:01,224 [ INFO] Properties are ready. at {ru.apertum.qsystem.common.QConfig.prepareCLI(QConfig.java:305)}
2017-09-06 11:02:01,228 [ INFO] "QSystem 17.1"!  date: 20.05.2017 at {ru.apertum.qsystem.common.QLog.initial(QLog.java:180)}
2017-09-06 11:02:01,229 [ INFO] START LOGER. Logger: admin.file.info.trace at {ru.apertum.qsystem.common.QLog.initial(QLog.java:181)}
2017-09-06 11:02:01,229 [ INFO] Mode: KEY_DEBUG at {ru.apertum.qsystem.common.QLog.initial(QLog.java:186)}
2017-09-06 11:02:01,229 [ INFO] Plugins: YES at {ru.apertum.qsystem.common.QLog.initial(QLog.java:187)}
2017-09-06 11:02:01,231 [ INFO] Languages are loading... at {ru.apertum.qsystem.client.Locales.<init>(Locales.java:79)}
2017-09-06 11:02:01,237 [DEBUG]    Langusge: Az?rbaycan az_AZ at {ru.apertum.qsystem.client.Locales.<init>(Locales.java:119)}
2017-09-06 11:02:01,240 [DEBUG]    Langusge: English en_US at {ru.apertum.qsystem.client.Locales.<init>(Locales.java:119)}
2017-09-06 11:02:01,241 [DEBUG]    Langusge: Espanol es_ES at {ru.apertum.qsystem.client.Locales.<init>(Locales.java:119)}
2017-09-06 11:02:01,243 [DEBUG]    Langusge: Fran?ais fr_FR at {ru.apertum.qsystem.client.Locales.<init>(Locales.java:119)}
2017-09-06 11:02:01,245 [DEBUG]    Langusge: Italiano it_IT at {ru.apertum.qsystem.client.Locales.<init>(Locales.java:119)}
2017-09-06 11:02:01,246 [DEBUG]    Langusge: Portugu?s pt_PT at {ru.apertum.qsystem.client.Locales.<init>(Locales.java:119)}
2017-09-06 11:02:01,248 [DEBUG]    Langusge: Roman ro_RO at {ru.apertum.qsystem.client.Locales.<init>(Locales.java:119)}
2017-09-06 11:02:01,249 [DEBUG]    Langusge: Русский ru_RU at {ru.apertum.qsystem.client.Locales.<init>(Locales.java:119)}
2017-09-06 11:02:01,251 [DEBUG]    Langusge: Українська uk_UA at {ru.apertum.qsystem.client.Locales.<init>(Locales.java:119)}
2017-09-06 11:02:01,916 [ INFO] DB server '+ driver=com.mysql.jdbc.Driver' url=jdbc:mysql://127.0.0.1/qsystem?autoReconnect=true&amp;characterEncoding=UTF-8 at {ru.apertum.qsystem.hibernate.AnnotationSessionFactoryBean.load(AnnotationSessionFactoryBean.java:183)}
2017-09-06 11:02:03,105 [ INFO] DB is OK. at {ru.apertum.qsystem.client.forms.FAdmin.main(FAdmin.java:1212)}
2017-09-06 11:02:03,111 [ INFO] Загрузка плагинов из папки plugins. at {ru.apertum.qsystem.common.Uses.loadPlugins(Uses.java:788)}
2017-09-06 11:02:03,113 [DEBUG] Плагин Journal.jar at {ru.apertum.qsystem.common.Uses.loadPlugins(Uses.java:795)}
2017-09-06 11:02:03,114 [DEBUG] Плагин Microsound.jar at {ru.apertum.qsystem.common.Uses.loadPlugins(Uses.java:795)}
2017-09-06 11:02:03,939 [ INFO] Создали список. at {ru.apertum.qsystem.server.model.ATListModel.createList(ATListModel.java:45)}
2017-09-06 11:02:03,947 [ INFO] Вход в систему. at {ru.apertum.qsystem.client.forms.FLogin.logining(FLogin.java:313)}
2017-09-06 11:02:05,799 [ INFO] Вход в систему выполнен. Пользователь "Администратор", уровень доступа "3". at {ru.apertum.qsystem.client.forms.FLogin.logining(FLogin.java:335)}
2017-09-06 11:02:06,252 [ INFO] Создали дерево. at {ru.apertum.qsystem.server.model.ATreeModel.createTree(ATreeModel.java:54)}
2017-09-06 11:02:06,258 [ INFO] Создали список. at {ru.apertum.qsystem.server.model.ATListModel.createList(ATListModel.java:45)}
2017-09-06 11:02:06,270 [ INFO] Создали дерево. at {ru.apertum.qsystem.server.model.ATreeModel.createTree(ATreeModel.java:54)}
2017-09-06 11:02:06,277 [ INFO] Создали дерево. at {ru.apertum.qsystem.server.model.ATreeModel.createTree(ATreeModel.java:54)}
2017-09-06 11:02:06,284 [ INFO] Создали список. at {ru.apertum.qsystem.server.model.ATListModel.createList(ATListModel.java:45)}
2017-09-06 11:02:06,287 [ INFO] Создали список. at {ru.apertum.qsystem.server.model.ATListModel.createList(ATListModel.java:45)}
2017-09-06 11:02:06,291 [ INFO] Создали список. at {ru.apertum.qsystem.server.model.ATListModel.createList(ATListModel.java:45)}
2017-09-06 11:02:06,313 [ INFO] Создали список. at {ru.apertum.qsystem.server.model.ATListModel.createList(ATListModel.java:45)}
2017-09-06 11:02:06,369 [DEBUG] Создаем модель для календаря at {ru.apertum.qsystem.server.model.calendar.CalendarTableModel.<init>(CalendarTableModel.java:44)}
2017-09-06 11:02:11,766 [DEBUG] Пользователю "Администратор" назначили услугу "Получить оборудование из ремонта". at {ru.apertum.qsystem.client.forms.FAdmin.lambda$addServiceToUser$21(FAdmin.java:1742)}
2017-09-06 11:02:15,774 [DEBUG] Сохранили конфигурацию. at {ru.apertum.qsystem.client.forms.FAdmin.lambda$saveConfiguration$20(FAdmin.java:1707)}
2017-09-06 11:02:53,250 [ INFO] Properties are ready. at {ru.apertum.qsystem.common.QConfig.prepareCLI(QConfig.java:305)}
2017-09-06 11:02:53,254 [ INFO] "QSystem 17.1"!  date: 20.05.2017 at {ru.apertum.qsystem.common.QLog.initial(QLog.java:180)}
2017-09-06 11:02:53,254 [ INFO] START LOGER. Logger: admin.file.info.trace at {ru.apertum.qsystem.common.QLog.initial(QLog.java:181)}
2017-09-06 11:02:53,255 [ INFO] Mode: KEY_DEBUG at {ru.apertum.qsystem.common.QLog.initial(QLog.java:186)}
2017-09-06 11:02:53,255 [ INFO] Plugins: YES at {ru.apertum.qsystem.common.QLog.initial(QLog.java:187)}
2017-09-06 11:02:53,256 [ INFO] Languages are loading... at {ru.apertum.qsystem.client.Locales.<init>(Locales.java:79)}
2017-09-06 11:02:53,262 [DEBUG]    Langusge: Az?rbaycan az_AZ at {ru.apertum.qsystem.client.Locales.<init>(Locales.java:119)}
2017-09-06 11:02:53,265 [DEBUG]    Langusge: English en_US at {ru.apertum.qsystem.client.Locales.<init>(Locales.java:119)}
2017-09-06 11:02:53,267 [DEBUG]    Langusge: Espanol es_ES at {ru.apertum.qsystem.client.Locales.<init>(Locales.java:119)}
2017-09-06 11:02:53,268 [DEBUG]    Langusge: Fran?ais fr_FR at {ru.apertum.qsystem.client.Locales.<init>(Locales.java:119)}
2017-09-06 11:02:53,270 [DEBUG]    Langusge: Italiano it_IT at {ru.apertum.qsystem.client.Locales.<init>(Locales.java:119)}
2017-09-06 11:02:53,271 [DEBUG]    Langusge: Portugu?s pt_PT at {ru.apertum.qsystem.client.Locales.<init>(Locales.java:119)}
2017-09-06 11:02:53,272 [DEBUG]    Langusge: Roman ro_RO at {ru.apertum.qsystem.client.Locales.<init>(Locales.java:119)}
2017-09-06 11:02:53,274 [DEBUG]    Langusge: Русский ru_RU at {ru.apertum.qsystem.client.Locales.<init>(Locales.java:119)}
2017-09-06 11:02:53,275 [DEBUG]    Langusge: Українська uk_UA at {ru.apertum.qsystem.client.Locales.<init>(Locales.java:119)}
2017-09-06 11:02:53,928 [ INFO] DB server '+ driver=com.mysql.jdbc.Driver' url=jdbc:mysql://127.0.0.1/qsystem?autoReconnect=true&amp;characterEncoding=UTF-8 at {ru.apertum.qsystem.hibernate.AnnotationSessionFactoryBean.load(AnnotationSessionFactoryBean.java:183)}
2017-09-06 11:02:55,194 [ INFO] DB is OK. at {ru.apertum.qsystem.client.forms.FAdmin.main(FAdmin.java:1212)}
2017-09-06 11:02:55,200 [ INFO] Загрузка плагинов из папки plugins. at {ru.apertum.qsystem.common.Uses.loadPlugins(Uses.java:788)}
2017-09-06 11:02:55,203 [DEBUG] Плагин Journal.jar at {ru.apertum.qsystem.common.Uses.loadPlugins(Uses.java:795)}
2017-09-06 11:02:55,204 [DEBUG] Плагин Microsound.jar at {ru.apertum.qsystem.common.Uses.loadPlugins(Uses.java:795)}
2017-09-06 11:02:56,070 [ INFO] Создали список. at {ru.apertum.qsystem.server.model.ATListModel.createList(ATListModel.java:45)}
2017-09-06 11:02:56,076 [ INFO] Вход в систему. at {ru.apertum.qsystem.client.forms.FLogin.logining(FLogin.java:313)}
2017-09-06 11:03:00,723 [ INFO] Вход в систему выполнен. Пользователь "Администратор", уровень доступа "3". at {ru.apertum.qsystem.client.forms.FLogin.logining(FLogin.java:335)}
2017-09-06 11:03:01,170 [ INFO] Создали дерево. at {ru.apertum.qsystem.server.model.ATreeModel.createTree(ATreeModel.java:54)}
2017-09-06 11:03:01,175 [ INFO] Создали список. at {ru.apertum.qsystem.server.model.ATListModel.createList(ATListModel.java:45)}
2017-09-06 11:03:01,187 [ INFO] Создали дерево. at {ru.apertum.qsystem.server.model.ATreeModel.createTree(ATreeModel.java:54)}
2017-09-06 11:03:01,193 [ INFO] Создали дерево. at {ru.apertum.qsystem.server.model.ATreeModel.createTree(ATreeModel.java:54)}
2017-09-06 11:03:01,199 [ INFO] Создали список. at {ru.apertum.qsystem.server.model.ATListModel.createList(ATListModel.java:45)}
2017-09-06 11:03:01,201 [ INFO] Создали список. at {ru.apertum.qsystem.server.model.ATListModel.createList(ATListModel.java:45)}
2017-09-06 11:03:01,207 [ INFO] Создали список. at {ru.apertum.qsystem.server.model.ATListModel.createList(ATListModel.java:45)}
2017-09-06 11:03:01,228 [ INFO] Создали список. at {ru.apertum.qsystem.server.model.ATListModel.createList(ATListModel.java:45)}
2017-09-06 11:03:01,281 [DEBUG] Создаем модель для календаря at {ru.apertum.qsystem.server.model.calendar.CalendarTableModel.<init>(CalendarTableModel.java:44)}
2017-09-06 11:03:06,073 [ INFO] Редактирование услуги "Получить оборудование из ремонта" at {ru.apertum.qsystem.client.forms.FServiceChangeDialod.changeService(FServiceChangeDialod.java:94)}
2017-09-06 11:03:10,102 [DEBUG] Сохранили конфигурацию. at {ru.apertum.qsystem.client.forms.FAdmin.lambda$saveConfiguration$20(FAdmin.java:1707)}
2017-09-06 13:42:57,137 [ INFO] Properties are ready. at {ru.apertum.qsystem.common.QConfig.prepareCLI(QConfig.java:305)}
2017-09-06 13:42:57,140 [ INFO] "QSystem 17.1"!  date: 20.05.2017 at {ru.apertum.qsystem.common.QLog.initial(QLog.java:180)}
2017-09-06 13:42:57,141 [ INFO] START LOGER. Logger: admin.file.info.trace at {ru.apertum.qsystem.common.QLog.initial(QLog.java:181)}
2017-09-06 13:42:57,141 [ INFO] Mode: KEY_DEBUG at {ru.apertum.qsystem.common.QLog.initial(QLog.java:186)}
2017-09-06 13:42:57,142 [ INFO] Plugins: YES at {ru.apertum.qsystem.common.QLog.initial(QLog.java:187)}
2017-09-06 13:42:57,144 [ INFO] Languages are loading... at {ru.apertum.qsystem.client.Locales.<init>(Locales.java:79)}
2017-09-06 13:42:57,149 [DEBUG]    Langusge: Az?rbaycan az_AZ at {ru.apertum.qsystem.client.Locales.<init>(Locales.java:119)}
2017-09-06 13:42:57,152 [DEBUG]    Langusge: English en_US at {ru.apertum.qsystem.client.Locales.<init>(Locales.java:119)}
2017-09-06 13:42:57,153 [DEBUG]    Langusge: Espanol es_ES at {ru.apertum.qsystem.client.Locales.<init>(Locales.java:119)}
2017-09-06 13:42:57,155 [DEBUG]    Langusge: Fran?ais fr_FR at {ru.apertum.qsystem.client.Locales.<init>(Locales.java:119)}
2017-09-06 13:42:57,156 [DEBUG]    Langusge: Italiano it_IT at {ru.apertum.qsystem.client.Locales.<init>(Locales.java:119)}
2017-09-06 13:42:57,158 [DEBUG]    Langusge: Portugu?s pt_PT at {ru.apertum.qsystem.client.Locales.<init>(Locales.java:119)}
2017-09-06 13:42:57,159 [DEBUG]    Langusge: Roman ro_RO at {ru.apertum.qsystem.client.Locales.<init>(Locales.java:119)}
2017-09-06 13:42:57,161 [DEBUG]    Langusge: Русский ru_RU at {ru.apertum.qsystem.client.Locales.<init>(Locales.java:119)}
2017-09-06 13:42:57,163 [DEBUG]    Langusge: Українська uk_UA at {ru.apertum.qsystem.client.Locales.<init>(Locales.java:119)}
2017-09-06 13:42:58,370 [ INFO] DB server '+ driver=com.mysql.jdbc.Driver' url=jdbc:mysql://127.0.0.1/qsystem?autoReconnect=true&amp;characterEncoding=UTF-8 at {ru.apertum.qsystem.hibernate.AnnotationSessionFactoryBean.load(AnnotationSessionFactoryBean.java:183)}
2017-09-06 13:43:00,101 [ INFO] DB is OK. at {ru.apertum.qsystem.client.forms.FAdmin.main(FAdmin.java:1212)}
2017-09-06 13:43:00,116 [ INFO] Загрузка плагинов из папки plugins. at {ru.apertum.qsystem.common.Uses.loadPlugins(Uses.java:788)}
2017-09-06 13:43:00,118 [DEBUG] Плагин Journal.jar at {ru.apertum.qsystem.common.Uses.loadPlugins(Uses.java:795)}
2017-09-06 13:43:00,119 [DEBUG] Плагин Microsound.jar at {ru.apertum.qsystem.common.Uses.loadPlugins(Uses.java:795)}
2017-09-06 13:43:00,938 [ INFO] Создали список. at {ru.apertum.qsystem.server.model.ATListModel.createList(ATListModel.java:45)}
2017-09-06 13:43:00,945 [ INFO] Вход в систему. at {ru.apertum.qsystem.client.forms.FLogin.logining(FLogin.java:313)}
2017-09-06 13:43:04,657 [ INFO] Вход в систему выполнен. Пользователь "Администратор", уровень доступа "3". at {ru.apertum.qsystem.client.forms.FLogin.logining(FLogin.java:335)}
2017-09-06 13:43:05,172 [ INFO] Создали дерево. at {ru.apertum.qsystem.server.model.ATreeModel.createTree(ATreeModel.java:54)}
2017-09-06 13:43:05,187 [ INFO] Создали список. at {ru.apertum.qsystem.server.model.ATListModel.createList(ATListModel.java:45)}
2017-09-06 13:43:05,199 [ INFO] Создали дерево. at {ru.apertum.qsystem.server.model.ATreeModel.createTree(ATreeModel.java:54)}
2017-09-06 13:43:05,205 [ INFO] Создали дерево. at {ru.apertum.qsystem.server.model.ATreeModel.createTree(ATreeModel.java:54)}
2017-09-06 13:43:05,210 [ INFO] Создали список. at {ru.apertum.qsystem.server.model.ATListModel.createList(ATListModel.java:45)}
2017-09-06 13:43:05,212 [ INFO] Создали список. at {ru.apertum.qsystem.server.model.ATListModel.createList(ATListModel.java:45)}
2017-09-06 13:43:05,216 [ INFO] Создали список. at {ru.apertum.qsystem.server.model.ATListModel.createList(ATListModel.java:45)}
2017-09-06 13:43:05,247 [ INFO] Создали список. at {ru.apertum.qsystem.server.model.ATListModel.createList(ATListModel.java:45)}
2017-09-06 13:43:05,307 [DEBUG] Создаем модель для календаря at {ru.apertum.qsystem.server.model.calendar.CalendarTableModel.<init>(CalendarTableModel.java:44)}
2017-09-06 13:43:21,721 [DEBUG] Сохранили конфигурацию. at {ru.apertum.qsystem.client.forms.FAdmin.lambda$saveConfiguration$20(FAdmin.java:1707)}
2017-09-06 13:51:56,535 [ INFO] Properties are ready. at {ru.apertum.qsystem.common.QConfig.prepareCLI(QConfig.java:305)}
2017-09-06 13:51:56,539 [ INFO] "QSystem 17.1"!  date: 20.05.2017 at {ru.apertum.qsystem.common.QLog.initial(QLog.java:180)}
2017-09-06 13:51:56,539 [ INFO] START LOGER. Logger: admin.file.info.trace at {ru.apertum.qsystem.common.QLog.initial(QLog.java:181)}
2017-09-06 13:51:56,540 [ INFO] Mode: KEY_DEBUG at {ru.apertum.qsystem.common.QLog.initial(QLog.java:186)}
2017-09-06 13:51:56,540 [ INFO] Plugins: YES at {ru.apertum.qsystem.common.QLog.initial(QLog.java:187)}
2017-09-06 13:51:56,542 [ INFO] Languages are loading... at {ru.apertum.qsystem.client.Locales.<init>(Locales.java:79)}
2017-09-06 13:51:56,547 [DEBUG]    Langusge: Az?rbaycan az_AZ at {ru.apertum.qsystem.client.Locales.<init>(Locales.java:119)}
2017-09-06 13:51:56,550 [DEBUG]    Langusge: English en_US at {ru.apertum.qsystem.client.Locales.<init>(Locales.java:119)}
2017-09-06 13:51:56,551 [DEBUG]    Langusge: Espanol es_ES at {ru.apertum.qsystem.client.Locales.<init>(Locales.java:119)}
2017-09-06 13:51:56,553 [DEBUG]    Langusge: Fran?ais fr_FR at {ru.apertum.qsystem.client.Locales.<init>(Locales.java:119)}
2017-09-06 13:51:56,554 [DEBUG]    Langusge: Italiano it_IT at {ru.apertum.qsystem.client.Locales.<init>(Locales.java:119)}
2017-09-06 13:51:56,556 [DEBUG]    Langusge: Portugu?s pt_PT at {ru.apertum.qsystem.client.Locales.<init>(Locales.java:119)}
2017-09-06 13:51:56,557 [DEBUG]    Langusge: Roman ro_RO at {ru.apertum.qsystem.client.Locales.<init>(Locales.java:119)}
2017-09-06 13:51:56,558 [DEBUG]    Langusge: Русский ru_RU at {ru.apertum.qsystem.client.Locales.<init>(Locales.java:119)}
2017-09-06 13:51:56,560 [DEBUG]    Langusge: Українська uk_UA at {ru.apertum.qsystem.client.Locales.<init>(Locales.java:119)}
2017-09-06 13:51:57,207 [ INFO] DB server '+ driver=com.mysql.jdbc.Driver' url=jdbc:mysql://127.0.0.1/qsystem?autoReconnect=true&amp;characterEncoding=UTF-8 at {ru.apertum.qsystem.hibernate.AnnotationSessionFactoryBean.load(AnnotationSessionFactoryBean.java:183)}
2017-09-06 13:51:58,443 [ INFO] DB is OK. at {ru.apertum.qsystem.client.forms.FAdmin.main(FAdmin.java:1212)}
2017-09-06 13:51:58,449 [ INFO] Загрузка плагинов из папки plugins. at {ru.apertum.qsystem.common.Uses.loadPlugins(Uses.java:788)}
2017-09-06 13:51:58,454 [DEBUG] Плагин Journal.jar at {ru.apertum.qsystem.common.Uses.loadPlugins(Uses.java:795)}
2017-09-06 13:51:58,455 [DEBUG] Плагин Microsound.jar at {ru.apertum.qsystem.common.Uses.loadPlugins(Uses.java:795)}
2017-09-06 13:51:59,244 [ INFO] Создали список. at {ru.apertum.qsystem.server.model.ATListModel.createList(ATListModel.java:45)}
2017-09-06 13:51:59,251 [ INFO] Вход в систему. at {ru.apertum.qsystem.client.forms.FLogin.logining(FLogin.java:313)}
2017-09-06 13:52:02,273 [ INFO] Вход в систему выполнен. Пользователь "Администратор", уровень доступа "3". at {ru.apertum.qsystem.client.forms.FLogin.logining(FLogin.java:335)}
2017-09-06 13:52:02,737 [ INFO] Создали дерево. at {ru.apertum.qsystem.server.model.ATreeModel.createTree(ATreeModel.java:54)}
2017-09-06 13:52:02,742 [ INFO] Создали список. at {ru.apertum.qsystem.server.model.ATListModel.createList(ATListModel.java:45)}
2017-09-06 13:52:02,753 [ INFO] Создали дерево. at {ru.apertum.qsystem.server.model.ATreeModel.createTree(ATreeModel.java:54)}
2017-09-06 13:52:02,757 [ INFO] Создали дерево. at {ru.apertum.qsystem.server.model.ATreeModel.createTree(ATreeModel.java:54)}
2017-09-06 13:52:02,762 [ INFO] Создали список. at {ru.apertum.qsystem.server.model.ATListModel.createList(ATListModel.java:45)}
2017-09-06 13:52:02,766 [ INFO] Создали список. at {ru.apertum.qsystem.server.model.ATListModel.createList(ATListModel.java:45)}
2017-09-06 13:52:02,770 [ INFO] Создали список. at {ru.apertum.qsystem.server.model.ATListModel.createList(ATListModel.java:45)}
2017-09-06 13:52:02,792 [ INFO] Создали список. at {ru.apertum.qsystem.server.model.ATListModel.createList(ATListModel.java:45)}
2017-09-06 13:52:02,849 [DEBUG] Создаем модель для календаря at {ru.apertum.qsystem.server.model.calendar.CalendarTableModel.<init>(CalendarTableModel.java:44)}
2017-09-06 13:56:05,669 [ INFO] Properties are ready. at {ru.apertum.qsystem.common.QConfig.prepareCLI(QConfig.java:305)}
2017-09-06 13:56:05,673 [ INFO] "QSystem 17.1"!  date: 20.05.2017 at {ru.apertum.qsystem.common.QLog.initial(QLog.java:180)}
2017-09-06 13:56:05,673 [ INFO] START LOGER. Logger: admin.file.info.trace at {ru.apertum.qsystem.common.QLog.initial(QLog.java:181)}
2017-09-06 13:56:05,674 [ INFO] Mode: KEY_DEBUG at {ru.apertum.qsystem.common.QLog.initial(QLog.java:186)}
2017-09-06 13:56:05,674 [ INFO] Plugins: YES at {ru.apertum.qsystem.common.QLog.initial(QLog.java:187)}
2017-09-06 13:56:05,676 [ INFO] Languages are loading... at {ru.apertum.qsystem.client.Locales.<init>(Locales.java:79)}
2017-09-06 13:56:05,681 [DEBUG]    Langusge: Az?rbaycan az_AZ at {ru.apertum.qsystem.client.Locales.<init>(Locales.java:119)}
2017-09-06 13:56:05,684 [DEBUG]    Langusge: English en_US at {ru.apertum.qsystem.client.Locales.<init>(Locales.java:119)}
2017-09-06 13:56:05,686 [DEBUG]    Langusge: Espanol es_ES at {ru.apertum.qsystem.client.Locales.<init>(Locales.java:119)}
2017-09-06 13:56:05,687 [DEBUG]    Langusge: Fran?ais fr_FR at {ru.apertum.qsystem.client.Locales.<init>(Locales.java:119)}
2017-09-06 13:56:05,689 [DEBUG]    Langusge: Italiano it_IT at {ru.apertum.qsystem.client.Locales.<init>(Locales.java:119)}
2017-09-06 13:56:05,690 [DEBUG]    Langusge: Portugu?s pt_PT at {ru.apertum.qsystem.client.Locales.<init>(Locales.java:119)}
2017-09-06 13:56:05,692 [DEBUG]    Langusge: Roman ro_RO at {ru.apertum.qsystem.client.Locales.<init>(Locales.java:119)}
2017-09-06 13:56:05,693 [DEBUG]    Langusge: Русский ru_RU at {ru.apertum.qsystem.client.Locales.<init>(Locales.java:119)}
2017-09-06 13:56:05,694 [DEBUG]    Langusge: Українська uk_UA at {ru.apertum.qsystem.client.Locales.<init>(Locales.java:119)}
2017-09-06 13:56:06,359 [ INFO] DB server '+ driver=com.mysql.jdbc.Driver' url=jdbc:mysql://127.0.0.1/qsystem?autoReconnect=true&amp;characterEncoding=UTF-8 at {ru.apertum.qsystem.hibernate.AnnotationSessionFactoryBean.load(AnnotationSessionFactoryBean.java:183)}
2017-09-06 13:56:07,617 [ INFO] DB is OK. at {ru.apertum.qsystem.client.forms.FAdmin.main(FAdmin.java:1212)}
2017-09-06 13:56:07,622 [ INFO] Загрузка плагинов из папки plugins. at {ru.apertum.qsystem.common.Uses.loadPlugins(Uses.java:788)}
2017-09-06 13:56:07,623 [DEBUG] Плагин Journal.jar at {ru.apertum.qsystem.common.Uses.loadPlugins(Uses.java:795)}
2017-09-06 13:56:07,624 [DEBUG] Плагин Microsound.jar at {ru.apertum.qsystem.common.Uses.loadPlugins(Uses.java:795)}
2017-09-06 13:56:08,411 [ INFO] Создали список. at {ru.apertum.qsystem.server.model.ATListModel.createList(ATListModel.java:45)}
2017-09-06 13:56:08,418 [ INFO] Вход в систему. at {ru.apertum.qsystem.client.forms.FLogin.logining(FLogin.java:313)}
2017-09-06 13:56:14,481 [ INFO] Вход в систему выполнен. Пользователь "Администратор", уровень доступа "3". at {ru.apertum.qsystem.client.forms.FLogin.logining(FLogin.java:335)}
2017-09-06 13:56:14,941 [ INFO] Создали дерево. at {ru.apertum.qsystem.server.model.ATreeModel.createTree(ATreeModel.java:54)}
2017-09-06 13:56:14,947 [ INFO] Создали список. at {ru.apertum.qsystem.server.model.ATListModel.createList(ATListModel.java:45)}
2017-09-06 13:56:14,957 [ INFO] Создали дерево. at {ru.apertum.qsystem.server.model.ATreeModel.createTree(ATreeModel.java:54)}
2017-09-06 13:56:14,963 [ INFO] Создали дерево. at {ru.apertum.qsystem.server.model.ATreeModel.createTree(ATreeModel.java:54)}
2017-09-06 13:56:14,968 [ INFO] Создали список. at {ru.apertum.qsystem.server.model.ATListModel.createList(ATListModel.java:45)}
2017-09-06 13:56:14,971 [ INFO] Создали список. at {ru.apertum.qsystem.server.model.ATListModel.createList(ATListModel.java:45)}
2017-09-06 13:56:14,975 [ INFO] Создали список. at {ru.apertum.qsystem.server.model.ATListModel.createList(ATListModel.java:45)}
2017-09-06 13:56:14,997 [ INFO] Создали список. at {ru.apertum.qsystem.server.model.ATListModel.createList(ATListModel.java:45)}
2017-09-06 13:56:15,053 [DEBUG] Создаем модель для календаря at {ru.apertum.qsystem.server.model.calendar.CalendarTableModel.<init>(CalendarTableModel.java:44)}
2017-09-07 07:45:59,447 [ INFO] Properties are ready. at {ru.apertum.qsystem.common.QConfig.prepareCLI(QConfig.java:305)}
2017-09-07 07:45:59,450 [ INFO] "QSystem 17.1"!  date: 20.05.2017 at {ru.apertum.qsystem.common.QLog.initial(QLog.java:180)}
2017-09-07 07:45:59,451 [ INFO] START LOGER. Logger: admin.file.info.trace at {ru.apertum.qsystem.common.QLog.initial(QLog.java:181)}
2017-09-07 07:45:59,451 [ INFO] Mode: KEY_DEBUG at {ru.apertum.qsystem.common.QLog.initial(QLog.java:186)}
2017-09-07 07:45:59,452 [ INFO] Plugins: YES at {ru.apertum.qsystem.common.QLog.initial(QLog.java:187)}
2017-09-07 07:45:59,454 [ INFO] Languages are loading... at {ru.apertum.qsystem.client.Locales.<init>(Locales.java:79)}
2017-09-07 07:45:59,461 [DEBUG]    Langusge: Az?rbaycan az_AZ at {ru.apertum.qsystem.client.Locales.<init>(Locales.java:119)}
2017-09-07 07:45:59,463 [DEBUG]    Langusge: English en_US at {ru.apertum.qsystem.client.Locales.<init>(Locales.java:119)}
2017-09-07 07:45:59,465 [DEBUG]    Langusge: Espanol es_ES at {ru.apertum.qsystem.client.Locales.<init>(Locales.java:119)}
2017-09-07 07:45:59,466 [DEBUG]    Langusge: Fran?ais fr_FR at {ru.apertum.qsystem.client.Locales.<init>(Locales.java:119)}
2017-09-07 07:45:59,468 [DEBUG]    Langusge: Italiano it_IT at {ru.apertum.qsystem.client.Locales.<init>(Locales.java:119)}
2017-09-07 07:45:59,469 [DEBUG]    Langusge: Portugu?s pt_PT at {ru.apertum.qsystem.client.Locales.<init>(Locales.java:119)}
2017-09-07 07:45:59,471 [DEBUG]    Langusge: Roman ro_RO at {ru.apertum.qsystem.client.Locales.<init>(Locales.java:119)}
2017-09-07 07:45:59,472 [DEBUG]    Langusge: Русский ru_RU at {ru.apertum.qsystem.client.Locales.<init>(Locales.java:119)}
2017-09-07 07:45:59,474 [DEBUG]    Langusge: Українська uk_UA at {ru.apertum.qsystem.client.Locales.<init>(Locales.java:119)}
2017-09-07 07:46:00,776 [ INFO] DB server '+ driver=com.mysql.jdbc.Driver' url=jdbc:mysql://127.0.0.1/qsystem?autoReconnect=true&amp;characterEncoding=UTF-8 at {ru.apertum.qsystem.hibernate.AnnotationSessionFactoryBean.load(AnnotationSessionFactoryBean.java:183)}
2017-09-07 07:46:02,898 [ INFO] DB is OK. at {ru.apertum.qsystem.client.forms.FAdmin.main(FAdmin.java:1212)}
2017-09-07 07:46:02,938 [ INFO] Загрузка плагинов из папки plugins. at {ru.apertum.qsystem.common.Uses.loadPlugins(Uses.java:788)}
2017-09-07 07:46:02,941 [DEBUG] Плагин Journal.jar at {ru.apertum.qsystem.common.Uses.loadPlugins(Uses.java:795)}
2017-09-07 07:46:02,943 [DEBUG] Плагин Microsound.jar at {ru.apertum.qsystem.common.Uses.loadPlugins(Uses.java:795)}
2017-09-07 07:46:03,740 [ INFO] Создали список. at {ru.apertum.qsystem.server.model.ATListModel.createList(ATListModel.java:45)}
2017-09-07 07:46:03,746 [ INFO] Вход в систему. at {ru.apertum.qsystem.client.forms.FLogin.logining(FLogin.java:313)}
2017-09-07 07:46:05,767 [ INFO] Вход в систему выполнен. Пользователь "Администратор", уровень доступа "3". at {ru.apertum.qsystem.client.forms.FLogin.logining(FLogin.java:335)}
2017-09-07 07:46:06,285 [ INFO] Создали дерево. at {ru.apertum.qsystem.server.model.ATreeModel.createTree(ATreeModel.java:54)}
2017-09-07 07:46:06,291 [ INFO] Создали список. at {ru.apertum.qsystem.server.model.ATListModel.createList(ATListModel.java:45)}
2017-09-07 07:46:06,303 [ INFO] Создали дерево. at {ru.apertum.qsystem.server.model.ATreeModel.createTree(ATreeModel.java:54)}
2017-09-07 07:46:06,310 [ INFO] Создали дерево. at {ru.apertum.qsystem.server.model.ATreeModel.createTree(ATreeModel.java:54)}
2017-09-07 07:46:06,316 [ INFO] Создали список. at {ru.apertum.qsystem.server.model.ATListModel.createList(ATListModel.java:45)}
2017-09-07 07:46:06,319 [ INFO] Создали список. at {ru.apertum.qsystem.server.model.ATListModel.createList(ATListModel.java:45)}
2017-09-07 07:46:06,323 [ INFO] Создали список. at {ru.apertum.qsystem.server.model.ATListModel.createList(ATListModel.java:45)}
2017-09-07 07:46:06,370 [ INFO] Создали список. at {ru.apertum.qsystem.server.model.ATListModel.createList(ATListModel.java:45)}
2017-09-07 07:46:06,430 [DEBUG] Создаем модель для календаря at {ru.apertum.qsystem.server.model.calendar.CalendarTableModel.<init>(CalendarTableModel.java:44)}
2017-09-07 07:46:13,011 [ INFO] Редактирование услуги "План работы с 8.00 до 17.00" at {ru.apertum.qsystem.client.forms.FScheduleChangeDialod.changeSchedule(FScheduleChangeDialod.java:65)}
2017-09-07 07:46:25,191 [DEBUG] Сохранили конфигурацию. at {ru.apertum.qsystem.client.forms.FAdmin.lambda$saveConfiguration$20(FAdmin.java:1707)}
2017-09-11 13:44:04,374 [ INFO] Properties are ready. at {ru.apertum.qsystem.common.QConfig.prepareCLI(QConfig.java:305)}
2017-09-11 13:44:04,395 [ INFO] "QSystem 17.1"!  date: 20.05.2017 at {ru.apertum.qsystem.common.QLog.initial(QLog.java:180)}
2017-09-11 13:44:04,396 [ INFO] START LOGER. Logger: admin.file.info.trace at {ru.apertum.qsystem.common.QLog.initial(QLog.java:181)}
2017-09-11 13:44:04,397 [ INFO] Mode: KEY_DEBUG at {ru.apertum.qsystem.common.QLog.initial(QLog.java:186)}
2017-09-11 13:44:04,398 [ INFO] Plugins: YES at {ru.apertum.qsystem.common.QLog.initial(QLog.java:187)}
2017-09-11 13:44:04,400 [ INFO] Languages are loading... at {ru.apertum.qsystem.client.Locales.<init>(Locales.java:79)}
2017-09-11 13:44:04,406 [DEBUG]    Langusge: Az?rbaycan az_AZ at {ru.apertum.qsystem.client.Locales.<init>(Locales.java:119)}
2017-09-11 13:44:04,409 [DEBUG]    Langusge: English en_US at {ru.apertum.qsystem.client.Locales.<init>(Locales.java:119)}
2017-09-11 13:44:04,411 [DEBUG]    Langusge: Espanol es_ES at {ru.apertum.qsystem.client.Locales.<init>(Locales.java:119)}
2017-09-11 13:44:04,412 [DEBUG]    Langusge: Fran?ais fr_FR at {ru.apertum.qsystem.client.Locales.<init>(Locales.java:119)}
2017-09-11 13:44:04,414 [DEBUG]    Langusge: Italiano it_IT at {ru.apertum.qsystem.client.Locales.<init>(Locales.java:119)}
2017-09-11 13:44:04,416 [DEBUG]    Langusge: Portugu?s pt_PT at {ru.apertum.qsystem.client.Locales.<init>(Locales.java:119)}
2017-09-11 13:44:04,417 [DEBUG]    Langusge: Roman ro_RO at {ru.apertum.qsystem.client.Locales.<init>(Locales.java:119)}
2017-09-11 13:44:04,418 [DEBUG]    Langusge: Русский ru_RU at {ru.apertum.qsystem.client.Locales.<init>(Locales.java:119)}
2017-09-11 13:44:04,420 [DEBUG]    Langusge: Українська uk_UA at {ru.apertum.qsystem.client.Locales.<init>(Locales.java:119)}
2017-09-11 13:44:06,013 [ INFO] DB server '+ driver=com.mysql.jdbc.Driver' url=jdbc:mysql://127.0.0.1/qsystem?autoReconnect=true&amp;characterEncoding=UTF-8 at {ru.apertum.qsystem.hibernate.AnnotationSessionFactoryBean.load(AnnotationSessionFactoryBean.java:183)}
2017-09-11 13:44:08,249 [ INFO] DB is OK. at {ru.apertum.qsystem.client.forms.FAdmin.main(FAdmin.java:1212)}
2017-09-11 13:44:08,311 [ INFO] Загрузка плагинов из папки plugins. at {ru.apertum.qsystem.common.Uses.loadPlugins(Uses.java:788)}
2017-09-11 13:44:08,313 [DEBUG] Плагин Journal.jar at {ru.apertum.qsystem.common.Uses.loadPlugins(Uses.java:795)}
2017-09-11 13:44:08,314 [DEBUG] Плагин Microsound.jar at {ru.apertum.qsystem.common.Uses.loadPlugins(Uses.java:795)}
2017-09-11 13:44:09,256 [ INFO] Создали список. at {ru.apertum.qsystem.server.model.ATListModel.createList(ATListModel.java:45)}
2017-09-11 13:44:09,263 [ INFO] Вход в систему. at {ru.apertum.qsystem.client.forms.FLogin.logining(FLogin.java:313)}
2017-09-11 13:44:11,228 [ INFO] Вход в систему выполнен. Пользователь "Администратор", уровень доступа "3". at {ru.apertum.qsystem.client.forms.FLogin.logining(FLogin.java:335)}
2017-09-11 13:44:11,855 [ INFO] Создали дерево. at {ru.apertum.qsystem.server.model.ATreeModel.createTree(ATreeModel.java:54)}
2017-09-11 13:44:11,870 [ INFO] Создали список. at {ru.apertum.qsystem.server.model.ATListModel.createList(ATListModel.java:45)}
2017-09-11 13:44:11,882 [ INFO] Создали дерево. at {ru.apertum.qsystem.server.model.ATreeModel.createTree(ATreeModel.java:54)}
2017-09-11 13:44:11,891 [ INFO] Создали дерево. at {ru.apertum.qsystem.server.model.ATreeModel.createTree(ATreeModel.java:54)}
2017-09-11 13:44:11,896 [ INFO] Создали список. at {ru.apertum.qsystem.server.model.ATListModel.createList(ATListModel.java:45)}
2017-09-11 13:44:11,901 [ INFO] Создали список. at {ru.apertum.qsystem.server.model.ATListModel.createList(ATListModel.java:45)}
2017-09-11 13:44:11,906 [ INFO] Создали список. at {ru.apertum.qsystem.server.model.ATListModel.createList(ATListModel.java:45)}
2017-09-11 13:44:11,951 [ INFO] Создали список. at {ru.apertum.qsystem.server.model.ATListModel.createList(ATListModel.java:45)}
2017-09-11 13:44:12,030 [DEBUG] Создаем модель для календаря at {ru.apertum.qsystem.server.model.calendar.CalendarTableModel.<init>(CalendarTableModel.java:44)}
2017-09-11 13:44:20,044 [ INFO] Editing of user "Пользователь" at {ru.apertum.qsystem.client.forms.FUserChangeDialog.changeUser(FUserChangeDialog.java:74)}
2017-09-11 13:44:25,581 [DEBUG] Пользователю "Пользователь" назначили услугу "Консультация. Сотовая связь". at {ru.apertum.qsystem.client.forms.FAdmin.lambda$addServiceToUser$21(FAdmin.java:1742)}
2017-09-11 13:44:25,583 [DEBUG] Пользователю "Пользователь" назначили услугу "Оформить обращение по качеству обслуживания". at {ru.apertum.qsystem.client.forms.FAdmin.lambda$addServiceToUser$21(FAdmin.java:1742)}
2017-09-11 13:44:25,585 [DEBUG] Пользователю "Пользователь" назначили услугу "Сдать оборудование в ремонт (на тестирование)". at {ru.apertum.qsystem.client.forms.FAdmin.lambda$addServiceToUser$21(FAdmin.java:1742)}
2017-09-11 13:44:25,588 [DEBUG] Пользователю "Пользователь" назначили услугу "Получить оборудование из ремонта". at {ru.apertum.qsystem.client.forms.FAdmin.lambda$addServiceToUser$21(FAdmin.java:1742)}
2017-09-11 13:44:28,850 [DEBUG] Сохранили конфигурацию. at {ru.apertum.qsystem.client.forms.FAdmin.lambda$saveConfiguration$20(FAdmin.java:1707)}
2017-09-11 13:46:09,355 [ INFO] Properties are ready. at {ru.apertum.qsystem.common.QConfig.prepareCLI(QConfig.java:305)}
2017-09-11 13:46:09,358 [ INFO] "QSystem 17.1"!  date: 20.05.2017 at {ru.apertum.qsystem.common.QLog.initial(QLog.java:180)}
2017-09-11 13:46:09,359 [ INFO] START LOGER. Logger: admin.file.info.trace at {ru.apertum.qsystem.common.QLog.initial(QLog.java:181)}
2017-09-11 13:46:09,359 [ INFO] Mode: KEY_DEBUG at {ru.apertum.qsystem.common.QLog.initial(QLog.java:186)}
2017-09-11 13:46:09,360 [ INFO] Plugins: YES at {ru.apertum.qsystem.common.QLog.initial(QLog.java:187)}
2017-09-11 13:46:09,361 [ INFO] Languages are loading... at {ru.apertum.qsystem.client.Locales.<init>(Locales.java:79)}
2017-09-11 13:46:09,367 [DEBUG]    Langusge: Az?rbaycan az_AZ at {ru.apertum.qsystem.client.Locales.<init>(Locales.java:119)}
2017-09-11 13:46:09,370 [DEBUG]    Langusge: English en_US at {ru.apertum.qsystem.client.Locales.<init>(Locales.java:119)}
2017-09-11 13:46:09,372 [DEBUG]    Langusge: Espanol es_ES at {ru.apertum.qsystem.client.Locales.<init>(Locales.java:119)}
2017-09-11 13:46:09,374 [DEBUG]    Langusge: Fran?ais fr_FR at {ru.apertum.qsystem.client.Locales.<init>(Locales.java:119)}
2017-09-11 13:46:09,375 [DEBUG]    Langusge: Italiano it_IT at {ru.apertum.qsystem.client.Locales.<init>(Locales.java:119)}
2017-09-11 13:46:09,377 [DEBUG]    Langusge: Portugu?s pt_PT at {ru.apertum.qsystem.client.Locales.<init>(Locales.java:119)}
2017-09-11 13:46:09,378 [DEBUG]    Langusge: Roman ro_RO at {ru.apertum.qsystem.client.Locales.<init>(Locales.java:119)}
2017-09-11 13:46:09,380 [DEBUG]    Langusge: Русский ru_RU at {ru.apertum.qsystem.client.Locales.<init>(Locales.java:119)}
2017-09-11 13:46:09,381 [DEBUG]    Langusge: Українська uk_UA at {ru.apertum.qsystem.client.Locales.<init>(Locales.java:119)}
2017-09-11 13:46:10,050 [ INFO] DB server '+ driver=com.mysql.jdbc.Driver' url=jdbc:mysql://127.0.0.1/qsystem?autoReconnect=true&amp;characterEncoding=UTF-8 at {ru.apertum.qsystem.hibernate.AnnotationSessionFactoryBean.load(AnnotationSessionFactoryBean.java:183)}
2017-09-11 13:46:11,328 [ INFO] DB is OK. at {ru.apertum.qsystem.client.forms.FAdmin.main(FAdmin.java:1212)}
2017-09-11 13:46:11,334 [ INFO] Загрузка плагинов из папки plugins. at {ru.apertum.qsystem.common.Uses.loadPlugins(Uses.java:788)}
2017-09-11 13:46:11,339 [DEBUG] Плагин Journal.jar at {ru.apertum.qsystem.common.Uses.loadPlugins(Uses.java:795)}
2017-09-11 13:46:11,340 [DEBUG] Плагин Microsound.jar at {ru.apertum.qsystem.common.Uses.loadPlugins(Uses.java:795)}
2017-09-11 13:46:12,073 [ INFO] Создали список. at {ru.apertum.qsystem.server.model.ATListModel.createList(ATListModel.java:45)}
2017-09-11 13:46:12,080 [ INFO] Вход в систему. at {ru.apertum.qsystem.client.forms.FLogin.logining(FLogin.java:313)}
2017-09-11 13:46:13,942 [ INFO] Вход в систему выполнен. Пользователь "Администратор", уровень доступа "3". at {ru.apertum.qsystem.client.forms.FLogin.logining(FLogin.java:335)}
2017-09-11 13:46:14,398 [ INFO] Создали дерево. at {ru.apertum.qsystem.server.model.ATreeModel.createTree(ATreeModel.java:54)}
2017-09-11 13:46:14,404 [ INFO] Создали список. at {ru.apertum.qsystem.server.model.ATListModel.createList(ATListModel.java:45)}
2017-09-11 13:46:14,416 [ INFO] Создали дерево. at {ru.apertum.qsystem.server.model.ATreeModel.createTree(ATreeModel.java:54)}
2017-09-11 13:46:14,422 [ INFO] Создали дерево. at {ru.apertum.qsystem.server.model.ATreeModel.createTree(ATreeModel.java:54)}
2017-09-11 13:46:14,427 [ INFO] Создали список. at {ru.apertum.qsystem.server.model.ATListModel.createList(ATListModel.java:45)}
2017-09-11 13:46:14,430 [ INFO] Создали список. at {ru.apertum.qsystem.server.model.ATListModel.createList(ATListModel.java:45)}
2017-09-11 13:46:14,434 [ INFO] Создали список. at {ru.apertum.qsystem.server.model.ATListModel.createList(ATListModel.java:45)}
2017-09-11 13:46:14,457 [ INFO] Создали список. at {ru.apertum.qsystem.server.model.ATListModel.createList(ATListModel.java:45)}
2017-09-11 13:46:14,510 [DEBUG] Создаем модель для календаря at {ru.apertum.qsystem.server.model.calendar.CalendarTableModel.<init>(CalendarTableModel.java:44)}
2017-09-11 17:01:50,927 [ INFO] Properties are ready. at {ru.apertum.qsystem.common.QConfig.prepareCLI(QConfig.java:305)}
2017-09-11 17:01:50,930 [ INFO] "QSystem 17.1"!  date: 20.05.2017 at {ru.apertum.qsystem.common.QLog.initial(QLog.java:180)}
2017-09-11 17:01:50,931 [ INFO] START LOGER. Logger: admin.file.info.trace at {ru.apertum.qsystem.common.QLog.initial(QLog.java:181)}
2017-09-11 17:01:50,931 [ INFO] Mode: KEY_DEBUG at {ru.apertum.qsystem.common.QLog.initial(QLog.java:186)}
2017-09-11 17:01:50,932 [ INFO] Plugins: YES at {ru.apertum.qsystem.common.QLog.initial(QLog.java:187)}
2017-09-11 17:01:50,934 [ INFO] Languages are loading... at {ru.apertum.qsystem.client.Locales.<init>(Locales.java:79)}
2017-09-11 17:01:50,939 [DEBUG]    Langusge: Az?rbaycan az_AZ at {ru.apertum.qsystem.client.Locales.<init>(Locales.java:119)}
2017-09-11 17:01:50,942 [DEBUG]    Langusge: English en_US at {ru.apertum.qsystem.client.Locales.<init>(Locales.java:119)}
2017-09-11 17:01:50,944 [DEBUG]    Langusge: Espanol es_ES at {ru.apertum.qsystem.client.Locales.<init>(Locales.java:119)}
2017-09-11 17:01:50,945 [DEBUG]    Langusge: Fran?ais fr_FR at {ru.apertum.qsystem.client.Locales.<init>(Locales.java:119)}
2017-09-11 17:01:50,947 [DEBUG]    Langusge: Italiano it_IT at {ru.apertum.qsystem.client.Locales.<init>(Locales.java:119)}
2017-09-11 17:01:50,949 [DEBUG]    Langusge: Portugu?s pt_PT at {ru.apertum.qsystem.client.Locales.<init>(Locales.java:119)}
2017-09-11 17:01:50,950 [DEBUG]    Langusge: Roman ro_RO at {ru.apertum.qsystem.client.Locales.<init>(Locales.java:119)}
2017-09-11 17:01:50,952 [DEBUG]    Langusge: Русский ru_RU at {ru.apertum.qsystem.client.Locales.<init>(Locales.java:119)}
2017-09-11 17:01:50,953 [DEBUG]    Langusge: Українська uk_UA at {ru.apertum.qsystem.client.Locales.<init>(Locales.java:119)}
2017-09-11 17:01:51,599 [ INFO] DB server '+ driver=com.mysql.jdbc.Driver' url=jdbc:mysql://127.0.0.1/qsystem?autoReconnect=true&amp;characterEncoding=UTF-8 at {ru.apertum.qsystem.hibernate.AnnotationSessionFactoryBean.load(AnnotationSessionFactoryBean.java:183)}
2017-09-11 17:01:53,361 [ INFO] DB is OK. at {ru.apertum.qsystem.client.forms.FAdmin.main(FAdmin.java:1212)}
2017-09-11 17:01:53,372 [ INFO] Загрузка плагинов из папки plugins. at {ru.apertum.qsystem.common.Uses.loadPlugins(Uses.java:788)}
2017-09-11 17:01:53,374 [DEBUG] Плагин Journal.jar at {ru.apertum.qsystem.common.Uses.loadPlugins(Uses.java:795)}
2017-09-11 17:01:53,375 [DEBUG] Плагин Microsound.jar at {ru.apertum.qsystem.common.Uses.loadPlugins(Uses.java:795)}
2017-09-11 17:01:54,098 [ INFO] Создали список. at {ru.apertum.qsystem.server.model.ATListModel.createList(ATListModel.java:45)}
2017-09-11 17:01:54,104 [ INFO] Вход в систему. at {ru.apertum.qsystem.client.forms.FLogin.logining(FLogin.java:313)}
2017-09-11 17:01:57,799 [ INFO] Вход в систему выполнен. Пользователь "Администратор", уровень доступа "3". at {ru.apertum.qsystem.client.forms.FLogin.logining(FLogin.java:335)}
2017-09-11 17:01:58,423 [ INFO] Создали дерево. at {ru.apertum.qsystem.server.model.ATreeModel.createTree(ATreeModel.java:54)}
2017-09-11 17:01:58,457 [ INFO] Создали список. at {ru.apertum.qsystem.server.model.ATListModel.createList(ATListModel.java:45)}
2017-09-11 17:01:58,472 [ INFO] Создали дерево. at {ru.apertum.qsystem.server.model.ATreeModel.createTree(ATreeModel.java:54)}
2017-09-11 17:01:58,483 [ INFO] Создали дерево. at {ru.apertum.qsystem.server.model.ATreeModel.createTree(ATreeModel.java:54)}
2017-09-11 17:01:58,524 [ INFO] Создали список. at {ru.apertum.qsystem.server.model.ATListModel.createList(ATListModel.java:45)}
2017-09-11 17:01:58,527 [ INFO] Создали список. at {ru.apertum.qsystem.server.model.ATListModel.createList(ATListModel.java:45)}
2017-09-11 17:01:58,534 [ INFO] Создали список. at {ru.apertum.qsystem.server.model.ATListModel.createList(ATListModel.java:45)}
2017-09-11 17:01:58,559 [ INFO] Создали список. at {ru.apertum.qsystem.server.model.ATListModel.createList(ATListModel.java:45)}
2017-09-11 17:01:58,614 [DEBUG] Создаем модель для календаря at {ru.apertum.qsystem.server.model.calendar.CalendarTableModel.<init>(CalendarTableModel.java:44)}
2017-09-11 17:02:00,182 [ INFO] Запрос о состоянии на сервер. at {ru.apertum.qsystem.client.forms.FAdmin.checkServer(FAdmin.java:985)}
2017-09-11 17:02:00,213 [ INFO] Получение описания состояния сервера. at {ru.apertum.qsystem.common.NetCommander.getServerState(NetCommander.java:841)}
2017-09-11 17:02:00,264 [TRACE] Task "Получить состояние сервера" on 127.0.0.1:3128#
{"jsonrpc":"2.0","id":"1505138520213","method":"Получить состояние сервера"} at {ru.apertum.qsystem.common.NetCommander.sendRpc(NetCommander.java:131)}
2017-09-11 17:02:01,277 [ERROR] Exception!: Невозможно подключиться к серверу. at {ru.apertum.qsystem.common.exceptions.QException.<init>(QException.java:34)}
java.net.ConnectException: Connection refused: connect
	at java.net.DualStackPlainSocketImpl.waitForConnect(Native Method)
	at java.net.DualStackPlainSocketImpl.socketConnect(Unknown Source)
	at java.net.AbstractPlainSocketImpl.doConnect(Unknown Source)
	at java.net.AbstractPlainSocketImpl.connectToAddress(Unknown Source)
	at java.net.AbstractPlainSocketImpl.connect(Unknown Source)
	at java.net.PlainSocketImpl.connect(Unknown Source)
	at java.net.Socket.connect(Unknown Source)
	at ru.apertum.qsystem.common.NetCommander.sendRpc(NetCommander.java:134)
	at ru.apertum.qsystem.common.NetCommander.send(NetCommander.java:115)
	at ru.apertum.qsystem.common.NetCommander.getServerState(NetCommander.java:845)
	at ru.apertum.qsystem.client.forms.FAdmin.checkServer(FAdmin.java:990)
	at ru.apertum.qsystem.client.forms.FAdmin.buttonServerRequestActionPerformed(FAdmin.java:5101)
	at ru.apertum.qsystem.client.forms.FAdmin.access$4500(FAdmin.java:186)
	at ru.apertum.qsystem.client.forms.FAdmin$33.actionPerformed(FAdmin.java:2637)
	at javax.swing.AbstractButton.fireActionPerformed(Unknown Source)
	at javax.swing.AbstractButton$Handler.actionPerformed(Unknown Source)
	at javax.swing.DefaultButtonModel.fireActionPerformed(Unknown Source)
	at javax.swing.DefaultButtonModel.setPressed(Unknown Source)
	at javax.swing.plaf.basic.BasicButtonListener.mouseReleased(Unknown Source)
	at java.awt.Component.processMouseEvent(Unknown Source)
	at javax.swing.JComponent.processMouseEvent(Unknown Source)
	at java.awt.Component.processEvent(Unknown Source)
	at java.awt.Container.processEvent(Unknown Source)
	at java.awt.Component.dispatchEventImpl(Unknown Source)
	at java.awt.Container.dispatchEventImpl(Unknown Source)
	at java.awt.Component.dispatchEvent(Unknown Source)
	at java.awt.LightweightDispatcher.retargetMouseEvent(Unknown Source)
	at java.awt.LightweightDispatcher.processMouseEvent(Unknown Source)
	at java.awt.LightweightDispatcher.dispatchEvent(Unknown Source)
	at java.awt.Container.dispatchEventImpl(Unknown Source)
	at java.awt.Window.dispatchEventImpl(Unknown Source)
	at java.awt.Component.dispatchEvent(Unknown Source)
	at java.awt.EventQueue.dispatchEventImpl(Unknown Source)
	at java.awt.EventQueue.access$500(Unknown Source)
	at java.awt.EventQueue$3.run(Unknown Source)
	at java.awt.EventQueue$3.run(Unknown Source)
	at java.security.AccessController.doPrivileged(Native Method)
	at java.security.ProtectionDomain$JavaSecurityAccessImpl.doIntersectionPrivilege(Unknown Source)
	at java.security.ProtectionDomain$JavaSecurityAccessImpl.doIntersectionPrivilege(Unknown Source)
	at java.awt.EventQueue$4.run(Unknown Source)
	at java.awt.EventQueue$4.run(Unknown Source)
	at java.security.AccessController.doPrivileged(Native Method)
	at java.security.ProtectionDomain$JavaSecurityAccessImpl.doIntersectionPrivilege(Unknown Source)
	at java.awt.EventQueue.dispatchEvent(Unknown Source)
	at java.awt.EventDispatchThread.pumpOneEventForFilters(Unknown Source)
	at java.awt.EventDispatchThread.pumpEventsForFilter(Unknown Source)
	at java.awt.EventDispatchThread.pumpEventsForHierarchy(Unknown Source)
	at java.awt.EventDispatchThread.pumpEvents(Unknown Source)
	at java.awt.EventDispatchThread.pumpEvents(Unknown Source)
	at java.awt.EventDispatchThread.run(Unknown Source)
2017-09-11 17:02:01,285 [ERROR] Exception!: Невозможно получить ответ от сервера. at {ru.apertum.qsystem.common.exceptions.QException.<init>(QException.java:34)}
ru.apertum.qsystem.common.exceptions.QException: Невозможно подключиться к серверу.
	at ru.apertum.qsystem.common.NetCommander.sendRpc(NetCommander.java:137)
	at ru.apertum.qsystem.common.NetCommander.send(NetCommander.java:115)
	at ru.apertum.qsystem.common.NetCommander.getServerState(NetCommander.java:845)
	at ru.apertum.qsystem.client.forms.FAdmin.checkServer(FAdmin.java:990)
	at ru.apertum.qsystem.client.forms.FAdmin.buttonServerRequestActionPerformed(FAdmin.java:5101)
	at ru.apertum.qsystem.client.forms.FAdmin.access$4500(FAdmin.java:186)
	at ru.apertum.qsystem.client.forms.FAdmin$33.actionPerformed(FAdmin.java:2637)
	at javax.swing.AbstractButton.fireActionPerformed(Unknown Source)
	at javax.swing.AbstractButton$Handler.actionPerformed(Unknown Source)
	at javax.swing.DefaultButtonModel.fireActionPerformed(Unknown Source)
	at javax.swing.DefaultButtonModel.setPressed(Unknown Source)
	at javax.swing.plaf.basic.BasicButtonListener.mouseReleased(Unknown Source)
	at java.awt.Component.processMouseEvent(Unknown Source)
	at javax.swing.JComponent.processMouseEvent(Unknown Source)
	at java.awt.Component.processEvent(Unknown Source)
	at java.awt.Container.processEvent(Unknown Source)
	at java.awt.Component.dispatchEventImpl(Unknown Source)
	at java.awt.Container.dispatchEventImpl(Unknown Source)
	at java.awt.Component.dispatchEvent(Unknown Source)
	at java.awt.LightweightDispatcher.retargetMouseEvent(Unknown Source)
	at java.awt.LightweightDispatcher.processMouseEvent(Unknown Source)
	at java.awt.LightweightDispatcher.dispatchEvent(Unknown Source)
	at java.awt.Container.dispatchEventImpl(Unknown Source)
	at java.awt.Window.dispatchEventImpl(Unknown Source)
	at java.awt.Component.dispatchEvent(Unknown Source)
	at java.awt.EventQueue.dispatchEventImpl(Unknown Source)
	at java.awt.EventQueue.access$500(Unknown Source)
	at java.awt.EventQueue$3.run(Unknown Source)
	at java.awt.EventQueue$3.run(Unknown Source)
	at java.security.AccessController.doPrivileged(Native Method)
	at java.security.ProtectionDomain$JavaSecurityAccessImpl.doIntersectionPrivilege(Unknown Source)
	at java.security.ProtectionDomain$JavaSecurityAccessImpl.doIntersectionPrivilege(Unknown Source)
	at java.awt.EventQueue$4.run(Unknown Source)
	at java.awt.EventQueue$4.run(Unknown Source)
	at java.security.AccessController.doPrivileged(Native Method)
	at java.security.ProtectionDomain$JavaSecurityAccessImpl.doIntersectionPrivilege(Unknown Source)
	at java.awt.EventQueue.dispatchEvent(Unknown Source)
	at java.awt.EventDispatchThread.pumpOneEventForFilters(Unknown Source)
	at java.awt.EventDispatchThread.pumpEventsForFilter(Unknown Source)
	at java.awt.EventDispatchThread.pumpEventsForHierarchy(Unknown Source)
	at java.awt.EventDispatchThread.pumpEvents(Unknown Source)
	at java.awt.EventDispatchThread.pumpEvents(Unknown Source)
	at java.awt.EventDispatchThread.run(Unknown Source)
Caused by: java.net.ConnectException: Connection refused: connect
	at java.net.DualStackPlainSocketImpl.waitForConnect(Native Method)
	at java.net.DualStackPlainSocketImpl.socketConnect(Unknown Source)
	at java.net.AbstractPlainSocketImpl.doConnect(Unknown Source)
	at java.net.AbstractPlainSocketImpl.connectToAddress(Unknown Source)
	at java.net.AbstractPlainSocketImpl.connect(Unknown Source)
	at java.net.PlainSocketImpl.connect(Unknown Source)
	at java.net.Socket.connect(Unknown Source)
	at ru.apertum.qsystem.common.NetCommander.sendRpc(NetCommander.java:134)
	... 42 more
2017-09-11 17:02:01,292 [ERROR] Error! Проблема с командой. 
ru.apertum.qsystem.common.exceptions.QException: Невозможно получить ответ от сервера. at {ru.apertum.qsystem.common.exceptions.ServerException.<init>(ServerException.java:42)}
ru.apertum.qsystem.common.exceptions.ClientException: Проблема с командой. 
	at ru.apertum.qsystem.common.NetCommander.getServerState(NetCommander.java:847)
	at ru.apertum.qsystem.client.forms.FAdmin.checkServer(FAdmin.java:990)
	at ru.apertum.qsystem.client.forms.FAdmin.buttonServerRequestActionPerformed(FAdmin.java:5101)
	at ru.apertum.qsystem.client.forms.FAdmin.access$4500(FAdmin.java:186)
	at ru.apertum.qsystem.client.forms.FAdmin$33.actionPerformed(FAdmin.java:2637)
	at javax.swing.AbstractButton.fireActionPerformed(Unknown Source)
	at javax.swing.AbstractButton$Handler.actionPerformed(Unknown Source)
	at javax.swing.DefaultButtonModel.fireActionPerformed(Unknown Source)
	at javax.swing.DefaultButtonModel.setPressed(Unknown Source)
	at javax.swing.plaf.basic.BasicButtonListener.mouseReleased(Unknown Source)
	at java.awt.Component.processMouseEvent(Unknown Source)
	at javax.swing.JComponent.processMouseEvent(Unknown Source)
	at java.awt.Component.processEvent(Unknown Source)
	at java.awt.Container.processEvent(Unknown Source)
	at java.awt.Component.dispatchEventImpl(Unknown Source)
	at java.awt.Container.dispatchEventImpl(Unknown Source)
	at java.awt.Component.dispatchEvent(Unknown Source)
	at java.awt.LightweightDispatcher.retargetMouseEvent(Unknown Source)
	at java.awt.LightweightDispatcher.processMouseEvent(Unknown Source)
	at java.awt.LightweightDispatcher.dispatchEvent(Unknown Source)
	at java.awt.Container.dispatchEventImpl(Unknown Source)
	at java.awt.Window.dispatchEventImpl(Unknown Source)
	at java.awt.Component.dispatchEvent(Unknown Source)
	at java.awt.EventQueue.dispatchEventImpl(Unknown Source)
	at java.awt.EventQueue.access$500(Unknown Source)
	at java.awt.EventQueue$3.run(Unknown Source)
	at java.awt.EventQueue$3.run(Unknown Source)
	at java.security.AccessController.doPrivileged(Native Method)
	at java.security.ProtectionDomain$JavaSecurityAccessImpl.doIntersectionPrivilege(Unknown Source)
	at java.security.ProtectionDomain$JavaSecurityAccessImpl.doIntersectionPrivilege(Unknown Source)
	at java.awt.EventQueue$4.run(Unknown Source)
	at java.awt.EventQueue$4.run(Unknown Source)
	at java.security.AccessController.doPrivileged(Native Method)
	at java.security.ProtectionDomain$JavaSecurityAccessImpl.doIntersectionPrivilege(Unknown Source)
	at java.awt.EventQueue.dispatchEvent(Unknown Source)
	at java.awt.EventDispatchThread.pumpOneEventForFilters(Unknown Source)
	at java.awt.EventDispatchThread.pumpEventsForFilter(Unknown Source)
	at java.awt.EventDispatchThread.pumpEventsForHierarchy(Unknown Source)
	at java.awt.EventDispatchThread.pumpEvents(Unknown Source)
	at java.awt.EventDispatchThread.pumpEvents(Unknown Source)
	at java.awt.EventDispatchThread.run(Unknown Source)
Caused by: ru.apertum.qsystem.common.exceptions.QException: Невозможно получить ответ от сервера.
	at ru.apertum.qsystem.common.NetCommander.sendRpc(NetCommander.java:162)
	at ru.apertum.qsystem.common.NetCommander.send(NetCommander.java:115)
	at ru.apertum.qsystem.common.NetCommander.getServerState(NetCommander.java:845)
	... 40 more
Caused by: ru.apertum.qsystem.common.exceptions.QException: Невозможно подключиться к серверу.
	at ru.apertum.qsystem.common.NetCommander.sendRpc(NetCommander.java:137)
	... 42 more
Caused by: java.net.ConnectException: Connection refused: connect
	at java.net.DualStackPlainSocketImpl.waitForConnect(Native Method)
	at java.net.DualStackPlainSocketImpl.socketConnect(Unknown Source)
	at java.net.AbstractPlainSocketImpl.doConnect(Unknown Source)
	at java.net.AbstractPlainSocketImpl.connectToAddress(Unknown Source)
	at java.net.AbstractPlainSocketImpl.connect(Unknown Source)
	at java.net.PlainSocketImpl.connect(Unknown Source)
	at java.net.Socket.connect(Unknown Source)
	at ru.apertum.qsystem.common.NetCommander.sendRpc(NetCommander.java:134)
	... 42 more
2017-09-11 17:02:02,218 [ERROR] Сервер ответил на запрос о состоянии: "ru.apertum.qsystem.common.exceptions.ClientException: Проблема с командой. " at {ru.apertum.qsystem.client.forms.FAdmin.checkServer(FAdmin.java:995)}
2017-09-11 17:02:05,690 [ INFO] Редактирование услуги "Обслуживание в абон зале" at {ru.apertum.qsystem.client.forms.FServiceChangeDialod.changeService(FServiceChangeDialod.java:94)}
2017-09-11 17:02:07,713 [ INFO] Редактирование услуги "Оформить обращение по качеству обслуживания" at {ru.apertum.qsystem.client.forms.FServiceChangeDialod.changeService(FServiceChangeDialod.java:94)}
2017-09-11 17:02:13,901 [ INFO] Редактирование услуги "План работы с 8.00 до 17.00" at {ru.apertum.qsystem.client.forms.FScheduleChangeDialod.changeSchedule(FScheduleChangeDialod.java:65)}
2017-09-11 17:02:26,305 [DEBUG] Сохранили конфигурацию. at {ru.apertum.qsystem.client.forms.FAdmin.lambda$saveConfiguration$20(FAdmin.java:1707)}
2017-09-12 12:50:05,903 [ INFO] Properties are ready. at {ru.apertum.qsystem.common.QConfig.prepareCLI(QConfig.java:305)}
2017-09-12 12:50:05,907 [ INFO] "QSystem 17.1"!  date: 20.05.2017 at {ru.apertum.qsystem.common.QLog.initial(QLog.java:180)}
2017-09-12 12:50:05,907 [ INFO] START LOGER. Logger: admin.file.info.trace at {ru.apertum.qsystem.common.QLog.initial(QLog.java:181)}
2017-09-12 12:50:05,908 [ INFO] Mode: KEY_DEBUG at {ru.apertum.qsystem.common.QLog.initial(QLog.java:186)}
2017-09-12 12:50:05,908 [ INFO] Plugins: YES at {ru.apertum.qsystem.common.QLog.initial(QLog.java:187)}
2017-09-12 12:50:05,910 [ INFO] Languages are loading... at {ru.apertum.qsystem.client.Locales.<init>(Locales.java:79)}
2017-09-12 12:50:05,917 [DEBUG]    Langusge: Az?rbaycan az_AZ at {ru.apertum.qsystem.client.Locales.<init>(Locales.java:119)}
2017-09-12 12:50:05,920 [DEBUG]    Langusge: English en_US at {ru.apertum.qsystem.client.Locales.<init>(Locales.java:119)}
2017-09-12 12:50:05,923 [DEBUG]    Langusge: Espanol es_ES at {ru.apertum.qsystem.client.Locales.<init>(Locales.java:119)}
2017-09-12 12:50:05,924 [DEBUG]    Langusge: Fran?ais fr_FR at {ru.apertum.qsystem.client.Locales.<init>(Locales.java:119)}
2017-09-12 12:50:05,928 [DEBUG]    Langusge: Italiano it_IT at {ru.apertum.qsystem.client.Locales.<init>(Locales.java:119)}
2017-09-12 12:50:05,930 [DEBUG]    Langusge: Portugu?s pt_PT at {ru.apertum.qsystem.client.Locales.<init>(Locales.java:119)}
2017-09-12 12:50:05,933 [DEBUG]    Langusge: Roman ro_RO at {ru.apertum.qsystem.client.Locales.<init>(Locales.java:119)}
2017-09-12 12:50:05,937 [DEBUG]    Langusge: Русский ru_RU at {ru.apertum.qsystem.client.Locales.<init>(Locales.java:119)}
2017-09-12 12:50:05,944 [DEBUG]    Langusge: Українська uk_UA at {ru.apertum.qsystem.client.Locales.<init>(Locales.java:119)}
2017-09-12 12:50:06,691 [ INFO] DB server '+ driver=com.mysql.jdbc.Driver' url=jdbc:mysql://127.0.0.1/qsystem?autoReconnect=true&amp;characterEncoding=UTF-8 at {ru.apertum.qsystem.hibernate.AnnotationSessionFactoryBean.load(AnnotationSessionFactoryBean.java:183)}
2017-09-12 12:50:08,399 [ INFO] DB is OK. at {ru.apertum.qsystem.client.forms.FAdmin.main(FAdmin.java:1212)}
2017-09-12 12:50:08,408 [ INFO] Загрузка плагинов из папки plugins. at {ru.apertum.qsystem.common.Uses.loadPlugins(Uses.java:788)}
2017-09-12 12:50:08,409 [DEBUG] Плагин Journal.jar at {ru.apertum.qsystem.common.Uses.loadPlugins(Uses.java:795)}
2017-09-12 12:50:08,409 [DEBUG] Плагин Microsound.jar at {ru.apertum.qsystem.common.Uses.loadPlugins(Uses.java:795)}
2017-09-12 12:50:08,932 [ INFO] Создали список. at {ru.apertum.qsystem.server.model.ATListModel.createList(ATListModel.java:45)}
2017-09-12 12:50:08,944 [ INFO] Вход в систему. at {ru.apertum.qsystem.client.forms.FLogin.logining(FLogin.java:313)}
2017-09-12 12:50:11,786 [ INFO] Вход в систему выполнен. Пользователь "Администратор", уровень доступа "3". at {ru.apertum.qsystem.client.forms.FLogin.logining(FLogin.java:335)}
2017-09-12 12:50:12,348 [ INFO] Создали дерево. at {ru.apertum.qsystem.server.model.ATreeModel.createTree(ATreeModel.java:54)}
2017-09-12 12:50:12,396 [ INFO] Создали список. at {ru.apertum.qsystem.server.model.ATListModel.createList(ATListModel.java:45)}
2017-09-12 12:50:12,410 [ INFO] Создали дерево. at {ru.apertum.qsystem.server.model.ATreeModel.createTree(ATreeModel.java:54)}
2017-09-12 12:50:12,419 [ INFO] Создали дерево. at {ru.apertum.qsystem.server.model.ATreeModel.createTree(ATreeModel.java:54)}
2017-09-12 12:50:12,455 [ INFO] Создали список. at {ru.apertum.qsystem.server.model.ATListModel.createList(ATListModel.java:45)}
2017-09-12 12:50:12,460 [ INFO] Создали список. at {ru.apertum.qsystem.server.model.ATListModel.createList(ATListModel.java:45)}
2017-09-12 12:50:12,467 [ INFO] Создали список. at {ru.apertum.qsystem.server.model.ATListModel.createList(ATListModel.java:45)}
2017-09-12 12:50:12,503 [ INFO] Создали список. at {ru.apertum.qsystem.server.model.ATListModel.createList(ATListModel.java:45)}
2017-09-12 12:50:12,555 [DEBUG] Создаем модель для календаря at {ru.apertum.qsystem.server.model.calendar.CalendarTableModel.<init>(CalendarTableModel.java:44)}
2017-09-12 12:50:13,829 [ INFO] Запрос о состоянии на сервер. at {ru.apertum.qsystem.client.forms.FAdmin.checkServer(FAdmin.java:985)}
2017-09-12 12:50:13,847 [ INFO] Получение описания состояния сервера. at {ru.apertum.qsystem.common.NetCommander.getServerState(NetCommander.java:873)}
2017-09-12 12:50:13,859 [TRACE] Task "Получить состояние сервера" on 127.0.0.1:3128#
{"jsonrpc":"2.0","id":"1505209813847","method":"Получить состояние сервера"} at {ru.apertum.qsystem.common.NetCommander.sendRpc(NetCommander.java:131)}
2017-09-12 12:50:13,860 [TRACE] Socket was created. at {ru.apertum.qsystem.common.NetCommander.sendRpc(NetCommander.java:139)}
2017-09-12 12:50:13,860 [TRACE] Sending... at {ru.apertum.qsystem.common.NetCommander.sendRpc(NetCommander.java:145)}
2017-09-12 12:50:13,861 [TRACE] Reading... at {ru.apertum.qsystem.common.NetCommander.sendRpc(NetCommander.java:147)}
2017-09-12 12:50:14,128 [TRACE] Response:
{"result":[{"service_name":"Консультация. Сотовая связь","waiting":0,"first":"-","id":1504684639861,"wait_max":0},{"service_name":"Оформить обращение по качеству обслуживания","waiting":0,"first":"-","id":1504684653226,"wait_max":0},{"service_name":"Сдать оборудование в ремонт (на тестирование)","waiting":0,"first":"-","id":1504684674193,"wait_max":0},{"service_name":"Получить оборудование из ремонта","waiting":0,"first":"-","id":1504684881341,"wait_max":0}],"jsonrpc":"2.0","id":"1505209814112"}
 at {ru.apertum.qsystem.common.NetCommander.sendRpc(NetCommander.java:159)}
2017-09-12 12:50:14,134 [ INFO] Команда на обновление пула отложенных. at {ru.apertum.qsystem.common.NetCommander.getPostponedPoolInfo(NetCommander.java:1429)}
2017-09-12 12:50:14,135 [TRACE] Task "Получить состояние пула отложенных" on 127.0.0.1:3128#
{"jsonrpc":"2.0","id":"1505209813847","method":"Получить состояние пула отложенных"} at {ru.apertum.qsystem.common.NetCommander.sendRpc(NetCommander.java:131)}
2017-09-12 12:50:14,137 [TRACE] Socket was created. at {ru.apertum.qsystem.common.NetCommander.sendRpc(NetCommander.java:139)}
2017-09-12 12:50:14,137 [TRACE] Sending... at {ru.apertum.qsystem.common.NetCommander.sendRpc(NetCommander.java:145)}
2017-09-12 12:50:14,138 [TRACE] Reading... at {ru.apertum.qsystem.common.NetCommander.sendRpc(NetCommander.java:147)}
2017-09-12 12:50:14,170 [TRACE] Response:
{"result":[],"jsonrpc":"2.0","id":"1505209814168"}
 at {ru.apertum.qsystem.common.NetCommander.sendRpc(NetCommander.java:159)}
2017-09-12 12:50:19,817 [DEBUG] Добавляем пользователя "111" at {ru.apertum.qsystem.client.forms.FAdmin.addUser(FAdmin.java:1333)}
2017-09-12 12:50:23,438 [ INFO] Editing of user "Администратор" at {ru.apertum.qsystem.client.forms.FUserChangeDialog.changeUser(FUserChangeDialog.java:74)}
2017-09-12 12:50:26,945 [ INFO] Editing of user "111" at {ru.apertum.qsystem.client.forms.FUserChangeDialog.changeUser(FUserChangeDialog.java:74)}
2017-09-12 12:50:34,900 [DEBUG] Пользователю "111" назначили услугу "Сдать оборудование в ремонт (на тестирование)". at {ru.apertum.qsystem.client.forms.FAdmin.lambda$addServiceToUser$21(FAdmin.java:1742)}
2017-09-12 12:50:34,901 [DEBUG] Пользователю "111" назначили услугу "Получить оборудование из ремонта". at {ru.apertum.qsystem.client.forms.FAdmin.lambda$addServiceToUser$21(FAdmin.java:1742)}
2017-09-12 12:50:40,484 [ERROR] Ошибка при сохранении 
org.hibernate.exception.DataException: could not execute statement
[org.hibernate.exception.internal.SQLExceptionTypeDelegate.convert(SQLExceptionTypeDelegate.java:69), org.hibernate.exception.internal.StandardSQLExceptionConverter.convert(StandardSQLExceptionConverter.java:49), org.hibernate.engine.jdbc.spi.SqlExceptionHelper.convert(SqlExceptionHelper.java:126), org.hibernate.engine.jdbc.spi.SqlExceptionHelper.convert(SqlExceptionHelper.java:112), org.hibernate.engine.jdbc.internal.ResultSetReturnImpl.executeUpdate(ResultSetReturnImpl.java:211), org.hibernate.id.IdentityGenerator$GetGeneratedKeysDelegate.executeAndExtract(IdentityGenerator.java:96), org.hibernate.id.insert.AbstractReturningDelegate.performInsert(AbstractReturningDelegate.java:58), org.hibernate.persister.entity.AbstractEntityPersister.insert(AbstractEntityPersister.java:3032), org.hibernate.persister.entity.AbstractEntityPersister.insert(AbstractEntityPersister.java:3558), org.hibernate.action.internal.EntityIdentityInsertAction.execute(EntityIdentityInsertAction.java:98), org.hibernate.engine.spi.ActionQueue.execute(ActionQueue.java:490), org.hibernate.engine.spi.ActionQueue.addResolvedEntityInsertAction(ActionQueue.java:195), org.hibernate.engine.spi.ActionQueue.addInsertAction(ActionQueue.java:179), org.hibernate.engine.spi.ActionQueue.addAction(ActionQueue.java:214), org.hibernate.event.internal.AbstractSaveEventListener.addInsertAction(AbstractSaveEventListener.java:324), org.hibernate.event.internal.AbstractSaveEventListener.performSaveOrReplicate(AbstractSaveEventListener.java:288), org.hibernate.event.internal.AbstractSaveEventListener.performSave(AbstractSaveEventListener.java:194), org.hibernate.event.internal.AbstractSaveEventListener.saveWithGeneratedId(AbstractSaveEventListener.java:125), org.hibernate.event.internal.DefaultSaveOrUpdateEventListener.saveWithGeneratedOrRequestedId(DefaultSaveOrUpdateEventListener.java:209), org.hibernate.event.internal.DefaultSaveOrUpdateEventListener.entityIsTransient(DefaultSaveOrUpdateEventListener.java:194), org.hibernate.event.internal.DefaultSaveOrUpdateEventListener.performSaveOrUpdate(DefaultSaveOrUpdateEventListener.java:114), org.hibernate.event.internal.DefaultSaveOrUpdateEventListener.onSaveOrUpdate(DefaultSaveOrUpdateEventListener.java:90), org.hibernate.internal.SessionImpl.fireSaveOrUpdate(SessionImpl.java:684), org.hibernate.internal.SessionImpl.saveOrUpdate(SessionImpl.java:676), org.hibernate.internal.SessionImpl.saveOrUpdate(SessionImpl.java:671), ru.apertum.qsystem.server.Spring.lambda$saveOrUpdateAll$1(Spring.java:131), java.util.LinkedList$LLSpliterator.forEachRemaining(LinkedList.java:1235), java.util.stream.ReferencePipeline$Head.forEach(ReferencePipeline.java:580), ru.apertum.qsystem.server.Spring.saveOrUpdateAll(Spring.java:130), ru.apertum.qsystem.server.model.QUserList.save(QUserList.java:75), ru.apertum.qsystem.client.forms.FAdmin.lambda$saveConfiguration$20(FAdmin.java:1700), org.springframework.transaction.support.TransactionTemplate.execute(TransactionTemplate.java:133), ru.apertum.qsystem.client.forms.FAdmin.saveConfiguration(FAdmin.java:1675), sun.reflect.NativeMethodAccessorImpl.invoke0(Native Method), sun.reflect.NativeMethodAccessorImpl.invoke(NativeMethodAccessorImpl.java:62), sun.reflect.DelegatingMethodAccessorImpl.invoke(DelegatingMethodAccessorImpl.java:43), java.lang.reflect.Method.invoke(Method.java:498), org.jdesktop.application.ApplicationAction.noProxyActionPerformed(ApplicationAction.java:662), org.jdesktop.application.ApplicationAction.actionPerformed(ApplicationAction.java:698), javax.swing.AbstractButton.fireActionPerformed(AbstractButton.java:2022), javax.swing.AbstractButton$Handler.actionPerformed(AbstractButton.java:2348), javax.swing.DefaultButtonModel.fireActionPerformed(DefaultButtonModel.java:402), javax.swing.DefaultButtonModel.setPressed(DefaultButtonModel.java:259), javax.swing.AbstractButton.doClick(AbstractButton.java:376), javax.swing.plaf.basic.BasicMenuItemUI.doClick(BasicMenuItemUI.java:833), javax.swing.plaf.basic.BasicMenuItemUI$Handler.mouseReleased(BasicMenuItemUI.java:877), java.awt.AWTEventMulticaster.mouseReleased(AWTEventMulticaster.java:289), java.awt.Component.processMouseEvent(Component.java:6533), javax.swing.JComponent.processMouseEvent(JComponent.java:3324), java.awt.Component.processEvent(Component.java:6298), java.awt.Container.processEvent(Container.java:2236), java.awt.Component.dispatchEventImpl(Component.java:4889), java.awt.Container.dispatchEventImpl(Container.java:2294), java.awt.Component.dispatchEvent(Component.java:4711), java.awt.LightweightDispatcher.retargetMouseEvent(Container.java:4888), java.awt.LightweightDispatcher.processMouseEvent(Container.java:4525), java.awt.LightweightDispatcher.dispatchEvent(Container.java:4466), java.awt.Container.dispatchEventImpl(Container.java:2280), java.awt.Window.dispatchEventImpl(Window.java:2746), java.awt.Component.dispatchEvent(Component.java:4711), java.awt.EventQueue.dispatchEventImpl(EventQueue.java:758), java.awt.EventQueue.access$500(EventQueue.java:97), java.awt.EventQueue$3.run(EventQueue.java:709), java.awt.EventQueue$3.run(EventQueue.java:703), java.security.AccessController.doPrivileged(Native Method), java.security.ProtectionDomain$JavaSecurityAccessImpl.doIntersectionPrivilege(ProtectionDomain.java:76), java.security.ProtectionDomain$JavaSecurityAccessImpl.doIntersectionPrivilege(ProtectionDomain.java:86), java.awt.EventQueue$4.run(EventQueue.java:731), java.awt.EventQueue$4.run(EventQueue.java:729), java.security.AccessController.doPrivileged(Native Method), java.security.ProtectionDomain$JavaSecurityAccessImpl.doIntersectionPrivilege(ProtectionDomain.java:76), java.awt.EventQueue.dispatchEvent(EventQueue.java:728), java.awt.EventDispatchThread.pumpOneEventForFilters(EventDispatchThread.java:201), java.awt.EventDispatchThread.pumpEventsForFilter(EventDispatchThread.java:116), java.awt.EventDispatchThread.pumpEventsForHierarchy(EventDispatchThread.java:105), java.awt.EventDispatchThread.pumpEvents(EventDispatchThread.java:101), java.awt.EventDispatchThread.pumpEvents(EventDispatchThread.java:93), java.awt.EventDispatchThread.run(EventDispatchThread.java:82)] at {ru.apertum.qsystem.client.forms.FAdmin.lambda$saveConfiguration$20(FAdmin.java:1709)}
2017-09-12 12:50:40,571 [ERROR] Error! Ошибка выполнения операции изменения данных в БД(JDBC). Возможно введенные вами параметры не могут быть сохранены.
[could not execute statement]
(org.hibernate.exception.DataException: could not execute statement)
SQL:  at {ru.apertum.qsystem.common.exceptions.ServerException.<init>(ServerException.java:32)}
ru.apertum.qsystem.common.exceptions.ClientException: Ошибка выполнения операции изменения данных в БД(JDBC). Возможно введенные вами параметры не могут быть сохранены.
[could not execute statement]
(org.hibernate.exception.DataException: could not execute statement)
SQL: 
	at ru.apertum.qsystem.client.forms.FAdmin.saveConfiguration(FAdmin.java:1721)
	at sun.reflect.NativeMethodAccessorImpl.invoke0(Native Method)
	at sun.reflect.NativeMethodAccessorImpl.invoke(NativeMethodAccessorImpl.java:62)
	at sun.reflect.DelegatingMethodAccessorImpl.invoke(DelegatingMethodAccessorImpl.java:43)
	at java.lang.reflect.Method.invoke(Method.java:498)
	at org.jdesktop.application.ApplicationAction.noProxyActionPerformed(ApplicationAction.java:662)
	at org.jdesktop.application.ApplicationAction.actionPerformed(ApplicationAction.java:698)
	at javax.swing.AbstractButton.fireActionPerformed(AbstractButton.java:2022)
	at javax.swing.AbstractButton$Handler.actionPerformed(AbstractButton.java:2348)
	at javax.swing.DefaultButtonModel.fireActionPerformed(DefaultButtonModel.java:402)
	at javax.swing.DefaultButtonModel.setPressed(DefaultButtonModel.java:259)
	at javax.swing.AbstractButton.doClick(AbstractButton.java:376)
	at javax.swing.plaf.basic.BasicMenuItemUI.doClick(BasicMenuItemUI.java:833)
	at javax.swing.plaf.basic.BasicMenuItemUI$Handler.mouseReleased(BasicMenuItemUI.java:877)
	at java.awt.AWTEventMulticaster.mouseReleased(AWTEventMulticaster.java:289)
	at java.awt.Component.processMouseEvent(Component.java:6533)
	at javax.swing.JComponent.processMouseEvent(JComponent.java:3324)
	at java.awt.Component.processEvent(Component.java:6298)
	at java.awt.Container.processEvent(Container.java:2236)
	at java.awt.Component.dispatchEventImpl(Component.java:4889)
	at java.awt.Container.dispatchEventImpl(Container.java:2294)
	at java.awt.Component.dispatchEvent(Component.java:4711)
	at java.awt.LightweightDispatcher.retargetMouseEvent(Container.java:4888)
	at java.awt.LightweightDispatcher.processMouseEvent(Container.java:4525)
	at java.awt.LightweightDispatcher.dispatchEvent(Container.java:4466)
	at java.awt.Container.dispatchEventImpl(Container.java:2280)
	at java.awt.Window.dispatchEventImpl(Window.java:2746)
	at java.awt.Component.dispatchEvent(Component.java:4711)
	at java.awt.EventQueue.dispatchEventImpl(EventQueue.java:758)
	at java.awt.EventQueue.access$500(EventQueue.java:97)
	at java.awt.EventQueue$3.run(EventQueue.java:709)
	at java.awt.EventQueue$3.run(EventQueue.java:703)
	at java.security.AccessController.doPrivileged(Native Method)
	at java.security.ProtectionDomain$JavaSecurityAccessImpl.doIntersectionPrivilege(ProtectionDomain.java:76)
	at java.security.ProtectionDomain$JavaSecurityAccessImpl.doIntersectionPrivilege(ProtectionDomain.java:86)
	at java.awt.EventQueue$4.run(EventQueue.java:731)
	at java.awt.EventQueue$4.run(EventQueue.java:729)
	at java.security.AccessController.doPrivileged(Native Method)
	at java.security.ProtectionDomain$JavaSecurityAccessImpl.doIntersectionPrivilege(ProtectionDomain.java:76)
	at java.awt.EventQueue.dispatchEvent(EventQueue.java:728)
	at java.awt.EventDispatchThread.pumpOneEventForFilters(EventDispatchThread.java:201)
	at java.awt.EventDispatchThread.pumpEventsForFilter(EventDispatchThread.java:116)
	at java.awt.EventDispatchThread.pumpEventsForHierarchy(EventDispatchThread.java:105)
	at java.awt.EventDispatchThread.pumpEvents(EventDispatchThread.java:101)
	at java.awt.EventDispatchThread.pumpEvents(EventDispatchThread.java:93)
	at java.awt.EventDispatchThread.run(EventDispatchThread.java:82)
2017-09-12 12:50:46,267 [ERROR] Ошибка при сохранении 
org.hibernate.exception.DataException: could not execute statement
[org.hibernate.exception.internal.SQLExceptionTypeDelegate.convert(SQLExceptionTypeDelegate.java:69), org.hibernate.exception.internal.StandardSQLExceptionConverter.convert(StandardSQLExceptionConverter.java:49), org.hibernate.engine.jdbc.spi.SqlExceptionHelper.convert(SqlExceptionHelper.java:126), org.hibernate.engine.jdbc.spi.SqlExceptionHelper.convert(SqlExceptionHelper.java:112), org.hibernate.engine.jdbc.internal.ResultSetReturnImpl.executeUpdate(ResultSetReturnImpl.java:211), org.hibernate.id.IdentityGenerator$GetGeneratedKeysDelegate.executeAndExtract(IdentityGenerator.java:96), org.hibernate.id.insert.AbstractReturningDelegate.performInsert(AbstractReturningDelegate.java:58), org.hibernate.persister.entity.AbstractEntityPersister.insert(AbstractEntityPersister.java:3032), org.hibernate.persister.entity.AbstractEntityPersister.insert(AbstractEntityPersister.java:3558), org.hibernate.action.internal.EntityIdentityInsertAction.execute(EntityIdentityInsertAction.java:98), org.hibernate.engine.spi.ActionQueue.execute(ActionQueue.java:490), org.hibernate.engine.spi.ActionQueue.addResolvedEntityInsertAction(ActionQueue.java:195), org.hibernate.engine.spi.ActionQueue.addInsertAction(ActionQueue.java:179), org.hibernate.engine.spi.ActionQueue.addAction(ActionQueue.java:214), org.hibernate.event.internal.AbstractSaveEventListener.addInsertAction(AbstractSaveEventListener.java:324), org.hibernate.event.internal.AbstractSaveEventListener.performSaveOrReplicate(AbstractSaveEventListener.java:288), org.hibernate.event.internal.AbstractSaveEventListener.performSave(AbstractSaveEventListener.java:194), org.hibernate.event.internal.AbstractSaveEventListener.saveWithGeneratedId(AbstractSaveEventListener.java:125), org.hibernate.event.internal.DefaultSaveOrUpdateEventListener.saveWithGeneratedOrRequestedId(DefaultSaveOrUpdateEventListener.java:209), org.hibernate.event.internal.DefaultSaveOrUpdateEventListener.entityIsTransient(DefaultSaveOrUpdateEventListener.java:194), org.hibernate.event.internal.DefaultSaveOrUpdateEventListener.performSaveOrUpdate(DefaultSaveOrUpdateEventListener.java:114), org.hibernate.event.internal.DefaultSaveOrUpdateEventListener.onSaveOrUpdate(DefaultSaveOrUpdateEventListener.java:90), org.hibernate.internal.SessionImpl.fireSaveOrUpdate(SessionImpl.java:684), org.hibernate.internal.SessionImpl.saveOrUpdate(SessionImpl.java:676), org.hibernate.internal.SessionImpl.saveOrUpdate(SessionImpl.java:671), ru.apertum.qsystem.server.Spring.lambda$saveOrUpdateAll$1(Spring.java:131), java.util.LinkedList$LLSpliterator.forEachRemaining(LinkedList.java:1235), java.util.stream.ReferencePipeline$Head.forEach(ReferencePipeline.java:580), ru.apertum.qsystem.server.Spring.saveOrUpdateAll(Spring.java:130), ru.apertum.qsystem.server.model.QUserList.save(QUserList.java:75), ru.apertum.qsystem.client.forms.FAdmin.lambda$saveConfiguration$20(FAdmin.java:1700), org.springframework.transaction.support.TransactionTemplate.execute(TransactionTemplate.java:133), ru.apertum.qsystem.client.forms.FAdmin.saveConfiguration(FAdmin.java:1675), sun.reflect.NativeMethodAccessorImpl.invoke0(Native Method), sun.reflect.NativeMethodAccessorImpl.invoke(NativeMethodAccessorImpl.java:62), sun.reflect.DelegatingMethodAccessorImpl.invoke(DelegatingMethodAccessorImpl.java:43), java.lang.reflect.Method.invoke(Method.java:498), org.jdesktop.application.ApplicationAction.noProxyActionPerformed(ApplicationAction.java:662), org.jdesktop.application.ApplicationAction.actionPerformed(ApplicationAction.java:698), javax.swing.AbstractButton.fireActionPerformed(AbstractButton.java:2022), javax.swing.AbstractButton$Handler.actionPerformed(AbstractButton.java:2348), javax.swing.DefaultButtonModel.fireActionPerformed(DefaultButtonModel.java:402), javax.swing.DefaultButtonModel.setPressed(DefaultButtonModel.java:259), javax.swing.AbstractButton.doClick(AbstractButton.java:376), javax.swing.plaf.basic.BasicMenuItemUI.doClick(BasicMenuItemUI.java:833), javax.swing.plaf.basic.BasicMenuItemUI$Handler.mouseReleased(BasicMenuItemUI.java:877), java.awt.AWTEventMulticaster.mouseReleased(AWTEventMulticaster.java:289), java.awt.Component.processMouseEvent(Component.java:6533), javax.swing.JComponent.processMouseEvent(JComponent.java:3324), java.awt.Component.processEvent(Component.java:6298), java.awt.Container.processEvent(Container.java:2236), java.awt.Component.dispatchEventImpl(Component.java:4889), java.awt.Container.dispatchEventImpl(Container.java:2294), java.awt.Component.dispatchEvent(Component.java:4711), java.awt.LightweightDispatcher.retargetMouseEvent(Container.java:4888), java.awt.LightweightDispatcher.processMouseEvent(Container.java:4525), java.awt.LightweightDispatcher.dispatchEvent(Container.java:4466), java.awt.Container.dispatchEventImpl(Container.java:2280), java.awt.Window.dispatchEventImpl(Window.java:2746), java.awt.Component.dispatchEvent(Component.java:4711), java.awt.EventQueue.dispatchEventImpl(EventQueue.java:758), java.awt.EventQueue.access$500(EventQueue.java:97), java.awt.EventQueue$3.run(EventQueue.java:709), java.awt.EventQueue$3.run(EventQueue.java:703), java.security.AccessController.doPrivileged(Native Method), java.security.ProtectionDomain$JavaSecurityAccessImpl.doIntersectionPrivilege(ProtectionDomain.java:76), java.security.ProtectionDomain$JavaSecurityAccessImpl.doIntersectionPrivilege(ProtectionDomain.java:86), java.awt.EventQueue$4.run(EventQueue.java:731), java.awt.EventQueue$4.run(EventQueue.java:729), java.security.AccessController.doPrivileged(Native Method), java.security.ProtectionDomain$JavaSecurityAccessImpl.doIntersectionPrivilege(ProtectionDomain.java:76), java.awt.EventQueue.dispatchEvent(EventQueue.java:728), java.awt.EventDispatchThread.pumpOneEventForFilters(EventDispatchThread.java:201), java.awt.EventDispatchThread.pumpEventsForFilter(EventDispatchThread.java:116), java.awt.EventDispatchThread.pumpEventsForHierarchy(EventDispatchThread.java:105), java.awt.EventDispatchThread.pumpEvents(EventDispatchThread.java:101), java.awt.EventDispatchThread.pumpEvents(EventDispatchThread.java:93), java.awt.EventDispatchThread.run(EventDispatchThread.java:82)] at {ru.apertum.qsystem.client.forms.FAdmin.lambda$saveConfiguration$20(FAdmin.java:1709)}
2017-09-12 12:50:46,296 [ERROR] Error! Ошибка выполнения операции изменения данных в БД(JDBC). Возможно введенные вами параметры не могут быть сохранены.
[could not execute statement]
(org.hibernate.exception.DataException: could not execute statement)
SQL:  at {ru.apertum.qsystem.common.exceptions.ServerException.<init>(ServerException.java:32)}
ru.apertum.qsystem.common.exceptions.ClientException: Ошибка выполнения операции изменения данных в БД(JDBC). Возможно введенные вами параметры не могут быть сохранены.
[could not execute statement]
(org.hibernate.exception.DataException: could not execute statement)
SQL: 
	at ru.apertum.qsystem.client.forms.FAdmin.saveConfiguration(FAdmin.java:1721)
	at sun.reflect.NativeMethodAccessorImpl.invoke0(Native Method)
	at sun.reflect.NativeMethodAccessorImpl.invoke(NativeMethodAccessorImpl.java:62)
	at sun.reflect.DelegatingMethodAccessorImpl.invoke(DelegatingMethodAccessorImpl.java:43)
	at java.lang.reflect.Method.invoke(Method.java:498)
	at org.jdesktop.application.ApplicationAction.noProxyActionPerformed(ApplicationAction.java:662)
	at org.jdesktop.application.ApplicationAction.actionPerformed(ApplicationAction.java:698)
	at javax.swing.AbstractButton.fireActionPerformed(AbstractButton.java:2022)
	at javax.swing.AbstractButton$Handler.actionPerformed(AbstractButton.java:2348)
	at javax.swing.DefaultButtonModel.fireActionPerformed(DefaultButtonModel.java:402)
	at javax.swing.DefaultButtonModel.setPressed(DefaultButtonModel.java:259)
	at javax.swing.AbstractButton.doClick(AbstractButton.java:376)
	at javax.swing.plaf.basic.BasicMenuItemUI.doClick(BasicMenuItemUI.java:833)
	at javax.swing.plaf.basic.BasicMenuItemUI$Handler.mouseReleased(BasicMenuItemUI.java:877)
	at java.awt.AWTEventMulticaster.mouseReleased(AWTEventMulticaster.java:289)
	at java.awt.Component.processMouseEvent(Component.java:6533)
	at javax.swing.JComponent.processMouseEvent(JComponent.java:3324)
	at java.awt.Component.processEvent(Component.java:6298)
	at java.awt.Container.processEvent(Container.java:2236)
	at java.awt.Component.dispatchEventImpl(Component.java:4889)
	at java.awt.Container.dispatchEventImpl(Container.java:2294)
	at java.awt.Component.dispatchEvent(Component.java:4711)
	at java.awt.LightweightDispatcher.retargetMouseEvent(Container.java:4888)
	at java.awt.LightweightDispatcher.processMouseEvent(Container.java:4525)
	at java.awt.LightweightDispatcher.dispatchEvent(Container.java:4466)
	at java.awt.Container.dispatchEventImpl(Container.java:2280)
	at java.awt.Window.dispatchEventImpl(Window.java:2746)
	at java.awt.Component.dispatchEvent(Component.java:4711)
	at java.awt.EventQueue.dispatchEventImpl(EventQueue.java:758)
	at java.awt.EventQueue.access$500(EventQueue.java:97)
	at java.awt.EventQueue$3.run(EventQueue.java:709)
	at java.awt.EventQueue$3.run(EventQueue.java:703)
	at java.security.AccessController.doPrivileged(Native Method)
	at java.security.ProtectionDomain$JavaSecurityAccessImpl.doIntersectionPrivilege(ProtectionDomain.java:76)
	at java.security.ProtectionDomain$JavaSecurityAccessImpl.doIntersectionPrivilege(ProtectionDomain.java:86)
	at java.awt.EventQueue$4.run(EventQueue.java:731)
	at java.awt.EventQueue$4.run(EventQueue.java:729)
	at java.security.AccessController.doPrivileged(Native Method)
	at java.security.ProtectionDomain$JavaSecurityAccessImpl.doIntersectionPrivilege(ProtectionDomain.java:76)
	at java.awt.EventQueue.dispatchEvent(EventQueue.java:728)
	at java.awt.EventDispatchThread.pumpOneEventForFilters(EventDispatchThread.java:201)
	at java.awt.EventDispatchThread.pumpEventsForFilter(EventDispatchThread.java:116)
	at java.awt.EventDispatchThread.pumpEventsForHierarchy(EventDispatchThread.java:105)
	at java.awt.EventDispatchThread.pumpEvents(EventDispatchThread.java:101)
	at java.awt.EventDispatchThread.pumpEvents(EventDispatchThread.java:93)
	at java.awt.EventDispatchThread.run(EventDispatchThread.java:82)
2017-09-12 12:51:05,652 [ INFO] Properties are ready. at {ru.apertum.qsystem.common.QConfig.prepareCLI(QConfig.java:305)}
2017-09-12 12:51:05,656 [ INFO] "QSystem 17.1"!  date: 20.05.2017 at {ru.apertum.qsystem.common.QLog.initial(QLog.java:180)}
2017-09-12 12:51:05,657 [ INFO] START LOGER. Logger: admin.file.info.trace at {ru.apertum.qsystem.common.QLog.initial(QLog.java:181)}
2017-09-12 12:51:05,657 [ INFO] Mode: KEY_DEBUG at {ru.apertum.qsystem.common.QLog.initial(QLog.java:186)}
2017-09-12 12:51:05,657 [ INFO] Plugins: YES at {ru.apertum.qsystem.common.QLog.initial(QLog.java:187)}
2017-09-12 12:51:05,659 [ INFO] Languages are loading... at {ru.apertum.qsystem.client.Locales.<init>(Locales.java:79)}
2017-09-12 12:51:05,666 [DEBUG]    Langusge: Az?rbaycan az_AZ at {ru.apertum.qsystem.client.Locales.<init>(Locales.java:119)}
2017-09-12 12:51:05,669 [DEBUG]    Langusge: English en_US at {ru.apertum.qsystem.client.Locales.<init>(Locales.java:119)}
2017-09-12 12:51:05,670 [DEBUG]    Langusge: Espanol es_ES at {ru.apertum.qsystem.client.Locales.<init>(Locales.java:119)}
2017-09-12 12:51:05,672 [DEBUG]    Langusge: Fran?ais fr_FR at {ru.apertum.qsystem.client.Locales.<init>(Locales.java:119)}
2017-09-12 12:51:05,673 [DEBUG]    Langusge: Italiano it_IT at {ru.apertum.qsystem.client.Locales.<init>(Locales.java:119)}
2017-09-12 12:51:05,674 [DEBUG]    Langusge: Portugu?s pt_PT at {ru.apertum.qsystem.client.Locales.<init>(Locales.java:119)}
2017-09-12 12:51:05,676 [DEBUG]    Langusge: Roman ro_RO at {ru.apertum.qsystem.client.Locales.<init>(Locales.java:119)}
2017-09-12 12:51:05,677 [DEBUG]    Langusge: Русский ru_RU at {ru.apertum.qsystem.client.Locales.<init>(Locales.java:119)}
2017-09-12 12:51:05,679 [DEBUG]    Langusge: Українська uk_UA at {ru.apertum.qsystem.client.Locales.<init>(Locales.java:119)}
2017-09-12 12:51:06,412 [ INFO] DB server '+ driver=com.mysql.jdbc.Driver' url=jdbc:mysql://127.0.0.1/qsystem?autoReconnect=true&amp;characterEncoding=UTF-8 at {ru.apertum.qsystem.hibernate.AnnotationSessionFactoryBean.load(AnnotationSessionFactoryBean.java:183)}
2017-09-12 12:51:07,920 [ INFO] DB is OK. at {ru.apertum.qsystem.client.forms.FAdmin.main(FAdmin.java:1212)}
2017-09-12 12:51:07,926 [ INFO] Загрузка плагинов из папки plugins. at {ru.apertum.qsystem.common.Uses.loadPlugins(Uses.java:788)}
2017-09-12 12:51:07,928 [DEBUG] Плагин Journal.jar at {ru.apertum.qsystem.common.Uses.loadPlugins(Uses.java:795)}
2017-09-12 12:51:07,928 [DEBUG] Плагин Microsound.jar at {ru.apertum.qsystem.common.Uses.loadPlugins(Uses.java:795)}
2017-09-12 12:51:08,492 [ INFO] Создали список. at {ru.apertum.qsystem.server.model.ATListModel.createList(ATListModel.java:45)}
2017-09-12 12:51:08,499 [ INFO] Вход в систему. at {ru.apertum.qsystem.client.forms.FLogin.logining(FLogin.java:313)}
2017-09-12 12:51:11,452 [ INFO] Вход в систему выполнен. Пользователь "Администратор", уровень доступа "3". at {ru.apertum.qsystem.client.forms.FLogin.logining(FLogin.java:335)}
2017-09-12 12:51:11,998 [ INFO] Создали дерево. at {ru.apertum.qsystem.server.model.ATreeModel.createTree(ATreeModel.java:54)}
2017-09-12 12:51:12,011 [ INFO] Создали список. at {ru.apertum.qsystem.server.model.ATListModel.createList(ATListModel.java:45)}
2017-09-12 12:51:12,057 [ INFO] Создали дерево. at {ru.apertum.qsystem.server.model.ATreeModel.createTree(ATreeModel.java:54)}
2017-09-12 12:51:12,069 [ INFO] Создали дерево. at {ru.apertum.qsystem.server.model.ATreeModel.createTree(ATreeModel.java:54)}
2017-09-12 12:51:12,076 [ INFO] Создали список. at {ru.apertum.qsystem.server.model.ATListModel.createList(ATListModel.java:45)}
2017-09-12 12:51:12,081 [ INFO] Создали список. at {ru.apertum.qsystem.server.model.ATListModel.createList(ATListModel.java:45)}
2017-09-12 12:51:12,088 [ INFO] Создали список. at {ru.apertum.qsystem.server.model.ATListModel.createList(ATListModel.java:45)}
2017-09-12 12:51:12,132 [ INFO] Создали список. at {ru.apertum.qsystem.server.model.ATListModel.createList(ATListModel.java:45)}
2017-09-12 12:51:12,181 [DEBUG] Создаем модель для календаря at {ru.apertum.qsystem.server.model.calendar.CalendarTableModel.<init>(CalendarTableModel.java:44)}
2017-09-12 12:51:18,246 [ INFO] Editing of user "Администратор" at {ru.apertum.qsystem.client.forms.FUserChangeDialog.changeUser(FUserChangeDialog.java:74)}
2017-09-12 12:51:24,072 [DEBUG] Добавляем пользователя "111" at {ru.apertum.qsystem.client.forms.FAdmin.addUser(FAdmin.java:1333)}
2017-09-12 12:51:25,436 [ INFO] Editing of user "111" at {ru.apertum.qsystem.client.forms.FUserChangeDialog.changeUser(FUserChangeDialog.java:74)}
2017-09-12 12:51:34,240 [DEBUG] Пользователю "111" назначили услугу "Консультация. Сотовая связь". at {ru.apertum.qsystem.client.forms.FAdmin.lambda$addServiceToUser$21(FAdmin.java:1742)}
2017-09-12 12:51:34,242 [DEBUG] Пользователю "111" назначили услугу "Оформить обращение по качеству обслуживания". at {ru.apertum.qsystem.client.forms.FAdmin.lambda$addServiceToUser$21(FAdmin.java:1742)}
2017-09-12 12:51:34,243 [DEBUG] Пользователю "111" назначили услугу "Сдать оборудование в ремонт (на тестирование)". at {ru.apertum.qsystem.client.forms.FAdmin.lambda$addServiceToUser$21(FAdmin.java:1742)}
2017-09-12 12:51:34,244 [DEBUG] Пользователю "111" назначили услугу "Получить оборудование из ремонта". at {ru.apertum.qsystem.client.forms.FAdmin.lambda$addServiceToUser$21(FAdmin.java:1742)}
2017-09-12 12:51:36,384 [ERROR] Ошибка при сохранении 
org.hibernate.exception.DataException: could not execute statement
[org.hibernate.exception.internal.SQLExceptionTypeDelegate.convert(SQLExceptionTypeDelegate.java:69), org.hibernate.exception.internal.StandardSQLExceptionConverter.convert(StandardSQLExceptionConverter.java:49), org.hibernate.engine.jdbc.spi.SqlExceptionHelper.convert(SqlExceptionHelper.java:126), org.hibernate.engine.jdbc.spi.SqlExceptionHelper.convert(SqlExceptionHelper.java:112), org.hibernate.engine.jdbc.internal.ResultSetReturnImpl.executeUpdate(ResultSetReturnImpl.java:211), org.hibernate.id.IdentityGenerator$GetGeneratedKeysDelegate.executeAndExtract(IdentityGenerator.java:96), org.hibernate.id.insert.AbstractReturningDelegate.performInsert(AbstractReturningDelegate.java:58), org.hibernate.persister.entity.AbstractEntityPersister.insert(AbstractEntityPersister.java:3032), org.hibernate.persister.entity.AbstractEntityPersister.insert(AbstractEntityPersister.java:3558), org.hibernate.action.internal.EntityIdentityInsertAction.execute(EntityIdentityInsertAction.java:98), org.hibernate.engine.spi.ActionQueue.execute(ActionQueue.java:490), org.hibernate.engine.spi.ActionQueue.addResolvedEntityInsertAction(ActionQueue.java:195), org.hibernate.engine.spi.ActionQueue.addInsertAction(ActionQueue.java:179), org.hibernate.engine.spi.ActionQueue.addAction(ActionQueue.java:214), org.hibernate.event.internal.AbstractSaveEventListener.addInsertAction(AbstractSaveEventListener.java:324), org.hibernate.event.internal.AbstractSaveEventListener.performSaveOrReplicate(AbstractSaveEventListener.java:288), org.hibernate.event.internal.AbstractSaveEventListener.performSave(AbstractSaveEventListener.java:194), org.hibernate.event.internal.AbstractSaveEventListener.saveWithGeneratedId(AbstractSaveEventListener.java:125), org.hibernate.event.internal.DefaultSaveOrUpdateEventListener.saveWithGeneratedOrRequestedId(DefaultSaveOrUpdateEventListener.java:209), org.hibernate.event.internal.DefaultSaveOrUpdateEventListener.entityIsTransient(DefaultSaveOrUpdateEventListener.java:194), org.hibernate.event.internal.DefaultSaveOrUpdateEventListener.performSaveOrUpdate(DefaultSaveOrUpdateEventListener.java:114), org.hibernate.event.internal.DefaultSaveOrUpdateEventListener.onSaveOrUpdate(DefaultSaveOrUpdateEventListener.java:90), org.hibernate.internal.SessionImpl.fireSaveOrUpdate(SessionImpl.java:684), org.hibernate.internal.SessionImpl.saveOrUpdate(SessionImpl.java:676), org.hibernate.internal.SessionImpl.saveOrUpdate(SessionImpl.java:671), ru.apertum.qsystem.server.Spring.lambda$saveOrUpdateAll$1(Spring.java:131), java.util.LinkedList$LLSpliterator.forEachRemaining(LinkedList.java:1235), java.util.stream.ReferencePipeline$Head.forEach(ReferencePipeline.java:580), ru.apertum.qsystem.server.Spring.saveOrUpdateAll(Spring.java:130), ru.apertum.qsystem.server.model.QUserList.save(QUserList.java:75), ru.apertum.qsystem.client.forms.FAdmin.lambda$saveConfiguration$20(FAdmin.java:1700), org.springframework.transaction.support.TransactionTemplate.execute(TransactionTemplate.java:133), ru.apertum.qsystem.client.forms.FAdmin.saveConfiguration(FAdmin.java:1675), sun.reflect.NativeMethodAccessorImpl.invoke0(Native Method), sun.reflect.NativeMethodAccessorImpl.invoke(NativeMethodAccessorImpl.java:62), sun.reflect.DelegatingMethodAccessorImpl.invoke(DelegatingMethodAccessorImpl.java:43), java.lang.reflect.Method.invoke(Method.java:498), org.jdesktop.application.ApplicationAction.noProxyActionPerformed(ApplicationAction.java:662), org.jdesktop.application.ApplicationAction.actionPerformed(ApplicationAction.java:698), javax.swing.AbstractButton.fireActionPerformed(AbstractButton.java:2022), javax.swing.AbstractButton$Handler.actionPerformed(AbstractButton.java:2348), javax.swing.DefaultButtonModel.fireActionPerformed(DefaultButtonModel.java:402), javax.swing.DefaultButtonModel.setPressed(DefaultButtonModel.java:259), javax.swing.AbstractButton.doClick(AbstractButton.java:376), javax.swing.plaf.basic.BasicMenuItemUI.doClick(BasicMenuItemUI.java:833), javax.swing.plaf.basic.BasicMenuItemUI$Handler.mouseReleased(BasicMenuItemUI.java:877), java.awt.AWTEventMulticaster.mouseReleased(AWTEventMulticaster.java:289), java.awt.Component.processMouseEvent(Component.java:6533), javax.swing.JComponent.processMouseEvent(JComponent.java:3324), java.awt.Component.processEvent(Component.java:6298), java.awt.Container.processEvent(Container.java:2236), java.awt.Component.dispatchEventImpl(Component.java:4889), java.awt.Container.dispatchEventImpl(Container.java:2294), java.awt.Component.dispatchEvent(Component.java:4711), java.awt.LightweightDispatcher.retargetMouseEvent(Container.java:4888), java.awt.LightweightDispatcher.processMouseEvent(Container.java:4525), java.awt.LightweightDispatcher.dispatchEvent(Container.java:4466), java.awt.Container.dispatchEventImpl(Container.java:2280), java.awt.Window.dispatchEventImpl(Window.java:2746), java.awt.Component.dispatchEvent(Component.java:4711), java.awt.EventQueue.dispatchEventImpl(EventQueue.java:758), java.awt.EventQueue.access$500(EventQueue.java:97), java.awt.EventQueue$3.run(EventQueue.java:709), java.awt.EventQueue$3.run(EventQueue.java:703), java.security.AccessController.doPrivileged(Native Method), java.security.ProtectionDomain$JavaSecurityAccessImpl.doIntersectionPrivilege(ProtectionDomain.java:76), java.security.ProtectionDomain$JavaSecurityAccessImpl.doIntersectionPrivilege(ProtectionDomain.java:86), java.awt.EventQueue$4.run(EventQueue.java:731), java.awt.EventQueue$4.run(EventQueue.java:729), java.security.AccessController.doPrivileged(Native Method), java.security.ProtectionDomain$JavaSecurityAccessImpl.doIntersectionPrivilege(ProtectionDomain.java:76), java.awt.EventQueue.dispatchEvent(EventQueue.java:728), java.awt.EventDispatchThread.pumpOneEventForFilters(EventDispatchThread.java:201), java.awt.EventDispatchThread.pumpEventsForFilter(EventDispatchThread.java:116), java.awt.EventDispatchThread.pumpEventsForHierarchy(EventDispatchThread.java:105), java.awt.EventDispatchThread.pumpEvents(EventDispatchThread.java:101), java.awt.EventDispatchThread.pumpEvents(EventDispatchThread.java:93), java.awt.EventDispatchThread.run(EventDispatchThread.java:82)] at {ru.apertum.qsystem.client.forms.FAdmin.lambda$saveConfiguration$20(FAdmin.java:1709)}
2017-09-12 12:51:36,486 [ERROR] Error! Ошибка выполнения операции изменения данных в БД(JDBC). Возможно введенные вами параметры не могут быть сохранены.
[could not execute statement]
(org.hibernate.exception.DataException: could not execute statement)
SQL:  at {ru.apertum.qsystem.common.exceptions.ServerException.<init>(ServerException.java:32)}
ru.apertum.qsystem.common.exceptions.ClientException: Ошибка выполнения операции изменения данных в БД(JDBC). Возможно введенные вами параметры не могут быть сохранены.
[could not execute statement]
(org.hibernate.exception.DataException: could not execute statement)
SQL: 
	at ru.apertum.qsystem.client.forms.FAdmin.saveConfiguration(FAdmin.java:1721)
	at sun.reflect.NativeMethodAccessorImpl.invoke0(Native Method)
	at sun.reflect.NativeMethodAccessorImpl.invoke(NativeMethodAccessorImpl.java:62)
	at sun.reflect.DelegatingMethodAccessorImpl.invoke(DelegatingMethodAccessorImpl.java:43)
	at java.lang.reflect.Method.invoke(Method.java:498)
	at org.jdesktop.application.ApplicationAction.noProxyActionPerformed(ApplicationAction.java:662)
	at org.jdesktop.application.ApplicationAction.actionPerformed(ApplicationAction.java:698)
	at javax.swing.AbstractButton.fireActionPerformed(AbstractButton.java:2022)
	at javax.swing.AbstractButton$Handler.actionPerformed(AbstractButton.java:2348)
	at javax.swing.DefaultButtonModel.fireActionPerformed(DefaultButtonModel.java:402)
	at javax.swing.DefaultButtonModel.setPressed(DefaultButtonModel.java:259)
	at javax.swing.AbstractButton.doClick(AbstractButton.java:376)
	at javax.swing.plaf.basic.BasicMenuItemUI.doClick(BasicMenuItemUI.java:833)
	at javax.swing.plaf.basic.BasicMenuItemUI$Handler.mouseReleased(BasicMenuItemUI.java:877)
	at java.awt.AWTEventMulticaster.mouseReleased(AWTEventMulticaster.java:289)
	at java.awt.Component.processMouseEvent(Component.java:6533)
	at javax.swing.JComponent.processMouseEvent(JComponent.java:3324)
	at java.awt.Component.processEvent(Component.java:6298)
	at java.awt.Container.processEvent(Container.java:2236)
	at java.awt.Component.dispatchEventImpl(Component.java:4889)
	at java.awt.Container.dispatchEventImpl(Container.java:2294)
	at java.awt.Component.dispatchEvent(Component.java:4711)
	at java.awt.LightweightDispatcher.retargetMouseEvent(Container.java:4888)
	at java.awt.LightweightDispatcher.processMouseEvent(Container.java:4525)
	at java.awt.LightweightDispatcher.dispatchEvent(Container.java:4466)
	at java.awt.Container.dispatchEventImpl(Container.java:2280)
	at java.awt.Window.dispatchEventImpl(Window.java:2746)
	at java.awt.Component.dispatchEvent(Component.java:4711)
	at java.awt.EventQueue.dispatchEventImpl(EventQueue.java:758)
	at java.awt.EventQueue.access$500(EventQueue.java:97)
	at java.awt.EventQueue$3.run(EventQueue.java:709)
	at java.awt.EventQueue$3.run(EventQueue.java:703)
	at java.security.AccessController.doPrivileged(Native Method)
	at java.security.ProtectionDomain$JavaSecurityAccessImpl.doIntersectionPrivilege(ProtectionDomain.java:76)
	at java.security.ProtectionDomain$JavaSecurityAccessImpl.doIntersectionPrivilege(ProtectionDomain.java:86)
	at java.awt.EventQueue$4.run(EventQueue.java:731)
	at java.awt.EventQueue$4.run(EventQueue.java:729)
	at java.security.AccessController.doPrivileged(Native Method)
	at java.security.ProtectionDomain$JavaSecurityAccessImpl.doIntersectionPrivilege(ProtectionDomain.java:76)
	at java.awt.EventQueue.dispatchEvent(EventQueue.java:728)
	at java.awt.EventDispatchThread.pumpOneEventForFilters(EventDispatchThread.java:201)
	at java.awt.EventDispatchThread.pumpEventsForFilter(EventDispatchThread.java:116)
	at java.awt.EventDispatchThread.pumpEventsForHierarchy(EventDispatchThread.java:105)
	at java.awt.EventDispatchThread.pumpEvents(EventDispatchThread.java:101)
	at java.awt.EventDispatchThread.pumpEvents(EventDispatchThread.java:93)
	at java.awt.EventDispatchThread.run(EventDispatchThread.java:82)
2017-09-12 12:53:13,117 [ INFO] Properties are ready. at {ru.apertum.qsystem.common.QConfig.prepareCLI(QConfig.java:305)}
2017-09-12 12:53:13,122 [ INFO] "QSystem 17.1"!  date: 20.05.2017 at {ru.apertum.qsystem.common.QLog.initial(QLog.java:180)}
2017-09-12 12:53:13,122 [ INFO] START LOGER. Logger: admin.file.info.trace at {ru.apertum.qsystem.common.QLog.initial(QLog.java:181)}
2017-09-12 12:53:13,122 [ INFO] Mode: KEY_DEBUG at {ru.apertum.qsystem.common.QLog.initial(QLog.java:186)}
2017-09-12 12:53:13,122 [ INFO] Plugins: YES at {ru.apertum.qsystem.common.QLog.initial(QLog.java:187)}
2017-09-12 12:53:13,125 [ INFO] Languages are loading... at {ru.apertum.qsystem.client.Locales.<init>(Locales.java:79)}
2017-09-12 12:53:13,131 [DEBUG]    Langusge: Az?rbaycan az_AZ at {ru.apertum.qsystem.client.Locales.<init>(Locales.java:119)}
2017-09-12 12:53:13,135 [DEBUG]    Langusge: English en_US at {ru.apertum.qsystem.client.Locales.<init>(Locales.java:119)}
2017-09-12 12:53:13,138 [DEBUG]    Langusge: Espanol es_ES at {ru.apertum.qsystem.client.Locales.<init>(Locales.java:119)}
2017-09-12 12:53:13,140 [DEBUG]    Langusge: Fran?ais fr_FR at {ru.apertum.qsystem.client.Locales.<init>(Locales.java:119)}
2017-09-12 12:53:13,141 [DEBUG]    Langusge: Italiano it_IT at {ru.apertum.qsystem.client.Locales.<init>(Locales.java:119)}
2017-09-12 12:53:13,143 [DEBUG]    Langusge: Portugu?s pt_PT at {ru.apertum.qsystem.client.Locales.<init>(Locales.java:119)}
2017-09-12 12:53:13,145 [DEBUG]    Langusge: Roman ro_RO at {ru.apertum.qsystem.client.Locales.<init>(Locales.java:119)}
2017-09-12 12:53:13,146 [DEBUG]    Langusge: Русский ru_RU at {ru.apertum.qsystem.client.Locales.<init>(Locales.java:119)}
2017-09-12 12:53:13,148 [DEBUG]    Langusge: Українська uk_UA at {ru.apertum.qsystem.client.Locales.<init>(Locales.java:119)}
2017-09-12 12:53:13,932 [ INFO] DB server '+ driver=com.mysql.jdbc.Driver' url=jdbc:mysql://127.0.0.1/qsystem?autoReconnect=true&amp;characterEncoding=UTF-8 at {ru.apertum.qsystem.hibernate.AnnotationSessionFactoryBean.load(AnnotationSessionFactoryBean.java:183)}
2017-09-12 12:53:15,573 [ INFO] DB is OK. at {ru.apertum.qsystem.client.forms.FAdmin.main(FAdmin.java:1212)}
2017-09-12 12:53:15,589 [ INFO] Загрузка плагинов из папки plugins. at {ru.apertum.qsystem.common.Uses.loadPlugins(Uses.java:788)}
2017-09-12 12:53:15,591 [DEBUG] Плагин Journal.jar at {ru.apertum.qsystem.common.Uses.loadPlugins(Uses.java:795)}
2017-09-12 12:53:15,593 [DEBUG] Плагин Microsound.jar at {ru.apertum.qsystem.common.Uses.loadPlugins(Uses.java:795)}
2017-09-12 12:53:16,161 [ INFO] Создали список. at {ru.apertum.qsystem.server.model.ATListModel.createList(ATListModel.java:45)}
2017-09-12 12:53:16,169 [ INFO] Вход в систему. at {ru.apertum.qsystem.client.forms.FLogin.logining(FLogin.java:313)}
2017-09-12 12:53:18,577 [ INFO] Вход в систему выполнен. Пользователь "Администратор", уровень доступа "3". at {ru.apertum.qsystem.client.forms.FLogin.logining(FLogin.java:335)}
2017-09-12 12:53:19,052 [ INFO] Создали дерево. at {ru.apertum.qsystem.server.model.ATreeModel.createTree(ATreeModel.java:54)}
2017-09-12 12:53:19,059 [ INFO] Создали список. at {ru.apertum.qsystem.server.model.ATListModel.createList(ATListModel.java:45)}
2017-09-12 12:53:19,084 [ INFO] Создали дерево. at {ru.apertum.qsystem.server.model.ATreeModel.createTree(ATreeModel.java:54)}
2017-09-12 12:53:19,089 [ INFO] Создали дерево. at {ru.apertum.qsystem.server.model.ATreeModel.createTree(ATreeModel.java:54)}
2017-09-12 12:53:19,104 [ INFO] Создали список. at {ru.apertum.qsystem.server.model.ATListModel.createList(ATListModel.java:45)}
2017-09-12 12:53:19,110 [ INFO] Создали список. at {ru.apertum.qsystem.server.model.ATListModel.createList(ATListModel.java:45)}
2017-09-12 12:53:19,118 [ INFO] Создали список. at {ru.apertum.qsystem.server.model.ATListModel.createList(ATListModel.java:45)}
2017-09-12 12:53:19,155 [ INFO] Создали список. at {ru.apertum.qsystem.server.model.ATListModel.createList(ATListModel.java:45)}
2017-09-12 12:53:19,212 [DEBUG] Создаем модель для календаря at {ru.apertum.qsystem.server.model.calendar.CalendarTableModel.<init>(CalendarTableModel.java:44)}
2017-09-12 12:53:22,242 [ INFO] Запрос о состоянии на сервер. at {ru.apertum.qsystem.client.forms.FAdmin.checkServer(FAdmin.java:985)}
2017-09-12 12:53:22,260 [ INFO] Получение описания состояния сервера. at {ru.apertum.qsystem.common.NetCommander.getServerState(NetCommander.java:873)}
2017-09-12 12:53:22,280 [TRACE] Task "Получить состояние сервера" on 127.0.0.1:3128#
{"jsonrpc":"2.0","id":"1505210002260","method":"Получить состояние сервера"} at {ru.apertum.qsystem.common.NetCommander.sendRpc(NetCommander.java:131)}
2017-09-12 12:53:22,282 [TRACE] Socket was created. at {ru.apertum.qsystem.common.NetCommander.sendRpc(NetCommander.java:139)}
2017-09-12 12:53:22,283 [TRACE] Sending... at {ru.apertum.qsystem.common.NetCommander.sendRpc(NetCommander.java:145)}
2017-09-12 12:53:22,284 [TRACE] Reading... at {ru.apertum.qsystem.common.NetCommander.sendRpc(NetCommander.java:147)}
2017-09-12 12:53:22,292 [TRACE] Response:
{"result":[{"service_name":"Консультация. Сотовая связь","waiting":0,"first":"-","id":1504684639861,"wait_max":0},{"service_name":"Оформить обращение по качеству обслуживания","waiting":0,"first":"-","id":1504684653226,"wait_max":0},{"service_name":"Сдать оборудование в ремонт (на тестирование)","waiting":0,"first":"-","id":1504684674193,"wait_max":0},{"service_name":"Получить оборудование из ремонта","waiting":0,"first":"-","id":1504684881341,"wait_max":0}],"jsonrpc":"2.0","id":"1505210002288"}
 at {ru.apertum.qsystem.common.NetCommander.sendRpc(NetCommander.java:159)}
2017-09-12 12:53:22,302 [ INFO] Команда на обновление пула отложенных. at {ru.apertum.qsystem.common.NetCommander.getPostponedPoolInfo(NetCommander.java:1429)}
2017-09-12 12:53:22,303 [TRACE] Task "Получить состояние пула отложенных" on 127.0.0.1:3128#
{"jsonrpc":"2.0","id":"1505210002260","method":"Получить состояние пула отложенных"} at {ru.apertum.qsystem.common.NetCommander.sendRpc(NetCommander.java:131)}
2017-09-12 12:53:22,303 [TRACE] Socket was created. at {ru.apertum.qsystem.common.NetCommander.sendRpc(NetCommander.java:139)}
2017-09-12 12:53:22,304 [TRACE] Sending... at {ru.apertum.qsystem.common.NetCommander.sendRpc(NetCommander.java:145)}
2017-09-12 12:53:22,304 [TRACE] Reading... at {ru.apertum.qsystem.common.NetCommander.sendRpc(NetCommander.java:147)}
2017-09-12 12:53:22,309 [TRACE] Response:
{"result":[],"jsonrpc":"2.0","id":"1505210002307"}
 at {ru.apertum.qsystem.common.NetCommander.sendRpc(NetCommander.java:159)}
2017-09-12 12:53:26,084 [DEBUG] Пользователю "123" назначили услугу "Консультация. Сотовая связь". at {ru.apertum.qsystem.client.forms.FAdmin.lambda$addServiceToUser$21(FAdmin.java:1742)}
2017-09-12 12:53:26,086 [DEBUG] Пользователю "123" назначили услугу "Оформить обращение по качеству обслуживания". at {ru.apertum.qsystem.client.forms.FAdmin.lambda$addServiceToUser$21(FAdmin.java:1742)}
2017-09-12 12:53:26,087 [DEBUG] Пользователю "123" назначили услугу "Сдать оборудование в ремонт (на тестирование)". at {ru.apertum.qsystem.client.forms.FAdmin.lambda$addServiceToUser$21(FAdmin.java:1742)}
2017-09-12 12:53:26,088 [DEBUG] Пользователю "123" назначили услугу "Получить оборудование из ремонта". at {ru.apertum.qsystem.client.forms.FAdmin.lambda$addServiceToUser$21(FAdmin.java:1742)}
2017-09-12 12:53:28,002 [DEBUG] Сохранили конфигурацию. at {ru.apertum.qsystem.client.forms.FAdmin.lambda$saveConfiguration$20(FAdmin.java:1707)}
2017-09-12 12:53:59,212 [DEBUG] Сохранили конфигурацию. at {ru.apertum.qsystem.client.forms.FAdmin.lambda$saveConfiguration$20(FAdmin.java:1707)}
2017-09-12 12:54:01,565 [ INFO] Запрос о состоянии на сервер. at {ru.apertum.qsystem.client.forms.FAdmin.checkServer(FAdmin.java:985)}
2017-09-12 12:54:01,566 [ INFO] Получение описания состояния сервера. at {ru.apertum.qsystem.common.NetCommander.getServerState(NetCommander.java:873)}
2017-09-12 12:54:01,567 [TRACE] Task "Получить состояние сервера" on 127.0.0.1:3128#
{"jsonrpc":"2.0","id":"1505210002260","method":"Получить состояние сервера"} at {ru.apertum.qsystem.common.NetCommander.sendRpc(NetCommander.java:131)}
2017-09-12 12:54:01,569 [TRACE] Socket was created. at {ru.apertum.qsystem.common.NetCommander.sendRpc(NetCommander.java:139)}
2017-09-12 12:54:01,570 [TRACE] Sending... at {ru.apertum.qsystem.common.NetCommander.sendRpc(NetCommander.java:145)}
2017-09-12 12:54:01,570 [TRACE] Reading... at {ru.apertum.qsystem.common.NetCommander.sendRpc(NetCommander.java:147)}
2017-09-12 12:54:01,675 [TRACE] Response:
{"result":[{"service_name":"Консультация. Сотовая связь","waiting":0,"first":"-","id":1504684639861,"wait_max":0},{"service_name":"Оформить обращение по качеству обслуживания","waiting":0,"first":"-","id":1504684653226,"wait_max":0},{"service_name":"Сдать оборудование в ремонт (на тестирование)","waiting":0,"first":"-","id":1504684674193,"wait_max":0},{"service_name":"Получить оборудование из ремонта","waiting":0,"first":"-","id":1504684881341,"wait_max":0}],"jsonrpc":"2.0","id":"1505210041673"}
 at {ru.apertum.qsystem.common.NetCommander.sendRpc(NetCommander.java:159)}
2017-09-12 12:54:01,678 [ INFO] Команда на обновление пула отложенных. at {ru.apertum.qsystem.common.NetCommander.getPostponedPoolInfo(NetCommander.java:1429)}
2017-09-12 12:54:01,678 [TRACE] Task "Получить состояние пула отложенных" on 127.0.0.1:3128#
{"jsonrpc":"2.0","id":"1505210002260","method":"Получить состояние пула отложенных"} at {ru.apertum.qsystem.common.NetCommander.sendRpc(NetCommander.java:131)}
2017-09-12 12:54:01,679 [TRACE] Socket was created. at {ru.apertum.qsystem.common.NetCommander.sendRpc(NetCommander.java:139)}
2017-09-12 12:54:01,679 [TRACE] Sending... at {ru.apertum.qsystem.common.NetCommander.sendRpc(NetCommander.java:145)}
2017-09-12 12:54:01,679 [TRACE] Reading... at {ru.apertum.qsystem.common.NetCommander.sendRpc(NetCommander.java:147)}
2017-09-12 12:54:01,684 [TRACE] Response:
{"result":[],"jsonrpc":"2.0","id":"1505210041683"}
 at {ru.apertum.qsystem.common.NetCommander.sendRpc(NetCommander.java:159)}
2017-09-12 12:54:03,916 [ INFO] Команда на рестарт сервера. at {ru.apertum.qsystem.common.NetCommander.restartServer(NetCommander.java:1208)}
2017-09-12 12:54:03,918 [TRACE] Task "RESTART" on 127.0.0.1:3128#
{"jsonrpc":"2.0","id":"1505210002260","method":"RESTART"} at {ru.apertum.qsystem.common.NetCommander.sendRpc(NetCommander.java:131)}
2017-09-12 12:54:03,919 [TRACE] Socket was created. at {ru.apertum.qsystem.common.NetCommander.sendRpc(NetCommander.java:139)}
2017-09-12 12:54:03,921 [TRACE] Sending... at {ru.apertum.qsystem.common.NetCommander.sendRpc(NetCommander.java:145)}
2017-09-12 12:54:03,922 [TRACE] Reading... at {ru.apertum.qsystem.common.NetCommander.sendRpc(NetCommander.java:147)}
2017-09-12 12:54:04,205 [TRACE] Response:
{"result":1,"jsonrpc":"2.0","id":"1505210044203"}
 at {ru.apertum.qsystem.common.NetCommander.sendRpc(NetCommander.java:159)}
2017-09-12 12:54:09,125 [ INFO] Запрос о состоянии на сервер. at {ru.apertum.qsystem.client.forms.FAdmin.checkServer(FAdmin.java:985)}
2017-09-12 12:54:09,125 [ INFO] Получение описания состояния сервера. at {ru.apertum.qsystem.common.NetCommander.getServerState(NetCommander.java:873)}
2017-09-12 12:54:09,127 [TRACE] Task "Получить состояние сервера" on 127.0.0.1:3128#
{"jsonrpc":"2.0","id":"1505210002260","method":"Получить состояние сервера"} at {ru.apertum.qsystem.common.NetCommander.sendRpc(NetCommander.java:131)}
2017-09-12 12:54:09,128 [TRACE] Socket was created. at {ru.apertum.qsystem.common.NetCommander.sendRpc(NetCommander.java:139)}
2017-09-12 12:54:09,129 [TRACE] Sending... at {ru.apertum.qsystem.common.NetCommander.sendRpc(NetCommander.java:145)}
2017-09-12 12:54:09,130 [TRACE] Reading... at {ru.apertum.qsystem.common.NetCommander.sendRpc(NetCommander.java:147)}
2017-09-12 12:54:09,140 [TRACE] Response:
{"result":[{"service_name":"Консультация. Сотовая связь","waiting":0,"first":"-","id":1504684639861,"wait_max":0},{"service_name":"Оформить обращение по качеству обслуживания","waiting":0,"first":"-","id":1504684653226,"wait_max":0},{"service_name":"Сдать оборудование в ремонт (на тестирование)","waiting":0,"first":"-","id":1504684674193,"wait_max":0},{"service_name":"Получить оборудование из ремонта","waiting":0,"first":"-","id":1504684881341,"wait_max":0}],"jsonrpc":"2.0","id":"1505210049136"}
 at {ru.apertum.qsystem.common.NetCommander.sendRpc(NetCommander.java:159)}
2017-09-12 12:54:09,142 [ INFO] Команда на обновление пула отложенных. at {ru.apertum.qsystem.common.NetCommander.getPostponedPoolInfo(NetCommander.java:1429)}
2017-09-12 12:54:09,142 [TRACE] Task "Получить состояние пула отложенных" on 127.0.0.1:3128#
{"jsonrpc":"2.0","id":"1505210002260","method":"Получить состояние пула отложенных"} at {ru.apertum.qsystem.common.NetCommander.sendRpc(NetCommander.java:131)}
2017-09-12 12:54:09,144 [TRACE] Socket was created. at {ru.apertum.qsystem.common.NetCommander.sendRpc(NetCommander.java:139)}
2017-09-12 12:54:09,148 [TRACE] Sending... at {ru.apertum.qsystem.common.NetCommander.sendRpc(NetCommander.java:145)}
2017-09-12 12:54:09,149 [TRACE] Reading... at {ru.apertum.qsystem.common.NetCommander.sendRpc(NetCommander.java:147)}
2017-09-12 12:54:09,152 [TRACE] Response:
{"result":[],"jsonrpc":"2.0","id":"1505210049152"}
 at {ru.apertum.qsystem.common.NetCommander.sendRpc(NetCommander.java:159)}
2017-09-12 12:56:59,813 [ INFO] Properties are ready. at {ru.apertum.qsystem.common.QConfig.prepareCLI(QConfig.java:305)}
2017-09-12 12:56:59,817 [ INFO] "QSystem 17.1"!  date: 20.05.2017 at {ru.apertum.qsystem.common.QLog.initial(QLog.java:180)}
2017-09-12 12:56:59,817 [ INFO] START LOGER. Logger: admin.file.info.trace at {ru.apertum.qsystem.common.QLog.initial(QLog.java:181)}
2017-09-12 12:56:59,817 [ INFO] Mode: KEY_DEBUG at {ru.apertum.qsystem.common.QLog.initial(QLog.java:186)}
2017-09-12 12:56:59,818 [ INFO] Plugins: YES at {ru.apertum.qsystem.common.QLog.initial(QLog.java:187)}
2017-09-12 12:56:59,820 [ INFO] Languages are loading... at {ru.apertum.qsystem.client.Locales.<init>(Locales.java:79)}
2017-09-12 12:56:59,828 [DEBUG]    Langusge: Az?rbaycan az_AZ at {ru.apertum.qsystem.client.Locales.<init>(Locales.java:119)}
2017-09-12 12:56:59,831 [DEBUG]    Langusge: English en_US at {ru.apertum.qsystem.client.Locales.<init>(Locales.java:119)}
2017-09-12 12:56:59,833 [DEBUG]    Langusge: Espanol es_ES at {ru.apertum.qsystem.client.Locales.<init>(Locales.java:119)}
2017-09-12 12:56:59,834 [DEBUG]    Langusge: Fran?ais fr_FR at {ru.apertum.qsystem.client.Locales.<init>(Locales.java:119)}
2017-09-12 12:56:59,838 [DEBUG]    Langusge: Italiano it_IT at {ru.apertum.qsystem.client.Locales.<init>(Locales.java:119)}
2017-09-12 12:56:59,840 [DEBUG]    Langusge: Portugu?s pt_PT at {ru.apertum.qsystem.client.Locales.<init>(Locales.java:119)}
2017-09-12 12:56:59,842 [DEBUG]    Langusge: Roman ro_RO at {ru.apertum.qsystem.client.Locales.<init>(Locales.java:119)}
2017-09-12 12:56:59,843 [DEBUG]    Langusge: Русский ru_RU at {ru.apertum.qsystem.client.Locales.<init>(Locales.java:119)}
2017-09-12 12:56:59,845 [DEBUG]    Langusge: Українська uk_UA at {ru.apertum.qsystem.client.Locales.<init>(Locales.java:119)}
2017-09-12 12:57:00,587 [ INFO] DB server '+ driver=com.mysql.jdbc.Driver' url=jdbc:mysql://127.0.0.1/qsystem?autoReconnect=true&amp;characterEncoding=UTF-8 at {ru.apertum.qsystem.hibernate.AnnotationSessionFactoryBean.load(AnnotationSessionFactoryBean.java:183)}
2017-09-12 12:57:02,192 [ INFO] DB is OK. at {ru.apertum.qsystem.client.forms.FAdmin.main(FAdmin.java:1212)}
2017-09-12 12:57:02,202 [ INFO] Загрузка плагинов из папки plugins. at {ru.apertum.qsystem.common.Uses.loadPlugins(Uses.java:788)}
2017-09-12 12:57:02,205 [DEBUG] Плагин Journal.jar at {ru.apertum.qsystem.common.Uses.loadPlugins(Uses.java:795)}
2017-09-12 12:57:02,206 [DEBUG] Плагин Microsound.jar at {ru.apertum.qsystem.common.Uses.loadPlugins(Uses.java:795)}
2017-09-12 12:57:02,835 [ INFO] Создали список. at {ru.apertum.qsystem.server.model.ATListModel.createList(ATListModel.java:45)}
2017-09-12 12:57:02,843 [ INFO] Вход в систему. at {ru.apertum.qsystem.client.forms.FLogin.logining(FLogin.java:313)}
2017-09-12 12:57:05,905 [ INFO] Вход в систему выполнен. Пользователь "Администратор", уровень доступа "3". at {ru.apertum.qsystem.client.forms.FLogin.logining(FLogin.java:335)}
2017-09-12 12:57:06,419 [ INFO] Создали дерево. at {ru.apertum.qsystem.server.model.ATreeModel.createTree(ATreeModel.java:54)}
2017-09-12 12:57:06,428 [ INFO] Создали список. at {ru.apertum.qsystem.server.model.ATListModel.createList(ATListModel.java:45)}
2017-09-12 12:57:06,488 [ INFO] Создали дерево. at {ru.apertum.qsystem.server.model.ATreeModel.createTree(ATreeModel.java:54)}
2017-09-12 12:57:06,495 [ INFO] Создали дерево. at {ru.apertum.qsystem.server.model.ATreeModel.createTree(ATreeModel.java:54)}
2017-09-12 12:57:06,502 [ INFO] Создали список. at {ru.apertum.qsystem.server.model.ATListModel.createList(ATListModel.java:45)}
2017-09-12 12:57:06,509 [ INFO] Создали список. at {ru.apertum.qsystem.server.model.ATListModel.createList(ATListModel.java:45)}
2017-09-12 12:57:06,515 [ INFO] Создали список. at {ru.apertum.qsystem.server.model.ATListModel.createList(ATListModel.java:45)}
2017-09-12 12:57:06,573 [ INFO] Создали список. at {ru.apertum.qsystem.server.model.ATListModel.createList(ATListModel.java:45)}
2017-09-12 12:57:06,624 [DEBUG] Создаем модель для календаря at {ru.apertum.qsystem.server.model.calendar.CalendarTableModel.<init>(CalendarTableModel.java:44)}
2017-09-12 12:58:08,157 [ INFO] Properties are ready. at {ru.apertum.qsystem.common.QConfig.prepareCLI(QConfig.java:305)}
2017-09-12 12:58:08,162 [ INFO] "QSystem 17.1"!  date: 20.05.2017 at {ru.apertum.qsystem.common.QLog.initial(QLog.java:180)}
2017-09-12 12:58:08,163 [ INFO] START LOGER. Logger: admin.file.info.trace at {ru.apertum.qsystem.common.QLog.initial(QLog.java:181)}
2017-09-12 12:58:08,163 [ INFO] Mode: KEY_DEBUG at {ru.apertum.qsystem.common.QLog.initial(QLog.java:186)}
2017-09-12 12:58:08,163 [ INFO] Plugins: YES at {ru.apertum.qsystem.common.QLog.initial(QLog.java:187)}
2017-09-12 12:58:08,166 [ INFO] Languages are loading... at {ru.apertum.qsystem.client.Locales.<init>(Locales.java:79)}
2017-09-12 12:58:08,173 [DEBUG]    Langusge: Az?rbaycan az_AZ at {ru.apertum.qsystem.client.Locales.<init>(Locales.java:119)}
2017-09-12 12:58:08,176 [DEBUG]    Langusge: English en_US at {ru.apertum.qsystem.client.Locales.<init>(Locales.java:119)}
2017-09-12 12:58:08,178 [DEBUG]    Langusge: Espanol es_ES at {ru.apertum.qsystem.client.Locales.<init>(Locales.java:119)}
2017-09-12 12:58:08,179 [DEBUG]    Langusge: Fran?ais fr_FR at {ru.apertum.qsystem.client.Locales.<init>(Locales.java:119)}
2017-09-12 12:58:08,181 [DEBUG]    Langusge: Italiano it_IT at {ru.apertum.qsystem.client.Locales.<init>(Locales.java:119)}
2017-09-12 12:58:08,183 [DEBUG]    Langusge: Portugu?s pt_PT at {ru.apertum.qsystem.client.Locales.<init>(Locales.java:119)}
2017-09-12 12:58:08,185 [DEBUG]    Langusge: Roman ro_RO at {ru.apertum.qsystem.client.Locales.<init>(Locales.java:119)}
2017-09-12 12:58:08,186 [DEBUG]    Langusge: Русский ru_RU at {ru.apertum.qsystem.client.Locales.<init>(Locales.java:119)}
2017-09-12 12:58:08,188 [DEBUG]    Langusge: Українська uk_UA at {ru.apertum.qsystem.client.Locales.<init>(Locales.java:119)}
2017-09-12 12:58:08,944 [ INFO] DB server '+ driver=com.mysql.jdbc.Driver' url=jdbc:mysql://127.0.0.1/qsystem?autoReconnect=true&amp;characterEncoding=UTF-8 at {ru.apertum.qsystem.hibernate.AnnotationSessionFactoryBean.load(AnnotationSessionFactoryBean.java:183)}
2017-09-12 12:58:10,510 [ INFO] DB is OK. at {ru.apertum.qsystem.client.forms.FAdmin.main(FAdmin.java:1212)}
2017-09-12 12:58:10,518 [ INFO] Загрузка плагинов из папки plugins. at {ru.apertum.qsystem.common.Uses.loadPlugins(Uses.java:788)}
2017-09-12 12:58:10,519 [DEBUG] Плагин Journal.jar at {ru.apertum.qsystem.common.Uses.loadPlugins(Uses.java:795)}
2017-09-12 12:58:10,520 [DEBUG] Плагин Microsound.jar at {ru.apertum.qsystem.common.Uses.loadPlugins(Uses.java:795)}
2017-09-12 12:58:11,053 [ INFO] Создали список. at {ru.apertum.qsystem.server.model.ATListModel.createList(ATListModel.java:45)}
2017-09-12 12:58:11,065 [ INFO] Вход в систему. at {ru.apertum.qsystem.client.forms.FLogin.logining(FLogin.java:313)}
2017-09-12 12:58:14,908 [ INFO] Вход в систему выполнен. Пользователь "Администратор", уровень доступа "3". at {ru.apertum.qsystem.client.forms.FLogin.logining(FLogin.java:335)}
2017-09-12 12:58:15,386 [ INFO] Создали дерево. at {ru.apertum.qsystem.server.model.ATreeModel.createTree(ATreeModel.java:54)}
2017-09-12 12:58:15,392 [ INFO] Создали список. at {ru.apertum.qsystem.server.model.ATListModel.createList(ATListModel.java:45)}
2017-09-12 12:58:15,420 [ INFO] Создали дерево. at {ru.apertum.qsystem.server.model.ATreeModel.createTree(ATreeModel.java:54)}
2017-09-12 12:58:15,427 [ INFO] Создали дерево. at {ru.apertum.qsystem.server.model.ATreeModel.createTree(ATreeModel.java:54)}
2017-09-12 12:58:15,450 [ INFO] Создали список. at {ru.apertum.qsystem.server.model.ATListModel.createList(ATListModel.java:45)}
2017-09-12 12:58:15,457 [ INFO] Создали список. at {ru.apertum.qsystem.server.model.ATListModel.createList(ATListModel.java:45)}
2017-09-12 12:58:15,463 [ INFO] Создали список. at {ru.apertum.qsystem.server.model.ATListModel.createList(ATListModel.java:45)}
2017-09-12 12:58:15,503 [ INFO] Создали список. at {ru.apertum.qsystem.server.model.ATListModel.createList(ATListModel.java:45)}
2017-09-12 12:58:15,552 [DEBUG] Создаем модель для календаря at {ru.apertum.qsystem.server.model.calendar.CalendarTableModel.<init>(CalendarTableModel.java:44)}
2017-09-12 12:58:16,826 [ INFO] Запрос о состоянии на сервер. at {ru.apertum.qsystem.client.forms.FAdmin.checkServer(FAdmin.java:985)}
2017-09-12 12:58:16,834 [ INFO] Получение описания состояния сервера. at {ru.apertum.qsystem.common.NetCommander.getServerState(NetCommander.java:873)}
2017-09-12 12:58:16,845 [TRACE] Task "Получить состояние сервера" on 127.0.0.1:3128#
{"jsonrpc":"2.0","id":"1505210296834","method":"Получить состояние сервера"} at {ru.apertum.qsystem.common.NetCommander.sendRpc(NetCommander.java:131)}
2017-09-12 12:58:16,846 [TRACE] Socket was created. at {ru.apertum.qsystem.common.NetCommander.sendRpc(NetCommander.java:139)}
2017-09-12 12:58:16,847 [TRACE] Sending... at {ru.apertum.qsystem.common.NetCommander.sendRpc(NetCommander.java:145)}
2017-09-12 12:58:16,847 [TRACE] Reading... at {ru.apertum.qsystem.common.NetCommander.sendRpc(NetCommander.java:147)}
2017-09-12 12:58:16,898 [TRACE] Response:
{"result":[{"service_name":"Консультация. Сотовая связь","waiting":0,"first":"-","id":1504684639861,"wait_max":0},{"service_name":"Оформить обращение по качеству обслуживания","waiting":0,"first":"-","id":1504684653226,"wait_max":0},{"service_name":"Сдать оборудование в ремонт (на тестирование)","waiting":0,"first":"-","id":1504684674193,"wait_max":0},{"service_name":"Получить оборудование из ремонта","waiting":0,"first":"-","id":1504684881341,"wait_max":0}],"jsonrpc":"2.0","id":"1505210296888"}
 at {ru.apertum.qsystem.common.NetCommander.sendRpc(NetCommander.java:159)}
2017-09-12 12:58:16,906 [ INFO] Команда на обновление пула отложенных. at {ru.apertum.qsystem.common.NetCommander.getPostponedPoolInfo(NetCommander.java:1429)}
2017-09-12 12:58:16,907 [TRACE] Task "Получить состояние пула отложенных" on 127.0.0.1:3128#
{"jsonrpc":"2.0","id":"1505210296834","method":"Получить состояние пула отложенных"} at {ru.apertum.qsystem.common.NetCommander.sendRpc(NetCommander.java:131)}
2017-09-12 12:58:16,908 [TRACE] Socket was created. at {ru.apertum.qsystem.common.NetCommander.sendRpc(NetCommander.java:139)}
2017-09-12 12:58:16,908 [TRACE] Sending... at {ru.apertum.qsystem.common.NetCommander.sendRpc(NetCommander.java:145)}
2017-09-12 12:58:16,908 [TRACE] Reading... at {ru.apertum.qsystem.common.NetCommander.sendRpc(NetCommander.java:147)}
2017-09-12 12:58:17,012 [TRACE] Response:
{"result":[],"jsonrpc":"2.0","id":"1505210297011"}
 at {ru.apertum.qsystem.common.NetCommander.sendRpc(NetCommander.java:159)}
2017-09-12 12:58:22,339 [ INFO] Editing of user "111" at {ru.apertum.qsystem.client.forms.FUserChangeDialog.changeUser(FUserChangeDialog.java:74)}
2017-09-12 12:58:27,642 [DEBUG] Пользователю "111" назначили услугу "Консультация. Сотовая связь". at {ru.apertum.qsystem.client.forms.FAdmin.lambda$addServiceToUser$21(FAdmin.java:1742)}
2017-09-12 12:58:27,643 [DEBUG] Пользователю "111" назначили услугу "Оформить обращение по качеству обслуживания". at {ru.apertum.qsystem.client.forms.FAdmin.lambda$addServiceToUser$21(FAdmin.java:1742)}
2017-09-12 12:58:27,644 [DEBUG] Пользователю "111" назначили услугу "Сдать оборудование в ремонт (на тестирование)". at {ru.apertum.qsystem.client.forms.FAdmin.lambda$addServiceToUser$21(FAdmin.java:1742)}
2017-09-12 12:58:27,645 [DEBUG] Пользователю "111" назначили услугу "Получить оборудование из ремонта". at {ru.apertum.qsystem.client.forms.FAdmin.lambda$addServiceToUser$21(FAdmin.java:1742)}
2017-09-12 12:58:29,647 [DEBUG] Сохранили конфигурацию. at {ru.apertum.qsystem.client.forms.FAdmin.lambda$saveConfiguration$20(FAdmin.java:1707)}
2017-09-12 13:00:45,865 [ INFO] Properties are ready. at {ru.apertum.qsystem.common.QConfig.prepareCLI(QConfig.java:305)}
2017-09-12 13:00:45,869 [ INFO] "QSystem 17.1"!  date: 20.05.2017 at {ru.apertum.qsystem.common.QLog.initial(QLog.java:180)}
2017-09-12 13:00:45,869 [ INFO] START LOGER. Logger: admin.file.info.trace at {ru.apertum.qsystem.common.QLog.initial(QLog.java:181)}
2017-09-12 13:00:45,870 [ INFO] Mode: KEY_DEBUG at {ru.apertum.qsystem.common.QLog.initial(QLog.java:186)}
2017-09-12 13:00:45,870 [ INFO] Plugins: YES at {ru.apertum.qsystem.common.QLog.initial(QLog.java:187)}
2017-09-12 13:00:45,872 [ INFO] Languages are loading... at {ru.apertum.qsystem.client.Locales.<init>(Locales.java:79)}
2017-09-12 13:00:45,879 [DEBUG]    Langusge: Az?rbaycan az_AZ at {ru.apertum.qsystem.client.Locales.<init>(Locales.java:119)}
2017-09-12 13:00:45,882 [DEBUG]    Langusge: English en_US at {ru.apertum.qsystem.client.Locales.<init>(Locales.java:119)}
2017-09-12 13:00:45,885 [DEBUG]    Langusge: Espanol es_ES at {ru.apertum.qsystem.client.Locales.<init>(Locales.java:119)}
2017-09-12 13:00:45,887 [DEBUG]    Langusge: Fran?ais fr_FR at {ru.apertum.qsystem.client.Locales.<init>(Locales.java:119)}
2017-09-12 13:00:45,888 [DEBUG]    Langusge: Italiano it_IT at {ru.apertum.qsystem.client.Locales.<init>(Locales.java:119)}
2017-09-12 13:00:45,890 [DEBUG]    Langusge: Portugu?s pt_PT at {ru.apertum.qsystem.client.Locales.<init>(Locales.java:119)}
2017-09-12 13:00:45,892 [DEBUG]    Langusge: Roman ro_RO at {ru.apertum.qsystem.client.Locales.<init>(Locales.java:119)}
2017-09-12 13:00:45,893 [DEBUG]    Langusge: Русский ru_RU at {ru.apertum.qsystem.client.Locales.<init>(Locales.java:119)}
2017-09-12 13:00:45,895 [DEBUG]    Langusge: Українська uk_UA at {ru.apertum.qsystem.client.Locales.<init>(Locales.java:119)}
2017-09-12 13:00:46,644 [ INFO] DB server '+ driver=com.mysql.jdbc.Driver' url=jdbc:mysql://127.0.0.1/qsystem?autoReconnect=true&amp;characterEncoding=UTF-8 at {ru.apertum.qsystem.hibernate.AnnotationSessionFactoryBean.load(AnnotationSessionFactoryBean.java:183)}
2017-09-12 13:00:48,134 [ INFO] DB is OK. at {ru.apertum.qsystem.client.forms.FAdmin.main(FAdmin.java:1212)}
2017-09-12 13:00:48,141 [ INFO] Загрузка плагинов из папки plugins. at {ru.apertum.qsystem.common.Uses.loadPlugins(Uses.java:788)}
2017-09-12 13:00:48,143 [DEBUG] Плагин Journal.jar at {ru.apertum.qsystem.common.Uses.loadPlugins(Uses.java:795)}
2017-09-12 13:00:48,143 [DEBUG] Плагин Microsound.jar at {ru.apertum.qsystem.common.Uses.loadPlugins(Uses.java:795)}
2017-09-12 13:00:48,608 [ INFO] Создали список. at {ru.apertum.qsystem.server.model.ATListModel.createList(ATListModel.java:45)}
2017-09-12 13:00:48,623 [ INFO] Вход в систему. at {ru.apertum.qsystem.client.forms.FLogin.logining(FLogin.java:313)}
2017-09-12 13:00:51,106 [ INFO] Вход в систему выполнен. Пользователь "Администратор", уровень доступа "3". at {ru.apertum.qsystem.client.forms.FLogin.logining(FLogin.java:335)}
2017-09-12 13:00:51,602 [ INFO] Создали дерево. at {ru.apertum.qsystem.server.model.ATreeModel.createTree(ATreeModel.java:54)}
2017-09-12 13:00:51,608 [ INFO] Создали список. at {ru.apertum.qsystem.server.model.ATListModel.createList(ATListModel.java:45)}
2017-09-12 13:00:51,624 [ INFO] Создали дерево. at {ru.apertum.qsystem.server.model.ATreeModel.createTree(ATreeModel.java:54)}
2017-09-12 13:00:51,631 [ INFO] Создали дерево. at {ru.apertum.qsystem.server.model.ATreeModel.createTree(ATreeModel.java:54)}
2017-09-12 13:00:51,640 [ INFO] Создали список. at {ru.apertum.qsystem.server.model.ATListModel.createList(ATListModel.java:45)}
2017-09-12 13:00:51,644 [ INFO] Создали список. at {ru.apertum.qsystem.server.model.ATListModel.createList(ATListModel.java:45)}
2017-09-12 13:00:51,649 [ INFO] Создали список. at {ru.apertum.qsystem.server.model.ATListModel.createList(ATListModel.java:45)}
2017-09-12 13:00:51,682 [ INFO] Создали список. at {ru.apertum.qsystem.server.model.ATListModel.createList(ATListModel.java:45)}
2017-09-12 13:00:51,736 [DEBUG] Создаем модель для календаря at {ru.apertum.qsystem.server.model.calendar.CalendarTableModel.<init>(CalendarTableModel.java:44)}
2017-09-12 13:00:53,822 [ INFO] Запрос о состоянии на сервер. at {ru.apertum.qsystem.client.forms.FAdmin.checkServer(FAdmin.java:985)}
2017-09-12 13:00:53,831 [ INFO] Получение описания состояния сервера. at {ru.apertum.qsystem.common.NetCommander.getServerState(NetCommander.java:873)}
2017-09-12 13:00:53,843 [TRACE] Task "Получить состояние сервера" on 127.0.0.1:3128#
{"jsonrpc":"2.0","id":"1505210453831","method":"Получить состояние сервера"} at {ru.apertum.qsystem.common.NetCommander.sendRpc(NetCommander.java:131)}
2017-09-12 13:00:53,844 [TRACE] Socket was created. at {ru.apertum.qsystem.common.NetCommander.sendRpc(NetCommander.java:139)}
2017-09-12 13:00:53,846 [TRACE] Sending... at {ru.apertum.qsystem.common.NetCommander.sendRpc(NetCommander.java:145)}
2017-09-12 13:00:53,846 [TRACE] Reading... at {ru.apertum.qsystem.common.NetCommander.sendRpc(NetCommander.java:147)}
2017-09-12 13:00:54,091 [TRACE] Response:
{"result":[{"service_name":"Консультация. Сотовая связь","waiting":0,"first":"-","id":1504684639861,"wait_max":0},{"service_name":"Оформить обращение по качеству обслуживания","waiting":0,"first":"-","id":1504684653226,"wait_max":0},{"service_name":"Сдать оборудование в ремонт (на тестирование)","waiting":0,"first":"-","id":1504684674193,"wait_max":0},{"service_name":"Получить оборудование из ремонта","waiting":0,"first":"-","id":1504684881341,"wait_max":0}],"jsonrpc":"2.0","id":"1505210454081"}
 at {ru.apertum.qsystem.common.NetCommander.sendRpc(NetCommander.java:159)}
2017-09-12 13:00:54,101 [ INFO] Команда на обновление пула отложенных. at {ru.apertum.qsystem.common.NetCommander.getPostponedPoolInfo(NetCommander.java:1429)}
2017-09-12 13:00:54,101 [TRACE] Task "Получить состояние пула отложенных" on 127.0.0.1:3128#
{"jsonrpc":"2.0","id":"1505210453831","method":"Получить состояние пула отложенных"} at {ru.apertum.qsystem.common.NetCommander.sendRpc(NetCommander.java:131)}
2017-09-12 13:00:54,102 [TRACE] Socket was created. at {ru.apertum.qsystem.common.NetCommander.sendRpc(NetCommander.java:139)}
2017-09-12 13:00:54,102 [TRACE] Sending... at {ru.apertum.qsystem.common.NetCommander.sendRpc(NetCommander.java:145)}
2017-09-12 13:00:54,103 [TRACE] Reading... at {ru.apertum.qsystem.common.NetCommander.sendRpc(NetCommander.java:147)}
2017-09-12 13:00:54,125 [TRACE] Response:
{"result":[],"jsonrpc":"2.0","id":"1505210454120"}
 at {ru.apertum.qsystem.common.NetCommander.sendRpc(NetCommander.java:159)}
2017-09-12 13:00:58,029 [DEBUG] Пользователю "787" назначили услугу "Консультация. Сотовая связь". at {ru.apertum.qsystem.client.forms.FAdmin.lambda$addServiceToUser$21(FAdmin.java:1742)}
2017-09-12 13:00:58,030 [DEBUG] Пользователю "787" назначили услугу "Оформить обращение по качеству обслуживания". at {ru.apertum.qsystem.client.forms.FAdmin.lambda$addServiceToUser$21(FAdmin.java:1742)}
2017-09-12 13:00:58,030 [DEBUG] Пользователю "787" назначили услугу "Сдать оборудование в ремонт (на тестирование)". at {ru.apertum.qsystem.client.forms.FAdmin.lambda$addServiceToUser$21(FAdmin.java:1742)}
2017-09-12 13:00:58,031 [DEBUG] Пользователю "787" назначили услугу "Получить оборудование из ремонта". at {ru.apertum.qsystem.client.forms.FAdmin.lambda$addServiceToUser$21(FAdmin.java:1742)}
2017-09-12 13:00:59,503 [DEBUG] Сохранили конфигурацию. at {ru.apertum.qsystem.client.forms.FAdmin.lambda$saveConfiguration$20(FAdmin.java:1707)}
2017-09-12 13:01:04,220 [ INFO] Запрос о состоянии на сервер. at {ru.apertum.qsystem.client.forms.FAdmin.checkServer(FAdmin.java:985)}
2017-09-12 13:01:04,221 [ INFO] Получение описания состояния сервера. at {ru.apertum.qsystem.common.NetCommander.getServerState(NetCommander.java:873)}
2017-09-12 13:01:04,222 [TRACE] Task "Получить состояние сервера" on 127.0.0.1:3128#
{"jsonrpc":"2.0","id":"1505210453831","method":"Получить состояние сервера"} at {ru.apertum.qsystem.common.NetCommander.sendRpc(NetCommander.java:131)}
2017-09-12 13:01:04,224 [TRACE] Socket was created. at {ru.apertum.qsystem.common.NetCommander.sendRpc(NetCommander.java:139)}
2017-09-12 13:01:04,227 [TRACE] Sending... at {ru.apertum.qsystem.common.NetCommander.sendRpc(NetCommander.java:145)}
2017-09-12 13:01:04,228 [TRACE] Reading... at {ru.apertum.qsystem.common.NetCommander.sendRpc(NetCommander.java:147)}
2017-09-12 13:01:04,332 [TRACE] Response:
{"result":[{"service_name":"Консультация. Сотовая связь","waiting":0,"first":"-","id":1504684639861,"wait_max":0},{"service_name":"Оформить обращение по качеству обслуживания","waiting":0,"first":"-","id":1504684653226,"wait_max":0},{"service_name":"Сдать оборудование в ремонт (на тестирование)","waiting":0,"first":"-","id":1504684674193,"wait_max":0},{"service_name":"Получить оборудование из ремонта","waiting":0,"first":"-","id":1504684881341,"wait_max":0}],"jsonrpc":"2.0","id":"1505210464327"}
 at {ru.apertum.qsystem.common.NetCommander.sendRpc(NetCommander.java:159)}
2017-09-12 13:01:04,334 [ INFO] Команда на обновление пула отложенных. at {ru.apertum.qsystem.common.NetCommander.getPostponedPoolInfo(NetCommander.java:1429)}
2017-09-12 13:01:04,335 [TRACE] Task "Получить состояние пула отложенных" on 127.0.0.1:3128#
{"jsonrpc":"2.0","id":"1505210453831","method":"Получить состояние пула отложенных"} at {ru.apertum.qsystem.common.NetCommander.sendRpc(NetCommander.java:131)}
2017-09-12 13:01:04,337 [TRACE] Socket was created. at {ru.apertum.qsystem.common.NetCommander.sendRpc(NetCommander.java:139)}
2017-09-12 13:01:04,337 [TRACE] Sending... at {ru.apertum.qsystem.common.NetCommander.sendRpc(NetCommander.java:145)}
2017-09-12 13:01:04,339 [TRACE] Reading... at {ru.apertum.qsystem.common.NetCommander.sendRpc(NetCommander.java:147)}
2017-09-12 13:01:04,346 [TRACE] Response:
{"result":[],"jsonrpc":"2.0","id":"1505210464345"}
 at {ru.apertum.qsystem.common.NetCommander.sendRpc(NetCommander.java:159)}
2017-09-12 13:01:05,722 [ INFO] Команда на рестарт сервера. at {ru.apertum.qsystem.common.NetCommander.restartServer(NetCommander.java:1208)}
2017-09-12 13:01:05,723 [TRACE] Task "RESTART" on 127.0.0.1:3128#
{"jsonrpc":"2.0","id":"1505210453831","method":"RESTART"} at {ru.apertum.qsystem.common.NetCommander.sendRpc(NetCommander.java:131)}
2017-09-12 13:01:05,725 [TRACE] Socket was created. at {ru.apertum.qsystem.common.NetCommander.sendRpc(NetCommander.java:139)}
2017-09-12 13:01:05,728 [TRACE] Sending... at {ru.apertum.qsystem.common.NetCommander.sendRpc(NetCommander.java:145)}
2017-09-12 13:01:05,729 [TRACE] Reading... at {ru.apertum.qsystem.common.NetCommander.sendRpc(NetCommander.java:147)}
2017-09-12 13:01:06,057 [TRACE] Response:
{"result":1,"jsonrpc":"2.0","id":"1505210466055"}
 at {ru.apertum.qsystem.common.NetCommander.sendRpc(NetCommander.java:159)}
2017-09-12 13:01:32,328 [ INFO] Запрос о состоянии на сервер. at {ru.apertum.qsystem.client.forms.FAdmin.checkServer(FAdmin.java:985)}
2017-09-12 13:01:32,329 [ INFO] Получение описания состояния сервера. at {ru.apertum.qsystem.common.NetCommander.getServerState(NetCommander.java:873)}
2017-09-12 13:01:32,329 [TRACE] Task "Получить состояние сервера" on 127.0.0.1:3128#
{"jsonrpc":"2.0","id":"1505210453831","method":"Получить состояние сервера"} at {ru.apertum.qsystem.common.NetCommander.sendRpc(NetCommander.java:131)}
2017-09-12 13:01:32,330 [TRACE] Socket was created. at {ru.apertum.qsystem.common.NetCommander.sendRpc(NetCommander.java:139)}
2017-09-12 13:01:32,331 [TRACE] Sending... at {ru.apertum.qsystem.common.NetCommander.sendRpc(NetCommander.java:145)}
2017-09-12 13:01:32,332 [TRACE] Reading... at {ru.apertum.qsystem.common.NetCommander.sendRpc(NetCommander.java:147)}
2017-09-12 13:01:32,439 [TRACE] Response:
{"result":[{"service_name":"Консультация. Сотовая связь","waiting":0,"first":"-","id":1504684639861,"wait_max":0},{"service_name":"Оформить обращение по качеству обслуживания","waiting":0,"first":"-","id":1504684653226,"wait_max":0},{"service_name":"Сдать оборудование в ремонт (на тестирование)","waiting":0,"first":"-","id":1504684674193,"wait_max":0},{"service_name":"Получить оборудование из ремонта","waiting":0,"first":"-","id":1504684881341,"wait_max":0}],"jsonrpc":"2.0","id":"1505210492434"}
 at {ru.apertum.qsystem.common.NetCommander.sendRpc(NetCommander.java:159)}
2017-09-12 13:01:32,441 [ INFO] Команда на обновление пула отложенных. at {ru.apertum.qsystem.common.NetCommander.getPostponedPoolInfo(NetCommander.java:1429)}
2017-09-12 13:01:32,441 [TRACE] Task "Получить состояние пула отложенных" on 127.0.0.1:3128#
{"jsonrpc":"2.0","id":"1505210453831","method":"Получить состояние пула отложенных"} at {ru.apertum.qsystem.common.NetCommander.sendRpc(NetCommander.java:131)}
2017-09-12 13:01:32,442 [TRACE] Socket was created. at {ru.apertum.qsystem.common.NetCommander.sendRpc(NetCommander.java:139)}
2017-09-12 13:01:32,443 [TRACE] Sending... at {ru.apertum.qsystem.common.NetCommander.sendRpc(NetCommander.java:145)}
2017-09-12 13:01:32,444 [TRACE] Reading... at {ru.apertum.qsystem.common.NetCommander.sendRpc(NetCommander.java:147)}
2017-09-12 13:01:32,449 [TRACE] Response:
{"result":[],"jsonrpc":"2.0","id":"1505210492447"}
 at {ru.apertum.qsystem.common.NetCommander.sendRpc(NetCommander.java:159)}
2017-09-12 13:01:35,146 [ INFO] Редактирование услуги "Обслуживание в абон зале" at {ru.apertum.qsystem.client.forms.FServiceChangeDialod.changeService(FServiceChangeDialod.java:94)}
2017-09-12 13:01:40,601 [ INFO] Встать в очередь. at {ru.apertum.qsystem.common.NetCommander.standInService(NetCommander.java:334)}
2017-09-12 13:01:40,602 [TRACE] Task "Поставить в очередь" on 127.0.0.1:3128#
{"params":{"service_id":1504684653226,"pass":"1","priority":1},"jsonrpc":"2.0","id":"1505210453831","method":"Поставить в очередь"} at {ru.apertum.qsystem.common.NetCommander.sendRpc(NetCommander.java:131)}
2017-09-12 13:01:40,603 [TRACE] Socket was created. at {ru.apertum.qsystem.common.NetCommander.sendRpc(NetCommander.java:139)}
2017-09-12 13:01:40,603 [TRACE] Sending... at {ru.apertum.qsystem.common.NetCommander.sendRpc(NetCommander.java:145)}
2017-09-12 13:01:40,603 [TRACE] Reading... at {ru.apertum.qsystem.common.NetCommander.sendRpc(NetCommander.java:147)}
2017-09-12 13:01:40,629 [TRACE] Response:
{"result":{"id":1505210500606,"number":121,"stateIn":1,"state":"STATE_WAIT","priority":1,"to_service":{"id":1504684653226,"status":1,"point":0,"duration":1,"exp":0,"sound_template":"021111","advance_limit":1,"day_limit":0,"person_day_limit":0,"inputed_as_number":0,"advance_limit_period":0,"advance_time_period":60,"enable":1,"result_required":false,"input_required":false,"inputed_as_ext":false,"input_caption":"","pre_info_html":"","pre_info_print_text":"","ticket_text":"","tablo_text":"","but_x":100,"but_y":100,"but_b":100,"but_h":100,"countPerDay":1,"day":255,"description":"Оформить обращение по качеству обслуживания","service_prefix":"","name":"Оформить обращение по качеству обслуживания","buttonText":"\u003chtml\u003e\u003cb\u003e\u003cp align\u003dcenter\u003e\u003cspan style\u003d\u0027font-size:20.0pt;color:red\u0027\u003eОформить обращение по качеству обслуживания\u003c/span\u003e\u003c/b\u003e","parentId":2,"langs":[],"inner_services":[]},"prefix":"","stand_time":"12.09.2017 13:01:40","need_back":false,"temp_comments":"","post_atatus":"","postpone_period":0,"recall_cnt":0,"start_postpone_period":0,"complex_id":[]},"jsonrpc":"2.0","id":"1505210500619"}
 at {ru.apertum.qsystem.common.NetCommander.sendRpc(NetCommander.java:159)}
2017-09-12 13:01:40,727 [DEBUG] Загрузим параметры из файла "config\welcome.property" at {ru.apertum.qsystem.client.common.WelcomeParams.loadSettings(WelcomeParams.java:218)}
2017-09-12 13:01:43,934 [ERROR] Ошибка печати:  at {ru.apertum.qsystem.client.forms.FWelcome.printTicket(FWelcome.java:1414)}
java.awt.print.PrinterAbortException
	at sun.print.RasterPrinterJob.cancelDoc(RasterPrinterJob.java:1886)
	at sun.print.RasterPrinterJob.print(RasterPrinterJob.java:1430)
	at ru.apertum.qsystem.client.forms.FWelcome.printTicket(FWelcome.java:1411)
	at ru.apertum.qsystem.client.forms.FWelcome.printTicket(FWelcome.java:1210)
	at ru.apertum.qsystem.client.forms.FAdmin.getTicket(FAdmin.java:1787)
	at sun.reflect.NativeMethodAccessorImpl.invoke0(Native Method)
	at sun.reflect.NativeMethodAccessorImpl.invoke(NativeMethodAccessorImpl.java:62)
	at sun.reflect.DelegatingMethodAccessorImpl.invoke(DelegatingMethodAccessorImpl.java:43)
	at java.lang.reflect.Method.invoke(Method.java:498)
	at org.jdesktop.application.ApplicationAction.noProxyActionPerformed(ApplicationAction.java:662)
	at org.jdesktop.application.ApplicationAction.actionPerformed(ApplicationAction.java:698)
	at javax.swing.AbstractButton.fireActionPerformed(AbstractButton.java:2022)
	at javax.swing.AbstractButton$Handler.actionPerformed(AbstractButton.java:2348)
	at javax.swing.DefaultButtonModel.fireActionPerformed(DefaultButtonModel.java:402)
	at javax.swing.DefaultButtonModel.setPressed(DefaultButtonModel.java:259)
	at javax.swing.AbstractButton.doClick(AbstractButton.java:376)
	at javax.swing.plaf.basic.BasicMenuItemUI.doClick(BasicMenuItemUI.java:833)
	at javax.swing.plaf.basic.BasicMenuItemUI$Handler.mouseReleased(BasicMenuItemUI.java:877)
	at java.awt.AWTEventMulticaster.mouseReleased(AWTEventMulticaster.java:289)
	at java.awt.Component.processMouseEvent(Component.java:6533)
	at javax.swing.JComponent.processMouseEvent(JComponent.java:3324)
	at java.awt.Component.processEvent(Component.java:6298)
	at java.awt.Container.processEvent(Container.java:2236)
	at java.awt.Component.dispatchEventImpl(Component.java:4889)
	at java.awt.Container.dispatchEventImpl(Container.java:2294)
	at java.awt.Component.dispatchEvent(Component.java:4711)
	at java.awt.LightweightDispatcher.retargetMouseEvent(Container.java:4888)
	at java.awt.LightweightDispatcher.processMouseEvent(Container.java:4525)
	at java.awt.LightweightDispatcher.dispatchEvent(Container.java:4466)
	at java.awt.Container.dispatchEventImpl(Container.java:2280)
	at java.awt.Window.dispatchEventImpl(Window.java:2746)
	at java.awt.Component.dispatchEvent(Component.java:4711)
	at java.awt.EventQueue.dispatchEventImpl(EventQueue.java:758)
	at java.awt.EventQueue.access$500(EventQueue.java:97)
	at java.awt.EventQueue$3.run(EventQueue.java:709)
	at java.awt.EventQueue$3.run(EventQueue.java:703)
	at java.security.AccessController.doPrivileged(Native Method)
	at java.security.ProtectionDomain$JavaSecurityAccessImpl.doIntersectionPrivilege(ProtectionDomain.java:76)
	at java.security.ProtectionDomain$JavaSecurityAccessImpl.doIntersectionPrivilege(ProtectionDomain.java:86)
	at java.awt.EventQueue$4.run(EventQueue.java:731)
	at java.awt.EventQueue$4.run(EventQueue.java:729)
	at java.security.AccessController.doPrivileged(Native Method)
	at java.security.ProtectionDomain$JavaSecurityAccessImpl.doIntersectionPrivilege(ProtectionDomain.java:76)
	at java.awt.EventQueue.dispatchEvent(EventQueue.java:728)
	at java.awt.EventDispatchThread.pumpOneEventForFilters(EventDispatchThread.java:201)
	at java.awt.EventDispatchThread.pumpEventsForFilter(EventDispatchThread.java:116)
	at java.awt.EventDispatchThread.pumpEventsForHierarchy(EventDispatchThread.java:105)
	at java.awt.EventDispatchThread.pumpEvents(EventDispatchThread.java:101)
	at java.awt.EventDispatchThread.pumpEvents(EventDispatchThread.java:93)
	at java.awt.EventDispatchThread.run(EventDispatchThread.java:82)
2017-09-12 13:01:48,230 [ INFO] Встать в очередь. at {ru.apertum.qsystem.common.NetCommander.standInService(NetCommander.java:334)}
2017-09-12 13:01:48,230 [TRACE] Task "Поставить в очередь" on 127.0.0.1:3128#
{"params":{"service_id":1504684881341,"pass":"1","priority":1},"jsonrpc":"2.0","id":"1505210453831","method":"Поставить в очередь"} at {ru.apertum.qsystem.common.NetCommander.sendRpc(NetCommander.java:131)}
2017-09-12 13:01:48,231 [TRACE] Socket was created. at {ru.apertum.qsystem.common.NetCommander.sendRpc(NetCommander.java:139)}
2017-09-12 13:01:48,232 [TRACE] Sending... at {ru.apertum.qsystem.common.NetCommander.sendRpc(NetCommander.java:145)}
2017-09-12 13:01:48,232 [TRACE] Reading... at {ru.apertum.qsystem.common.NetCommander.sendRpc(NetCommander.java:147)}
2017-09-12 13:01:48,243 [TRACE] Response:
{"result":{"id":1505210508235,"number":8,"stateIn":1,"state":"STATE_WAIT","priority":1,"to_service":{"id":1504684881341,"status":1,"point":0,"duration":1,"exp":0,"sound_template":"021111","advance_limit":1,"day_limit":0,"person_day_limit":0,"inputed_as_number":0,"advance_limit_period":0,"advance_time_period":60,"enable":1,"result_required":false,"input_required":false,"inputed_as_ext":false,"input_caption":"","pre_info_html":"","pre_info_print_text":"","ticket_text":"","tablo_text":"","but_x":100,"but_y":100,"but_b":100,"but_h":100,"countPerDay":1,"day":255,"description":"Получить оборудование из ремонта","service_prefix":"","name":"Получить оборудование из ремонта","buttonText":"\u003chtml\u003e\u003cb\u003e\u003cp align\u003dcenter\u003e\u003cspan style\u003d\u0027font-size:20.0pt;color:red\u0027\u003eПолучить оборудование из ремонта\u003c/span\u003e\u003c/b\u003e","parentId":1504617489400,"langs":[],"inner_services":[]},"prefix":"","stand_time":"12.09.2017 13:01:48","need_back":false,"temp_comments":"","post_atatus":"","postpone_period":0,"recall_cnt":0,"start_postpone_period":0,"complex_id":[]},"jsonrpc":"2.0","id":"1505210508240"}
 at {ru.apertum.qsystem.common.NetCommander.sendRpc(NetCommander.java:159)}
2017-09-12 13:01:49,344 [ERROR] Ошибка печати:  at {ru.apertum.qsystem.client.forms.FWelcome.printTicket(FWelcome.java:1414)}
java.awt.print.PrinterAbortException
	at sun.print.RasterPrinterJob.cancelDoc(RasterPrinterJob.java:1886)
	at sun.print.RasterPrinterJob.print(RasterPrinterJob.java:1430)
	at ru.apertum.qsystem.client.forms.FWelcome.printTicket(FWelcome.java:1411)
	at ru.apertum.qsystem.client.forms.FWelcome.printTicket(FWelcome.java:1210)
	at ru.apertum.qsystem.client.forms.FAdmin.getTicket(FAdmin.java:1787)
	at sun.reflect.NativeMethodAccessorImpl.invoke0(Native Method)
	at sun.reflect.NativeMethodAccessorImpl.invoke(NativeMethodAccessorImpl.java:62)
	at sun.reflect.DelegatingMethodAccessorImpl.invoke(DelegatingMethodAccessorImpl.java:43)
	at java.lang.reflect.Method.invoke(Method.java:498)
	at org.jdesktop.application.ApplicationAction.noProxyActionPerformed(ApplicationAction.java:662)
	at org.jdesktop.application.ApplicationAction.actionPerformed(ApplicationAction.java:698)
	at javax.swing.AbstractButton.fireActionPerformed(AbstractButton.java:2022)
	at javax.swing.AbstractButton$Handler.actionPerformed(AbstractButton.java:2348)
	at javax.swing.DefaultButtonModel.fireActionPerformed(DefaultButtonModel.java:402)
	at javax.swing.DefaultButtonModel.setPressed(DefaultButtonModel.java:259)
	at javax.swing.AbstractButton.doClick(AbstractButton.java:376)
	at javax.swing.plaf.basic.BasicMenuItemUI.doClick(BasicMenuItemUI.java:833)
	at javax.swing.plaf.basic.BasicMenuItemUI$Handler.mouseReleased(BasicMenuItemUI.java:877)
	at java.awt.AWTEventMulticaster.mouseReleased(AWTEventMulticaster.java:289)
	at java.awt.Component.processMouseEvent(Component.java:6533)
	at javax.swing.JComponent.processMouseEvent(JComponent.java:3324)
	at java.awt.Component.processEvent(Component.java:6298)
	at java.awt.Container.processEvent(Container.java:2236)
	at java.awt.Component.dispatchEventImpl(Component.java:4889)
	at java.awt.Container.dispatchEventImpl(Container.java:2294)
	at java.awt.Component.dispatchEvent(Component.java:4711)
	at java.awt.LightweightDispatcher.retargetMouseEvent(Container.java:4888)
	at java.awt.LightweightDispatcher.processMouseEvent(Container.java:4525)
	at java.awt.LightweightDispatcher.dispatchEvent(Container.java:4466)
	at java.awt.Container.dispatchEventImpl(Container.java:2280)
	at java.awt.Window.dispatchEventImpl(Window.java:2746)
	at java.awt.Component.dispatchEvent(Component.java:4711)
	at java.awt.EventQueue.dispatchEventImpl(EventQueue.java:758)
	at java.awt.EventQueue.access$500(EventQueue.java:97)
	at java.awt.EventQueue$3.run(EventQueue.java:709)
	at java.awt.EventQueue$3.run(EventQueue.java:703)
	at java.security.AccessController.doPrivileged(Native Method)
	at java.security.ProtectionDomain$JavaSecurityAccessImpl.doIntersectionPrivilege(ProtectionDomain.java:76)
	at java.security.ProtectionDomain$JavaSecurityAccessImpl.doIntersectionPrivilege(ProtectionDomain.java:86)
	at java.awt.EventQueue$4.run(EventQueue.java:731)
	at java.awt.EventQueue$4.run(EventQueue.java:729)
	at java.security.AccessController.doPrivileged(Native Method)
	at java.security.ProtectionDomain$JavaSecurityAccessImpl.doIntersectionPrivilege(ProtectionDomain.java:76)
	at java.awt.EventQueue.dispatchEvent(EventQueue.java:728)
	at java.awt.EventDispatchThread.pumpOneEventForFilters(EventDispatchThread.java:201)
	at java.awt.EventDispatchThread.pumpEventsForFilter(EventDispatchThread.java:116)
	at java.awt.EventDispatchThread.pumpEventsForHierarchy(EventDispatchThread.java:105)
	at java.awt.EventDispatchThread.pumpEvents(EventDispatchThread.java:101)
	at java.awt.EventDispatchThread.pumpEvents(EventDispatchThread.java:93)
	at java.awt.EventDispatchThread.run(EventDispatchThread.java:82)
2017-09-12 13:02:02,024 [ INFO] Команда на рестарт сервера. at {ru.apertum.qsystem.common.NetCommander.restartServer(NetCommander.java:1208)}
2017-09-12 13:02:02,025 [TRACE] Task "RESTART" on 127.0.0.1:3128#
{"jsonrpc":"2.0","id":"1505210453831","method":"RESTART"} at {ru.apertum.qsystem.common.NetCommander.sendRpc(NetCommander.java:131)}
2017-09-12 13:02:02,026 [TRACE] Socket was created. at {ru.apertum.qsystem.common.NetCommander.sendRpc(NetCommander.java:139)}
2017-09-12 13:02:02,027 [TRACE] Sending... at {ru.apertum.qsystem.common.NetCommander.sendRpc(NetCommander.java:145)}
2017-09-12 13:02:02,028 [TRACE] Reading... at {ru.apertum.qsystem.common.NetCommander.sendRpc(NetCommander.java:147)}
2017-09-12 13:02:02,332 [TRACE] Response:
{"result":1,"jsonrpc":"2.0","id":"1505210522330"}
 at {ru.apertum.qsystem.common.NetCommander.sendRpc(NetCommander.java:159)}
2017-09-12 13:02:07,445 [ INFO] Запрос о состоянии на сервер. at {ru.apertum.qsystem.client.forms.FAdmin.checkServer(FAdmin.java:985)}
2017-09-12 13:02:07,445 [ INFO] Получение описания состояния сервера. at {ru.apertum.qsystem.common.NetCommander.getServerState(NetCommander.java:873)}
2017-09-12 13:02:07,446 [TRACE] Task "Получить состояние сервера" on 127.0.0.1:3128#
{"jsonrpc":"2.0","id":"1505210453831","method":"Получить состояние сервера"} at {ru.apertum.qsystem.common.NetCommander.sendRpc(NetCommander.java:131)}
2017-09-12 13:02:07,447 [TRACE] Socket was created. at {ru.apertum.qsystem.common.NetCommander.sendRpc(NetCommander.java:139)}
2017-09-12 13:02:07,448 [TRACE] Sending... at {ru.apertum.qsystem.common.NetCommander.sendRpc(NetCommander.java:145)}
2017-09-12 13:02:07,449 [TRACE] Reading... at {ru.apertum.qsystem.common.NetCommander.sendRpc(NetCommander.java:147)}
2017-09-12 13:02:07,558 [TRACE] Response:
{"result":[{"service_name":"Консультация. Сотовая связь","waiting":0,"first":"-","id":1504684639861,"wait_max":0},{"service_name":"Оформить обращение по качеству обслуживания","waiting":0,"first":"-","id":1504684653226,"wait_max":0},{"service_name":"Сдать оборудование в ремонт (на тестирование)","waiting":0,"first":"-","id":1504684674193,"wait_max":0},{"service_name":"Получить оборудование из ремонта","waiting":1,"first":"008","id":1504684881341,"wait_max":0}],"jsonrpc":"2.0","id":"1505210527552"}
 at {ru.apertum.qsystem.common.NetCommander.sendRpc(NetCommander.java:159)}
2017-09-12 13:02:07,565 [ INFO] Команда на обновление пула отложенных. at {ru.apertum.qsystem.common.NetCommander.getPostponedPoolInfo(NetCommander.java:1429)}
2017-09-12 13:02:07,565 [TRACE] Task "Получить состояние пула отложенных" on 127.0.0.1:3128#
{"jsonrpc":"2.0","id":"1505210453831","method":"Получить состояние пула отложенных"} at {ru.apertum.qsystem.common.NetCommander.sendRpc(NetCommander.java:131)}
2017-09-12 13:02:07,567 [TRACE] Socket was created. at {ru.apertum.qsystem.common.NetCommander.sendRpc(NetCommander.java:139)}
2017-09-12 13:02:07,593 [TRACE] Sending... at {ru.apertum.qsystem.common.NetCommander.sendRpc(NetCommander.java:145)}
2017-09-12 13:02:07,593 [TRACE] Reading... at {ru.apertum.qsystem.common.NetCommander.sendRpc(NetCommander.java:147)}
2017-09-12 13:02:07,694 [TRACE] Response:
{"result":[],"jsonrpc":"2.0","id":"1505210527691"}
 at {ru.apertum.qsystem.common.NetCommander.sendRpc(NetCommander.java:159)}
2017-09-12 13:02:08,738 [ INFO] Запрос о состоянии на сервер. at {ru.apertum.qsystem.client.forms.FAdmin.checkServer(FAdmin.java:985)}
2017-09-12 13:02:08,739 [ INFO] Получение описания состояния сервера. at {ru.apertum.qsystem.common.NetCommander.getServerState(NetCommander.java:873)}
2017-09-12 13:02:08,739 [TRACE] Task "Получить состояние сервера" on 127.0.0.1:3128#
{"jsonrpc":"2.0","id":"1505210453831","method":"Получить состояние сервера"} at {ru.apertum.qsystem.common.NetCommander.sendRpc(NetCommander.java:131)}
2017-09-12 13:02:08,741 [TRACE] Socket was created. at {ru.apertum.qsystem.common.NetCommander.sendRpc(NetCommander.java:139)}
2017-09-12 13:02:08,745 [TRACE] Sending... at {ru.apertum.qsystem.common.NetCommander.sendRpc(NetCommander.java:145)}
2017-09-12 13:02:08,748 [TRACE] Reading... at {ru.apertum.qsystem.common.NetCommander.sendRpc(NetCommander.java:147)}
2017-09-12 13:02:08,848 [TRACE] Response:
{"result":[{"service_name":"Консультация. Сотовая связь","waiting":0,"first":"-","id":1504684639861,"wait_max":0},{"service_name":"Оформить обращение по качеству обслуживания","waiting":0,"first":"-","id":1504684653226,"wait_max":0},{"service_name":"Сдать оборудование в ремонт (на тестирование)","waiting":0,"first":"-","id":1504684674193,"wait_max":0},{"service_name":"Получить оборудование из ремонта","waiting":1,"first":"008","id":1504684881341,"wait_max":0}],"jsonrpc":"2.0","id":"1505210528844"}
 at {ru.apertum.qsystem.common.NetCommander.sendRpc(NetCommander.java:159)}
2017-09-12 13:02:08,849 [ INFO] Команда на обновление пула отложенных. at {ru.apertum.qsystem.common.NetCommander.getPostponedPoolInfo(NetCommander.java:1429)}
2017-09-12 13:02:08,851 [TRACE] Task "Получить состояние пула отложенных" on 127.0.0.1:3128#
{"jsonrpc":"2.0","id":"1505210453831","method":"Получить состояние пула отложенных"} at {ru.apertum.qsystem.common.NetCommander.sendRpc(NetCommander.java:131)}
2017-09-12 13:02:08,852 [TRACE] Socket was created. at {ru.apertum.qsystem.common.NetCommander.sendRpc(NetCommander.java:139)}
2017-09-12 13:02:08,856 [TRACE] Sending... at {ru.apertum.qsystem.common.NetCommander.sendRpc(NetCommander.java:145)}
2017-09-12 13:02:08,861 [TRACE] Reading... at {ru.apertum.qsystem.common.NetCommander.sendRpc(NetCommander.java:147)}
2017-09-12 13:02:08,874 [TRACE] Response:
{"result":[],"jsonrpc":"2.0","id":"1505210528869"}
 at {ru.apertum.qsystem.common.NetCommander.sendRpc(NetCommander.java:159)}
2017-09-12 13:08:37,812 [ INFO] Properties are ready. at {ru.apertum.qsystem.common.QConfig.prepareCLI(QConfig.java:305)}
2017-09-12 13:08:37,816 [ INFO] "QSystem 17.1"!  date: 20.05.2017 at {ru.apertum.qsystem.common.QLog.initial(QLog.java:180)}
2017-09-12 13:08:37,816 [ INFO] START LOGER. Logger: admin.file.info.trace at {ru.apertum.qsystem.common.QLog.initial(QLog.java:181)}
2017-09-12 13:08:37,816 [ INFO] Mode: KEY_DEBUG at {ru.apertum.qsystem.common.QLog.initial(QLog.java:186)}
2017-09-12 13:08:37,817 [ INFO] Plugins: YES at {ru.apertum.qsystem.common.QLog.initial(QLog.java:187)}
2017-09-12 13:08:37,819 [ INFO] Languages are loading... at {ru.apertum.qsystem.client.Locales.<init>(Locales.java:79)}
2017-09-12 13:08:37,828 [DEBUG]    Langusge: Az?rbaycan az_AZ at {ru.apertum.qsystem.client.Locales.<init>(Locales.java:119)}
2017-09-12 13:08:37,831 [DEBUG]    Langusge: English en_US at {ru.apertum.qsystem.client.Locales.<init>(Locales.java:119)}
2017-09-12 13:08:37,832 [DEBUG]    Langusge: Espanol es_ES at {ru.apertum.qsystem.client.Locales.<init>(Locales.java:119)}
2017-09-12 13:08:37,834 [DEBUG]    Langusge: Fran?ais fr_FR at {ru.apertum.qsystem.client.Locales.<init>(Locales.java:119)}
2017-09-12 13:08:37,835 [DEBUG]    Langusge: Italiano it_IT at {ru.apertum.qsystem.client.Locales.<init>(Locales.java:119)}
2017-09-12 13:08:37,836 [DEBUG]    Langusge: Portugu?s pt_PT at {ru.apertum.qsystem.client.Locales.<init>(Locales.java:119)}
2017-09-12 13:08:37,838 [DEBUG]    Langusge: Roman ro_RO at {ru.apertum.qsystem.client.Locales.<init>(Locales.java:119)}
2017-09-12 13:08:37,839 [DEBUG]    Langusge: Русский ru_RU at {ru.apertum.qsystem.client.Locales.<init>(Locales.java:119)}
2017-09-12 13:08:37,840 [DEBUG]    Langusge: Українська uk_UA at {ru.apertum.qsystem.client.Locales.<init>(Locales.java:119)}
2017-09-12 13:08:38,662 [ INFO] DB server '+ driver=com.mysql.jdbc.Driver' url=jdbc:mysql://127.0.0.1/qsystem?autoReconnect=true&amp;characterEncoding=UTF-8 at {ru.apertum.qsystem.hibernate.AnnotationSessionFactoryBean.load(AnnotationSessionFactoryBean.java:183)}
2017-09-12 13:08:40,516 [ INFO] DB is OK. at {ru.apertum.qsystem.client.forms.FAdmin.main(FAdmin.java:1212)}
2017-09-12 13:08:40,523 [ INFO] Загрузка плагинов из папки plugins. at {ru.apertum.qsystem.common.Uses.loadPlugins(Uses.java:788)}
2017-09-12 13:08:40,525 [DEBUG] Плагин Journal.jar at {ru.apertum.qsystem.common.Uses.loadPlugins(Uses.java:795)}
2017-09-12 13:08:40,525 [DEBUG] Плагин Microsound.jar at {ru.apertum.qsystem.common.Uses.loadPlugins(Uses.java:795)}
2017-09-12 13:08:41,429 [ INFO] Создали список. at {ru.apertum.qsystem.server.model.ATListModel.createList(ATListModel.java:45)}
2017-09-12 13:08:41,441 [ INFO] Вход в систему. at {ru.apertum.qsystem.client.forms.FLogin.logining(FLogin.java:313)}
2017-09-12 13:08:44,376 [ INFO] Вход в систему выполнен. Пользователь "Администратор", уровень доступа "3". at {ru.apertum.qsystem.client.forms.FLogin.logining(FLogin.java:335)}
2017-09-12 13:08:44,895 [ INFO] Создали дерево. at {ru.apertum.qsystem.server.model.ATreeModel.createTree(ATreeModel.java:54)}
2017-09-12 13:08:44,901 [ INFO] Создали список. at {ru.apertum.qsystem.server.model.ATListModel.createList(ATListModel.java:45)}
2017-09-12 13:08:44,920 [ INFO] Создали дерево. at {ru.apertum.qsystem.server.model.ATreeModel.createTree(ATreeModel.java:54)}
2017-09-12 13:08:44,926 [ INFO] Создали дерево. at {ru.apertum.qsystem.server.model.ATreeModel.createTree(ATreeModel.java:54)}
2017-09-12 13:08:44,934 [ INFO] Создали список. at {ru.apertum.qsystem.server.model.ATListModel.createList(ATListModel.java:45)}
2017-09-12 13:08:44,938 [ INFO] Создали список. at {ru.apertum.qsystem.server.model.ATListModel.createList(ATListModel.java:45)}
2017-09-12 13:08:44,943 [ INFO] Создали список. at {ru.apertum.qsystem.server.model.ATListModel.createList(ATListModel.java:45)}
2017-09-12 13:08:44,979 [ INFO] Создали список. at {ru.apertum.qsystem.server.model.ATListModel.createList(ATListModel.java:45)}
2017-09-12 13:08:45,035 [DEBUG] Создаем модель для календаря at {ru.apertum.qsystem.server.model.calendar.CalendarTableModel.<init>(CalendarTableModel.java:44)}
2017-09-12 13:08:46,403 [ INFO] Запрос о состоянии на сервер. at {ru.apertum.qsystem.client.forms.FAdmin.checkServer(FAdmin.java:985)}
2017-09-12 13:08:46,416 [ INFO] Получение описания состояния сервера. at {ru.apertum.qsystem.common.NetCommander.getServerState(NetCommander.java:873)}
2017-09-12 13:08:46,426 [TRACE] Task "Получить состояние сервера" on 127.0.0.1:3128#
{"jsonrpc":"2.0","id":"1505210926416","method":"Получить состояние сервера"} at {ru.apertum.qsystem.common.NetCommander.sendRpc(NetCommander.java:131)}
2017-09-12 13:08:46,427 [TRACE] Socket was created. at {ru.apertum.qsystem.common.NetCommander.sendRpc(NetCommander.java:139)}
2017-09-12 13:08:46,428 [TRACE] Sending... at {ru.apertum.qsystem.common.NetCommander.sendRpc(NetCommander.java:145)}
2017-09-12 13:08:46,429 [TRACE] Reading... at {ru.apertum.qsystem.common.NetCommander.sendRpc(NetCommander.java:147)}
2017-09-12 13:08:46,542 [TRACE] Response:
{"result":[{"service_name":"Консультация. Сотовая связь","waiting":0,"first":"-","id":1504684639861,"wait_max":0},{"service_name":"Оформить обращение по качеству обслуживания","waiting":0,"first":"-","id":1504684653226,"wait_max":0},{"service_name":"Сдать оборудование в ремонт (на тестирование)","waiting":0,"first":"-","id":1504684674193,"wait_max":0},{"service_name":"Получить оборудование из ремонта","waiting":1,"first":"008","id":1504684881341,"wait_max":6}],"jsonrpc":"2.0","id":"1505210926531"}
 at {ru.apertum.qsystem.common.NetCommander.sendRpc(NetCommander.java:159)}
2017-09-12 13:08:46,553 [ INFO] Команда на обновление пула отложенных. at {ru.apertum.qsystem.common.NetCommander.getPostponedPoolInfo(NetCommander.java:1429)}
2017-09-12 13:08:46,553 [TRACE] Task "Получить состояние пула отложенных" on 127.0.0.1:3128#
{"jsonrpc":"2.0","id":"1505210926416","method":"Получить состояние пула отложенных"} at {ru.apertum.qsystem.common.NetCommander.sendRpc(NetCommander.java:131)}
2017-09-12 13:08:46,554 [TRACE] Socket was created. at {ru.apertum.qsystem.common.NetCommander.sendRpc(NetCommander.java:139)}
2017-09-12 13:08:46,554 [TRACE] Sending... at {ru.apertum.qsystem.common.NetCommander.sendRpc(NetCommander.java:145)}
2017-09-12 13:08:46,555 [TRACE] Reading... at {ru.apertum.qsystem.common.NetCommander.sendRpc(NetCommander.java:147)}
2017-09-12 13:08:46,657 [TRACE] Response:
{"result":[],"jsonrpc":"2.0","id":"1505210926656"}
 at {ru.apertum.qsystem.common.NetCommander.sendRpc(NetCommander.java:159)}
2017-09-12 13:08:48,659 [ INFO] Команда на рестарт сервера. at {ru.apertum.qsystem.common.NetCommander.restartServer(NetCommander.java:1208)}
2017-09-12 13:08:48,660 [TRACE] Task "RESTART" on 127.0.0.1:3128#
{"jsonrpc":"2.0","id":"1505210926416","method":"RESTART"} at {ru.apertum.qsystem.common.NetCommander.sendRpc(NetCommander.java:131)}
2017-09-12 13:08:48,660 [TRACE] Socket was created. at {ru.apertum.qsystem.common.NetCommander.sendRpc(NetCommander.java:139)}
2017-09-12 13:08:48,661 [TRACE] Sending... at {ru.apertum.qsystem.common.NetCommander.sendRpc(NetCommander.java:145)}
2017-09-12 13:08:48,662 [TRACE] Reading... at {ru.apertum.qsystem.common.NetCommander.sendRpc(NetCommander.java:147)}
2017-09-12 13:08:49,087 [TRACE] Response:
{"result":1,"jsonrpc":"2.0","id":"1505210929086"}
 at {ru.apertum.qsystem.common.NetCommander.sendRpc(NetCommander.java:159)}
2017-09-12 13:08:52,090 [ INFO] Запрос о состоянии на сервер. at {ru.apertum.qsystem.client.forms.FAdmin.checkServer(FAdmin.java:985)}
2017-09-12 13:08:52,091 [ INFO] Получение описания состояния сервера. at {ru.apertum.qsystem.common.NetCommander.getServerState(NetCommander.java:873)}
2017-09-12 13:08:52,092 [TRACE] Task "Получить состояние сервера" on 127.0.0.1:3128#
{"jsonrpc":"2.0","id":"1505210926416","method":"Получить состояние сервера"} at {ru.apertum.qsystem.common.NetCommander.sendRpc(NetCommander.java:131)}
2017-09-12 13:08:52,094 [TRACE] Socket was created. at {ru.apertum.qsystem.common.NetCommander.sendRpc(NetCommander.java:139)}
2017-09-12 13:08:52,095 [TRACE] Sending... at {ru.apertum.qsystem.common.NetCommander.sendRpc(NetCommander.java:145)}
2017-09-12 13:08:52,096 [TRACE] Reading... at {ru.apertum.qsystem.common.NetCommander.sendRpc(NetCommander.java:147)}
2017-09-12 13:08:52,105 [TRACE] Response:
{"result":[{"service_name":"Консультация. Сотовая связь","waiting":0,"first":"-","id":1504684639861,"wait_max":0},{"service_name":"Оформить обращение по качеству обслуживания","waiting":0,"first":"-","id":1504684653226,"wait_max":0},{"service_name":"Сдать оборудование в ремонт (на тестирование)","waiting":0,"first":"-","id":1504684674193,"wait_max":0},{"service_name":"Получить оборудование из ремонта","waiting":1,"first":"008","id":1504684881341,"wait_max":7}],"jsonrpc":"2.0","id":"1505210932100"}
 at {ru.apertum.qsystem.common.NetCommander.sendRpc(NetCommander.java:159)}
2017-09-12 13:08:52,110 [ INFO] Команда на обновление пула отложенных. at {ru.apertum.qsystem.common.NetCommander.getPostponedPoolInfo(NetCommander.java:1429)}
2017-09-12 13:08:52,112 [TRACE] Task "Получить состояние пула отложенных" on 127.0.0.1:3128#
{"jsonrpc":"2.0","id":"1505210926416","method":"Получить состояние пула отложенных"} at {ru.apertum.qsystem.common.NetCommander.sendRpc(NetCommander.java:131)}
2017-09-12 13:08:52,114 [TRACE] Socket was created. at {ru.apertum.qsystem.common.NetCommander.sendRpc(NetCommander.java:139)}
2017-09-12 13:08:52,117 [TRACE] Sending... at {ru.apertum.qsystem.common.NetCommander.sendRpc(NetCommander.java:145)}
2017-09-12 13:08:52,117 [TRACE] Reading... at {ru.apertum.qsystem.common.NetCommander.sendRpc(NetCommander.java:147)}
2017-09-12 13:08:52,122 [TRACE] Response:
{"result":[],"jsonrpc":"2.0","id":"1505210932122"}
 at {ru.apertum.qsystem.common.NetCommander.sendRpc(NetCommander.java:159)}
2017-09-12 13:08:52,746 [ INFO] Запрос о состоянии на сервер. at {ru.apertum.qsystem.client.forms.FAdmin.checkServer(FAdmin.java:985)}
2017-09-12 13:08:52,747 [ INFO] Получение описания состояния сервера. at {ru.apertum.qsystem.common.NetCommander.getServerState(NetCommander.java:873)}
2017-09-12 13:08:52,748 [TRACE] Task "Получить состояние сервера" on 127.0.0.1:3128#
{"jsonrpc":"2.0","id":"1505210926416","method":"Получить состояние сервера"} at {ru.apertum.qsystem.common.NetCommander.sendRpc(NetCommander.java:131)}
2017-09-12 13:08:52,749 [TRACE] Socket was created. at {ru.apertum.qsystem.common.NetCommander.sendRpc(NetCommander.java:139)}
2017-09-12 13:08:52,751 [TRACE] Sending... at {ru.apertum.qsystem.common.NetCommander.sendRpc(NetCommander.java:145)}
2017-09-12 13:08:52,752 [TRACE] Reading... at {ru.apertum.qsystem.common.NetCommander.sendRpc(NetCommander.java:147)}
2017-09-12 13:08:52,855 [TRACE] Response:
{"result":[{"service_name":"Консультация. Сотовая связь","waiting":0,"first":"-","id":1504684639861,"wait_max":0},{"service_name":"Оформить обращение по качеству обслуживания","waiting":0,"first":"-","id":1504684653226,"wait_max":0},{"service_name":"Сдать оборудование в ремонт (на тестирование)","waiting":0,"first":"-","id":1504684674193,"wait_max":0},{"service_name":"Получить оборудование из ремонта","waiting":1,"first":"008","id":1504684881341,"wait_max":7}],"jsonrpc":"2.0","id":"1505210932851"}
 at {ru.apertum.qsystem.common.NetCommander.sendRpc(NetCommander.java:159)}
2017-09-12 13:08:52,857 [ INFO] Команда на обновление пула отложенных. at {ru.apertum.qsystem.common.NetCommander.getPostponedPoolInfo(NetCommander.java:1429)}
2017-09-12 13:08:52,858 [TRACE] Task "Получить состояние пула отложенных" on 127.0.0.1:3128#
{"jsonrpc":"2.0","id":"1505210926416","method":"Получить состояние пула отложенных"} at {ru.apertum.qsystem.common.NetCommander.sendRpc(NetCommander.java:131)}
2017-09-12 13:08:52,859 [TRACE] Socket was created. at {ru.apertum.qsystem.common.NetCommander.sendRpc(NetCommander.java:139)}
2017-09-12 13:08:52,860 [TRACE] Sending... at {ru.apertum.qsystem.common.NetCommander.sendRpc(NetCommander.java:145)}
2017-09-12 13:08:52,861 [TRACE] Reading... at {ru.apertum.qsystem.common.NetCommander.sendRpc(NetCommander.java:147)}
2017-09-12 13:08:52,867 [TRACE] Response:
{"result":[],"jsonrpc":"2.0","id":"1505210932866"}
 at {ru.apertum.qsystem.common.NetCommander.sendRpc(NetCommander.java:159)}
2017-09-12 13:08:54,085 [ INFO] Запрос о состоянии на сервер. at {ru.apertum.qsystem.client.forms.FAdmin.checkServer(FAdmin.java:985)}
2017-09-12 13:08:54,086 [ INFO] Получение описания состояния сервера. at {ru.apertum.qsystem.common.NetCommander.getServerState(NetCommander.java:873)}
2017-09-12 13:08:54,087 [TRACE] Task "Получить состояние сервера" on 127.0.0.1:3128#
{"jsonrpc":"2.0","id":"1505210926416","method":"Получить состояние сервера"} at {ru.apertum.qsystem.common.NetCommander.sendRpc(NetCommander.java:131)}
2017-09-12 13:08:54,088 [TRACE] Socket was created. at {ru.apertum.qsystem.common.NetCommander.sendRpc(NetCommander.java:139)}
2017-09-12 13:08:54,089 [TRACE] Sending... at {ru.apertum.qsystem.common.NetCommander.sendRpc(NetCommander.java:145)}
2017-09-12 13:08:54,090 [TRACE] Reading... at {ru.apertum.qsystem.common.NetCommander.sendRpc(NetCommander.java:147)}
2017-09-12 13:08:54,097 [TRACE] Response:
{"result":[{"service_name":"Консультация. Сотовая связь","waiting":0,"first":"-","id":1504684639861,"wait_max":0},{"service_name":"Оформить обращение по качеству обслуживания","waiting":0,"first":"-","id":1504684653226,"wait_max":0},{"service_name":"Сдать оборудование в ремонт (на тестирование)","waiting":0,"first":"-","id":1504684674193,"wait_max":0},{"service_name":"Получить оборудование из ремонта","waiting":1,"first":"008","id":1504684881341,"wait_max":7}],"jsonrpc":"2.0","id":"1505210934094"}
 at {ru.apertum.qsystem.common.NetCommander.sendRpc(NetCommander.java:159)}
2017-09-12 13:08:54,098 [ INFO] Команда на обновление пула отложенных. at {ru.apertum.qsystem.common.NetCommander.getPostponedPoolInfo(NetCommander.java:1429)}
2017-09-12 13:08:54,100 [TRACE] Task "Получить состояние пула отложенных" on 127.0.0.1:3128#
{"jsonrpc":"2.0","id":"1505210926416","method":"Получить состояние пула отложенных"} at {ru.apertum.qsystem.common.NetCommander.sendRpc(NetCommander.java:131)}
2017-09-12 13:08:54,101 [TRACE] Socket was created. at {ru.apertum.qsystem.common.NetCommander.sendRpc(NetCommander.java:139)}
2017-09-12 13:08:54,101 [TRACE] Sending... at {ru.apertum.qsystem.common.NetCommander.sendRpc(NetCommander.java:145)}
2017-09-12 13:08:54,102 [TRACE] Reading... at {ru.apertum.qsystem.common.NetCommander.sendRpc(NetCommander.java:147)}
2017-09-12 13:08:54,106 [TRACE] Response:
{"result":[],"jsonrpc":"2.0","id":"1505210934105"}
 at {ru.apertum.qsystem.common.NetCommander.sendRpc(NetCommander.java:159)}
2017-09-12 13:08:54,810 [ INFO] Запрос о состоянии на сервер. at {ru.apertum.qsystem.client.forms.FAdmin.checkServer(FAdmin.java:985)}
2017-09-12 13:08:54,811 [ INFO] Получение описания состояния сервера. at {ru.apertum.qsystem.common.NetCommander.getServerState(NetCommander.java:873)}
2017-09-12 13:08:54,812 [TRACE] Task "Получить состояние сервера" on 127.0.0.1:3128#
{"jsonrpc":"2.0","id":"1505210926416","method":"Получить состояние сервера"} at {ru.apertum.qsystem.common.NetCommander.sendRpc(NetCommander.java:131)}
2017-09-12 13:08:54,813 [TRACE] Socket was created. at {ru.apertum.qsystem.common.NetCommander.sendRpc(NetCommander.java:139)}
2017-09-12 13:08:54,814 [TRACE] Sending... at {ru.apertum.qsystem.common.NetCommander.sendRpc(NetCommander.java:145)}
2017-09-12 13:08:54,815 [TRACE] Reading... at {ru.apertum.qsystem.common.NetCommander.sendRpc(NetCommander.java:147)}
2017-09-12 13:08:54,919 [TRACE] Response:
{"result":[{"service_name":"Консультация. Сотовая связь","waiting":0,"first":"-","id":1504684639861,"wait_max":0},{"service_name":"Оформить обращение по качеству обслуживания","waiting":0,"first":"-","id":1504684653226,"wait_max":0},{"service_name":"Сдать оборудование в ремонт (на тестирование)","waiting":0,"first":"-","id":1504684674193,"wait_max":0},{"service_name":"Получить оборудование из ремонта","waiting":1,"first":"008","id":1504684881341,"wait_max":7}],"jsonrpc":"2.0","id":"1505210934917"}
 at {ru.apertum.qsystem.common.NetCommander.sendRpc(NetCommander.java:159)}
2017-09-12 13:08:54,920 [ INFO] Команда на обновление пула отложенных. at {ru.apertum.qsystem.common.NetCommander.getPostponedPoolInfo(NetCommander.java:1429)}
2017-09-12 13:08:54,921 [TRACE] Task "Получить состояние пула отложенных" on 127.0.0.1:3128#
{"jsonrpc":"2.0","id":"1505210926416","method":"Получить состояние пула отложенных"} at {ru.apertum.qsystem.common.NetCommander.sendRpc(NetCommander.java:131)}
2017-09-12 13:08:54,922 [TRACE] Socket was created. at {ru.apertum.qsystem.common.NetCommander.sendRpc(NetCommander.java:139)}
2017-09-12 13:08:54,922 [TRACE] Sending... at {ru.apertum.qsystem.common.NetCommander.sendRpc(NetCommander.java:145)}
2017-09-12 13:08:54,922 [TRACE] Reading... at {ru.apertum.qsystem.common.NetCommander.sendRpc(NetCommander.java:147)}
2017-09-12 13:08:54,927 [TRACE] Response:
{"result":[],"jsonrpc":"2.0","id":"1505210934927"}
 at {ru.apertum.qsystem.common.NetCommander.sendRpc(NetCommander.java:159)}
2017-09-12 13:10:55,242 [ INFO] Properties are ready. at {ru.apertum.qsystem.common.QConfig.prepareCLI(QConfig.java:305)}
2017-09-12 13:10:55,245 [ INFO] "QSystem 17.1"!  date: 20.05.2017 at {ru.apertum.qsystem.common.QLog.initial(QLog.java:180)}
2017-09-12 13:10:55,246 [ INFO] START LOGER. Logger: admin.file.info.trace at {ru.apertum.qsystem.common.QLog.initial(QLog.java:181)}
2017-09-12 13:10:55,246 [ INFO] Mode: KEY_DEBUG at {ru.apertum.qsystem.common.QLog.initial(QLog.java:186)}
2017-09-12 13:10:55,246 [ INFO] Plugins: YES at {ru.apertum.qsystem.common.QLog.initial(QLog.java:187)}
2017-09-12 13:10:55,248 [ INFO] Languages are loading... at {ru.apertum.qsystem.client.Locales.<init>(Locales.java:79)}
2017-09-12 13:10:55,258 [DEBUG]    Langusge: Az?rbaycan az_AZ at {ru.apertum.qsystem.client.Locales.<init>(Locales.java:119)}
2017-09-12 13:10:55,261 [DEBUG]    Langusge: English en_US at {ru.apertum.qsystem.client.Locales.<init>(Locales.java:119)}
2017-09-12 13:10:55,263 [DEBUG]    Langusge: Espanol es_ES at {ru.apertum.qsystem.client.Locales.<init>(Locales.java:119)}
2017-09-12 13:10:55,264 [DEBUG]    Langusge: Fran?ais fr_FR at {ru.apertum.qsystem.client.Locales.<init>(Locales.java:119)}
2017-09-12 13:10:55,266 [DEBUG]    Langusge: Italiano it_IT at {ru.apertum.qsystem.client.Locales.<init>(Locales.java:119)}
2017-09-12 13:10:55,267 [DEBUG]    Langusge: Portugu?s pt_PT at {ru.apertum.qsystem.client.Locales.<init>(Locales.java:119)}
2017-09-12 13:10:55,269 [DEBUG]    Langusge: Roman ro_RO at {ru.apertum.qsystem.client.Locales.<init>(Locales.java:119)}
2017-09-12 13:10:55,271 [DEBUG]    Langusge: Русский ru_RU at {ru.apertum.qsystem.client.Locales.<init>(Locales.java:119)}
2017-09-12 13:10:55,273 [DEBUG]    Langusge: Українська uk_UA at {ru.apertum.qsystem.client.Locales.<init>(Locales.java:119)}
2017-09-12 13:10:56,005 [ INFO] DB server '+ driver=com.mysql.jdbc.Driver' url=jdbc:mysql://127.0.0.1/qsystem?autoReconnect=true&amp;characterEncoding=UTF-8 at {ru.apertum.qsystem.hibernate.AnnotationSessionFactoryBean.load(AnnotationSessionFactoryBean.java:183)}
2017-09-12 13:10:57,583 [ INFO] DB is OK. at {ru.apertum.qsystem.client.forms.FAdmin.main(FAdmin.java:1212)}
2017-09-12 13:10:57,589 [ INFO] Загрузка плагинов из папки plugins. at {ru.apertum.qsystem.common.Uses.loadPlugins(Uses.java:788)}
2017-09-12 13:10:57,591 [DEBUG] Плагин Journal.jar at {ru.apertum.qsystem.common.Uses.loadPlugins(Uses.java:795)}
2017-09-12 13:10:57,591 [DEBUG] Плагин Microsound.jar at {ru.apertum.qsystem.common.Uses.loadPlugins(Uses.java:795)}
2017-09-12 13:10:58,117 [ INFO] Создали список. at {ru.apertum.qsystem.server.model.ATListModel.createList(ATListModel.java:45)}
2017-09-12 13:10:58,126 [ INFO] Вход в систему. at {ru.apertum.qsystem.client.forms.FLogin.logining(FLogin.java:313)}
2017-09-12 13:11:01,353 [ INFO] Вход в систему выполнен. Пользователь "Администратор", уровень доступа "3". at {ru.apertum.qsystem.client.forms.FLogin.logining(FLogin.java:335)}
2017-09-12 13:11:01,835 [ INFO] Создали дерево. at {ru.apertum.qsystem.server.model.ATreeModel.createTree(ATreeModel.java:54)}
2017-09-12 13:11:01,840 [ INFO] Создали список. at {ru.apertum.qsystem.server.model.ATListModel.createList(ATListModel.java:45)}
2017-09-12 13:11:01,859 [ INFO] Создали дерево. at {ru.apertum.qsystem.server.model.ATreeModel.createTree(ATreeModel.java:54)}
2017-09-12 13:11:01,865 [ INFO] Создали дерево. at {ru.apertum.qsystem.server.model.ATreeModel.createTree(ATreeModel.java:54)}
2017-09-12 13:11:01,872 [ INFO] Создали список. at {ru.apertum.qsystem.server.model.ATListModel.createList(ATListModel.java:45)}
2017-09-12 13:11:01,877 [ INFO] Создали список. at {ru.apertum.qsystem.server.model.ATListModel.createList(ATListModel.java:45)}
2017-09-12 13:11:01,882 [ INFO] Создали список. at {ru.apertum.qsystem.server.model.ATListModel.createList(ATListModel.java:45)}
2017-09-12 13:11:01,917 [ INFO] Создали список. at {ru.apertum.qsystem.server.model.ATListModel.createList(ATListModel.java:45)}
2017-09-12 13:11:01,968 [DEBUG] Создаем модель для календаря at {ru.apertum.qsystem.server.model.calendar.CalendarTableModel.<init>(CalendarTableModel.java:44)}
2017-09-12 13:11:04,684 [ INFO] Запрос о состоянии на сервер. at {ru.apertum.qsystem.client.forms.FAdmin.checkServer(FAdmin.java:985)}
2017-09-12 13:11:04,702 [ INFO] Получение описания состояния сервера. at {ru.apertum.qsystem.common.NetCommander.getServerState(NetCommander.java:873)}
2017-09-12 13:11:04,723 [TRACE] Task "Получить состояние сервера" on 127.0.0.1:3128#
{"jsonrpc":"2.0","id":"1505211064702","method":"Получить состояние сервера"} at {ru.apertum.qsystem.common.NetCommander.sendRpc(NetCommander.java:131)}
2017-09-12 13:11:04,724 [TRACE] Socket was created. at {ru.apertum.qsystem.common.NetCommander.sendRpc(NetCommander.java:139)}
2017-09-12 13:11:04,726 [TRACE] Sending... at {ru.apertum.qsystem.common.NetCommander.sendRpc(NetCommander.java:145)}
2017-09-12 13:11:04,726 [TRACE] Reading... at {ru.apertum.qsystem.common.NetCommander.sendRpc(NetCommander.java:147)}
2017-09-12 13:11:04,835 [TRACE] Response:
{"result":[{"service_name":"Консультация. Сотовая связь","waiting":0,"first":"-","id":1504684639861,"wait_max":0},{"service_name":"Оформить обращение по качеству обслуживания","waiting":0,"first":"-","id":1504684653226,"wait_max":0},{"service_name":"Сдать оборудование в ремонт (на тестирование)","waiting":0,"first":"-","id":1504684674193,"wait_max":0},{"service_name":"Получить оборудование из ремонта","waiting":1,"first":"008","id":1504684881341,"wait_max":9}],"jsonrpc":"2.0","id":"1505211064827"}
 at {ru.apertum.qsystem.common.NetCommander.sendRpc(NetCommander.java:159)}
2017-09-12 13:11:04,851 [ INFO] Команда на обновление пула отложенных. at {ru.apertum.qsystem.common.NetCommander.getPostponedPoolInfo(NetCommander.java:1429)}
2017-09-12 13:11:04,852 [TRACE] Task "Получить состояние пула отложенных" on 127.0.0.1:3128#
{"jsonrpc":"2.0","id":"1505211064702","method":"Получить состояние пула отложенных"} at {ru.apertum.qsystem.common.NetCommander.sendRpc(NetCommander.java:131)}
2017-09-12 13:11:04,853 [TRACE] Socket was created. at {ru.apertum.qsystem.common.NetCommander.sendRpc(NetCommander.java:139)}
2017-09-12 13:11:04,854 [TRACE] Sending... at {ru.apertum.qsystem.common.NetCommander.sendRpc(NetCommander.java:145)}
2017-09-12 13:11:04,855 [TRACE] Reading... at {ru.apertum.qsystem.common.NetCommander.sendRpc(NetCommander.java:147)}
2017-09-12 13:11:04,859 [TRACE] Response:
{"result":[],"jsonrpc":"2.0","id":"1505211064857"}
 at {ru.apertum.qsystem.common.NetCommander.sendRpc(NetCommander.java:159)}
2017-09-12 13:11:09,498 [DEBUG] Пользователю "123321" назначили услугу "Консультация. Сотовая связь". at {ru.apertum.qsystem.client.forms.FAdmin.lambda$addServiceToUser$21(FAdmin.java:1742)}
2017-09-12 13:11:09,499 [DEBUG] Пользователю "123321" назначили услугу "Оформить обращение по качеству обслуживания". at {ru.apertum.qsystem.client.forms.FAdmin.lambda$addServiceToUser$21(FAdmin.java:1742)}
2017-09-12 13:11:09,501 [DEBUG] Пользователю "123321" назначили услугу "Сдать оборудование в ремонт (на тестирование)". at {ru.apertum.qsystem.client.forms.FAdmin.lambda$addServiceToUser$21(FAdmin.java:1742)}
2017-09-12 13:11:09,502 [DEBUG] Пользователю "123321" назначили услугу "Получить оборудование из ремонта". at {ru.apertum.qsystem.client.forms.FAdmin.lambda$addServiceToUser$21(FAdmin.java:1742)}
2017-09-12 13:11:11,313 [DEBUG] Сохранили конфигурацию. at {ru.apertum.qsystem.client.forms.FAdmin.lambda$saveConfiguration$20(FAdmin.java:1707)}
2017-09-12 13:11:46,128 [ INFO] Запрос о состоянии на сервер. at {ru.apertum.qsystem.client.forms.FAdmin.checkServer(FAdmin.java:985)}
2017-09-12 13:11:46,129 [ INFO] Получение описания состояния сервера. at {ru.apertum.qsystem.common.NetCommander.getServerState(NetCommander.java:873)}
2017-09-12 13:11:46,130 [TRACE] Task "Получить состояние сервера" on 127.0.0.1:3128#
{"jsonrpc":"2.0","id":"1505211064702","method":"Получить состояние сервера"} at {ru.apertum.qsystem.common.NetCommander.sendRpc(NetCommander.java:131)}
2017-09-12 13:11:46,131 [TRACE] Socket was created. at {ru.apertum.qsystem.common.NetCommander.sendRpc(NetCommander.java:139)}
2017-09-12 13:11:46,132 [TRACE] Sending... at {ru.apertum.qsystem.common.NetCommander.sendRpc(NetCommander.java:145)}
2017-09-12 13:11:46,133 [TRACE] Reading... at {ru.apertum.qsystem.common.NetCommander.sendRpc(NetCommander.java:147)}
2017-09-12 13:11:46,240 [TRACE] Response:
{"result":[{"service_name":"Консультация. Сотовая связь","waiting":0,"first":"-","id":1504684639861,"wait_max":0},{"service_name":"Оформить обращение по качеству обслуживания","waiting":0,"first":"-","id":1504684653226,"wait_max":0},{"service_name":"Сдать оборудование в ремонт (на тестирование)","waiting":0,"first":"-","id":1504684674193,"wait_max":0},{"service_name":"Получить оборудование из ремонта","waiting":1,"first":"008","id":1504684881341,"wait_max":9}],"jsonrpc":"2.0","id":"1505211106236"}
 at {ru.apertum.qsystem.common.NetCommander.sendRpc(NetCommander.java:159)}
2017-09-12 13:11:46,242 [ INFO] Команда на обновление пула отложенных. at {ru.apertum.qsystem.common.NetCommander.getPostponedPoolInfo(NetCommander.java:1429)}
2017-09-12 13:11:46,243 [TRACE] Task "Получить состояние пула отложенных" on 127.0.0.1:3128#
{"jsonrpc":"2.0","id":"1505211064702","method":"Получить состояние пула отложенных"} at {ru.apertum.qsystem.common.NetCommander.sendRpc(NetCommander.java:131)}
2017-09-12 13:11:46,244 [TRACE] Socket was created. at {ru.apertum.qsystem.common.NetCommander.sendRpc(NetCommander.java:139)}
2017-09-12 13:11:46,245 [TRACE] Sending... at {ru.apertum.qsystem.common.NetCommander.sendRpc(NetCommander.java:145)}
2017-09-12 13:11:46,246 [TRACE] Reading... at {ru.apertum.qsystem.common.NetCommander.sendRpc(NetCommander.java:147)}
2017-09-12 13:11:46,259 [TRACE] Response:
{"result":[],"jsonrpc":"2.0","id":"1505211106257"}
 at {ru.apertum.qsystem.common.NetCommander.sendRpc(NetCommander.java:159)}
2017-09-12 13:11:47,896 [ INFO] Команда на рестарт сервера. at {ru.apertum.qsystem.common.NetCommander.restartServer(NetCommander.java:1208)}
2017-09-12 13:11:47,898 [TRACE] Task "RESTART" on 127.0.0.1:3128#
{"jsonrpc":"2.0","id":"1505211064702","method":"RESTART"} at {ru.apertum.qsystem.common.NetCommander.sendRpc(NetCommander.java:131)}
2017-09-12 13:11:47,899 [TRACE] Socket was created. at {ru.apertum.qsystem.common.NetCommander.sendRpc(NetCommander.java:139)}
2017-09-12 13:11:47,900 [TRACE] Sending... at {ru.apertum.qsystem.common.NetCommander.sendRpc(NetCommander.java:145)}
2017-09-12 13:11:47,901 [TRACE] Reading... at {ru.apertum.qsystem.common.NetCommander.sendRpc(NetCommander.java:147)}
2017-09-12 13:11:48,207 [TRACE] Response:
{"result":1,"jsonrpc":"2.0","id":"1505211108206"}
 at {ru.apertum.qsystem.common.NetCommander.sendRpc(NetCommander.java:159)}
2017-09-12 13:12:07,976 [ INFO] Запрос о состоянии на сервер. at {ru.apertum.qsystem.client.forms.FAdmin.checkServer(FAdmin.java:985)}
2017-09-12 13:12:07,976 [ INFO] Получение описания состояния сервера. at {ru.apertum.qsystem.common.NetCommander.getServerState(NetCommander.java:873)}
2017-09-12 13:12:07,977 [TRACE] Task "Получить состояние сервера" on 127.0.0.1:3128#
{"jsonrpc":"2.0","id":"1505211064702","method":"Получить состояние сервера"} at {ru.apertum.qsystem.common.NetCommander.sendRpc(NetCommander.java:131)}
2017-09-12 13:12:08,984 [ERROR] Exception!: Невозможно подключиться к серверу. at {ru.apertum.qsystem.common.exceptions.QException.<init>(QException.java:34)}
java.net.ConnectException: Connection refused: connect
	at java.net.DualStackPlainSocketImpl.waitForConnect(Native Method)
	at java.net.DualStackPlainSocketImpl.socketConnect(DualStackPlainSocketImpl.java:85)
	at java.net.AbstractPlainSocketImpl.doConnect(AbstractPlainSocketImpl.java:350)
	at java.net.AbstractPlainSocketImpl.connectToAddress(AbstractPlainSocketImpl.java:206)
	at java.net.AbstractPlainSocketImpl.connect(AbstractPlainSocketImpl.java:188)
	at java.net.PlainSocketImpl.connect(PlainSocketImpl.java:172)
	at java.net.Socket.connect(Socket.java:589)
	at ru.apertum.qsystem.common.NetCommander.sendRpc(NetCommander.java:134)
	at ru.apertum.qsystem.common.NetCommander.send(NetCommander.java:115)
	at ru.apertum.qsystem.common.NetCommander.getServerState(NetCommander.java:877)
	at ru.apertum.qsystem.client.forms.FAdmin.checkServer(FAdmin.java:990)
	at ru.apertum.qsystem.client.forms.FAdmin$92.run(FAdmin.java:5227)
	at ru.apertum.qsystem.common.model.ATalkingClock.lambda$new$0(ATalkingClock.java:56)
	at javax.swing.Timer.fireActionPerformed(Timer.java:313)
	at javax.swing.Timer$DoPostEvent.run(Timer.java:245)
	at java.awt.event.InvocationEvent.dispatch(InvocationEvent.java:311)
	at java.awt.EventQueue.dispatchEventImpl(EventQueue.java:756)
	at java.awt.EventQueue.access$500(EventQueue.java:97)
	at java.awt.EventQueue$3.run(EventQueue.java:709)
	at java.awt.EventQueue$3.run(EventQueue.java:703)
	at java.security.AccessController.doPrivileged(Native Method)
	at java.security.ProtectionDomain$JavaSecurityAccessImpl.doIntersectionPrivilege(ProtectionDomain.java:76)
	at java.awt.EventQueue.dispatchEvent(EventQueue.java:726)
	at java.awt.EventDispatchThread.pumpOneEventForFilters(EventDispatchThread.java:201)
	at java.awt.EventDispatchThread.pumpEventsForFilter(EventDispatchThread.java:116)
	at java.awt.EventDispatchThread.pumpEventsForHierarchy(EventDispatchThread.java:105)
	at java.awt.EventDispatchThread.pumpEvents(EventDispatchThread.java:101)
	at java.awt.EventDispatchThread.pumpEvents(EventDispatchThread.java:93)
	at java.awt.EventDispatchThread.run(EventDispatchThread.java:82)
2017-09-12 13:12:08,987 [ERROR] Exception!: Невозможно получить ответ от сервера. at {ru.apertum.qsystem.common.exceptions.QException.<init>(QException.java:34)}
ru.apertum.qsystem.common.exceptions.QException: Невозможно подключиться к серверу.
	at ru.apertum.qsystem.common.NetCommander.sendRpc(NetCommander.java:137)
	at ru.apertum.qsystem.common.NetCommander.send(NetCommander.java:115)
	at ru.apertum.qsystem.common.NetCommander.getServerState(NetCommander.java:877)
	at ru.apertum.qsystem.client.forms.FAdmin.checkServer(FAdmin.java:990)
	at ru.apertum.qsystem.client.forms.FAdmin$92.run(FAdmin.java:5227)
	at ru.apertum.qsystem.common.model.ATalkingClock.lambda$new$0(ATalkingClock.java:56)
	at javax.swing.Timer.fireActionPerformed(Timer.java:313)
	at javax.swing.Timer$DoPostEvent.run(Timer.java:245)
	at java.awt.event.InvocationEvent.dispatch(InvocationEvent.java:311)
	at java.awt.EventQueue.dispatchEventImpl(EventQueue.java:756)
	at java.awt.EventQueue.access$500(EventQueue.java:97)
	at java.awt.EventQueue$3.run(EventQueue.java:709)
	at java.awt.EventQueue$3.run(EventQueue.java:703)
	at java.security.AccessController.doPrivileged(Native Method)
	at java.security.ProtectionDomain$JavaSecurityAccessImpl.doIntersectionPrivilege(ProtectionDomain.java:76)
	at java.awt.EventQueue.dispatchEvent(EventQueue.java:726)
	at java.awt.EventDispatchThread.pumpOneEventForFilters(EventDispatchThread.java:201)
	at java.awt.EventDispatchThread.pumpEventsForFilter(EventDispatchThread.java:116)
	at java.awt.EventDispatchThread.pumpEventsForHierarchy(EventDispatchThread.java:105)
	at java.awt.EventDispatchThread.pumpEvents(EventDispatchThread.java:101)
	at java.awt.EventDispatchThread.pumpEvents(EventDispatchThread.java:93)
	at java.awt.EventDispatchThread.run(EventDispatchThread.java:82)
Caused by: java.net.ConnectException: Connection refused: connect
	at java.net.DualStackPlainSocketImpl.waitForConnect(Native Method)
	at java.net.DualStackPlainSocketImpl.socketConnect(DualStackPlainSocketImpl.java:85)
	at java.net.AbstractPlainSocketImpl.doConnect(AbstractPlainSocketImpl.java:350)
	at java.net.AbstractPlainSocketImpl.connectToAddress(AbstractPlainSocketImpl.java:206)
	at java.net.AbstractPlainSocketImpl.connect(AbstractPlainSocketImpl.java:188)
	at java.net.PlainSocketImpl.connect(PlainSocketImpl.java:172)
	at java.net.Socket.connect(Socket.java:589)
	at ru.apertum.qsystem.common.NetCommander.sendRpc(NetCommander.java:134)
	... 21 more
2017-09-12 13:12:08,989 [ERROR] Error! Проблема с командой. 
ru.apertum.qsystem.common.exceptions.QException: Невозможно получить ответ от сервера. at {ru.apertum.qsystem.common.exceptions.ServerException.<init>(ServerException.java:42)}
ru.apertum.qsystem.common.exceptions.ClientException: Проблема с командой. 
	at ru.apertum.qsystem.common.NetCommander.getServerState(NetCommander.java:879)
	at ru.apertum.qsystem.client.forms.FAdmin.checkServer(FAdmin.java:990)
	at ru.apertum.qsystem.client.forms.FAdmin$92.run(FAdmin.java:5227)
	at ru.apertum.qsystem.common.model.ATalkingClock.lambda$new$0(ATalkingClock.java:56)
	at javax.swing.Timer.fireActionPerformed(Timer.java:313)
	at javax.swing.Timer$DoPostEvent.run(Timer.java:245)
	at java.awt.event.InvocationEvent.dispatch(InvocationEvent.java:311)
	at java.awt.EventQueue.dispatchEventImpl(EventQueue.java:756)
	at java.awt.EventQueue.access$500(EventQueue.java:97)
	at java.awt.EventQueue$3.run(EventQueue.java:709)
	at java.awt.EventQueue$3.run(EventQueue.java:703)
	at java.security.AccessController.doPrivileged(Native Method)
	at java.security.ProtectionDomain$JavaSecurityAccessImpl.doIntersectionPrivilege(ProtectionDomain.java:76)
	at java.awt.EventQueue.dispatchEvent(EventQueue.java:726)
	at java.awt.EventDispatchThread.pumpOneEventForFilters(EventDispatchThread.java:201)
	at java.awt.EventDispatchThread.pumpEventsForFilter(EventDispatchThread.java:116)
	at java.awt.EventDispatchThread.pumpEventsForHierarchy(EventDispatchThread.java:105)
	at java.awt.EventDispatchThread.pumpEvents(EventDispatchThread.java:101)
	at java.awt.EventDispatchThread.pumpEvents(EventDispatchThread.java:93)
	at java.awt.EventDispatchThread.run(EventDispatchThread.java:82)
Caused by: ru.apertum.qsystem.common.exceptions.QException: Невозможно получить ответ от сервера.
	at ru.apertum.qsystem.common.NetCommander.sendRpc(NetCommander.java:162)
	at ru.apertum.qsystem.common.NetCommander.send(NetCommander.java:115)
	at ru.apertum.qsystem.common.NetCommander.getServerState(NetCommander.java:877)
	... 19 more
Caused by: ru.apertum.qsystem.common.exceptions.QException: Невозможно подключиться к серверу.
	at ru.apertum.qsystem.common.NetCommander.sendRpc(NetCommander.java:137)
	... 21 more
Caused by: java.net.ConnectException: Connection refused: connect
	at java.net.DualStackPlainSocketImpl.waitForConnect(Native Method)
	at java.net.DualStackPlainSocketImpl.socketConnect(DualStackPlainSocketImpl.java:85)
	at java.net.AbstractPlainSocketImpl.doConnect(AbstractPlainSocketImpl.java:350)
	at java.net.AbstractPlainSocketImpl.connectToAddress(AbstractPlainSocketImpl.java:206)
	at java.net.AbstractPlainSocketImpl.connect(AbstractPlainSocketImpl.java:188)
	at java.net.PlainSocketImpl.connect(PlainSocketImpl.java:172)
	at java.net.Socket.connect(Socket.java:589)
	at ru.apertum.qsystem.common.NetCommander.sendRpc(NetCommander.java:134)
	... 21 more
2017-09-12 13:12:09,884 [ERROR] Сервер ответил на запрос о состоянии: "ru.apertum.qsystem.common.exceptions.ClientException: Проблема с командой. " at {ru.apertum.qsystem.client.forms.FAdmin.checkServer(FAdmin.java:995)}
2017-09-13 10:54:33,309 [ INFO] Properties are ready. at {ru.apertum.qsystem.common.QConfig.prepareCLI(QConfig.java:305)}
2017-09-13 10:54:33,314 [ INFO] "QSystem 17.1"!  date: 20.05.2017 at {ru.apertum.qsystem.common.QLog.initial(QLog.java:180)}
2017-09-13 10:54:33,315 [ INFO] START LOGER. Logger: admin.file.info.trace at {ru.apertum.qsystem.common.QLog.initial(QLog.java:181)}
2017-09-13 10:54:33,315 [ INFO] Mode: KEY_DEBUG at {ru.apertum.qsystem.common.QLog.initial(QLog.java:186)}
2017-09-13 10:54:33,315 [ INFO] Plugins: YES at {ru.apertum.qsystem.common.QLog.initial(QLog.java:187)}
2017-09-13 10:54:33,317 [ INFO] Languages are loading... at {ru.apertum.qsystem.client.Locales.<init>(Locales.java:79)}
2017-09-13 10:54:33,325 [DEBUG]    Langusge: Az?rbaycan az_AZ at {ru.apertum.qsystem.client.Locales.<init>(Locales.java:119)}
2017-09-13 10:54:33,328 [DEBUG]    Langusge: English en_US at {ru.apertum.qsystem.client.Locales.<init>(Locales.java:119)}
2017-09-13 10:54:33,330 [DEBUG]    Langusge: Espanol es_ES at {ru.apertum.qsystem.client.Locales.<init>(Locales.java:119)}
2017-09-13 10:54:33,331 [DEBUG]    Langusge: Fran?ais fr_FR at {ru.apertum.qsystem.client.Locales.<init>(Locales.java:119)}
2017-09-13 10:54:33,333 [DEBUG]    Langusge: Italiano it_IT at {ru.apertum.qsystem.client.Locales.<init>(Locales.java:119)}
2017-09-13 10:54:33,334 [DEBUG]    Langusge: Portugu?s pt_PT at {ru.apertum.qsystem.client.Locales.<init>(Locales.java:119)}
2017-09-13 10:54:33,336 [DEBUG]    Langusge: Roman ro_RO at {ru.apertum.qsystem.client.Locales.<init>(Locales.java:119)}
2017-09-13 10:54:33,338 [DEBUG]    Langusge: Русский ru_RU at {ru.apertum.qsystem.client.Locales.<init>(Locales.java:119)}
2017-09-13 10:54:33,340 [DEBUG]    Langusge: Українська uk_UA at {ru.apertum.qsystem.client.Locales.<init>(Locales.java:119)}
2017-09-13 10:54:34,101 [ INFO] DB server '+ driver=com.mysql.jdbc.Driver' url=jdbc:mysql://127.0.0.1/qsystem?autoReconnect=true&amp;characterEncoding=UTF-8 at {ru.apertum.qsystem.hibernate.AnnotationSessionFactoryBean.load(AnnotationSessionFactoryBean.java:183)}
2017-09-13 10:54:35,669 [ INFO] DB is OK. at {ru.apertum.qsystem.client.forms.FAdmin.main(FAdmin.java:1212)}
2017-09-13 10:54:35,678 [ INFO] Загрузка плагинов из папки plugins. at {ru.apertum.qsystem.common.Uses.loadPlugins(Uses.java:788)}
2017-09-13 10:54:35,679 [DEBUG] Плагин Journal.jar at {ru.apertum.qsystem.common.Uses.loadPlugins(Uses.java:795)}
2017-09-13 10:54:35,679 [DEBUG] Плагин Microsound.jar at {ru.apertum.qsystem.common.Uses.loadPlugins(Uses.java:795)}
2017-09-13 10:54:36,197 [ INFO] Создали список. at {ru.apertum.qsystem.server.model.ATListModel.createList(ATListModel.java:45)}
2017-09-13 10:54:36,207 [ INFO] Вход в систему. at {ru.apertum.qsystem.client.forms.FLogin.logining(FLogin.java:313)}
2017-09-13 10:54:39,687 [ INFO] Вход в систему выполнен. Пользователь "Администратор", уровень доступа "3". at {ru.apertum.qsystem.client.forms.FLogin.logining(FLogin.java:335)}
2017-09-13 10:54:41,078 [ INFO] Создали дерево. at {ru.apertum.qsystem.server.model.ATreeModel.createTree(ATreeModel.java:54)}
2017-09-13 10:54:41,090 [ INFO] Создали список. at {ru.apertum.qsystem.server.model.ATListModel.createList(ATListModel.java:45)}
2017-09-13 10:54:41,110 [ INFO] Создали дерево. at {ru.apertum.qsystem.server.model.ATreeModel.createTree(ATreeModel.java:54)}
2017-09-13 10:54:41,129 [ INFO] Создали дерево. at {ru.apertum.qsystem.server.model.ATreeModel.createTree(ATreeModel.java:54)}
2017-09-13 10:54:41,155 [ INFO] Создали список. at {ru.apertum.qsystem.server.model.ATListModel.createList(ATListModel.java:45)}
2017-09-13 10:54:41,178 [ INFO] Создали список. at {ru.apertum.qsystem.server.model.ATListModel.createList(ATListModel.java:45)}
2017-09-13 10:54:41,185 [ INFO] Создали список. at {ru.apertum.qsystem.server.model.ATListModel.createList(ATListModel.java:45)}
2017-09-13 10:54:41,432 [ INFO] Создали список. at {ru.apertum.qsystem.server.model.ATListModel.createList(ATListModel.java:45)}
2017-09-13 10:54:41,532 [DEBUG] Создаем модель для календаря at {ru.apertum.qsystem.server.model.calendar.CalendarTableModel.<init>(CalendarTableModel.java:44)}
2017-09-13 10:54:43,086 [ INFO] Запрос о состоянии на сервер. at {ru.apertum.qsystem.client.forms.FAdmin.checkServer(FAdmin.java:985)}
2017-09-13 10:54:43,109 [ INFO] Получение описания состояния сервера. at {ru.apertum.qsystem.common.NetCommander.getServerState(NetCommander.java:873)}
2017-09-13 10:54:43,121 [TRACE] Task "Получить состояние сервера" on 127.0.0.1:3128#
{"jsonrpc":"2.0","id":"1505289283109","method":"Получить состояние сервера"} at {ru.apertum.qsystem.common.NetCommander.sendRpc(NetCommander.java:131)}
2017-09-13 10:54:43,122 [TRACE] Socket was created. at {ru.apertum.qsystem.common.NetCommander.sendRpc(NetCommander.java:139)}
2017-09-13 10:54:43,124 [TRACE] Sending... at {ru.apertum.qsystem.common.NetCommander.sendRpc(NetCommander.java:145)}
2017-09-13 10:54:43,124 [TRACE] Reading... at {ru.apertum.qsystem.common.NetCommander.sendRpc(NetCommander.java:147)}
2017-09-13 10:54:43,229 [TRACE] Response:
{"result":[{"service_name":"Консультация. Сотовая связь","waiting":0,"first":"-","id":1504684639861,"wait_max":0},{"service_name":"Оформить обращение по качеству обслуживания","waiting":0,"first":"-","id":1504684653226,"wait_max":0},{"service_name":"Сдать оборудование в ремонт (на тестирование)","waiting":0,"first":"-","id":1504684674193,"wait_max":0},{"service_name":"Получить оборудование из ремонта","waiting":0,"first":"-","id":1504684881341,"wait_max":0}],"jsonrpc":"2.0","id":"1505289283226"}
 at {ru.apertum.qsystem.common.NetCommander.sendRpc(NetCommander.java:159)}
2017-09-13 10:54:43,241 [ INFO] Команда на обновление пула отложенных. at {ru.apertum.qsystem.common.NetCommander.getPostponedPoolInfo(NetCommander.java:1429)}
2017-09-13 10:54:43,242 [TRACE] Task "Получить состояние пула отложенных" on 127.0.0.1:3128#
{"jsonrpc":"2.0","id":"1505289283109","method":"Получить состояние пула отложенных"} at {ru.apertum.qsystem.common.NetCommander.sendRpc(NetCommander.java:131)}
2017-09-13 10:54:43,243 [TRACE] Socket was created. at {ru.apertum.qsystem.common.NetCommander.sendRpc(NetCommander.java:139)}
2017-09-13 10:54:43,243 [TRACE] Sending... at {ru.apertum.qsystem.common.NetCommander.sendRpc(NetCommander.java:145)}
2017-09-13 10:54:43,244 [TRACE] Reading... at {ru.apertum.qsystem.common.NetCommander.sendRpc(NetCommander.java:147)}
2017-09-13 10:54:43,350 [TRACE] Response:
{"result":[{"id":1505288794658,"number":868,"stateIn":11,"state":"STATE_POSTPONED","priority":1,"to_service":{"id":1504684881341,"status":1,"point":0,"duration":1,"exp":0,"sound_template":"021111","advance_limit":1,"day_limit":0,"person_day_limit":0,"inputed_as_number":0,"advance_limit_period":0,"advance_time_period":60,"enable":1,"result_required":false,"input_required":false,"inputed_as_ext":false,"input_caption":"","pre_info_html":"","pre_info_print_text":"","ticket_text":"","tablo_text":"","but_x":100,"but_y":100,"but_b":100,"but_h":100,"countPerDay":1,"day":256,"description":"Получить оборудование из ремонта","service_prefix":"","name":"Получить оборудование из ремонта","buttonText":"\u003chtml\u003e\u003cb\u003e\u003cp align\u003dcenter\u003e\u003cspan style\u003d\u0027font-size:20.0pt;color:red\u0027\u003eПолучить оборудование из ремонта\u003c/span\u003e\u003c/b\u003e","parentId":1504617489400,"langs":[],"inner_services":[]},"prefix":"","stand_time":"13.09.2017 10:47:09","finish_time":"13.09.2017 10:47:08","input_data":"","need_back":false,"temp_comments":"","post_atatus":"Отправлен на оплату.  Вызван: 1 раз. Услуга: Получить оборудование из ремонта","postpone_period":10,"is_mine":707,"recall_cnt":1,"start_postpone_period":1505288828815,"complex_id":[]}],"jsonrpc":"2.0","id":"1505289283347"}
 at {ru.apertum.qsystem.common.NetCommander.sendRpc(NetCommander.java:159)}
2017-09-13 10:54:46,893 [ INFO] Запрос о состоянии на сервер. at {ru.apertum.qsystem.client.forms.FAdmin.checkServer(FAdmin.java:985)}
2017-09-13 10:54:46,895 [ INFO] Получение описания состояния сервера. at {ru.apertum.qsystem.common.NetCommander.getServerState(NetCommander.java:873)}
2017-09-13 10:54:46,896 [TRACE] Task "Получить состояние сервера" on 127.0.0.1:3128#
{"jsonrpc":"2.0","id":"1505289283109","method":"Получить состояние сервера"} at {ru.apertum.qsystem.common.NetCommander.sendRpc(NetCommander.java:131)}
2017-09-13 10:54:46,897 [TRACE] Socket was created. at {ru.apertum.qsystem.common.NetCommander.sendRpc(NetCommander.java:139)}
2017-09-13 10:54:46,898 [TRACE] Sending... at {ru.apertum.qsystem.common.NetCommander.sendRpc(NetCommander.java:145)}
2017-09-13 10:54:46,899 [TRACE] Reading... at {ru.apertum.qsystem.common.NetCommander.sendRpc(NetCommander.java:147)}
2017-09-13 10:54:47,001 [TRACE] Response:
{"result":[{"service_name":"Консультация. Сотовая связь","waiting":0,"first":"-","id":1504684639861,"wait_max":0},{"service_name":"Оформить обращение по качеству обслуживания","waiting":0,"first":"-","id":1504684653226,"wait_max":0},{"service_name":"Сдать оборудование в ремонт (на тестирование)","waiting":0,"first":"-","id":1504684674193,"wait_max":0},{"service_name":"Получить оборудование из ремонта","waiting":0,"first":"-","id":1504684881341,"wait_max":0}],"jsonrpc":"2.0","id":"1505289286999"}
 at {ru.apertum.qsystem.common.NetCommander.sendRpc(NetCommander.java:159)}
2017-09-13 10:54:47,002 [ INFO] Команда на обновление пула отложенных. at {ru.apertum.qsystem.common.NetCommander.getPostponedPoolInfo(NetCommander.java:1429)}
2017-09-13 10:54:47,002 [TRACE] Task "Получить состояние пула отложенных" on 127.0.0.1:3128#
{"jsonrpc":"2.0","id":"1505289283109","method":"Получить состояние пула отложенных"} at {ru.apertum.qsystem.common.NetCommander.sendRpc(NetCommander.java:131)}
2017-09-13 10:54:47,003 [TRACE] Socket was created. at {ru.apertum.qsystem.common.NetCommander.sendRpc(NetCommander.java:139)}
2017-09-13 10:54:47,003 [TRACE] Sending... at {ru.apertum.qsystem.common.NetCommander.sendRpc(NetCommander.java:145)}
2017-09-13 10:54:47,004 [TRACE] Reading... at {ru.apertum.qsystem.common.NetCommander.sendRpc(NetCommander.java:147)}
2017-09-13 10:54:47,111 [TRACE] Response:
{"result":[{"id":1505288794658,"number":868,"stateIn":11,"state":"STATE_POSTPONED","priority":1,"to_service":{"id":1504684881341,"status":1,"point":0,"duration":1,"exp":0,"sound_template":"021111","advance_limit":1,"day_limit":0,"person_day_limit":0,"inputed_as_number":0,"advance_limit_period":0,"advance_time_period":60,"enable":1,"result_required":false,"input_required":false,"inputed_as_ext":false,"input_caption":"","pre_info_html":"","pre_info_print_text":"","ticket_text":"","tablo_text":"","but_x":100,"but_y":100,"but_b":100,"but_h":100,"countPerDay":1,"day":256,"description":"Получить оборудование из ремонта","service_prefix":"","name":"Получить оборудование из ремонта","buttonText":"\u003chtml\u003e\u003cb\u003e\u003cp align\u003dcenter\u003e\u003cspan style\u003d\u0027font-size:20.0pt;color:red\u0027\u003eПолучить оборудование из ремонта\u003c/span\u003e\u003c/b\u003e","parentId":1504617489400,"langs":[],"inner_services":[]},"prefix":"","stand_time":"13.09.2017 10:47:09","finish_time":"13.09.2017 10:47:08","input_data":"","need_back":false,"temp_comments":"","post_atatus":"Отправлен на оплату.  Вызван: 1 раз. Услуга: Получить оборудование из ремонта","postpone_period":10,"is_mine":707,"recall_cnt":1,"start_postpone_period":1505288828815,"complex_id":[]}],"jsonrpc":"2.0","id":"1505289287105"}
 at {ru.apertum.qsystem.common.NetCommander.sendRpc(NetCommander.java:159)}
2017-09-13 10:54:51,775 [ INFO] Запрос о состоянии на пункт регистрации. at {ru.apertum.qsystem.client.forms.FAdmin.checkWelcome(FAdmin.java:1033)}
2017-09-13 10:54:51,781 [ INFO] Получение описания состояния пункта регистрации. at {ru.apertum.qsystem.common.NetCommander.getWelcomeState(NetCommander.java:902)}
2017-09-13 10:54:51,782 [TRACE] Task "Empty" on 10.5.18.31:3129#
{"params":{"drop_tickets_cnt":false},"jsonrpc":"2.0","id":"1505289283109","method":"Empty"} at {ru.apertum.qsystem.common.NetCommander.sendRpc(NetCommander.java:131)}
2017-09-13 10:54:51,786 [TRACE] Socket was created. at {ru.apertum.qsystem.common.NetCommander.sendRpc(NetCommander.java:139)}
2017-09-13 10:54:51,787 [TRACE] Sending... at {ru.apertum.qsystem.common.NetCommander.sendRpc(NetCommander.java:145)}
2017-09-13 10:54:51,788 [TRACE] Reading... at {ru.apertum.qsystem.common.NetCommander.sendRpc(NetCommander.java:147)}
2017-09-13 10:54:52,002 [TRACE] Response:
{"result":"Готов к работе.  4856 талонов было напечатано","jsonrpc":"2.0","id":"1505289288135"}
 at {ru.apertum.qsystem.common.NetCommander.sendRpc(NetCommander.java:159)}
2017-09-13 10:56:02,228 [ INFO] Запрос о состоянии на сервер. at {ru.apertum.qsystem.client.forms.FAdmin.checkServer(FAdmin.java:985)}
2017-09-13 10:56:02,228 [ INFO] Получение описания состояния сервера. at {ru.apertum.qsystem.common.NetCommander.getServerState(NetCommander.java:873)}
2017-09-13 10:56:02,229 [TRACE] Task "Получить состояние сервера" on 127.0.0.1:3128#
{"jsonrpc":"2.0","id":"1505289283109","method":"Получить состояние сервера"} at {ru.apertum.qsystem.common.NetCommander.sendRpc(NetCommander.java:131)}
2017-09-13 10:56:02,231 [TRACE] Socket was created. at {ru.apertum.qsystem.common.NetCommander.sendRpc(NetCommander.java:139)}
2017-09-13 10:56:02,232 [TRACE] Sending... at {ru.apertum.qsystem.common.NetCommander.sendRpc(NetCommander.java:145)}
2017-09-13 10:56:02,233 [TRACE] Reading... at {ru.apertum.qsystem.common.NetCommander.sendRpc(NetCommander.java:147)}
2017-09-13 10:56:02,335 [TRACE] Response:
{"result":[{"service_name":"Консультация. Сотовая связь","waiting":0,"first":"-","id":1504684639861,"wait_max":0},{"service_name":"Оформить обращение по качеству обслуживания","waiting":0,"first":"-","id":1504684653226,"wait_max":0},{"service_name":"Сдать оборудование в ремонт (на тестирование)","waiting":0,"first":"-","id":1504684674193,"wait_max":0},{"service_name":"Получить оборудование из ремонта","waiting":0,"first":"-","id":1504684881341,"wait_max":0}],"jsonrpc":"2.0","id":"1505289362333"}
 at {ru.apertum.qsystem.common.NetCommander.sendRpc(NetCommander.java:159)}
2017-09-13 10:56:02,336 [ INFO] Команда на обновление пула отложенных. at {ru.apertum.qsystem.common.NetCommander.getPostponedPoolInfo(NetCommander.java:1429)}
2017-09-13 10:56:02,337 [TRACE] Task "Получить состояние пула отложенных" on 127.0.0.1:3128#
{"jsonrpc":"2.0","id":"1505289283109","method":"Получить состояние пула отложенных"} at {ru.apertum.qsystem.common.NetCommander.sendRpc(NetCommander.java:131)}
2017-09-13 10:56:02,338 [TRACE] Socket was created. at {ru.apertum.qsystem.common.NetCommander.sendRpc(NetCommander.java:139)}
2017-09-13 10:56:02,340 [TRACE] Sending... at {ru.apertum.qsystem.common.NetCommander.sendRpc(NetCommander.java:145)}
2017-09-13 10:56:02,341 [TRACE] Reading... at {ru.apertum.qsystem.common.NetCommander.sendRpc(NetCommander.java:147)}
2017-09-13 10:56:02,442 [TRACE] Response:
{"result":[{"id":1505288794658,"number":868,"stateIn":11,"state":"STATE_POSTPONED","priority":1,"to_service":{"id":1504684881341,"status":1,"point":0,"duration":1,"exp":0,"sound_template":"021111","advance_limit":1,"day_limit":0,"person_day_limit":0,"inputed_as_number":0,"advance_limit_period":0,"advance_time_period":60,"enable":1,"result_required":false,"input_required":false,"inputed_as_ext":false,"input_caption":"","pre_info_html":"","pre_info_print_text":"","ticket_text":"","tablo_text":"","but_x":100,"but_y":100,"but_b":100,"but_h":100,"countPerDay":1,"day":256,"description":"Получить оборудование из ремонта","service_prefix":"","name":"Получить оборудование из ремонта","buttonText":"\u003chtml\u003e\u003cb\u003e\u003cp align\u003dcenter\u003e\u003cspan style\u003d\u0027font-size:20.0pt;color:red\u0027\u003eПолучить оборудование из ремонта\u003c/span\u003e\u003c/b\u003e","parentId":1504617489400,"langs":[],"inner_services":[]},"prefix":"","stand_time":"13.09.2017 10:47:09","finish_time":"13.09.2017 10:47:08","input_data":"","need_back":false,"temp_comments":"","post_atatus":"Отправлен на оплату.  Вызван: 1 раз. Услуга: Получить оборудование из ремонта","postpone_period":10,"is_mine":707,"recall_cnt":1,"start_postpone_period":1505288828815,"complex_id":[]}],"jsonrpc":"2.0","id":"1505289362440"}
 at {ru.apertum.qsystem.common.NetCommander.sendRpc(NetCommander.java:159)}
2017-09-13 10:56:20,666 [ INFO] Запрос о состоянии на сервер. at {ru.apertum.qsystem.client.forms.FAdmin.checkServer(FAdmin.java:985)}
2017-09-13 10:56:20,667 [ INFO] Получение описания состояния сервера. at {ru.apertum.qsystem.common.NetCommander.getServerState(NetCommander.java:873)}
2017-09-13 10:56:20,668 [TRACE] Task "Получить состояние сервера" on 127.0.0.1:3128#
{"jsonrpc":"2.0","id":"1505289283109","method":"Получить состояние сервера"} at {ru.apertum.qsystem.common.NetCommander.sendRpc(NetCommander.java:131)}
2017-09-13 10:56:20,670 [TRACE] Socket was created. at {ru.apertum.qsystem.common.NetCommander.sendRpc(NetCommander.java:139)}
2017-09-13 10:56:20,671 [TRACE] Sending... at {ru.apertum.qsystem.common.NetCommander.sendRpc(NetCommander.java:145)}
2017-09-13 10:56:20,671 [TRACE] Reading... at {ru.apertum.qsystem.common.NetCommander.sendRpc(NetCommander.java:147)}
2017-09-13 10:56:20,775 [TRACE] Response:
{"result":[{"service_name":"Консультация. Сотовая связь","waiting":0,"first":"-","id":1504684639861,"wait_max":0},{"service_name":"Оформить обращение по качеству обслуживания","waiting":0,"first":"-","id":1504684653226,"wait_max":0},{"service_name":"Сдать оборудование в ремонт (на тестирование)","waiting":0,"first":"-","id":1504684674193,"wait_max":0},{"service_name":"Получить оборудование из ремонта","waiting":0,"first":"-","id":1504684881341,"wait_max":0}],"jsonrpc":"2.0","id":"1505289380772"}
 at {ru.apertum.qsystem.common.NetCommander.sendRpc(NetCommander.java:159)}
2017-09-13 10:56:20,777 [ INFO] Команда на обновление пула отложенных. at {ru.apertum.qsystem.common.NetCommander.getPostponedPoolInfo(NetCommander.java:1429)}
2017-09-13 10:56:20,778 [TRACE] Task "Получить состояние пула отложенных" on 127.0.0.1:3128#
{"jsonrpc":"2.0","id":"1505289283109","method":"Получить состояние пула отложенных"} at {ru.apertum.qsystem.common.NetCommander.sendRpc(NetCommander.java:131)}
2017-09-13 10:56:20,780 [TRACE] Socket was created. at {ru.apertum.qsystem.common.NetCommander.sendRpc(NetCommander.java:139)}
2017-09-13 10:56:20,781 [TRACE] Sending... at {ru.apertum.qsystem.common.NetCommander.sendRpc(NetCommander.java:145)}
2017-09-13 10:56:20,782 [TRACE] Reading... at {ru.apertum.qsystem.common.NetCommander.sendRpc(NetCommander.java:147)}
2017-09-13 10:56:20,888 [TRACE] Response:
{"result":[{"id":1505288794658,"number":868,"stateIn":11,"state":"STATE_POSTPONED","priority":1,"to_service":{"id":1504684881341,"status":1,"point":0,"duration":1,"exp":0,"sound_template":"021111","advance_limit":1,"day_limit":0,"person_day_limit":0,"inputed_as_number":0,"advance_limit_period":0,"advance_time_period":60,"enable":1,"result_required":false,"input_required":false,"inputed_as_ext":false,"input_caption":"","pre_info_html":"","pre_info_print_text":"","ticket_text":"","tablo_text":"","but_x":100,"but_y":100,"but_b":100,"but_h":100,"countPerDay":1,"day":256,"description":"Получить оборудование из ремонта","service_prefix":"","name":"Получить оборудование из ремонта","buttonText":"\u003chtml\u003e\u003cb\u003e\u003cp align\u003dcenter\u003e\u003cspan style\u003d\u0027font-size:20.0pt;color:red\u0027\u003eПолучить оборудование из ремонта\u003c/span\u003e\u003c/b\u003e","parentId":1504617489400,"langs":[],"inner_services":[]},"prefix":"","stand_time":"13.09.2017 10:47:09","finish_time":"13.09.2017 10:47:08","input_data":"","need_back":false,"temp_comments":"","post_atatus":"Отправлен на оплату.  Вызван: 1 раз. Услуга: Получить оборудование из ремонта","postpone_period":10,"is_mine":707,"recall_cnt":1,"start_postpone_period":1505288828815,"complex_id":[]}],"jsonrpc":"2.0","id":"1505289380883"}
 at {ru.apertum.qsystem.common.NetCommander.sendRpc(NetCommander.java:159)}
2017-09-13 10:57:12,938 [ INFO] Запрос о состоянии на сервер. at {ru.apertum.qsystem.client.forms.FAdmin.checkServer(FAdmin.java:985)}
2017-09-13 10:57:12,939 [ INFO] Получение описания состояния сервера. at {ru.apertum.qsystem.common.NetCommander.getServerState(NetCommander.java:873)}
2017-09-13 10:57:12,940 [TRACE] Task "Получить состояние сервера" on 127.0.0.1:3128#
{"jsonrpc":"2.0","id":"1505289283109","method":"Получить состояние сервера"} at {ru.apertum.qsystem.common.NetCommander.sendRpc(NetCommander.java:131)}
2017-09-13 10:57:12,941 [TRACE] Socket was created. at {ru.apertum.qsystem.common.NetCommander.sendRpc(NetCommander.java:139)}
2017-09-13 10:57:12,942 [TRACE] Sending... at {ru.apertum.qsystem.common.NetCommander.sendRpc(NetCommander.java:145)}
2017-09-13 10:57:12,943 [TRACE] Reading... at {ru.apertum.qsystem.common.NetCommander.sendRpc(NetCommander.java:147)}
2017-09-13 10:57:13,047 [TRACE] Response:
{"result":[{"service_name":"Консультация. Сотовая связь","waiting":0,"first":"-","id":1504684639861,"wait_max":0},{"service_name":"Оформить обращение по качеству обслуживания","waiting":0,"first":"-","id":1504684653226,"wait_max":0},{"service_name":"Сдать оборудование в ремонт (на тестирование)","waiting":0,"first":"-","id":1504684674193,"wait_max":0},{"service_name":"Получить оборудование из ремонта","waiting":0,"first":"-","id":1504684881341,"wait_max":0}],"jsonrpc":"2.0","id":"1505289433043"}
 at {ru.apertum.qsystem.common.NetCommander.sendRpc(NetCommander.java:159)}
2017-09-13 10:57:13,048 [ INFO] Команда на обновление пула отложенных. at {ru.apertum.qsystem.common.NetCommander.getPostponedPoolInfo(NetCommander.java:1429)}
2017-09-13 10:57:13,049 [TRACE] Task "Получить состояние пула отложенных" on 127.0.0.1:3128#
{"jsonrpc":"2.0","id":"1505289283109","method":"Получить состояние пула отложенных"} at {ru.apertum.qsystem.common.NetCommander.sendRpc(NetCommander.java:131)}
2017-09-13 10:57:13,050 [TRACE] Socket was created. at {ru.apertum.qsystem.common.NetCommander.sendRpc(NetCommander.java:139)}
2017-09-13 10:57:13,051 [TRACE] Sending... at {ru.apertum.qsystem.common.NetCommander.sendRpc(NetCommander.java:145)}
2017-09-13 10:57:13,052 [TRACE] Reading... at {ru.apertum.qsystem.common.NetCommander.sendRpc(NetCommander.java:147)}
2017-09-13 10:57:13,064 [TRACE] Response:
{"result":[{"id":1505288794658,"number":868,"stateIn":11,"state":"STATE_POSTPONED","priority":1,"to_service":{"id":1504684881341,"status":1,"point":0,"duration":1,"exp":0,"sound_template":"021111","advance_limit":1,"day_limit":0,"person_day_limit":0,"inputed_as_number":0,"advance_limit_period":0,"advance_time_period":60,"enable":1,"result_required":false,"input_required":false,"inputed_as_ext":false,"input_caption":"","pre_info_html":"","pre_info_print_text":"","ticket_text":"","tablo_text":"","but_x":100,"but_y":100,"but_b":100,"but_h":100,"countPerDay":1,"day":256,"description":"Получить оборудование из ремонта","service_prefix":"","name":"Получить оборудование из ремонта","buttonText":"\u003chtml\u003e\u003cb\u003e\u003cp align\u003dcenter\u003e\u003cspan style\u003d\u0027font-size:20.0pt;color:red\u0027\u003eПолучить оборудование из ремонта\u003c/span\u003e\u003c/b\u003e","parentId":1504617489400,"langs":[],"inner_services":[]},"prefix":"","stand_time":"13.09.2017 10:47:09","finish_time":"13.09.2017 10:47:08","input_data":"","need_back":false,"temp_comments":"","post_atatus":"Отправлен на оплату.  Вызван: 1 раз. Услуга: Получить оборудование из ремонта","postpone_period":10,"is_mine":707,"recall_cnt":1,"start_postpone_period":1505288828815,"complex_id":[]}],"jsonrpc":"2.0","id":"1505289433056"}
 at {ru.apertum.qsystem.common.NetCommander.sendRpc(NetCommander.java:159)}
2017-09-13 10:57:14,133 [ INFO] Запрос о состоянии на сервер. at {ru.apertum.qsystem.client.forms.FAdmin.checkServer(FAdmin.java:985)}
2017-09-13 10:57:14,134 [ INFO] Получение описания состояния сервера. at {ru.apertum.qsystem.common.NetCommander.getServerState(NetCommander.java:873)}
2017-09-13 10:57:14,135 [TRACE] Task "Получить состояние сервера" on 127.0.0.1:3128#
{"jsonrpc":"2.0","id":"1505289283109","method":"Получить состояние сервера"} at {ru.apertum.qsystem.common.NetCommander.sendRpc(NetCommander.java:131)}
2017-09-13 10:57:14,136 [TRACE] Socket was created. at {ru.apertum.qsystem.common.NetCommander.sendRpc(NetCommander.java:139)}
2017-09-13 10:57:14,137 [TRACE] Sending... at {ru.apertum.qsystem.common.NetCommander.sendRpc(NetCommander.java:145)}
2017-09-13 10:57:14,138 [TRACE] Reading... at {ru.apertum.qsystem.common.NetCommander.sendRpc(NetCommander.java:147)}
2017-09-13 10:57:14,242 [TRACE] Response:
{"result":[{"service_name":"Консультация. Сотовая связь","waiting":0,"first":"-","id":1504684639861,"wait_max":0},{"service_name":"Оформить обращение по качеству обслуживания","waiting":0,"first":"-","id":1504684653226,"wait_max":0},{"service_name":"Сдать оборудование в ремонт (на тестирование)","waiting":0,"first":"-","id":1504684674193,"wait_max":0},{"service_name":"Получить оборудование из ремонта","waiting":0,"first":"-","id":1504684881341,"wait_max":0}],"jsonrpc":"2.0","id":"1505289434239"}
 at {ru.apertum.qsystem.common.NetCommander.sendRpc(NetCommander.java:159)}
2017-09-13 10:57:14,244 [ INFO] Команда на обновление пула отложенных. at {ru.apertum.qsystem.common.NetCommander.getPostponedPoolInfo(NetCommander.java:1429)}
2017-09-13 10:57:14,245 [TRACE] Task "Получить состояние пула отложенных" on 127.0.0.1:3128#
{"jsonrpc":"2.0","id":"1505289283109","method":"Получить состояние пула отложенных"} at {ru.apertum.qsystem.common.NetCommander.sendRpc(NetCommander.java:131)}
2017-09-13 10:57:14,261 [TRACE] Socket was created. at {ru.apertum.qsystem.common.NetCommander.sendRpc(NetCommander.java:139)}
2017-09-13 10:57:14,262 [TRACE] Sending... at {ru.apertum.qsystem.common.NetCommander.sendRpc(NetCommander.java:145)}
2017-09-13 10:57:14,263 [TRACE] Reading... at {ru.apertum.qsystem.common.NetCommander.sendRpc(NetCommander.java:147)}
2017-09-13 10:57:14,276 [TRACE] Response:
{"result":[{"id":1505288794658,"number":868,"stateIn":11,"state":"STATE_POSTPONED","priority":1,"to_service":{"id":1504684881341,"status":1,"point":0,"duration":1,"exp":0,"sound_template":"021111","advance_limit":1,"day_limit":0,"person_day_limit":0,"inputed_as_number":0,"advance_limit_period":0,"advance_time_period":60,"enable":1,"result_required":false,"input_required":false,"inputed_as_ext":false,"input_caption":"","pre_info_html":"","pre_info_print_text":"","ticket_text":"","tablo_text":"","but_x":100,"but_y":100,"but_b":100,"but_h":100,"countPerDay":1,"day":256,"description":"Получить оборудование из ремонта","service_prefix":"","name":"Получить оборудование из ремонта","buttonText":"\u003chtml\u003e\u003cb\u003e\u003cp align\u003dcenter\u003e\u003cspan style\u003d\u0027font-size:20.0pt;color:red\u0027\u003eПолучить оборудование из ремонта\u003c/span\u003e\u003c/b\u003e","parentId":1504617489400,"langs":[],"inner_services":[]},"prefix":"","stand_time":"13.09.2017 10:47:09","finish_time":"13.09.2017 10:47:08","input_data":"","need_back":false,"temp_comments":"","post_atatus":"Отправлен на оплату.  Вызван: 1 раз. Услуга: Получить оборудование из ремонта","postpone_period":10,"is_mine":707,"recall_cnt":1,"start_postpone_period":1505288828815,"complex_id":[]}],"jsonrpc":"2.0","id":"1505289434274"}
 at {ru.apertum.qsystem.common.NetCommander.sendRpc(NetCommander.java:159)}
2017-09-13 10:57:27,823 [ INFO] Запрос о состоянии на сервер. at {ru.apertum.qsystem.client.forms.FAdmin.checkServer(FAdmin.java:985)}
2017-09-13 10:57:27,824 [ INFO] Получение описания состояния сервера. at {ru.apertum.qsystem.common.NetCommander.getServerState(NetCommander.java:873)}
2017-09-13 10:57:27,824 [TRACE] Task "Получить состояние сервера" on 127.0.0.1:3128#
{"jsonrpc":"2.0","id":"1505289283109","method":"Получить состояние сервера"} at {ru.apertum.qsystem.common.NetCommander.sendRpc(NetCommander.java:131)}
2017-09-13 10:57:27,826 [TRACE] Socket was created. at {ru.apertum.qsystem.common.NetCommander.sendRpc(NetCommander.java:139)}
2017-09-13 10:57:27,826 [TRACE] Sending... at {ru.apertum.qsystem.common.NetCommander.sendRpc(NetCommander.java:145)}
2017-09-13 10:57:27,827 [TRACE] Reading... at {ru.apertum.qsystem.common.NetCommander.sendRpc(NetCommander.java:147)}
2017-09-13 10:57:27,834 [TRACE] Response:
{"result":[{"service_name":"Консультация. Сотовая связь","waiting":0,"first":"-","id":1504684639861,"wait_max":0},{"service_name":"Оформить обращение по качеству обслуживания","waiting":0,"first":"-","id":1504684653226,"wait_max":0},{"service_name":"Сдать оборудование в ремонт (на тестирование)","waiting":0,"first":"-","id":1504684674193,"wait_max":0},{"service_name":"Получить оборудование из ремонта","waiting":0,"first":"-","id":1504684881341,"wait_max":0}],"jsonrpc":"2.0","id":"1505289447831"}
 at {ru.apertum.qsystem.common.NetCommander.sendRpc(NetCommander.java:159)}
2017-09-13 10:57:27,837 [ INFO] Команда на обновление пула отложенных. at {ru.apertum.qsystem.common.NetCommander.getPostponedPoolInfo(NetCommander.java:1429)}
2017-09-13 10:57:27,838 [TRACE] Task "Получить состояние пула отложенных" on 127.0.0.1:3128#
{"jsonrpc":"2.0","id":"1505289283109","method":"Получить состояние пула отложенных"} at {ru.apertum.qsystem.common.NetCommander.sendRpc(NetCommander.java:131)}
2017-09-13 10:57:27,840 [TRACE] Socket was created. at {ru.apertum.qsystem.common.NetCommander.sendRpc(NetCommander.java:139)}
2017-09-13 10:57:27,841 [TRACE] Sending... at {ru.apertum.qsystem.common.NetCommander.sendRpc(NetCommander.java:145)}
2017-09-13 10:57:27,847 [TRACE] Reading... at {ru.apertum.qsystem.common.NetCommander.sendRpc(NetCommander.java:147)}
2017-09-13 10:57:27,863 [TRACE] Response:
{"result":[{"id":1505288794658,"number":868,"stateIn":11,"state":"STATE_POSTPONED","priority":1,"to_service":{"id":1504684881341,"status":1,"point":0,"duration":1,"exp":0,"sound_template":"021111","advance_limit":1,"day_limit":0,"person_day_limit":0,"inputed_as_number":0,"advance_limit_period":0,"advance_time_period":60,"enable":1,"result_required":false,"input_required":false,"inputed_as_ext":false,"input_caption":"","pre_info_html":"","pre_info_print_text":"","ticket_text":"","tablo_text":"","but_x":100,"but_y":100,"but_b":100,"but_h":100,"countPerDay":1,"day":256,"description":"Получить оборудование из ремонта","service_prefix":"","name":"Получить оборудование из ремонта","buttonText":"\u003chtml\u003e\u003cb\u003e\u003cp align\u003dcenter\u003e\u003cspan style\u003d\u0027font-size:20.0pt;color:red\u0027\u003eПолучить оборудование из ремонта\u003c/span\u003e\u003c/b\u003e","parentId":1504617489400,"langs":[],"inner_services":[]},"prefix":"","stand_time":"13.09.2017 10:47:09","finish_time":"13.09.2017 10:47:08","input_data":"","need_back":false,"temp_comments":"","post_atatus":"Отправлен на оплату.  Вызван: 1 раз. Услуга: Получить оборудование из ремонта","postpone_period":10,"is_mine":707,"recall_cnt":1,"start_postpone_period":1505288828815,"complex_id":[]}],"jsonrpc":"2.0","id":"1505289447860"}
 at {ru.apertum.qsystem.common.NetCommander.sendRpc(NetCommander.java:159)}
2017-09-13 10:57:28,529 [ INFO] Запрос о состоянии на сервер. at {ru.apertum.qsystem.client.forms.FAdmin.checkServer(FAdmin.java:985)}
2017-09-13 10:57:28,529 [ INFO] Получение описания состояния сервера. at {ru.apertum.qsystem.common.NetCommander.getServerState(NetCommander.java:873)}
2017-09-13 10:57:28,530 [TRACE] Task "Получить состояние сервера" on 127.0.0.1:3128#
{"jsonrpc":"2.0","id":"1505289283109","method":"Получить состояние сервера"} at {ru.apertum.qsystem.common.NetCommander.sendRpc(NetCommander.java:131)}
2017-09-13 10:57:28,532 [TRACE] Socket was created. at {ru.apertum.qsystem.common.NetCommander.sendRpc(NetCommander.java:139)}
2017-09-13 10:57:28,533 [TRACE] Sending... at {ru.apertum.qsystem.common.NetCommander.sendRpc(NetCommander.java:145)}
2017-09-13 10:57:28,534 [TRACE] Reading... at {ru.apertum.qsystem.common.NetCommander.sendRpc(NetCommander.java:147)}
2017-09-13 10:57:28,638 [TRACE] Response:
{"result":[{"service_name":"Консультация. Сотовая связь","waiting":0,"first":"-","id":1504684639861,"wait_max":0},{"service_name":"Оформить обращение по качеству обслуживания","waiting":0,"first":"-","id":1504684653226,"wait_max":0},{"service_name":"Сдать оборудование в ремонт (на тестирование)","waiting":0,"first":"-","id":1504684674193,"wait_max":0},{"service_name":"Получить оборудование из ремонта","waiting":0,"first":"-","id":1504684881341,"wait_max":0}],"jsonrpc":"2.0","id":"1505289448635"}
 at {ru.apertum.qsystem.common.NetCommander.sendRpc(NetCommander.java:159)}
2017-09-13 10:57:28,640 [ INFO] Команда на обновление пула отложенных. at {ru.apertum.qsystem.common.NetCommander.getPostponedPoolInfo(NetCommander.java:1429)}
2017-09-13 10:57:28,640 [TRACE] Task "Получить состояние пула отложенных" on 127.0.0.1:3128#
{"jsonrpc":"2.0","id":"1505289283109","method":"Получить состояние пула отложенных"} at {ru.apertum.qsystem.common.NetCommander.sendRpc(NetCommander.java:131)}
2017-09-13 10:57:28,645 [TRACE] Socket was created. at {ru.apertum.qsystem.common.NetCommander.sendRpc(NetCommander.java:139)}
2017-09-13 10:57:28,646 [TRACE] Sending... at {ru.apertum.qsystem.common.NetCommander.sendRpc(NetCommander.java:145)}
2017-09-13 10:57:28,647 [TRACE] Reading... at {ru.apertum.qsystem.common.NetCommander.sendRpc(NetCommander.java:147)}
2017-09-13 10:57:28,658 [TRACE] Response:
{"result":[{"id":1505288794658,"number":868,"stateIn":11,"state":"STATE_POSTPONED","priority":1,"to_service":{"id":1504684881341,"status":1,"point":0,"duration":1,"exp":0,"sound_template":"021111","advance_limit":1,"day_limit":0,"person_day_limit":0,"inputed_as_number":0,"advance_limit_period":0,"advance_time_period":60,"enable":1,"result_required":false,"input_required":false,"inputed_as_ext":false,"input_caption":"","pre_info_html":"","pre_info_print_text":"","ticket_text":"","tablo_text":"","but_x":100,"but_y":100,"but_b":100,"but_h":100,"countPerDay":1,"day":256,"description":"Получить оборудование из ремонта","service_prefix":"","name":"Получить оборудование из ремонта","buttonText":"\u003chtml\u003e\u003cb\u003e\u003cp align\u003dcenter\u003e\u003cspan style\u003d\u0027font-size:20.0pt;color:red\u0027\u003eПолучить оборудование из ремонта\u003c/span\u003e\u003c/b\u003e","parentId":1504617489400,"langs":[],"inner_services":[]},"prefix":"","stand_time":"13.09.2017 10:47:09","finish_time":"13.09.2017 10:47:08","input_data":"","need_back":false,"temp_comments":"","post_atatus":"Отправлен на оплату.  Вызван: 1 раз. Услуга: Получить оборудование из ремонта","postpone_period":10,"is_mine":707,"recall_cnt":1,"start_postpone_period":1505288828815,"complex_id":[]}],"jsonrpc":"2.0","id":"1505289448651"}
 at {ru.apertum.qsystem.common.NetCommander.sendRpc(NetCommander.java:159)}
2017-09-13 10:57:34,646 [ INFO] Запрос о состоянии на сервер. at {ru.apertum.qsystem.client.forms.FAdmin.checkServer(FAdmin.java:985)}
2017-09-13 10:57:34,647 [ INFO] Получение описания состояния сервера. at {ru.apertum.qsystem.common.NetCommander.getServerState(NetCommander.java:873)}
2017-09-13 10:57:34,648 [TRACE] Task "Получить состояние сервера" on 127.0.0.1:3128#
{"jsonrpc":"2.0","id":"1505289283109","method":"Получить состояние сервера"} at {ru.apertum.qsystem.common.NetCommander.sendRpc(NetCommander.java:131)}
2017-09-13 10:57:34,649 [TRACE] Socket was created. at {ru.apertum.qsystem.common.NetCommander.sendRpc(NetCommander.java:139)}
2017-09-13 10:57:34,650 [TRACE] Sending... at {ru.apertum.qsystem.common.NetCommander.sendRpc(NetCommander.java:145)}
2017-09-13 10:57:34,651 [TRACE] Reading... at {ru.apertum.qsystem.common.NetCommander.sendRpc(NetCommander.java:147)}
2017-09-13 10:57:34,656 [TRACE] Response:
{"result":[{"service_name":"Консультация. Сотовая связь","waiting":0,"first":"-","id":1504684639861,"wait_max":0},{"service_name":"Оформить обращение по качеству обслуживания","waiting":0,"first":"-","id":1504684653226,"wait_max":0},{"service_name":"Сдать оборудование в ремонт (на тестирование)","waiting":0,"first":"-","id":1504684674193,"wait_max":0},{"service_name":"Получить оборудование из ремонта","waiting":1,"first":"868","id":1504684881341,"wait_max":0}],"jsonrpc":"2.0","id":"1505289454653"}
 at {ru.apertum.qsystem.common.NetCommander.sendRpc(NetCommander.java:159)}
2017-09-13 10:57:34,657 [ INFO] Команда на обновление пула отложенных. at {ru.apertum.qsystem.common.NetCommander.getPostponedPoolInfo(NetCommander.java:1429)}
2017-09-13 10:57:34,658 [TRACE] Task "Получить состояние пула отложенных" on 127.0.0.1:3128#
{"jsonrpc":"2.0","id":"1505289283109","method":"Получить состояние пула отложенных"} at {ru.apertum.qsystem.common.NetCommander.sendRpc(NetCommander.java:131)}
2017-09-13 10:57:34,659 [TRACE] Socket was created. at {ru.apertum.qsystem.common.NetCommander.sendRpc(NetCommander.java:139)}
2017-09-13 10:57:34,660 [TRACE] Sending... at {ru.apertum.qsystem.common.NetCommander.sendRpc(NetCommander.java:145)}
2017-09-13 10:57:34,661 [TRACE] Reading... at {ru.apertum.qsystem.common.NetCommander.sendRpc(NetCommander.java:147)}
2017-09-13 10:57:34,666 [TRACE] Response:
{"result":[],"jsonrpc":"2.0","id":"1505289454665"}
 at {ru.apertum.qsystem.common.NetCommander.sendRpc(NetCommander.java:159)}
2017-09-22 10:28:35,987 [ INFO] Properties are ready. at {ru.apertum.qsystem.common.QConfig.prepareCLI(QConfig.java:305)}
2017-09-22 10:28:36,057 [ INFO] "QSystem 17.1"!  date: 20.05.2017 at {ru.apertum.qsystem.common.QLog.initial(QLog.java:180)}
2017-09-22 10:28:36,057 [ INFO] START LOGER. Logger: admin.file.info.trace at {ru.apertum.qsystem.common.QLog.initial(QLog.java:181)}
2017-09-22 10:28:36,058 [ INFO] Mode: KEY_DEBUG at {ru.apertum.qsystem.common.QLog.initial(QLog.java:186)}
2017-09-22 10:28:36,058 [ INFO] Plugins: YES at {ru.apertum.qsystem.common.QLog.initial(QLog.java:187)}
2017-09-22 10:28:36,060 [ INFO] Languages are loading... at {ru.apertum.qsystem.client.Locales.<init>(Locales.java:79)}
2017-09-22 10:28:36,067 [DEBUG]    Langusge: Az?rbaycan az_AZ at {ru.apertum.qsystem.client.Locales.<init>(Locales.java:119)}
2017-09-22 10:28:36,070 [DEBUG]    Langusge: English en_US at {ru.apertum.qsystem.client.Locales.<init>(Locales.java:119)}
2017-09-22 10:28:36,071 [DEBUG]    Langusge: Espanol es_ES at {ru.apertum.qsystem.client.Locales.<init>(Locales.java:119)}
2017-09-22 10:28:36,074 [DEBUG]    Langusge: Fran?ais fr_FR at {ru.apertum.qsystem.client.Locales.<init>(Locales.java:119)}
2017-09-22 10:28:36,076 [DEBUG]    Langusge: Italiano it_IT at {ru.apertum.qsystem.client.Locales.<init>(Locales.java:119)}
2017-09-22 10:28:36,077 [DEBUG]    Langusge: Portugu?s pt_PT at {ru.apertum.qsystem.client.Locales.<init>(Locales.java:119)}
2017-09-22 10:28:36,101 [DEBUG]    Langusge: Roman ro_RO at {ru.apertum.qsystem.client.Locales.<init>(Locales.java:119)}
2017-09-22 10:28:36,104 [DEBUG]    Langusge: Русский ru_RU at {ru.apertum.qsystem.client.Locales.<init>(Locales.java:119)}
2017-09-22 10:28:36,107 [DEBUG]    Langusge: Українська uk_UA at {ru.apertum.qsystem.client.Locales.<init>(Locales.java:119)}
2017-09-22 10:28:36,993 [ INFO] DB server '+ driver=com.mysql.jdbc.Driver' url=jdbc:mysql://127.0.0.1/qsystem?autoReconnect=true&amp;characterEncoding=UTF-8 at {ru.apertum.qsystem.hibernate.AnnotationSessionFactoryBean.load(AnnotationSessionFactoryBean.java:183)}
2017-09-22 10:28:43,572 [ INFO] DB is OK. at {ru.apertum.qsystem.client.forms.FAdmin.main(FAdmin.java:1212)}
2017-09-22 10:28:43,611 [ INFO] Загрузка плагинов из папки plugins. at {ru.apertum.qsystem.common.Uses.loadPlugins(Uses.java:788)}
2017-09-22 10:28:43,613 [DEBUG] Плагин Journal.jar at {ru.apertum.qsystem.common.Uses.loadPlugins(Uses.java:795)}
2017-09-22 10:28:43,619 [DEBUG] Плагин Microsound.jar at {ru.apertum.qsystem.common.Uses.loadPlugins(Uses.java:795)}
2017-09-22 10:28:44,586 [ INFO] Создали список. at {ru.apertum.qsystem.server.model.ATListModel.createList(ATListModel.java:45)}
2017-09-22 10:28:44,599 [ INFO] Вход в систему. at {ru.apertum.qsystem.client.forms.FLogin.logining(FLogin.java:313)}
2017-09-22 10:28:49,549 [ INFO] Вход в систему выполнен. Пользователь "Администратор", уровень доступа "3". at {ru.apertum.qsystem.client.forms.FLogin.logining(FLogin.java:335)}
2017-09-22 10:28:50,089 [ INFO] Создали дерево. at {ru.apertum.qsystem.server.model.ATreeModel.createTree(ATreeModel.java:54)}
2017-09-22 10:28:50,095 [ INFO] Создали список. at {ru.apertum.qsystem.server.model.ATListModel.createList(ATListModel.java:45)}
2017-09-22 10:28:50,121 [ INFO] Создали дерево. at {ru.apertum.qsystem.server.model.ATreeModel.createTree(ATreeModel.java:54)}
2017-09-22 10:28:50,127 [ INFO] Создали дерево. at {ru.apertum.qsystem.server.model.ATreeModel.createTree(ATreeModel.java:54)}
2017-09-22 10:28:50,134 [ INFO] Создали список. at {ru.apertum.qsystem.server.model.ATListModel.createList(ATListModel.java:45)}
2017-09-22 10:28:50,137 [ INFO] Создали список. at {ru.apertum.qsystem.server.model.ATListModel.createList(ATListModel.java:45)}
2017-09-22 10:28:50,142 [ INFO] Создали список. at {ru.apertum.qsystem.server.model.ATListModel.createList(ATListModel.java:45)}
2017-09-22 10:28:50,226 [ INFO] Создали список. at {ru.apertum.qsystem.server.model.ATListModel.createList(ATListModel.java:45)}
2017-09-22 10:28:50,309 [DEBUG] Создаем модель для календаря at {ru.apertum.qsystem.server.model.calendar.CalendarTableModel.<init>(CalendarTableModel.java:44)}
2017-09-22 10:29:02,838 [DEBUG] Сохранили конфигурацию. at {ru.apertum.qsystem.client.forms.FAdmin.lambda$saveConfiguration$20(FAdmin.java:1707)}
2017-09-22 10:29:27,233 [ INFO] Properties are ready. at {ru.apertum.qsystem.common.QConfig.prepareCLI(QConfig.java:305)}
2017-09-22 10:29:27,236 [ INFO] "QSystem 17.1"!  date: 20.05.2017 at {ru.apertum.qsystem.common.QLog.initial(QLog.java:180)}
2017-09-22 10:29:27,237 [ INFO] START LOGER. Logger: admin.file.info.trace at {ru.apertum.qsystem.common.QLog.initial(QLog.java:181)}
2017-09-22 10:29:27,237 [ INFO] Mode: KEY_DEBUG at {ru.apertum.qsystem.common.QLog.initial(QLog.java:186)}
2017-09-22 10:29:27,239 [ INFO] Plugins: YES at {ru.apertum.qsystem.common.QLog.initial(QLog.java:187)}
2017-09-22 10:29:27,241 [ INFO] Languages are loading... at {ru.apertum.qsystem.client.Locales.<init>(Locales.java:79)}
2017-09-22 10:29:27,247 [DEBUG]    Langusge: Az?rbaycan az_AZ at {ru.apertum.qsystem.client.Locales.<init>(Locales.java:119)}
2017-09-22 10:29:27,250 [DEBUG]    Langusge: English en_US at {ru.apertum.qsystem.client.Locales.<init>(Locales.java:119)}
2017-09-22 10:29:27,251 [DEBUG]    Langusge: Espanol es_ES at {ru.apertum.qsystem.client.Locales.<init>(Locales.java:119)}
2017-09-22 10:29:27,253 [DEBUG]    Langusge: Fran?ais fr_FR at {ru.apertum.qsystem.client.Locales.<init>(Locales.java:119)}
2017-09-22 10:29:27,255 [DEBUG]    Langusge: Italiano it_IT at {ru.apertum.qsystem.client.Locales.<init>(Locales.java:119)}
2017-09-22 10:29:27,257 [DEBUG]    Langusge: Portugu?s pt_PT at {ru.apertum.qsystem.client.Locales.<init>(Locales.java:119)}
2017-09-22 10:29:27,259 [DEBUG]    Langusge: Roman ro_RO at {ru.apertum.qsystem.client.Locales.<init>(Locales.java:119)}
2017-09-22 10:29:27,261 [DEBUG]    Langusge: Русский ru_RU at {ru.apertum.qsystem.client.Locales.<init>(Locales.java:119)}
2017-09-22 10:29:27,262 [DEBUG]    Langusge: Українська uk_UA at {ru.apertum.qsystem.client.Locales.<init>(Locales.java:119)}
2017-09-22 10:29:27,948 [ INFO] DB server '+ driver=com.mysql.jdbc.Driver' url=jdbc:mysql://127.0.0.1/qsystem?autoReconnect=true&amp;characterEncoding=UTF-8 at {ru.apertum.qsystem.hibernate.AnnotationSessionFactoryBean.load(AnnotationSessionFactoryBean.java:183)}
2017-09-22 10:29:29,220 [ INFO] DB is OK. at {ru.apertum.qsystem.client.forms.FAdmin.main(FAdmin.java:1212)}
2017-09-22 10:29:29,226 [ INFO] Загрузка плагинов из папки plugins. at {ru.apertum.qsystem.common.Uses.loadPlugins(Uses.java:788)}
2017-09-22 10:29:29,228 [DEBUG] Плагин Journal.jar at {ru.apertum.qsystem.common.Uses.loadPlugins(Uses.java:795)}
2017-09-22 10:29:29,229 [DEBUG] Плагин Microsound.jar at {ru.apertum.qsystem.common.Uses.loadPlugins(Uses.java:795)}
2017-09-22 10:29:29,798 [ INFO] Создали список. at {ru.apertum.qsystem.server.model.ATListModel.createList(ATListModel.java:45)}
2017-09-22 10:29:29,809 [ INFO] Вход в систему. at {ru.apertum.qsystem.client.forms.FLogin.logining(FLogin.java:313)}
2017-09-22 10:29:31,802 [ INFO] Вход в систему выполнен. Пользователь "Администратор", уровень доступа "3". at {ru.apertum.qsystem.client.forms.FLogin.logining(FLogin.java:335)}
2017-09-22 10:29:32,256 [ INFO] Создали дерево. at {ru.apertum.qsystem.server.model.ATreeModel.createTree(ATreeModel.java:54)}
2017-09-22 10:29:32,262 [ INFO] Создали список. at {ru.apertum.qsystem.server.model.ATListModel.createList(ATListModel.java:45)}
2017-09-22 10:29:32,275 [ INFO] Создали дерево. at {ru.apertum.qsystem.server.model.ATreeModel.createTree(ATreeModel.java:54)}
2017-09-22 10:29:32,281 [ INFO] Создали дерево. at {ru.apertum.qsystem.server.model.ATreeModel.createTree(ATreeModel.java:54)}
2017-09-22 10:29:32,286 [ INFO] Создали список. at {ru.apertum.qsystem.server.model.ATListModel.createList(ATListModel.java:45)}
2017-09-22 10:29:32,289 [ INFO] Создали список. at {ru.apertum.qsystem.server.model.ATListModel.createList(ATListModel.java:45)}
2017-09-22 10:29:32,293 [ INFO] Создали список. at {ru.apertum.qsystem.server.model.ATListModel.createList(ATListModel.java:45)}
2017-09-22 10:29:32,314 [ INFO] Создали список. at {ru.apertum.qsystem.server.model.ATListModel.createList(ATListModel.java:45)}
2017-09-22 10:29:32,360 [DEBUG] Создаем модель для календаря at {ru.apertum.qsystem.server.model.calendar.CalendarTableModel.<init>(CalendarTableModel.java:44)}
2017-09-22 10:29:33,527 [ INFO] Запрос о состоянии на сервер. at {ru.apertum.qsystem.client.forms.FAdmin.checkServer(FAdmin.java:985)}
2017-09-22 10:29:33,559 [ INFO] Получение описания состояния сервера. at {ru.apertum.qsystem.common.NetCommander.getServerState(NetCommander.java:841)}
2017-09-22 10:29:33,580 [TRACE] Task "Получить состояние сервера" on 127.0.0.1:3128#
{"jsonrpc":"2.0","id":"1506065373559","method":"Получить состояние сервера"} at {ru.apertum.qsystem.common.NetCommander.sendRpc(NetCommander.java:131)}
2017-09-22 10:29:33,582 [TRACE] Socket was created. at {ru.apertum.qsystem.common.NetCommander.sendRpc(NetCommander.java:139)}
2017-09-22 10:29:33,584 [TRACE] Sending... at {ru.apertum.qsystem.common.NetCommander.sendRpc(NetCommander.java:145)}
2017-09-22 10:29:33,586 [TRACE] Reading... at {ru.apertum.qsystem.common.NetCommander.sendRpc(NetCommander.java:147)}
2017-09-22 10:29:33,702 [TRACE] Response:
{"result":[{"service_name":"Консультация. Сотовая связь","waiting":0,"first":"-","id":1504684639861,"wait_max":0},{"service_name":"Оформить обращение по качеству обслуживания","waiting":0,"first":"-","id":1504684653226,"wait_max":0},{"service_name":"Сдать оборудование в ремонт (на тестирование)","waiting":0,"first":"-","id":1504684674193,"wait_max":0},{"service_name":"Получить оборудование из ремонта","waiting":0,"first":"-","id":1504684881341,"wait_max":0}],"jsonrpc":"2.0","id":"1506065373692"}
 at {ru.apertum.qsystem.common.NetCommander.sendRpc(NetCommander.java:159)}
2017-09-22 10:29:33,709 [ INFO] Команда на обновление пула отложенных. at {ru.apertum.qsystem.common.NetCommander.getPostponedPoolInfo(NetCommander.java:1397)}
2017-09-22 10:29:33,710 [TRACE] Task "Получить состояние пула отложенных" on 127.0.0.1:3128#
{"jsonrpc":"2.0","id":"1506065373559","method":"Получить состояние пула отложенных"} at {ru.apertum.qsystem.common.NetCommander.sendRpc(NetCommander.java:131)}
2017-09-22 10:29:33,711 [TRACE] Socket was created. at {ru.apertum.qsystem.common.NetCommander.sendRpc(NetCommander.java:139)}
2017-09-22 10:29:33,712 [TRACE] Sending... at {ru.apertum.qsystem.common.NetCommander.sendRpc(NetCommander.java:145)}
2017-09-22 10:29:33,712 [TRACE] Reading... at {ru.apertum.qsystem.common.NetCommander.sendRpc(NetCommander.java:147)}
2017-09-22 10:29:33,729 [TRACE] Response:
{"result":[],"jsonrpc":"2.0","id":"1506065373720"}
 at {ru.apertum.qsystem.common.NetCommander.sendRpc(NetCommander.java:159)}
2017-09-22 10:32:16,552 [DEBUG] Сохранили конфигурацию. at {ru.apertum.qsystem.client.forms.FAdmin.lambda$saveConfiguration$20(FAdmin.java:1707)}
2017-09-22 10:32:55,708 [ INFO] Properties are ready. at {ru.apertum.qsystem.common.QConfig.prepareCLI(QConfig.java:305)}
2017-09-22 10:32:55,711 [ INFO] "QSystem 17.1"!  date: 20.05.2017 at {ru.apertum.qsystem.common.QLog.initial(QLog.java:180)}
2017-09-22 10:32:55,712 [ INFO] START LOGER. Logger: admin.file.info.trace at {ru.apertum.qsystem.common.QLog.initial(QLog.java:181)}
2017-09-22 10:32:55,712 [ INFO] Mode: KEY_DEBUG at {ru.apertum.qsystem.common.QLog.initial(QLog.java:186)}
2017-09-22 10:32:55,713 [ INFO] Plugins: YES at {ru.apertum.qsystem.common.QLog.initial(QLog.java:187)}
2017-09-22 10:32:55,714 [ INFO] Languages are loading... at {ru.apertum.qsystem.client.Locales.<init>(Locales.java:79)}
2017-09-22 10:32:55,720 [DEBUG]    Langusge: Az?rbaycan az_AZ at {ru.apertum.qsystem.client.Locales.<init>(Locales.java:119)}
2017-09-22 10:32:55,722 [DEBUG]    Langusge: English en_US at {ru.apertum.qsystem.client.Locales.<init>(Locales.java:119)}
2017-09-22 10:32:55,724 [DEBUG]    Langusge: Espanol es_ES at {ru.apertum.qsystem.client.Locales.<init>(Locales.java:119)}
2017-09-22 10:32:55,725 [DEBUG]    Langusge: Fran?ais fr_FR at {ru.apertum.qsystem.client.Locales.<init>(Locales.java:119)}
2017-09-22 10:32:55,727 [DEBUG]    Langusge: Italiano it_IT at {ru.apertum.qsystem.client.Locales.<init>(Locales.java:119)}
2017-09-22 10:32:55,729 [DEBUG]    Langusge: Portugu?s pt_PT at {ru.apertum.qsystem.client.Locales.<init>(Locales.java:119)}
2017-09-22 10:32:55,730 [DEBUG]    Langusge: Roman ro_RO at {ru.apertum.qsystem.client.Locales.<init>(Locales.java:119)}
2017-09-22 10:32:55,732 [DEBUG]    Langusge: Русский ru_RU at {ru.apertum.qsystem.client.Locales.<init>(Locales.java:119)}
2017-09-22 10:32:55,733 [DEBUG]    Langusge: Українська uk_UA at {ru.apertum.qsystem.client.Locales.<init>(Locales.java:119)}
2017-09-22 10:32:56,406 [ INFO] DB server '+ driver=com.mysql.jdbc.Driver' url=jdbc:mysql://127.0.0.1/qsystem?autoReconnect=true&amp;characterEncoding=UTF-8 at {ru.apertum.qsystem.hibernate.AnnotationSessionFactoryBean.load(AnnotationSessionFactoryBean.java:183)}
2017-09-22 10:32:57,648 [ INFO] DB is OK. at {ru.apertum.qsystem.client.forms.FAdmin.main(FAdmin.java:1212)}
2017-09-22 10:32:57,654 [ INFO] Загрузка плагинов из папки plugins. at {ru.apertum.qsystem.common.Uses.loadPlugins(Uses.java:788)}
2017-09-22 10:32:57,658 [DEBUG] Плагин Journal.jar at {ru.apertum.qsystem.common.Uses.loadPlugins(Uses.java:795)}
2017-09-22 10:32:57,659 [DEBUG] Плагин Microsound.jar at {ru.apertum.qsystem.common.Uses.loadPlugins(Uses.java:795)}
2017-09-22 10:32:57,660 [DEBUG] Плагин ZoneboardPlugin.jar at {ru.apertum.qsystem.common.Uses.loadPlugins(Uses.java:795)}
2017-09-22 10:32:58,161 [ INFO] Создали список. at {ru.apertum.qsystem.server.model.ATListModel.createList(ATListModel.java:45)}
2017-09-22 10:32:58,167 [ INFO] Вход в систему. at {ru.apertum.qsystem.client.forms.FLogin.logining(FLogin.java:313)}
2017-09-22 10:33:01,556 [ INFO] Вход в систему выполнен. Пользователь "Администратор", уровень доступа "3". at {ru.apertum.qsystem.client.forms.FLogin.logining(FLogin.java:335)}
2017-09-22 10:33:02,032 [ INFO] Создали дерево. at {ru.apertum.qsystem.server.model.ATreeModel.createTree(ATreeModel.java:54)}
2017-09-22 10:33:02,038 [ INFO] Создали список. at {ru.apertum.qsystem.server.model.ATListModel.createList(ATListModel.java:45)}
2017-09-22 10:33:02,051 [ INFO] Создали дерево. at {ru.apertum.qsystem.server.model.ATreeModel.createTree(ATreeModel.java:54)}
2017-09-22 10:33:02,057 [ INFO] Создали дерево. at {ru.apertum.qsystem.server.model.ATreeModel.createTree(ATreeModel.java:54)}
2017-09-22 10:33:02,062 [ INFO] Создали список. at {ru.apertum.qsystem.server.model.ATListModel.createList(ATListModel.java:45)}
2017-09-22 10:33:02,065 [ INFO] Создали список. at {ru.apertum.qsystem.server.model.ATListModel.createList(ATListModel.java:45)}
2017-09-22 10:33:02,069 [ INFO] Создали список. at {ru.apertum.qsystem.server.model.ATListModel.createList(ATListModel.java:45)}
2017-09-22 10:33:02,089 [ INFO] Создали список. at {ru.apertum.qsystem.server.model.ATListModel.createList(ATListModel.java:45)}
2017-09-22 10:33:02,141 [DEBUG] Создаем модель для календаря at {ru.apertum.qsystem.server.model.calendar.CalendarTableModel.<init>(CalendarTableModel.java:44)}
2017-09-22 10:33:23,114 [ INFO] Вызов SPI расширения. Описание: Плагин "ZoneboardPlugin" v.=4 дата=14.02.2014 для опроса зонального сервера вывода информации на существование и совместимость. at {ru.apertum.qsystem.client.forms.FAdmin.buttonCheckZoneBoardServActionPerformed(FAdmin.java:5407)}
2017-09-22 10:33:23,131 [TRACE] Task "ping" on 127.0.0.1:27007#
{"params":{"text_data":"4"},"jsonrpc":"2.0","id":"1506065603124","method":"ping"} at {ru.apertum.qsystem.common.NetCommander.sendRpc(NetCommander.java:131)}
2017-09-22 10:33:23,135 [TRACE] Socket was created. at {ru.apertum.qsystem.common.NetCommander.sendRpc(NetCommander.java:139)}
2017-09-22 10:33:23,135 [TRACE] Sending... at {ru.apertum.qsystem.common.NetCommander.sendRpc(NetCommander.java:145)}
2017-09-22 10:33:23,136 [TRACE] Reading... at {ru.apertum.qsystem.common.NetCommander.sendRpc(NetCommander.java:147)}
2017-09-22 10:33:23,303 [TRACE] Response:
{"result":1,"jsonrpc":"2.0","id":"1506065603296"}
 at {ru.apertum.qsystem.common.NetCommander.sendRpc(NetCommander.java:159)}
2017-09-22 10:33:26,364 [ INFO] Выбор услуги для перенаправления. at {ru.apertum.qsystem.client.forms.FMessager.getMessager(FMessager.java:212)}
2017-09-22 10:33:29,405 [ INFO] Выбор услуги для перенаправления. at {ru.apertum.qsystem.client.forms.FMessager.getMessager(FMessager.java:212)}
2017-09-22 10:33:34,291 [DEBUG] Сохранили конфигурацию. at {ru.apertum.qsystem.client.forms.FAdmin.lambda$saveConfiguration$20(FAdmin.java:1707)}
2017-09-22 10:36:56,037 [ INFO] Properties are ready. at {ru.apertum.qsystem.common.QConfig.prepareCLI(QConfig.java:305)}
2017-09-22 10:36:56,041 [ INFO] "QSystem 17.1"!  date: 20.05.2017 at {ru.apertum.qsystem.common.QLog.initial(QLog.java:180)}
2017-09-22 10:36:56,042 [ INFO] START LOGER. Logger: admin.file.info.trace at {ru.apertum.qsystem.common.QLog.initial(QLog.java:181)}
2017-09-22 10:36:56,042 [ INFO] Mode: KEY_DEBUG at {ru.apertum.qsystem.common.QLog.initial(QLog.java:186)}
2017-09-22 10:36:56,043 [ INFO] Plugins: YES at {ru.apertum.qsystem.common.QLog.initial(QLog.java:187)}
2017-09-22 10:36:56,044 [ INFO] Languages are loading... at {ru.apertum.qsystem.client.Locales.<init>(Locales.java:79)}
2017-09-22 10:36:56,050 [DEBUG]    Langusge: Az?rbaycan az_AZ at {ru.apertum.qsystem.client.Locales.<init>(Locales.java:119)}
2017-09-22 10:36:56,053 [DEBUG]    Langusge: English en_US at {ru.apertum.qsystem.client.Locales.<init>(Locales.java:119)}
2017-09-22 10:36:56,055 [DEBUG]    Langusge: Espanol es_ES at {ru.apertum.qsystem.client.Locales.<init>(Locales.java:119)}
2017-09-22 10:36:56,056 [DEBUG]    Langusge: Fran?ais fr_FR at {ru.apertum.qsystem.client.Locales.<init>(Locales.java:119)}
2017-09-22 10:36:56,058 [DEBUG]    Langusge: Italiano it_IT at {ru.apertum.qsystem.client.Locales.<init>(Locales.java:119)}
2017-09-22 10:36:56,059 [DEBUG]    Langusge: Portugu?s pt_PT at {ru.apertum.qsystem.client.Locales.<init>(Locales.java:119)}
2017-09-22 10:36:56,060 [DEBUG]    Langusge: Roman ro_RO at {ru.apertum.qsystem.client.Locales.<init>(Locales.java:119)}
2017-09-22 10:36:56,062 [DEBUG]    Langusge: Русский ru_RU at {ru.apertum.qsystem.client.Locales.<init>(Locales.java:119)}
2017-09-22 10:36:56,063 [DEBUG]    Langusge: Українська uk_UA at {ru.apertum.qsystem.client.Locales.<init>(Locales.java:119)}
2017-09-22 10:36:56,733 [ INFO] DB server '+ driver=com.mysql.jdbc.Driver' url=jdbc:mysql://127.0.0.1/qsystem?autoReconnect=true&amp;characterEncoding=UTF-8 at {ru.apertum.qsystem.hibernate.AnnotationSessionFactoryBean.load(AnnotationSessionFactoryBean.java:183)}
2017-09-22 10:36:57,949 [ INFO] DB is OK. at {ru.apertum.qsystem.client.forms.FAdmin.main(FAdmin.java:1212)}
2017-09-22 10:36:57,955 [ INFO] Загрузка плагинов из папки plugins. at {ru.apertum.qsystem.common.Uses.loadPlugins(Uses.java:788)}
2017-09-22 10:36:57,960 [DEBUG] Плагин Journal.jar at {ru.apertum.qsystem.common.Uses.loadPlugins(Uses.java:795)}
2017-09-22 10:36:57,961 [DEBUG] Плагин Microsound.jar at {ru.apertum.qsystem.common.Uses.loadPlugins(Uses.java:795)}
2017-09-22 10:36:57,962 [DEBUG] Плагин ZoneboardPlugin.jar at {ru.apertum.qsystem.common.Uses.loadPlugins(Uses.java:795)}
2017-09-22 10:36:58,430 [ INFO] Создали список. at {ru.apertum.qsystem.server.model.ATListModel.createList(ATListModel.java:45)}
2017-09-22 10:36:58,437 [ INFO] Вход в систему. at {ru.apertum.qsystem.client.forms.FLogin.logining(FLogin.java:313)}
2017-09-22 10:37:01,902 [ INFO] Вход в систему выполнен. Пользователь "Администратор", уровень доступа "3". at {ru.apertum.qsystem.client.forms.FLogin.logining(FLogin.java:335)}
2017-09-22 10:37:02,356 [ INFO] Создали дерево. at {ru.apertum.qsystem.server.model.ATreeModel.createTree(ATreeModel.java:54)}
2017-09-22 10:37:02,362 [ INFO] Создали список. at {ru.apertum.qsystem.server.model.ATListModel.createList(ATListModel.java:45)}
2017-09-22 10:37:02,374 [ INFO] Создали дерево. at {ru.apertum.qsystem.server.model.ATreeModel.createTree(ATreeModel.java:54)}
2017-09-22 10:37:02,380 [ INFO] Создали дерево. at {ru.apertum.qsystem.server.model.ATreeModel.createTree(ATreeModel.java:54)}
2017-09-22 10:37:02,385 [ INFO] Создали список. at {ru.apertum.qsystem.server.model.ATListModel.createList(ATListModel.java:45)}
2017-09-22 10:37:02,388 [ INFO] Создали список. at {ru.apertum.qsystem.server.model.ATListModel.createList(ATListModel.java:45)}
2017-09-22 10:37:02,392 [ INFO] Создали список. at {ru.apertum.qsystem.server.model.ATListModel.createList(ATListModel.java:45)}
2017-09-22 10:37:02,414 [ INFO] Создали список. at {ru.apertum.qsystem.server.model.ATListModel.createList(ATListModel.java:45)}
2017-09-22 10:37:02,470 [DEBUG] Создаем модель для календаря at {ru.apertum.qsystem.server.model.calendar.CalendarTableModel.<init>(CalendarTableModel.java:44)}
2017-09-22 10:37:11,487 [DEBUG] Сохранили конфигурацию. at {ru.apertum.qsystem.client.forms.FAdmin.lambda$saveConfiguration$20(FAdmin.java:1707)}
2017-09-22 15:12:27,506 [ INFO] Properties are ready. at {ru.apertum.qsystem.common.QConfig.prepareCLI(QConfig.java:305)}
2017-09-22 15:12:27,519 [ INFO] "QSystem 17.1"!  date: 20.05.2017 at {ru.apertum.qsystem.common.QLog.initial(QLog.java:180)}
2017-09-22 15:12:27,520 [ INFO] START LOGER. Logger: admin.file.info.trace at {ru.apertum.qsystem.common.QLog.initial(QLog.java:181)}
2017-09-22 15:12:27,520 [ INFO] Mode: KEY_DEBUG at {ru.apertum.qsystem.common.QLog.initial(QLog.java:186)}
2017-09-22 15:12:27,520 [ INFO] Plugins: YES at {ru.apertum.qsystem.common.QLog.initial(QLog.java:187)}
2017-09-22 15:12:27,523 [ INFO] Languages are loading... at {ru.apertum.qsystem.client.Locales.<init>(Locales.java:79)}
2017-09-22 15:12:27,528 [DEBUG]    Langusge: Az?rbaycan az_AZ at {ru.apertum.qsystem.client.Locales.<init>(Locales.java:119)}
2017-09-22 15:12:27,531 [DEBUG]    Langusge: English en_US at {ru.apertum.qsystem.client.Locales.<init>(Locales.java:119)}
2017-09-22 15:12:27,533 [DEBUG]    Langusge: Espanol es_ES at {ru.apertum.qsystem.client.Locales.<init>(Locales.java:119)}
2017-09-22 15:12:27,535 [DEBUG]    Langusge: Fran?ais fr_FR at {ru.apertum.qsystem.client.Locales.<init>(Locales.java:119)}
2017-09-22 15:12:27,536 [DEBUG]    Langusge: Italiano it_IT at {ru.apertum.qsystem.client.Locales.<init>(Locales.java:119)}
2017-09-22 15:12:27,538 [DEBUG]    Langusge: Portugu?s pt_PT at {ru.apertum.qsystem.client.Locales.<init>(Locales.java:119)}
2017-09-22 15:12:27,540 [DEBUG]    Langusge: Roman ro_RO at {ru.apertum.qsystem.client.Locales.<init>(Locales.java:119)}
2017-09-22 15:12:27,541 [DEBUG]    Langusge: Русский ru_RU at {ru.apertum.qsystem.client.Locales.<init>(Locales.java:119)}
2017-09-22 15:12:27,542 [DEBUG]    Langusge: Українська uk_UA at {ru.apertum.qsystem.client.Locales.<init>(Locales.java:119)}
2017-09-22 15:12:28,277 [ INFO] DB server '+ driver=com.mysql.jdbc.Driver' url=jdbc:mysql://127.0.0.1/qsystem?autoReconnect=true&amp;characterEncoding=UTF-8 at {ru.apertum.qsystem.hibernate.AnnotationSessionFactoryBean.load(AnnotationSessionFactoryBean.java:183)}
2017-09-22 15:12:29,554 [ INFO] DB is OK. at {ru.apertum.qsystem.client.forms.FAdmin.main(FAdmin.java:1212)}
2017-09-22 15:12:29,560 [ INFO] Загрузка плагинов из папки plugins. at {ru.apertum.qsystem.common.Uses.loadPlugins(Uses.java:788)}
2017-09-22 15:12:29,562 [DEBUG] Плагин Journal.jar at {ru.apertum.qsystem.common.Uses.loadPlugins(Uses.java:795)}
2017-09-22 15:12:29,563 [DEBUG] Плагин Microsound.jar at {ru.apertum.qsystem.common.Uses.loadPlugins(Uses.java:795)}
2017-09-22 15:12:29,564 [DEBUG] Плагин ZoneboardPlugin.jar at {ru.apertum.qsystem.common.Uses.loadPlugins(Uses.java:795)}
2017-09-22 15:12:30,046 [ INFO] Создали список. at {ru.apertum.qsystem.server.model.ATListModel.createList(ATListModel.java:45)}
2017-09-22 15:12:30,052 [ INFO] Вход в систему. at {ru.apertum.qsystem.client.forms.FLogin.logining(FLogin.java:313)}
2017-09-22 15:12:32,805 [ INFO] Вход в систему выполнен. Пользователь "Администратор", уровень доступа "3". at {ru.apertum.qsystem.client.forms.FLogin.logining(FLogin.java:335)}
2017-09-22 15:12:33,292 [ INFO] Создали дерево. at {ru.apertum.qsystem.server.model.ATreeModel.createTree(ATreeModel.java:54)}
2017-09-22 15:12:33,298 [ INFO] Создали список. at {ru.apertum.qsystem.server.model.ATListModel.createList(ATListModel.java:45)}
2017-09-22 15:12:33,316 [ INFO] Создали дерево. at {ru.apertum.qsystem.server.model.ATreeModel.createTree(ATreeModel.java:54)}
2017-09-22 15:12:33,323 [ INFO] Создали дерево. at {ru.apertum.qsystem.server.model.ATreeModel.createTree(ATreeModel.java:54)}
2017-09-22 15:12:33,329 [ INFO] Создали список. at {ru.apertum.qsystem.server.model.ATListModel.createList(ATListModel.java:45)}
2017-09-22 15:12:33,332 [ INFO] Создали список. at {ru.apertum.qsystem.server.model.ATListModel.createList(ATListModel.java:45)}
2017-09-22 15:12:33,338 [ INFO] Создали список. at {ru.apertum.qsystem.server.model.ATListModel.createList(ATListModel.java:45)}
2017-09-22 15:12:33,363 [ INFO] Создали список. at {ru.apertum.qsystem.server.model.ATListModel.createList(ATListModel.java:45)}
2017-09-22 15:12:33,413 [DEBUG] Создаем модель для календаря at {ru.apertum.qsystem.server.model.calendar.CalendarTableModel.<init>(CalendarTableModel.java:44)}
2017-09-22 15:12:35,344 [ INFO] Запрос о состоянии на сервер. at {ru.apertum.qsystem.client.forms.FAdmin.checkServer(FAdmin.java:985)}
2017-09-22 15:12:35,354 [ INFO] Получение описания состояния сервера. at {ru.apertum.qsystem.common.NetCommander.getServerState(NetCommander.java:841)}
2017-09-22 15:12:35,369 [TRACE] Task "Получить состояние сервера" on 127.0.0.1:3128#
{"jsonrpc":"2.0","id":"1506082355354","method":"Получить состояние сервера"} at {ru.apertum.qsystem.common.NetCommander.sendRpc(NetCommander.java:131)}
2017-09-22 15:12:35,372 [TRACE] Socket was created. at {ru.apertum.qsystem.common.NetCommander.sendRpc(NetCommander.java:139)}
2017-09-22 15:12:35,374 [TRACE] Sending... at {ru.apertum.qsystem.common.NetCommander.sendRpc(NetCommander.java:145)}
2017-09-22 15:12:35,377 [TRACE] Reading... at {ru.apertum.qsystem.common.NetCommander.sendRpc(NetCommander.java:147)}
2017-09-22 15:12:35,483 [TRACE] Response:
{"result":[{"service_name":"Консультация. Сотовая связь","waiting":0,"first":"-","id":1504684639861,"wait_max":0},{"service_name":"Оформить обращение по качеству обслуживания","waiting":1,"first":"002","id":1504684653226,"wait_max":277},{"service_name":"Сдать оборудование в ремонт (на тестирование)","waiting":0,"first":"-","id":1504684674193,"wait_max":0},{"service_name":"Получить оборудование из ремонта","waiting":0,"first":"-","id":1504684881341,"wait_max":0}],"jsonrpc":"2.0","id":"1506082355475"}
 at {ru.apertum.qsystem.common.NetCommander.sendRpc(NetCommander.java:159)}
2017-09-22 15:12:35,502 [ INFO] Команда на обновление пула отложенных. at {ru.apertum.qsystem.common.NetCommander.getPostponedPoolInfo(NetCommander.java:1397)}
2017-09-22 15:12:35,503 [TRACE] Task "Получить состояние пула отложенных" on 127.0.0.1:3128#
{"jsonrpc":"2.0","id":"1506082355354","method":"Получить состояние пула отложенных"} at {ru.apertum.qsystem.common.NetCommander.sendRpc(NetCommander.java:131)}
2017-09-22 15:12:35,505 [TRACE] Socket was created. at {ru.apertum.qsystem.common.NetCommander.sendRpc(NetCommander.java:139)}
2017-09-22 15:12:35,509 [TRACE] Sending... at {ru.apertum.qsystem.common.NetCommander.sendRpc(NetCommander.java:145)}
2017-09-22 15:12:35,510 [TRACE] Reading... at {ru.apertum.qsystem.common.NetCommander.sendRpc(NetCommander.java:147)}
2017-09-22 15:12:35,614 [TRACE] Response:
{"result":[],"jsonrpc":"2.0","id":"1506082355609"}
 at {ru.apertum.qsystem.common.NetCommander.sendRpc(NetCommander.java:159)}
2017-09-22 15:12:49,841 [DEBUG] Сохранили конфигурацию. at {ru.apertum.qsystem.client.forms.FAdmin.lambda$saveConfiguration$20(FAdmin.java:1707)}
2017-09-22 15:14:08,780 [ INFO] Properties are ready. at {ru.apertum.qsystem.common.QConfig.prepareCLI(QConfig.java:305)}
2017-09-22 15:14:08,783 [ INFO] "QSystem 17.1"!  date: 20.05.2017 at {ru.apertum.qsystem.common.QLog.initial(QLog.java:180)}
2017-09-22 15:14:08,784 [ INFO] START LOGER. Logger: admin.file.info.trace at {ru.apertum.qsystem.common.QLog.initial(QLog.java:181)}
2017-09-22 15:14:08,787 [ INFO] Mode: KEY_DEBUG at {ru.apertum.qsystem.common.QLog.initial(QLog.java:186)}
2017-09-22 15:14:08,788 [ INFO] Plugins: YES at {ru.apertum.qsystem.common.QLog.initial(QLog.java:187)}
2017-09-22 15:14:08,790 [ INFO] Languages are loading... at {ru.apertum.qsystem.client.Locales.<init>(Locales.java:79)}
2017-09-22 15:14:08,797 [DEBUG]    Langusge: Az?rbaycan az_AZ at {ru.apertum.qsystem.client.Locales.<init>(Locales.java:119)}
2017-09-22 15:14:08,801 [DEBUG]    Langusge: English en_US at {ru.apertum.qsystem.client.Locales.<init>(Locales.java:119)}
2017-09-22 15:14:08,803 [DEBUG]    Langusge: Espanol es_ES at {ru.apertum.qsystem.client.Locales.<init>(Locales.java:119)}
2017-09-22 15:14:08,805 [DEBUG]    Langusge: Fran?ais fr_FR at {ru.apertum.qsystem.client.Locales.<init>(Locales.java:119)}
2017-09-22 15:14:08,807 [DEBUG]    Langusge: Italiano it_IT at {ru.apertum.qsystem.client.Locales.<init>(Locales.java:119)}
2017-09-22 15:14:08,809 [DEBUG]    Langusge: Portugu?s pt_PT at {ru.apertum.qsystem.client.Locales.<init>(Locales.java:119)}
2017-09-22 15:14:08,812 [DEBUG]    Langusge: Roman ro_RO at {ru.apertum.qsystem.client.Locales.<init>(Locales.java:119)}
2017-09-22 15:14:08,814 [DEBUG]    Langusge: Русский ru_RU at {ru.apertum.qsystem.client.Locales.<init>(Locales.java:119)}
2017-09-22 15:14:08,815 [DEBUG]    Langusge: Українська uk_UA at {ru.apertum.qsystem.client.Locales.<init>(Locales.java:119)}
2017-09-22 15:14:09,557 [ INFO] DB server '+ driver=com.mysql.jdbc.Driver' url=jdbc:mysql://127.0.0.1/qsystem?autoReconnect=true&amp;characterEncoding=UTF-8 at {ru.apertum.qsystem.hibernate.AnnotationSessionFactoryBean.load(AnnotationSessionFactoryBean.java:183)}
2017-09-22 15:14:10,833 [ INFO] DB is OK. at {ru.apertum.qsystem.client.forms.FAdmin.main(FAdmin.java:1212)}
2017-09-22 15:14:10,838 [ INFO] Загрузка плагинов из папки plugins. at {ru.apertum.qsystem.common.Uses.loadPlugins(Uses.java:788)}
2017-09-22 15:14:10,844 [DEBUG] Плагин Journal.jar at {ru.apertum.qsystem.common.Uses.loadPlugins(Uses.java:795)}
2017-09-22 15:14:10,846 [DEBUG] Плагин Microsound.jar at {ru.apertum.qsystem.common.Uses.loadPlugins(Uses.java:795)}
2017-09-22 15:14:10,847 [DEBUG] Плагин ZoneboardPlugin.jar at {ru.apertum.qsystem.common.Uses.loadPlugins(Uses.java:795)}
2017-09-22 15:14:11,343 [ INFO] Создали список. at {ru.apertum.qsystem.server.model.ATListModel.createList(ATListModel.java:45)}
2017-09-22 15:14:11,352 [ INFO] Вход в систему. at {ru.apertum.qsystem.client.forms.FLogin.logining(FLogin.java:313)}
2017-09-22 15:14:13,804 [ INFO] Вход в систему выполнен. Пользователь "Администратор", уровень доступа "3". at {ru.apertum.qsystem.client.forms.FLogin.logining(FLogin.java:335)}
2017-09-22 15:14:14,283 [ INFO] Создали дерево. at {ru.apertum.qsystem.server.model.ATreeModel.createTree(ATreeModel.java:54)}
2017-09-22 15:14:14,289 [ INFO] Создали список. at {ru.apertum.qsystem.server.model.ATListModel.createList(ATListModel.java:45)}
2017-09-22 15:14:14,304 [ INFO] Создали дерево. at {ru.apertum.qsystem.server.model.ATreeModel.createTree(ATreeModel.java:54)}
2017-09-22 15:14:14,311 [ INFO] Создали дерево. at {ru.apertum.qsystem.server.model.ATreeModel.createTree(ATreeModel.java:54)}
2017-09-22 15:14:14,318 [ INFO] Создали список. at {ru.apertum.qsystem.server.model.ATListModel.createList(ATListModel.java:45)}
2017-09-22 15:14:14,323 [ INFO] Создали список. at {ru.apertum.qsystem.server.model.ATListModel.createList(ATListModel.java:45)}
2017-09-22 15:14:14,327 [ INFO] Создали список. at {ru.apertum.qsystem.server.model.ATListModel.createList(ATListModel.java:45)}
2017-09-22 15:14:14,351 [ INFO] Создали список. at {ru.apertum.qsystem.server.model.ATListModel.createList(ATListModel.java:45)}
2017-09-22 15:14:14,409 [DEBUG] Создаем модель для календаря at {ru.apertum.qsystem.server.model.calendar.CalendarTableModel.<init>(CalendarTableModel.java:44)}
2017-09-22 15:14:15,433 [ INFO] Запрос о состоянии на сервер. at {ru.apertum.qsystem.client.forms.FAdmin.checkServer(FAdmin.java:985)}
2017-09-22 15:14:15,448 [ INFO] Получение описания состояния сервера. at {ru.apertum.qsystem.common.NetCommander.getServerState(NetCommander.java:841)}
2017-09-22 15:14:15,467 [TRACE] Task "Получить состояние сервера" on 127.0.0.1:3128#
{"jsonrpc":"2.0","id":"1506082455448","method":"Получить состояние сервера"} at {ru.apertum.qsystem.common.NetCommander.sendRpc(NetCommander.java:131)}
2017-09-22 15:14:15,469 [TRACE] Socket was created. at {ru.apertum.qsystem.common.NetCommander.sendRpc(NetCommander.java:139)}
2017-09-22 15:14:15,471 [TRACE] Sending... at {ru.apertum.qsystem.common.NetCommander.sendRpc(NetCommander.java:145)}
2017-09-22 15:14:15,472 [TRACE] Reading... at {ru.apertum.qsystem.common.NetCommander.sendRpc(NetCommander.java:147)}
2017-09-22 15:14:15,580 [TRACE] Response:
{"result":[{"service_name":"Консультация. Сотовая связь","waiting":0,"first":"-","id":1504684639861,"wait_max":0},{"service_name":"Оформить обращение по качеству обслуживания","waiting":1,"first":"002","id":1504684653226,"wait_max":279},{"service_name":"Сдать оборудование в ремонт (на тестирование)","waiting":0,"first":"-","id":1504684674193,"wait_max":0},{"service_name":"Получить оборудование из ремонта","waiting":0,"first":"-","id":1504684881341,"wait_max":0}],"jsonrpc":"2.0","id":"1506082455571"}
 at {ru.apertum.qsystem.common.NetCommander.sendRpc(NetCommander.java:159)}
2017-09-22 15:14:15,600 [ INFO] Команда на обновление пула отложенных. at {ru.apertum.qsystem.common.NetCommander.getPostponedPoolInfo(NetCommander.java:1397)}
2017-09-22 15:14:15,602 [TRACE] Task "Получить состояние пула отложенных" on 127.0.0.1:3128#
{"jsonrpc":"2.0","id":"1506082455448","method":"Получить состояние пула отложенных"} at {ru.apertum.qsystem.common.NetCommander.sendRpc(NetCommander.java:131)}
2017-09-22 15:14:15,603 [TRACE] Socket was created. at {ru.apertum.qsystem.common.NetCommander.sendRpc(NetCommander.java:139)}
2017-09-22 15:14:15,603 [TRACE] Sending... at {ru.apertum.qsystem.common.NetCommander.sendRpc(NetCommander.java:145)}
2017-09-22 15:14:15,604 [TRACE] Reading... at {ru.apertum.qsystem.common.NetCommander.sendRpc(NetCommander.java:147)}
2017-09-22 15:14:15,712 [TRACE] Response:
{"result":[{"id":1506065690701,"number":1,"stateIn":11,"state":"STATE_POSTPONED","priority":1,"to_service":{"id":1504684881341,"status":1,"point":0,"duration":1,"exp":0,"sound_template":"021111","advance_limit":1,"day_limit":0,"person_day_limit":0,"inputed_as_number":0,"advance_limit_period":0,"advance_time_period":60,"enable":1,"result_required":false,"input_required":false,"inputed_as_ext":false,"input_caption":"","pre_info_html":"","pre_info_print_text":"","ticket_text":"","tablo_text":"","but_x":100,"but_y":100,"but_b":100,"but_h":100,"countPerDay":1,"day":265,"description":"Получить оборудование из ремонта","service_prefix":"","name":"Получить оборудование из ремонта","buttonText":"\u003chtml\u003e\u003cb\u003e\u003cp align\u003dcenter\u003e\u003cspan style\u003d\u0027font-size:20.0pt;color:red\u0027\u003eПолучить оборудование из ремонта\u003c/span\u003e\u003c/b\u003e","parentId":1504617489400,"langs":[],"inner_services":[]},"prefix":"","stand_time":"22.09.2017 15:13:47","finish_time":"22.09.2017 15:13:47","input_data":"","need_back":false,"temp_comments":"","post_atatus":"Отложен по неявке. Вызван: 1 раз. Услуга: Получить оборудование из ремонта","postpone_period":5,"recall_cnt":1,"start_postpone_period":1506082427359,"complex_id":[]}],"jsonrpc":"2.0","id":"1506082455704"}
 at {ru.apertum.qsystem.common.NetCommander.sendRpc(NetCommander.java:159)}
2017-09-22 15:16:02,361 [ INFO] Команда на рестарт сервера. at {ru.apertum.qsystem.common.NetCommander.restartServer(NetCommander.java:1176)}
2017-09-22 15:16:02,363 [TRACE] Task "RESTART" on 127.0.0.1:3128#
{"jsonrpc":"2.0","id":"1506082455448","method":"RESTART"} at {ru.apertum.qsystem.common.NetCommander.sendRpc(NetCommander.java:131)}
2017-09-22 15:16:02,365 [TRACE] Socket was created. at {ru.apertum.qsystem.common.NetCommander.sendRpc(NetCommander.java:139)}
2017-09-22 15:16:02,366 [TRACE] Sending... at {ru.apertum.qsystem.common.NetCommander.sendRpc(NetCommander.java:145)}
2017-09-22 15:16:02,368 [TRACE] Reading... at {ru.apertum.qsystem.common.NetCommander.sendRpc(NetCommander.java:147)}
2017-09-22 15:16:02,854 [TRACE] Response:
{"result":1,"jsonrpc":"2.0","id":"1506082562847"}
 at {ru.apertum.qsystem.common.NetCommander.sendRpc(NetCommander.java:159)}
2017-09-22 15:16:07,885 [ INFO] Запрос о состоянии на сервер. at {ru.apertum.qsystem.client.forms.FAdmin.checkServer(FAdmin.java:985)}
2017-09-22 15:16:07,886 [ INFO] Получение описания состояния сервера. at {ru.apertum.qsystem.common.NetCommander.getServerState(NetCommander.java:841)}
2017-09-22 15:16:07,887 [TRACE] Task "Получить состояние сервера" on 127.0.0.1:3128#
{"jsonrpc":"2.0","id":"1506082455448","method":"Получить состояние сервера"} at {ru.apertum.qsystem.common.NetCommander.sendRpc(NetCommander.java:131)}
2017-09-22 15:16:07,889 [TRACE] Socket was created. at {ru.apertum.qsystem.common.NetCommander.sendRpc(NetCommander.java:139)}
2017-09-22 15:16:07,890 [TRACE] Sending... at {ru.apertum.qsystem.common.NetCommander.sendRpc(NetCommander.java:145)}
2017-09-22 15:16:07,891 [TRACE] Reading... at {ru.apertum.qsystem.common.NetCommander.sendRpc(NetCommander.java:147)}
2017-09-22 15:16:07,996 [TRACE] Response:
{"result":[{"service_name":"Консультация. Сотовая связь","waiting":0,"first":"-","id":1504684639861,"wait_max":0},{"service_name":"Оформить обращение по качеству обслуживания","waiting":0,"first":"-","id":1504684653226,"wait_max":0},{"service_name":"Сдать оборудование в ремонт (на тестирование)","waiting":0,"first":"-","id":1504684674193,"wait_max":0},{"service_name":"Получить оборудование из ремонта","waiting":0,"first":"-","id":1504684881341,"wait_max":0}],"jsonrpc":"2.0","id":"1506082567992"}
 at {ru.apertum.qsystem.common.NetCommander.sendRpc(NetCommander.java:159)}
2017-09-22 15:16:07,999 [ INFO] Команда на обновление пула отложенных. at {ru.apertum.qsystem.common.NetCommander.getPostponedPoolInfo(NetCommander.java:1397)}
2017-09-22 15:16:08,000 [TRACE] Task "Получить состояние пула отложенных" on 127.0.0.1:3128#
{"jsonrpc":"2.0","id":"1506082455448","method":"Получить состояние пула отложенных"} at {ru.apertum.qsystem.common.NetCommander.sendRpc(NetCommander.java:131)}
2017-09-22 15:16:08,001 [TRACE] Socket was created. at {ru.apertum.qsystem.common.NetCommander.sendRpc(NetCommander.java:139)}
2017-09-22 15:16:08,003 [TRACE] Sending... at {ru.apertum.qsystem.common.NetCommander.sendRpc(NetCommander.java:145)}
2017-09-22 15:16:08,004 [TRACE] Reading... at {ru.apertum.qsystem.common.NetCommander.sendRpc(NetCommander.java:147)}
2017-09-22 15:16:08,017 [TRACE] Response:
{"result":[{"id":1506065692857,"number":2,"stateIn":11,"state":"STATE_POSTPONED","priority":1,"to_service":{"id":1504684653226,"status":1,"point":0,"duration":1,"exp":0,"sound_template":"021111","advance_limit":1,"day_limit":0,"person_day_limit":0,"inputed_as_number":0,"advance_limit_period":0,"advance_time_period":60,"enable":1,"result_required":false,"input_required":false,"inputed_as_ext":false,"input_caption":"","pre_info_html":"","pre_info_print_text":"","ticket_text":"","tablo_text":"","but_x":100,"but_y":100,"but_b":100,"but_h":100,"countPerDay":1,"day":265,"description":"Оформить обращение по качеству обслуживания","service_prefix":"","name":"Оформить обращение по качеству обслуживания","buttonText":"\u003chtml\u003e\u003cb\u003e\u003cp align\u003dcenter\u003e\u003cspan style\u003d\u0027font-size:20.0pt;color:red\u0027\u003eОформить обращение по качеству обслуживания\u003c/span\u003e\u003c/b\u003e","parentId":2,"langs":[],"inner_services":[]},"prefix":"","stand_time":"22.09.2017 15:15:56","finish_time":"22.09.2017 15:15:56","input_data":"","need_back":false,"temp_comments":"","post_atatus":"Отложен по неявке. Вызван: 2 раза. Услуга: Оформить обращение по качеству обслуживания","postpone_period":10,"recall_cnt":2,"start_postpone_period":1506082556065,"complex_id":[]}],"jsonrpc":"2.0","id":"1506082568009"}
 at {ru.apertum.qsystem.common.NetCommander.sendRpc(NetCommander.java:159)}
2017-09-22 15:27:24,771 [ INFO] Properties are ready. at {ru.apertum.qsystem.common.QConfig.prepareCLI(QConfig.java:305)}
2017-09-22 15:27:24,774 [ INFO] "QSystem 17.1"!  date: 20.05.2017 at {ru.apertum.qsystem.common.QLog.initial(QLog.java:180)}
2017-09-22 15:27:24,775 [ INFO] START LOGER. Logger: admin.file.info.trace at {ru.apertum.qsystem.common.QLog.initial(QLog.java:181)}
2017-09-22 15:27:24,775 [ INFO] Mode: KEY_DEBUG at {ru.apertum.qsystem.common.QLog.initial(QLog.java:186)}
2017-09-22 15:27:24,776 [ INFO] Plugins: YES at {ru.apertum.qsystem.common.QLog.initial(QLog.java:187)}
2017-09-22 15:27:24,777 [ INFO] Languages are loading... at {ru.apertum.qsystem.client.Locales.<init>(Locales.java:79)}
2017-09-22 15:27:24,783 [DEBUG]    Langusge: Az?rbaycan az_AZ at {ru.apertum.qsystem.client.Locales.<init>(Locales.java:119)}
2017-09-22 15:27:24,785 [DEBUG]    Langusge: English en_US at {ru.apertum.qsystem.client.Locales.<init>(Locales.java:119)}
2017-09-22 15:27:24,787 [DEBUG]    Langusge: Espanol es_ES at {ru.apertum.qsystem.client.Locales.<init>(Locales.java:119)}
2017-09-22 15:27:24,788 [DEBUG]    Langusge: Fran?ais fr_FR at {ru.apertum.qsystem.client.Locales.<init>(Locales.java:119)}
2017-09-22 15:27:24,790 [DEBUG]    Langusge: Italiano it_IT at {ru.apertum.qsystem.client.Locales.<init>(Locales.java:119)}
2017-09-22 15:27:24,791 [DEBUG]    Langusge: Portugu?s pt_PT at {ru.apertum.qsystem.client.Locales.<init>(Locales.java:119)}
2017-09-22 15:27:24,793 [DEBUG]    Langusge: Roman ro_RO at {ru.apertum.qsystem.client.Locales.<init>(Locales.java:119)}
2017-09-22 15:27:24,794 [DEBUG]    Langusge: Русский ru_RU at {ru.apertum.qsystem.client.Locales.<init>(Locales.java:119)}
2017-09-22 15:27:24,795 [DEBUG]    Langusge: Українська uk_UA at {ru.apertum.qsystem.client.Locales.<init>(Locales.java:119)}
2017-09-22 15:27:25,455 [ INFO] DB server '+ driver=com.mysql.jdbc.Driver' url=jdbc:mysql://127.0.0.1/qsystem?autoReconnect=true&amp;characterEncoding=UTF-8 at {ru.apertum.qsystem.hibernate.AnnotationSessionFactoryBean.load(AnnotationSessionFactoryBean.java:183)}
2017-09-25 08:06:57,060 [ INFO] Properties are ready. at {ru.apertum.qsystem.common.QConfig.prepareCLI(QConfig.java:305)}
2017-09-25 08:06:57,082 [ INFO] "QSystem 17.1"!  date: 20.05.2017 at {ru.apertum.qsystem.common.QLog.initial(QLog.java:180)}
2017-09-25 08:06:57,083 [ INFO] START LOGER. Logger: admin.file.info.trace at {ru.apertum.qsystem.common.QLog.initial(QLog.java:181)}
2017-09-25 08:06:57,084 [ INFO] Mode: KEY_DEBUG at {ru.apertum.qsystem.common.QLog.initial(QLog.java:186)}
2017-09-25 08:06:57,084 [ INFO] Plugins: YES at {ru.apertum.qsystem.common.QLog.initial(QLog.java:187)}
2017-09-25 08:06:57,087 [ INFO] Languages are loading... at {ru.apertum.qsystem.client.Locales.<init>(Locales.java:79)}
2017-09-25 08:06:57,140 [DEBUG]    Langusge: Az?rbaycan az_AZ at {ru.apertum.qsystem.client.Locales.<init>(Locales.java:119)}
2017-09-25 08:06:57,172 [DEBUG]    Langusge: English en_US at {ru.apertum.qsystem.client.Locales.<init>(Locales.java:119)}
2017-09-25 08:06:57,180 [DEBUG]    Langusge: Espanol es_ES at {ru.apertum.qsystem.client.Locales.<init>(Locales.java:119)}
2017-09-25 08:06:57,207 [DEBUG]    Langusge: Fran?ais fr_FR at {ru.apertum.qsystem.client.Locales.<init>(Locales.java:119)}
2017-09-25 08:06:57,238 [DEBUG]    Langusge: Italiano it_IT at {ru.apertum.qsystem.client.Locales.<init>(Locales.java:119)}
2017-09-25 08:06:57,271 [DEBUG]    Langusge: Portugu?s pt_PT at {ru.apertum.qsystem.client.Locales.<init>(Locales.java:119)}
2017-09-25 08:06:57,295 [DEBUG]    Langusge: Roman ro_RO at {ru.apertum.qsystem.client.Locales.<init>(Locales.java:119)}
2017-09-25 08:06:57,336 [DEBUG]    Langusge: Русский ru_RU at {ru.apertum.qsystem.client.Locales.<init>(Locales.java:119)}
2017-09-25 08:06:57,353 [DEBUG]    Langusge: Українська uk_UA at {ru.apertum.qsystem.client.Locales.<init>(Locales.java:119)}
2017-09-25 08:07:01,029 [ INFO] DB server '+ driver=com.mysql.jdbc.Driver' url=jdbc:mysql://127.0.0.1/qsystem?autoReconnect=true&amp;characterEncoding=UTF-8 at {ru.apertum.qsystem.hibernate.AnnotationSessionFactoryBean.load(AnnotationSessionFactoryBean.java:183)}
2017-09-25 08:07:10,521 [ INFO] DB is OK. at {ru.apertum.qsystem.client.forms.FAdmin.main(FAdmin.java:1212)}
2017-09-25 08:07:10,538 [ INFO] Загрузка плагинов из папки plugins. at {ru.apertum.qsystem.common.Uses.loadPlugins(Uses.java:788)}
2017-09-25 08:07:10,540 [DEBUG] Плагин Journal.jar at {ru.apertum.qsystem.common.Uses.loadPlugins(Uses.java:795)}
2017-09-25 08:07:10,544 [DEBUG] Плагин Microsound.jar at {ru.apertum.qsystem.common.Uses.loadPlugins(Uses.java:795)}
2017-09-25 08:07:10,546 [DEBUG] Плагин ZoneboardPlugin.jar at {ru.apertum.qsystem.common.Uses.loadPlugins(Uses.java:795)}
2017-09-25 08:07:11,975 [ INFO] Создали список. at {ru.apertum.qsystem.server.model.ATListModel.createList(ATListModel.java:45)}
2017-09-25 08:07:11,992 [ INFO] Вход в систему. at {ru.apertum.qsystem.client.forms.FLogin.logining(FLogin.java:313)}
2017-09-25 08:07:17,375 [ INFO] Вход в систему выполнен. Пользователь "Администратор", уровень доступа "3". at {ru.apertum.qsystem.client.forms.FLogin.logining(FLogin.java:335)}
2017-09-25 08:07:18,939 [ INFO] Создали дерево. at {ru.apertum.qsystem.server.model.ATreeModel.createTree(ATreeModel.java:54)}
2017-09-25 08:07:18,948 [ INFO] Создали список. at {ru.apertum.qsystem.server.model.ATListModel.createList(ATListModel.java:45)}
2017-09-25 08:07:18,962 [ INFO] Создали дерево. at {ru.apertum.qsystem.server.model.ATreeModel.createTree(ATreeModel.java:54)}
2017-09-25 08:07:18,968 [ INFO] Создали дерево. at {ru.apertum.qsystem.server.model.ATreeModel.createTree(ATreeModel.java:54)}
2017-09-25 08:07:18,973 [ INFO] Создали список. at {ru.apertum.qsystem.server.model.ATListModel.createList(ATListModel.java:45)}
2017-09-25 08:07:18,976 [ INFO] Создали список. at {ru.apertum.qsystem.server.model.ATListModel.createList(ATListModel.java:45)}
2017-09-25 08:07:18,980 [ INFO] Создали список. at {ru.apertum.qsystem.server.model.ATListModel.createList(ATListModel.java:45)}
2017-09-25 08:07:19,118 [ INFO] Создали список. at {ru.apertum.qsystem.server.model.ATListModel.createList(ATListModel.java:45)}
2017-09-25 08:07:19,254 [DEBUG] Создаем модель для календаря at {ru.apertum.qsystem.server.model.calendar.CalendarTableModel.<init>(CalendarTableModel.java:44)}
2017-09-25 08:07:20,699 [ INFO] Запрос о состоянии на сервер. at {ru.apertum.qsystem.client.forms.FAdmin.checkServer(FAdmin.java:985)}
2017-09-25 08:07:20,706 [ INFO] Получение описания состояния сервера. at {ru.apertum.qsystem.common.NetCommander.getServerState(NetCommander.java:841)}
2017-09-25 08:07:20,718 [TRACE] Task "Получить состояние сервера" on 127.0.0.1:3128#
{"jsonrpc":"2.0","id":"1506316040706","method":"Получить состояние сервера"} at {ru.apertum.qsystem.common.NetCommander.sendRpc(NetCommander.java:131)}
2017-09-25 08:07:21,729 [ERROR] Exception!: Невозможно подключиться к серверу. at {ru.apertum.qsystem.common.exceptions.QException.<init>(QException.java:34)}
java.net.ConnectException: Connection refused: connect
	at java.net.DualStackPlainSocketImpl.waitForConnect(Native Method)
	at java.net.DualStackPlainSocketImpl.socketConnect(Unknown Source)
	at java.net.AbstractPlainSocketImpl.doConnect(Unknown Source)
	at java.net.AbstractPlainSocketImpl.connectToAddress(Unknown Source)
	at java.net.AbstractPlainSocketImpl.connect(Unknown Source)
	at java.net.PlainSocketImpl.connect(Unknown Source)
	at java.net.Socket.connect(Unknown Source)
	at ru.apertum.qsystem.common.NetCommander.sendRpc(NetCommander.java:134)
	at ru.apertum.qsystem.common.NetCommander.send(NetCommander.java:115)
	at ru.apertum.qsystem.common.NetCommander.getServerState(NetCommander.java:845)
	at ru.apertum.qsystem.client.forms.FAdmin.checkServer(FAdmin.java:990)
	at ru.apertum.qsystem.client.forms.FAdmin.buttonServerRequestActionPerformed(FAdmin.java:5101)
	at ru.apertum.qsystem.client.forms.FAdmin.access$4500(FAdmin.java:186)
	at ru.apertum.qsystem.client.forms.FAdmin$33.actionPerformed(FAdmin.java:2637)
	at javax.swing.AbstractButton.fireActionPerformed(Unknown Source)
	at javax.swing.AbstractButton$Handler.actionPerformed(Unknown Source)
	at javax.swing.DefaultButtonModel.fireActionPerformed(Unknown Source)
	at javax.swing.DefaultButtonModel.setPressed(Unknown Source)
	at javax.swing.plaf.basic.BasicButtonListener.mouseReleased(Unknown Source)
	at java.awt.Component.processMouseEvent(Unknown Source)
	at javax.swing.JComponent.processMouseEvent(Unknown Source)
	at java.awt.Component.processEvent(Unknown Source)
	at java.awt.Container.processEvent(Unknown Source)
	at java.awt.Component.dispatchEventImpl(Unknown Source)
	at java.awt.Container.dispatchEventImpl(Unknown Source)
	at java.awt.Component.dispatchEvent(Unknown Source)
	at java.awt.LightweightDispatcher.retargetMouseEvent(Unknown Source)
	at java.awt.LightweightDispatcher.processMouseEvent(Unknown Source)
	at java.awt.LightweightDispatcher.dispatchEvent(Unknown Source)
	at java.awt.Container.dispatchEventImpl(Unknown Source)
	at java.awt.Window.dispatchEventImpl(Unknown Source)
	at java.awt.Component.dispatchEvent(Unknown Source)
	at java.awt.EventQueue.dispatchEventImpl(Unknown Source)
	at java.awt.EventQueue.access$500(Unknown Source)
	at java.awt.EventQueue$3.run(Unknown Source)
	at java.awt.EventQueue$3.run(Unknown Source)
	at java.security.AccessController.doPrivileged(Native Method)
	at java.security.ProtectionDomain$JavaSecurityAccessImpl.doIntersectionPrivilege(Unknown Source)
	at java.security.ProtectionDomain$JavaSecurityAccessImpl.doIntersectionPrivilege(Unknown Source)
	at java.awt.EventQueue$4.run(Unknown Source)
	at java.awt.EventQueue$4.run(Unknown Source)
	at java.security.AccessController.doPrivileged(Native Method)
	at java.security.ProtectionDomain$JavaSecurityAccessImpl.doIntersectionPrivilege(Unknown Source)
	at java.awt.EventQueue.dispatchEvent(Unknown Source)
	at java.awt.EventDispatchThread.pumpOneEventForFilters(Unknown Source)
	at java.awt.EventDispatchThread.pumpEventsForFilter(Unknown Source)
	at java.awt.EventDispatchThread.pumpEventsForHierarchy(Unknown Source)
	at java.awt.EventDispatchThread.pumpEvents(Unknown Source)
	at java.awt.EventDispatchThread.pumpEvents(Unknown Source)
	at java.awt.EventDispatchThread.run(Unknown Source)
2017-09-25 08:07:21,737 [ERROR] Exception!: Невозможно получить ответ от сервера. at {ru.apertum.qsystem.common.exceptions.QException.<init>(QException.java:34)}
ru.apertum.qsystem.common.exceptions.QException: Невозможно подключиться к серверу.
	at ru.apertum.qsystem.common.NetCommander.sendRpc(NetCommander.java:137)
	at ru.apertum.qsystem.common.NetCommander.send(NetCommander.java:115)
	at ru.apertum.qsystem.common.NetCommander.getServerState(NetCommander.java:845)
	at ru.apertum.qsystem.client.forms.FAdmin.checkServer(FAdmin.java:990)
	at ru.apertum.qsystem.client.forms.FAdmin.buttonServerRequestActionPerformed(FAdmin.java:5101)
	at ru.apertum.qsystem.client.forms.FAdmin.access$4500(FAdmin.java:186)
	at ru.apertum.qsystem.client.forms.FAdmin$33.actionPerformed(FAdmin.java:2637)
	at javax.swing.AbstractButton.fireActionPerformed(Unknown Source)
	at javax.swing.AbstractButton$Handler.actionPerformed(Unknown Source)
	at javax.swing.DefaultButtonModel.fireActionPerformed(Unknown Source)
	at javax.swing.DefaultButtonModel.setPressed(Unknown Source)
	at javax.swing.plaf.basic.BasicButtonListener.mouseReleased(Unknown Source)
	at java.awt.Component.processMouseEvent(Unknown Source)
	at javax.swing.JComponent.processMouseEvent(Unknown Source)
	at java.awt.Component.processEvent(Unknown Source)
	at java.awt.Container.processEvent(Unknown Source)
	at java.awt.Component.dispatchEventImpl(Unknown Source)
	at java.awt.Container.dispatchEventImpl(Unknown Source)
	at java.awt.Component.dispatchEvent(Unknown Source)
	at java.awt.LightweightDispatcher.retargetMouseEvent(Unknown Source)
	at java.awt.LightweightDispatcher.processMouseEvent(Unknown Source)
	at java.awt.LightweightDispatcher.dispatchEvent(Unknown Source)
	at java.awt.Container.dispatchEventImpl(Unknown Source)
	at java.awt.Window.dispatchEventImpl(Unknown Source)
	at java.awt.Component.dispatchEvent(Unknown Source)
	at java.awt.EventQueue.dispatchEventImpl(Unknown Source)
	at java.awt.EventQueue.access$500(Unknown Source)
	at java.awt.EventQueue$3.run(Unknown Source)
	at java.awt.EventQueue$3.run(Unknown Source)
	at java.security.AccessController.doPrivileged(Native Method)
	at java.security.ProtectionDomain$JavaSecurityAccessImpl.doIntersectionPrivilege(Unknown Source)
	at java.security.ProtectionDomain$JavaSecurityAccessImpl.doIntersectionPrivilege(Unknown Source)
	at java.awt.EventQueue$4.run(Unknown Source)
	at java.awt.EventQueue$4.run(Unknown Source)
	at java.security.AccessController.doPrivileged(Native Method)
	at java.security.ProtectionDomain$JavaSecurityAccessImpl.doIntersectionPrivilege(Unknown Source)
	at java.awt.EventQueue.dispatchEvent(Unknown Source)
	at java.awt.EventDispatchThread.pumpOneEventForFilters(Unknown Source)
	at java.awt.EventDispatchThread.pumpEventsForFilter(Unknown Source)
	at java.awt.EventDispatchThread.pumpEventsForHierarchy(Unknown Source)
	at java.awt.EventDispatchThread.pumpEvents(Unknown Source)
	at java.awt.EventDispatchThread.pumpEvents(Unknown Source)
	at java.awt.EventDispatchThread.run(Unknown Source)
Caused by: java.net.ConnectException: Connection refused: connect
	at java.net.DualStackPlainSocketImpl.waitForConnect(Native Method)
	at java.net.DualStackPlainSocketImpl.socketConnect(Unknown Source)
	at java.net.AbstractPlainSocketImpl.doConnect(Unknown Source)
	at java.net.AbstractPlainSocketImpl.connectToAddress(Unknown Source)
	at java.net.AbstractPlainSocketImpl.connect(Unknown Source)
	at java.net.PlainSocketImpl.connect(Unknown Source)
	at java.net.Socket.connect(Unknown Source)
	at ru.apertum.qsystem.common.NetCommander.sendRpc(NetCommander.java:134)
	... 42 more
2017-09-25 08:07:21,745 [ERROR] Error! Проблема с командой. 
ru.apertum.qsystem.common.exceptions.QException: Невозможно получить ответ от сервера. at {ru.apertum.qsystem.common.exceptions.ServerException.<init>(ServerException.java:42)}
ru.apertum.qsystem.common.exceptions.ClientException: Проблема с командой. 
	at ru.apertum.qsystem.common.NetCommander.getServerState(NetCommander.java:847)
	at ru.apertum.qsystem.client.forms.FAdmin.checkServer(FAdmin.java:990)
	at ru.apertum.qsystem.client.forms.FAdmin.buttonServerRequestActionPerformed(FAdmin.java:5101)
	at ru.apertum.qsystem.client.forms.FAdmin.access$4500(FAdmin.java:186)
	at ru.apertum.qsystem.client.forms.FAdmin$33.actionPerformed(FAdmin.java:2637)
	at javax.swing.AbstractButton.fireActionPerformed(Unknown Source)
	at javax.swing.AbstractButton$Handler.actionPerformed(Unknown Source)
	at javax.swing.DefaultButtonModel.fireActionPerformed(Unknown Source)
	at javax.swing.DefaultButtonModel.setPressed(Unknown Source)
	at javax.swing.plaf.basic.BasicButtonListener.mouseReleased(Unknown Source)
	at java.awt.Component.processMouseEvent(Unknown Source)
	at javax.swing.JComponent.processMouseEvent(Unknown Source)
	at java.awt.Component.processEvent(Unknown Source)
	at java.awt.Container.processEvent(Unknown Source)
	at java.awt.Component.dispatchEventImpl(Unknown Source)
	at java.awt.Container.dispatchEventImpl(Unknown Source)
	at java.awt.Component.dispatchEvent(Unknown Source)
	at java.awt.LightweightDispatcher.retargetMouseEvent(Unknown Source)
	at java.awt.LightweightDispatcher.processMouseEvent(Unknown Source)
	at java.awt.LightweightDispatcher.dispatchEvent(Unknown Source)
	at java.awt.Container.dispatchEventImpl(Unknown Source)
	at java.awt.Window.dispatchEventImpl(Unknown Source)
	at java.awt.Component.dispatchEvent(Unknown Source)
	at java.awt.EventQueue.dispatchEventImpl(Unknown Source)
	at java.awt.EventQueue.access$500(Unknown Source)
	at java.awt.EventQueue$3.run(Unknown Source)
	at java.awt.EventQueue$3.run(Unknown Source)
	at java.security.AccessController.doPrivileged(Native Method)
	at java.security.ProtectionDomain$JavaSecurityAccessImpl.doIntersectionPrivilege(Unknown Source)
	at java.security.ProtectionDomain$JavaSecurityAccessImpl.doIntersectionPrivilege(Unknown Source)
	at java.awt.EventQueue$4.run(Unknown Source)
	at java.awt.EventQueue$4.run(Unknown Source)
	at java.security.AccessController.doPrivileged(Native Method)
	at java.security.ProtectionDomain$JavaSecurityAccessImpl.doIntersectionPrivilege(Unknown Source)
	at java.awt.EventQueue.dispatchEvent(Unknown Source)
	at java.awt.EventDispatchThread.pumpOneEventForFilters(Unknown Source)
	at java.awt.EventDispatchThread.pumpEventsForFilter(Unknown Source)
	at java.awt.EventDispatchThread.pumpEventsForHierarchy(Unknown Source)
	at java.awt.EventDispatchThread.pumpEvents(Unknown Source)
	at java.awt.EventDispatchThread.pumpEvents(Unknown Source)
	at java.awt.EventDispatchThread.run(Unknown Source)
Caused by: ru.apertum.qsystem.common.exceptions.QException: Невозможно получить ответ от сервера.
	at ru.apertum.qsystem.common.NetCommander.sendRpc(NetCommander.java:162)
	at ru.apertum.qsystem.common.NetCommander.send(NetCommander.java:115)
	at ru.apertum.qsystem.common.NetCommander.getServerState(NetCommander.java:845)
	... 40 more
Caused by: ru.apertum.qsystem.common.exceptions.QException: Невозможно подключиться к серверу.
	at ru.apertum.qsystem.common.NetCommander.sendRpc(NetCommander.java:137)
	... 42 more
Caused by: java.net.ConnectException: Connection refused: connect
	at java.net.DualStackPlainSocketImpl.waitForConnect(Native Method)
	at java.net.DualStackPlainSocketImpl.socketConnect(Unknown Source)
	at java.net.AbstractPlainSocketImpl.doConnect(Unknown Source)
	at java.net.AbstractPlainSocketImpl.connectToAddress(Unknown Source)
	at java.net.AbstractPlainSocketImpl.connect(Unknown Source)
	at java.net.PlainSocketImpl.connect(Unknown Source)
	at java.net.Socket.connect(Unknown Source)
	at ru.apertum.qsystem.common.NetCommander.sendRpc(NetCommander.java:134)
	... 42 more
2017-09-25 08:07:23,404 [ERROR] Сервер ответил на запрос о состоянии: "ru.apertum.qsystem.common.exceptions.ClientException: Проблема с командой. " at {ru.apertum.qsystem.client.forms.FAdmin.checkServer(FAdmin.java:995)}
2017-09-25 08:09:02,241 [ INFO] Properties are ready. at {ru.apertum.qsystem.common.QConfig.prepareCLI(QConfig.java:305)}
2017-09-25 08:09:02,245 [ INFO] "QSystem 17.1"!  date: 20.05.2017 at {ru.apertum.qsystem.common.QLog.initial(QLog.java:180)}
2017-09-25 08:09:02,245 [ INFO] START LOGER. Logger: admin.file.info.trace at {ru.apertum.qsystem.common.QLog.initial(QLog.java:181)}
2017-09-25 08:09:02,246 [ INFO] Mode: KEY_DEBUG at {ru.apertum.qsystem.common.QLog.initial(QLog.java:186)}
2017-09-25 08:09:02,246 [ INFO] Plugins: YES at {ru.apertum.qsystem.common.QLog.initial(QLog.java:187)}
2017-09-25 08:09:02,248 [ INFO] Languages are loading... at {ru.apertum.qsystem.client.Locales.<init>(Locales.java:79)}
2017-09-25 08:09:02,253 [DEBUG]    Langusge: Az?rbaycan az_AZ at {ru.apertum.qsystem.client.Locales.<init>(Locales.java:119)}
2017-09-25 08:09:02,255 [DEBUG]    Langusge: English en_US at {ru.apertum.qsystem.client.Locales.<init>(Locales.java:119)}
2017-09-25 08:09:02,257 [DEBUG]    Langusge: Espanol es_ES at {ru.apertum.qsystem.client.Locales.<init>(Locales.java:119)}
2017-09-25 08:09:02,258 [DEBUG]    Langusge: Fran?ais fr_FR at {ru.apertum.qsystem.client.Locales.<init>(Locales.java:119)}
2017-09-25 08:09:02,260 [DEBUG]    Langusge: Italiano it_IT at {ru.apertum.qsystem.client.Locales.<init>(Locales.java:119)}
2017-09-25 08:09:02,261 [DEBUG]    Langusge: Portugu?s pt_PT at {ru.apertum.qsystem.client.Locales.<init>(Locales.java:119)}
2017-09-25 08:09:02,263 [DEBUG]    Langusge: Roman ro_RO at {ru.apertum.qsystem.client.Locales.<init>(Locales.java:119)}
2017-09-25 08:09:02,264 [DEBUG]    Langusge: Русский ru_RU at {ru.apertum.qsystem.client.Locales.<init>(Locales.java:119)}
2017-09-25 08:09:02,265 [DEBUG]    Langusge: Українська uk_UA at {ru.apertum.qsystem.client.Locales.<init>(Locales.java:119)}
2017-09-25 08:09:02,906 [ INFO] DB server '+ driver=com.mysql.jdbc.Driver' url=jdbc:mysql://127.0.0.1/qsystem?autoReconnect=true&amp;characterEncoding=UTF-8 at {ru.apertum.qsystem.hibernate.AnnotationSessionFactoryBean.load(AnnotationSessionFactoryBean.java:183)}
2017-09-25 08:09:04,138 [ INFO] DB is OK. at {ru.apertum.qsystem.client.forms.FAdmin.main(FAdmin.java:1212)}
2017-09-25 08:09:04,147 [ INFO] Загрузка плагинов из папки plugins. at {ru.apertum.qsystem.common.Uses.loadPlugins(Uses.java:788)}
2017-09-25 08:09:04,150 [DEBUG] Плагин Journal.jar at {ru.apertum.qsystem.common.Uses.loadPlugins(Uses.java:795)}
2017-09-25 08:09:04,151 [DEBUG] Плагин Microsound.jar at {ru.apertum.qsystem.common.Uses.loadPlugins(Uses.java:795)}
2017-09-25 08:09:04,152 [DEBUG] Плагин ZoneboardPlugin.jar at {ru.apertum.qsystem.common.Uses.loadPlugins(Uses.java:795)}
2017-09-25 08:09:04,743 [ INFO] Создали список. at {ru.apertum.qsystem.server.model.ATListModel.createList(ATListModel.java:45)}
2017-09-25 08:09:04,750 [ INFO] Вход в систему. at {ru.apertum.qsystem.client.forms.FLogin.logining(FLogin.java:313)}
2017-09-25 08:09:10,090 [ INFO] Вход в систему выполнен. Пользователь "Администратор", уровень доступа "3". at {ru.apertum.qsystem.client.forms.FLogin.logining(FLogin.java:335)}
2017-09-25 08:09:10,549 [ INFO] Создали дерево. at {ru.apertum.qsystem.server.model.ATreeModel.createTree(ATreeModel.java:54)}
2017-09-25 08:09:10,555 [ INFO] Создали список. at {ru.apertum.qsystem.server.model.ATListModel.createList(ATListModel.java:45)}
2017-09-25 08:09:10,566 [ INFO] Создали дерево. at {ru.apertum.qsystem.server.model.ATreeModel.createTree(ATreeModel.java:54)}
2017-09-25 08:09:10,571 [ INFO] Создали дерево. at {ru.apertum.qsystem.server.model.ATreeModel.createTree(ATreeModel.java:54)}
2017-09-25 08:09:10,576 [ INFO] Создали список. at {ru.apertum.qsystem.server.model.ATListModel.createList(ATListModel.java:45)}
2017-09-25 08:09:10,579 [ INFO] Создали список. at {ru.apertum.qsystem.server.model.ATListModel.createList(ATListModel.java:45)}
2017-09-25 08:09:10,583 [ INFO] Создали список. at {ru.apertum.qsystem.server.model.ATListModel.createList(ATListModel.java:45)}
2017-09-25 08:09:10,603 [ INFO] Создали список. at {ru.apertum.qsystem.server.model.ATListModel.createList(ATListModel.java:45)}
2017-09-25 08:09:10,655 [DEBUG] Создаем модель для календаря at {ru.apertum.qsystem.server.model.calendar.CalendarTableModel.<init>(CalendarTableModel.java:44)}
2017-09-25 08:09:53,001 [ INFO] Редактирование услуги "План работы с 8.00 до 17.00" at {ru.apertum.qsystem.client.forms.FScheduleChangeDialod.changeSchedule(FScheduleChangeDialod.java:65)}
2017-09-25 08:10:08,255 [DEBUG] Сохранили конфигурацию. at {ru.apertum.qsystem.client.forms.FAdmin.lambda$saveConfiguration$20(FAdmin.java:1707)}
2017-09-25 15:15:00,577 [ INFO] Properties are ready. at {ru.apertum.qsystem.common.QConfig.prepareCLI(QConfig.java:305)}
2017-09-25 15:15:00,590 [ INFO] "QSystem 17.1"!  date: 20.05.2017 at {ru.apertum.qsystem.common.QLog.initial(QLog.java:180)}
2017-09-25 15:15:00,591 [ INFO] START LOGER. Logger: admin.file.info.trace at {ru.apertum.qsystem.common.QLog.initial(QLog.java:181)}
2017-09-25 15:15:00,591 [ INFO] Mode: KEY_DEBUG at {ru.apertum.qsystem.common.QLog.initial(QLog.java:186)}
2017-09-25 15:15:00,591 [ INFO] Plugins: YES at {ru.apertum.qsystem.common.QLog.initial(QLog.java:187)}
2017-09-25 15:15:00,593 [ INFO] Languages are loading... at {ru.apertum.qsystem.client.Locales.<init>(Locales.java:79)}
2017-09-25 15:15:00,599 [DEBUG]    Langusge: Az?rbaycan az_AZ at {ru.apertum.qsystem.client.Locales.<init>(Locales.java:119)}
2017-09-25 15:15:00,601 [DEBUG]    Langusge: English en_US at {ru.apertum.qsystem.client.Locales.<init>(Locales.java:119)}
2017-09-25 15:15:00,603 [DEBUG]    Langusge: Espanol es_ES at {ru.apertum.qsystem.client.Locales.<init>(Locales.java:119)}
2017-09-25 15:15:00,605 [DEBUG]    Langusge: Fran?ais fr_FR at {ru.apertum.qsystem.client.Locales.<init>(Locales.java:119)}
2017-09-25 15:15:00,606 [DEBUG]    Langusge: Italiano it_IT at {ru.apertum.qsystem.client.Locales.<init>(Locales.java:119)}
2017-09-25 15:15:00,609 [DEBUG]    Langusge: Portugu?s pt_PT at {ru.apertum.qsystem.client.Locales.<init>(Locales.java:119)}
2017-09-25 15:15:00,611 [DEBUG]    Langusge: Roman ro_RO at {ru.apertum.qsystem.client.Locales.<init>(Locales.java:119)}
2017-09-25 15:15:00,613 [DEBUG]    Langusge: Русский ru_RU at {ru.apertum.qsystem.client.Locales.<init>(Locales.java:119)}
2017-09-25 15:15:00,615 [DEBUG]    Langusge: Українська uk_UA at {ru.apertum.qsystem.client.Locales.<init>(Locales.java:119)}
2017-09-25 15:15:01,327 [ INFO] DB server '+ driver=com.mysql.jdbc.Driver' url=jdbc:mysql://127.0.0.1/qsystem?autoReconnect=true&amp;characterEncoding=UTF-8 at {ru.apertum.qsystem.hibernate.AnnotationSessionFactoryBean.load(AnnotationSessionFactoryBean.java:183)}
2017-09-25 15:15:02,744 [ INFO] DB is OK. at {ru.apertum.qsystem.client.forms.FAdmin.main(FAdmin.java:1212)}
2017-09-25 15:15:02,749 [ INFO] Загрузка плагинов из папки plugins. at {ru.apertum.qsystem.common.Uses.loadPlugins(Uses.java:788)}
2017-09-25 15:15:02,751 [DEBUG] Плагин Journal.jar at {ru.apertum.qsystem.common.Uses.loadPlugins(Uses.java:795)}
2017-09-25 15:15:02,751 [DEBUG] Плагин Microsound.jar at {ru.apertum.qsystem.common.Uses.loadPlugins(Uses.java:795)}
2017-09-25 15:15:02,751 [DEBUG] Плагин ZoneboardPlugin.jar at {ru.apertum.qsystem.common.Uses.loadPlugins(Uses.java:795)}
2017-09-25 15:15:03,214 [ INFO] Создали список. at {ru.apertum.qsystem.server.model.ATListModel.createList(ATListModel.java:45)}
2017-09-25 15:15:03,220 [ INFO] Вход в систему. at {ru.apertum.qsystem.client.forms.FLogin.logining(FLogin.java:313)}
2017-09-25 15:15:07,257 [ INFO] Вход в систему выполнен. Пользователь "Администратор", уровень доступа "3". at {ru.apertum.qsystem.client.forms.FLogin.logining(FLogin.java:335)}
2017-09-25 15:15:07,745 [ INFO] Создали дерево. at {ru.apertum.qsystem.server.model.ATreeModel.createTree(ATreeModel.java:54)}
2017-09-25 15:15:07,751 [ INFO] Создали список. at {ru.apertum.qsystem.server.model.ATListModel.createList(ATListModel.java:45)}
2017-09-25 15:15:07,768 [ INFO] Создали дерево. at {ru.apertum.qsystem.server.model.ATreeModel.createTree(ATreeModel.java:54)}
2017-09-25 15:15:07,774 [ INFO] Создали дерево. at {ru.apertum.qsystem.server.model.ATreeModel.createTree(ATreeModel.java:54)}
2017-09-25 15:15:07,780 [ INFO] Создали список. at {ru.apertum.qsystem.server.model.ATListModel.createList(ATListModel.java:45)}
2017-09-25 15:15:07,783 [ INFO] Создали список. at {ru.apertum.qsystem.server.model.ATListModel.createList(ATListModel.java:45)}
2017-09-25 15:15:07,790 [ INFO] Создали список. at {ru.apertum.qsystem.server.model.ATListModel.createList(ATListModel.java:45)}
2017-09-25 15:15:07,812 [ INFO] Создали список. at {ru.apertum.qsystem.server.model.ATListModel.createList(ATListModel.java:45)}
2017-09-25 15:15:07,887 [DEBUG] Создаем модель для календаря at {ru.apertum.qsystem.server.model.calendar.CalendarTableModel.<init>(CalendarTableModel.java:44)}
2017-09-25 15:15:21,159 [DEBUG] Сохранили конфигурацию. at {ru.apertum.qsystem.client.forms.FAdmin.lambda$saveConfiguration$20(FAdmin.java:1707)}
2017-09-25 15:18:16,447 [ INFO] Properties are ready. at {ru.apertum.qsystem.common.QConfig.prepareCLI(QConfig.java:305)}
2017-09-25 15:18:16,450 [ INFO] "QSystem 17.1"!  date: 20.05.2017 at {ru.apertum.qsystem.common.QLog.initial(QLog.java:180)}
2017-09-25 15:18:16,450 [ INFO] START LOGER. Logger: admin.file.info.trace at {ru.apertum.qsystem.common.QLog.initial(QLog.java:181)}
2017-09-25 15:18:16,451 [ INFO] Mode: KEY_DEBUG at {ru.apertum.qsystem.common.QLog.initial(QLog.java:186)}
2017-09-25 15:18:16,451 [ INFO] Plugins: YES at {ru.apertum.qsystem.common.QLog.initial(QLog.java:187)}
2017-09-25 15:18:16,453 [ INFO] Languages are loading... at {ru.apertum.qsystem.client.Locales.<init>(Locales.java:79)}
2017-09-25 15:18:16,458 [DEBUG]    Langusge: Az?rbaycan az_AZ at {ru.apertum.qsystem.client.Locales.<init>(Locales.java:119)}
2017-09-25 15:18:16,461 [DEBUG]    Langusge: English en_US at {ru.apertum.qsystem.client.Locales.<init>(Locales.java:119)}
2017-09-25 15:18:16,463 [DEBUG]    Langusge: Espanol es_ES at {ru.apertum.qsystem.client.Locales.<init>(Locales.java:119)}
2017-09-25 15:18:16,464 [DEBUG]    Langusge: Fran?ais fr_FR at {ru.apertum.qsystem.client.Locales.<init>(Locales.java:119)}
2017-09-25 15:18:16,467 [DEBUG]    Langusge: Italiano it_IT at {ru.apertum.qsystem.client.Locales.<init>(Locales.java:119)}
2017-09-25 15:18:16,468 [DEBUG]    Langusge: Portugu?s pt_PT at {ru.apertum.qsystem.client.Locales.<init>(Locales.java:119)}
2017-09-25 15:18:16,469 [DEBUG]    Langusge: Roman ro_RO at {ru.apertum.qsystem.client.Locales.<init>(Locales.java:119)}
2017-09-25 15:18:16,471 [DEBUG]    Langusge: Русский ru_RU at {ru.apertum.qsystem.client.Locales.<init>(Locales.java:119)}
2017-09-25 15:18:16,472 [DEBUG]    Langusge: Українська uk_UA at {ru.apertum.qsystem.client.Locales.<init>(Locales.java:119)}
2017-09-25 15:18:17,134 [ INFO] DB server '+ driver=com.mysql.jdbc.Driver' url=jdbc:mysql://127.0.0.1/qsystem?autoReconnect=true&amp;characterEncoding=UTF-8 at {ru.apertum.qsystem.hibernate.AnnotationSessionFactoryBean.load(AnnotationSessionFactoryBean.java:183)}
2017-09-25 15:18:18,507 [ INFO] DB is OK. at {ru.apertum.qsystem.client.forms.FAdmin.main(FAdmin.java:1212)}
2017-09-25 15:18:18,512 [ INFO] Загрузка плагинов из папки plugins. at {ru.apertum.qsystem.common.Uses.loadPlugins(Uses.java:788)}
2017-09-25 15:18:18,513 [DEBUG] Плагин Journal.jar at {ru.apertum.qsystem.common.Uses.loadPlugins(Uses.java:795)}
2017-09-25 15:18:18,516 [DEBUG] Плагин Microsound.jar at {ru.apertum.qsystem.common.Uses.loadPlugins(Uses.java:795)}
2017-09-25 15:18:18,517 [DEBUG] Плагин ZoneboardPlugin.jar at {ru.apertum.qsystem.common.Uses.loadPlugins(Uses.java:795)}
2017-09-25 15:18:18,985 [ INFO] Создали список. at {ru.apertum.qsystem.server.model.ATListModel.createList(ATListModel.java:45)}
2017-09-25 15:18:18,992 [ INFO] Вход в систему. at {ru.apertum.qsystem.client.forms.FLogin.logining(FLogin.java:313)}
2017-09-25 15:18:21,868 [ INFO] Вход в систему выполнен. Пользователь "Администратор", уровень доступа "3". at {ru.apertum.qsystem.client.forms.FLogin.logining(FLogin.java:335)}
2017-09-25 15:18:22,351 [ INFO] Создали дерево. at {ru.apertum.qsystem.server.model.ATreeModel.createTree(ATreeModel.java:54)}
2017-09-25 15:18:22,357 [ INFO] Создали список. at {ru.apertum.qsystem.server.model.ATListModel.createList(ATListModel.java:45)}
2017-09-25 15:18:22,369 [ INFO] Создали дерево. at {ru.apertum.qsystem.server.model.ATreeModel.createTree(ATreeModel.java:54)}
2017-09-25 15:18:22,374 [ INFO] Создали дерево. at {ru.apertum.qsystem.server.model.ATreeModel.createTree(ATreeModel.java:54)}
2017-09-25 15:18:22,379 [ INFO] Создали список. at {ru.apertum.qsystem.server.model.ATListModel.createList(ATListModel.java:45)}
2017-09-25 15:18:22,382 [ INFO] Создали список. at {ru.apertum.qsystem.server.model.ATListModel.createList(ATListModel.java:45)}
2017-09-25 15:18:22,386 [ INFO] Создали список. at {ru.apertum.qsystem.server.model.ATListModel.createList(ATListModel.java:45)}
2017-09-25 15:18:22,408 [ INFO] Создали список. at {ru.apertum.qsystem.server.model.ATListModel.createList(ATListModel.java:45)}
2017-09-25 15:18:22,486 [DEBUG] Создаем модель для календаря at {ru.apertum.qsystem.server.model.calendar.CalendarTableModel.<init>(CalendarTableModel.java:44)}
2017-09-25 15:18:32,795 [DEBUG] Сохранили конфигурацию. at {ru.apertum.qsystem.client.forms.FAdmin.lambda$saveConfiguration$20(FAdmin.java:1707)}
2017-10-09 13:03:06,916 [ INFO] Properties are ready. at {ru.apertum.qsystem.common.QConfig.prepareCLI(QConfig.java:305)}
2017-10-09 13:03:06,925 [ INFO] "QSystem 17.1"!  date: 20.05.2017 at {ru.apertum.qsystem.common.QLog.initial(QLog.java:180)}
2017-10-09 13:03:06,926 [ INFO] START LOGER. Logger: admin.file.info.trace at {ru.apertum.qsystem.common.QLog.initial(QLog.java:181)}
2017-10-09 13:03:06,926 [ INFO] Mode: KEY_DEBUG at {ru.apertum.qsystem.common.QLog.initial(QLog.java:186)}
2017-10-09 13:03:06,927 [ INFO] Plugins: YES at {ru.apertum.qsystem.common.QLog.initial(QLog.java:187)}
2017-10-09 13:03:06,929 [ INFO] Languages are loading... at {ru.apertum.qsystem.client.Locales.<init>(Locales.java:79)}
2017-10-09 13:03:06,944 [DEBUG]    Langusge: Az?rbaycan az_AZ at {ru.apertum.qsystem.client.Locales.<init>(Locales.java:119)}
2017-10-09 13:03:06,956 [DEBUG]    Langusge: English en_US at {ru.apertum.qsystem.client.Locales.<init>(Locales.java:119)}
2017-10-09 13:03:06,972 [DEBUG]    Langusge: Espanol es_ES at {ru.apertum.qsystem.client.Locales.<init>(Locales.java:119)}
2017-10-09 13:03:06,981 [DEBUG]    Langusge: Fran?ais fr_FR at {ru.apertum.qsystem.client.Locales.<init>(Locales.java:119)}
2017-10-09 13:03:06,992 [DEBUG]    Langusge: Italiano it_IT at {ru.apertum.qsystem.client.Locales.<init>(Locales.java:119)}
2017-10-09 13:03:07,005 [DEBUG]    Langusge: Portugu?s pt_PT at {ru.apertum.qsystem.client.Locales.<init>(Locales.java:119)}
2017-10-09 13:03:07,018 [DEBUG]    Langusge: Roman ro_RO at {ru.apertum.qsystem.client.Locales.<init>(Locales.java:119)}
2017-10-09 13:03:07,029 [DEBUG]    Langusge: Русский ru_RU at {ru.apertum.qsystem.client.Locales.<init>(Locales.java:119)}
2017-10-09 13:03:07,042 [DEBUG]    Langusge: Українська uk_UA at {ru.apertum.qsystem.client.Locales.<init>(Locales.java:119)}
2017-10-09 13:03:07,958 [ INFO] DB server '+ driver=com.mysql.jdbc.Driver' url=jdbc:mysql://127.0.0.1/qsystem?autoReconnect=true&amp;characterEncoding=UTF-8 at {ru.apertum.qsystem.hibernate.AnnotationSessionFactoryBean.load(AnnotationSessionFactoryBean.java:183)}
2017-10-09 13:03:09,586 [ INFO] DB is OK. at {ru.apertum.qsystem.client.forms.FAdmin.main(FAdmin.java:1212)}
2017-10-09 13:03:09,592 [ INFO] Загрузка плагинов из папки plugins. at {ru.apertum.qsystem.common.Uses.loadPlugins(Uses.java:788)}
2017-10-09 13:03:09,599 [DEBUG] Плагин Journal.jar at {ru.apertum.qsystem.common.Uses.loadPlugins(Uses.java:795)}
2017-10-09 13:03:09,600 [DEBUG] Плагин Microsound.jar at {ru.apertum.qsystem.common.Uses.loadPlugins(Uses.java:795)}
2017-10-09 13:03:09,601 [DEBUG] Плагин ZoneboardPlugin.jar at {ru.apertum.qsystem.common.Uses.loadPlugins(Uses.java:795)}
2017-10-09 13:03:10,156 [ INFO] Создали список. at {ru.apertum.qsystem.server.model.ATListModel.createList(ATListModel.java:45)}
2017-10-09 13:03:10,162 [ INFO] Вход в систему. at {ru.apertum.qsystem.client.forms.FLogin.logining(FLogin.java:313)}
2017-10-09 13:03:13,797 [ INFO] Вход в систему выполнен. Пользователь "Администратор", уровень доступа "3". at {ru.apertum.qsystem.client.forms.FLogin.logining(FLogin.java:335)}
2017-10-09 13:03:14,338 [ INFO] Создали дерево. at {ru.apertum.qsystem.server.model.ATreeModel.createTree(ATreeModel.java:54)}
2017-10-09 13:03:14,344 [ INFO] Создали список. at {ru.apertum.qsystem.server.model.ATListModel.createList(ATListModel.java:45)}
2017-10-09 13:03:14,356 [ INFO] Создали дерево. at {ru.apertum.qsystem.server.model.ATreeModel.createTree(ATreeModel.java:54)}
2017-10-09 13:03:14,362 [ INFO] Создали дерево. at {ru.apertum.qsystem.server.model.ATreeModel.createTree(ATreeModel.java:54)}
2017-10-09 13:03:14,367 [ INFO] Создали список. at {ru.apertum.qsystem.server.model.ATListModel.createList(ATListModel.java:45)}
2017-10-09 13:03:14,370 [ INFO] Создали список. at {ru.apertum.qsystem.server.model.ATListModel.createList(ATListModel.java:45)}
2017-10-09 13:03:14,375 [ INFO] Создали список. at {ru.apertum.qsystem.server.model.ATListModel.createList(ATListModel.java:45)}
2017-10-09 13:03:14,430 [ INFO] Создали список. at {ru.apertum.qsystem.server.model.ATListModel.createList(ATListModel.java:45)}
2017-10-09 13:03:14,484 [DEBUG] Создаем модель для календаря at {ru.apertum.qsystem.server.model.calendar.CalendarTableModel.<init>(CalendarTableModel.java:44)}
2017-10-09 13:03:27,903 [ INFO] Редактирование услуги "Консультация. Сотовая связь" at {ru.apertum.qsystem.client.forms.FServiceChangeDialod.changeService(FServiceChangeDialod.java:94)}
2017-10-09 13:03:47,172 [ INFO] Редактирование услуги "Сдать оборудование в ремонт (на тестирование)" at {ru.apertum.qsystem.client.forms.FServiceChangeDialod.changeService(FServiceChangeDialod.java:94)}
2017-10-09 13:03:54,242 [ INFO] Редактирование услуги "Обслуживание в абон зале" at {ru.apertum.qsystem.client.forms.FServiceChangeDialod.changeService(FServiceChangeDialod.java:94)}
2017-10-09 13:03:56,240 [ INFO] Редактирование услуги "Получить оборудование из ремонта" at {ru.apertum.qsystem.client.forms.FServiceChangeDialod.changeService(FServiceChangeDialod.java:94)}
2017-10-09 13:04:04,624 [ INFO] Редактирование услуги "Сдать оборудование в ремонт (на тестирование)" at {ru.apertum.qsystem.client.forms.FServiceChangeDialod.changeService(FServiceChangeDialod.java:94)}
2017-10-16 08:45:14,863 [ INFO] Properties are ready. at {ru.apertum.qsystem.common.QConfig.prepareCLI(QConfig.java:305)}
2017-10-16 08:45:14,886 [ INFO] "QSystem 17.1"!  date: 20.05.2017 at {ru.apertum.qsystem.common.QLog.initial(QLog.java:180)}
2017-10-16 08:45:14,887 [ INFO] START LOGER. Logger: admin.file.info.trace at {ru.apertum.qsystem.common.QLog.initial(QLog.java:181)}
2017-10-16 08:45:14,887 [ INFO] Mode: KEY_DEBUG at {ru.apertum.qsystem.common.QLog.initial(QLog.java:186)}
2017-10-16 08:45:14,887 [ INFO] Plugins: YES at {ru.apertum.qsystem.common.QLog.initial(QLog.java:187)}
2017-10-16 08:45:14,890 [ INFO] Languages are loading... at {ru.apertum.qsystem.client.Locales.<init>(Locales.java:79)}
2017-10-16 08:45:14,932 [DEBUG]    Langusge: Az?rbaycan az_AZ at {ru.apertum.qsystem.client.Locales.<init>(Locales.java:119)}
2017-10-16 08:45:14,956 [DEBUG]    Langusge: English en_US at {ru.apertum.qsystem.client.Locales.<init>(Locales.java:119)}
2017-10-16 08:45:14,984 [DEBUG]    Langusge: Espanol es_ES at {ru.apertum.qsystem.client.Locales.<init>(Locales.java:119)}
2017-10-16 08:45:15,011 [DEBUG]    Langusge: Fran?ais fr_FR at {ru.apertum.qsystem.client.Locales.<init>(Locales.java:119)}
2017-10-16 08:45:15,045 [DEBUG]    Langusge: Italiano it_IT at {ru.apertum.qsystem.client.Locales.<init>(Locales.java:119)}
2017-10-16 08:45:15,065 [DEBUG]    Langusge: Portugu?s pt_PT at {ru.apertum.qsystem.client.Locales.<init>(Locales.java:119)}
2017-10-16 08:45:15,119 [DEBUG]    Langusge: Roman ro_RO at {ru.apertum.qsystem.client.Locales.<init>(Locales.java:119)}
2017-10-16 08:45:15,196 [DEBUG]    Langusge: Русский ru_RU at {ru.apertum.qsystem.client.Locales.<init>(Locales.java:119)}
2017-10-16 08:45:15,243 [DEBUG]    Langusge: Українська uk_UA at {ru.apertum.qsystem.client.Locales.<init>(Locales.java:119)}
2017-10-16 08:45:22,403 [ INFO] DB server '+ driver=com.mysql.jdbc.Driver' url=jdbc:mysql://127.0.0.1/qsystem?autoReconnect=true&amp;characterEncoding=UTF-8 at {ru.apertum.qsystem.hibernate.AnnotationSessionFactoryBean.load(AnnotationSessionFactoryBean.java:183)}
2017-10-16 08:45:31,919 [ INFO] DB is OK. at {ru.apertum.qsystem.client.forms.FAdmin.main(FAdmin.java:1212)}
2017-10-16 08:45:31,928 [ INFO] Загрузка плагинов из папки plugins. at {ru.apertum.qsystem.common.Uses.loadPlugins(Uses.java:788)}
2017-10-16 08:45:31,930 [DEBUG] Плагин Journal.jar at {ru.apertum.qsystem.common.Uses.loadPlugins(Uses.java:795)}
2017-10-16 08:45:31,937 [DEBUG] Плагин Microsound.jar at {ru.apertum.qsystem.common.Uses.loadPlugins(Uses.java:795)}
2017-10-16 08:45:31,939 [DEBUG] Плагин ZoneboardPlugin.jar at {ru.apertum.qsystem.common.Uses.loadPlugins(Uses.java:795)}
2017-10-16 08:45:33,233 [ INFO] Создали список. at {ru.apertum.qsystem.server.model.ATListModel.createList(ATListModel.java:45)}
2017-10-16 08:45:33,264 [ INFO] Вход в систему. at {ru.apertum.qsystem.client.forms.FLogin.logining(FLogin.java:313)}
2017-10-16 08:45:51,606 [ INFO] Вход в систему выполнен. Пользователь "Администратор", уровень доступа "3". at {ru.apertum.qsystem.client.forms.FLogin.logining(FLogin.java:335)}
2017-10-16 08:45:52,215 [ INFO] Создали дерево. at {ru.apertum.qsystem.server.model.ATreeModel.createTree(ATreeModel.java:54)}
2017-10-16 08:45:52,224 [ INFO] Создали список. at {ru.apertum.qsystem.server.model.ATListModel.createList(ATListModel.java:45)}
2017-10-16 08:45:52,242 [ INFO] Создали дерево. at {ru.apertum.qsystem.server.model.ATreeModel.createTree(ATreeModel.java:54)}
2017-10-16 08:45:52,250 [ INFO] Создали дерево. at {ru.apertum.qsystem.server.model.ATreeModel.createTree(ATreeModel.java:54)}
2017-10-16 08:45:52,258 [ INFO] Создали список. at {ru.apertum.qsystem.server.model.ATListModel.createList(ATListModel.java:45)}
2017-10-16 08:45:52,262 [ INFO] Создали список. at {ru.apertum.qsystem.server.model.ATListModel.createList(ATListModel.java:45)}
2017-10-16 08:45:52,270 [ INFO] Создали список. at {ru.apertum.qsystem.server.model.ATListModel.createList(ATListModel.java:45)}
2017-10-16 08:45:52,339 [ INFO] Создали список. at {ru.apertum.qsystem.server.model.ATListModel.createList(ATListModel.java:45)}
2017-10-16 08:45:52,414 [DEBUG] Создаем модель для календаря at {ru.apertum.qsystem.server.model.calendar.CalendarTableModel.<init>(CalendarTableModel.java:44)}
2017-10-16 08:46:33,909 [DEBUG] Удалена услуга "Получить оборудование из ремонта" из группы "c/w" at {ru.apertum.qsystem.client.forms.FAdmin.deleteService(FAdmin.java:1599)}
2017-10-16 08:46:39,116 [DEBUG] Сохранили конфигурацию. at {ru.apertum.qsystem.client.forms.FAdmin.lambda$saveConfiguration$20(FAdmin.java:1707)}
2017-10-16 08:50:06,368 [DEBUG] Удалена услуга "Консультация. Сотовая связь" из группы "Обслуживание в абон зале" at {ru.apertum.qsystem.client.forms.FAdmin.deleteService(FAdmin.java:1599)}
2017-10-16 08:50:08,441 [DEBUG] Сохранили конфигурацию. at {ru.apertum.qsystem.client.forms.FAdmin.lambda$saveConfiguration$20(FAdmin.java:1707)}
2017-10-16 08:50:38,102 [ INFO] Команда на рестарт сервера. at {ru.apertum.qsystem.common.NetCommander.restartServer(NetCommander.java:1208)}
2017-10-16 08:50:38,119 [TRACE] Task "RESTART" on 127.0.0.1:3128#
{"jsonrpc":"2.0","id":"1508133038102","method":"RESTART"} at {ru.apertum.qsystem.common.NetCommander.sendRpc(NetCommander.java:131)}
2017-10-16 08:50:38,121 [TRACE] Socket was created. at {ru.apertum.qsystem.common.NetCommander.sendRpc(NetCommander.java:139)}
2017-10-16 08:50:38,121 [TRACE] Sending... at {ru.apertum.qsystem.common.NetCommander.sendRpc(NetCommander.java:145)}
2017-10-16 08:50:38,122 [TRACE] Reading... at {ru.apertum.qsystem.common.NetCommander.sendRpc(NetCommander.java:147)}
2017-10-16 08:50:38,428 [TRACE] Response:
{"result":1,"jsonrpc":"2.0","id":"1508133038425"}
 at {ru.apertum.qsystem.common.NetCommander.sendRpc(NetCommander.java:159)}
2017-10-16 08:50:43,725 [ INFO] Запрос о состоянии на сервер. at {ru.apertum.qsystem.client.forms.FAdmin.checkServer(FAdmin.java:985)}
2017-10-16 08:50:43,726 [ INFO] Получение описания состояния сервера. at {ru.apertum.qsystem.common.NetCommander.getServerState(NetCommander.java:873)}
2017-10-16 08:50:43,726 [TRACE] Task "Получить состояние сервера" on 127.0.0.1:3128#
{"jsonrpc":"2.0","id":"1508133038102","method":"Получить состояние сервера"} at {ru.apertum.qsystem.common.NetCommander.sendRpc(NetCommander.java:131)}
2017-10-16 08:50:43,726 [TRACE] Socket was created. at {ru.apertum.qsystem.common.NetCommander.sendRpc(NetCommander.java:139)}
2017-10-16 08:50:43,727 [TRACE] Sending... at {ru.apertum.qsystem.common.NetCommander.sendRpc(NetCommander.java:145)}
2017-10-16 08:50:43,727 [TRACE] Reading... at {ru.apertum.qsystem.common.NetCommander.sendRpc(NetCommander.java:147)}
2017-10-16 08:50:43,738 [TRACE] Response:
{"result":[{"service_name":"Оформить обращение по качеству обслуживания","waiting":0,"first":"-","id":1504684653226,"wait_max":0},{"service_name":"Сдать оборудование в ремонт (на тестирование)","waiting":0,"first":"-","id":1504684674193,"wait_max":0}],"jsonrpc":"2.0","id":"1508133043734"}
 at {ru.apertum.qsystem.common.NetCommander.sendRpc(NetCommander.java:159)}
2017-10-16 08:50:43,743 [ INFO] Команда на обновление пула отложенных. at {ru.apertum.qsystem.common.NetCommander.getPostponedPoolInfo(NetCommander.java:1429)}
2017-10-16 08:50:43,744 [TRACE] Task "Получить состояние пула отложенных" on 127.0.0.1:3128#
{"jsonrpc":"2.0","id":"1508133038102","method":"Получить состояние пула отложенных"} at {ru.apertum.qsystem.common.NetCommander.sendRpc(NetCommander.java:131)}
2017-10-16 08:50:43,744 [TRACE] Socket was created. at {ru.apertum.qsystem.common.NetCommander.sendRpc(NetCommander.java:139)}
2017-10-16 08:50:43,745 [TRACE] Sending... at {ru.apertum.qsystem.common.NetCommander.sendRpc(NetCommander.java:145)}
2017-10-16 08:50:43,745 [TRACE] Reading... at {ru.apertum.qsystem.common.NetCommander.sendRpc(NetCommander.java:147)}
2017-10-16 08:50:43,752 [TRACE] Response:
{"result":[],"jsonrpc":"2.0","id":"1508133043751"}
 at {ru.apertum.qsystem.common.NetCommander.sendRpc(NetCommander.java:159)}
2017-10-16 08:51:23,991 [ INFO] Сделать услугу временно неактивной/активной. at {ru.apertum.qsystem.common.NetCommander.changeTempAvailableService(NetCommander.java:406)}
2017-10-16 08:51:23,992 [TRACE] Task "Изменить временную доступность" on 127.0.0.1:3128#
{"params":{"service_id":1504684653226,"text_data":"11"},"jsonrpc":"2.0","id":"1508133038102","method":"Изменить временную доступность"} at {ru.apertum.qsystem.common.NetCommander.sendRpc(NetCommander.java:131)}
2017-10-16 08:51:23,994 [TRACE] Socket was created. at {ru.apertum.qsystem.common.NetCommander.sendRpc(NetCommander.java:139)}
2017-10-16 08:51:23,995 [TRACE] Sending... at {ru.apertum.qsystem.common.NetCommander.sendRpc(NetCommander.java:145)}
2017-10-16 08:51:23,999 [TRACE] Reading... at {ru.apertum.qsystem.common.NetCommander.sendRpc(NetCommander.java:147)}
2017-10-16 08:51:24,014 [TRACE] Response:
{"result":1,"jsonrpc":"2.0","id":"1508133084012"}
 at {ru.apertum.qsystem.common.NetCommander.sendRpc(NetCommander.java:159)}
2017-10-16 08:51:28,484 [DEBUG] Сохранили конфигурацию. at {ru.apertum.qsystem.client.forms.FAdmin.lambda$saveConfiguration$20(FAdmin.java:1707)}
2017-10-16 08:51:53,735 [ INFO] Команда на рестарт сервера. at {ru.apertum.qsystem.common.NetCommander.restartServer(NetCommander.java:1208)}
2017-10-16 08:51:53,737 [TRACE] Task "RESTART" on 127.0.0.1:3128#
{"jsonrpc":"2.0","id":"1508133038102","method":"RESTART"} at {ru.apertum.qsystem.common.NetCommander.sendRpc(NetCommander.java:131)}
2017-10-16 08:51:53,738 [TRACE] Socket was created. at {ru.apertum.qsystem.common.NetCommander.sendRpc(NetCommander.java:139)}
2017-10-16 08:51:53,739 [TRACE] Sending... at {ru.apertum.qsystem.common.NetCommander.sendRpc(NetCommander.java:145)}
2017-10-16 08:51:53,740 [TRACE] Reading... at {ru.apertum.qsystem.common.NetCommander.sendRpc(NetCommander.java:147)}
2017-10-16 08:51:53,901 [TRACE] Response:
{"result":1,"jsonrpc":"2.0","id":"1508133113899"}
 at {ru.apertum.qsystem.common.NetCommander.sendRpc(NetCommander.java:159)}
2017-10-16 08:52:10,842 [ INFO] Запрос о состоянии на сервер. at {ru.apertum.qsystem.client.forms.FAdmin.checkServer(FAdmin.java:985)}
2017-10-16 08:52:10,842 [ INFO] Получение описания состояния сервера. at {ru.apertum.qsystem.common.NetCommander.getServerState(NetCommander.java:873)}
2017-10-16 08:52:10,843 [TRACE] Task "Получить состояние сервера" on 127.0.0.1:3128#
{"jsonrpc":"2.0","id":"1508133038102","method":"Получить состояние сервера"} at {ru.apertum.qsystem.common.NetCommander.sendRpc(NetCommander.java:131)}
2017-10-16 08:52:10,844 [TRACE] Socket was created. at {ru.apertum.qsystem.common.NetCommander.sendRpc(NetCommander.java:139)}
2017-10-16 08:52:10,845 [TRACE] Sending... at {ru.apertum.qsystem.common.NetCommander.sendRpc(NetCommander.java:145)}
2017-10-16 08:52:10,845 [TRACE] Reading... at {ru.apertum.qsystem.common.NetCommander.sendRpc(NetCommander.java:147)}
2017-10-16 08:52:10,853 [TRACE] Response:
{"result":[{"service_name":"Оформить обращение по качеству обслуживания","waiting":0,"first":"-","id":1504684653226,"wait_max":0},{"service_name":"Сдать оборудование в ремонт (на тестирование)","waiting":0,"first":"-","id":1504684674193,"wait_max":0}],"jsonrpc":"2.0","id":"1508133130851"}
 at {ru.apertum.qsystem.common.NetCommander.sendRpc(NetCommander.java:159)}
2017-10-16 08:52:10,855 [ INFO] Команда на обновление пула отложенных. at {ru.apertum.qsystem.common.NetCommander.getPostponedPoolInfo(NetCommander.java:1429)}
2017-10-16 08:52:10,856 [TRACE] Task "Получить состояние пула отложенных" on 127.0.0.1:3128#
{"jsonrpc":"2.0","id":"1508133038102","method":"Получить состояние пула отложенных"} at {ru.apertum.qsystem.common.NetCommander.sendRpc(NetCommander.java:131)}
2017-10-16 08:52:10,857 [TRACE] Socket was created. at {ru.apertum.qsystem.common.NetCommander.sendRpc(NetCommander.java:139)}
2017-10-16 08:52:10,857 [TRACE] Sending... at {ru.apertum.qsystem.common.NetCommander.sendRpc(NetCommander.java:145)}
2017-10-16 08:52:10,858 [TRACE] Reading... at {ru.apertum.qsystem.common.NetCommander.sendRpc(NetCommander.java:147)}
2017-10-16 08:52:10,869 [TRACE] Response:
{"result":[],"jsonrpc":"2.0","id":"1508133130868"}
 at {ru.apertum.qsystem.common.NetCommander.sendRpc(NetCommander.java:159)}
2017-10-26 08:51:19,065 [ INFO] Properties are ready. at {ru.apertum.qsystem.common.QConfig.prepareCLI(QConfig.java:305)}
2017-10-26 08:51:19,082 [ INFO] "QSystem 17.1"!  date: 20.05.2017 at {ru.apertum.qsystem.common.QLog.initial(QLog.java:180)}
2017-10-26 08:51:19,082 [ INFO] START LOGER. Logger: admin.file.info.trace at {ru.apertum.qsystem.common.QLog.initial(QLog.java:181)}
2017-10-26 08:51:19,083 [ INFO] Mode: KEY_DEBUG at {ru.apertum.qsystem.common.QLog.initial(QLog.java:186)}
2017-10-26 08:51:19,083 [ INFO] Plugins: YES at {ru.apertum.qsystem.common.QLog.initial(QLog.java:187)}
2017-10-26 08:51:19,085 [ INFO] Languages are loading... at {ru.apertum.qsystem.client.Locales.<init>(Locales.java:79)}
2017-10-26 08:51:19,090 [DEBUG]    Langusge: Az?rbaycan az_AZ at {ru.apertum.qsystem.client.Locales.<init>(Locales.java:119)}
2017-10-26 08:51:19,093 [DEBUG]    Langusge: English en_US at {ru.apertum.qsystem.client.Locales.<init>(Locales.java:119)}
2017-10-26 08:51:19,095 [DEBUG]    Langusge: Espanol es_ES at {ru.apertum.qsystem.client.Locales.<init>(Locales.java:119)}
2017-10-26 08:51:19,096 [DEBUG]    Langusge: Fran?ais fr_FR at {ru.apertum.qsystem.client.Locales.<init>(Locales.java:119)}
2017-10-26 08:51:19,097 [DEBUG]    Langusge: Italiano it_IT at {ru.apertum.qsystem.client.Locales.<init>(Locales.java:119)}
2017-10-26 08:51:19,099 [DEBUG]    Langusge: Portugu?s pt_PT at {ru.apertum.qsystem.client.Locales.<init>(Locales.java:119)}
2017-10-26 08:51:19,101 [DEBUG]    Langusge: Roman ro_RO at {ru.apertum.qsystem.client.Locales.<init>(Locales.java:119)}
2017-10-26 08:51:19,102 [DEBUG]    Langusge: Русский ru_RU at {ru.apertum.qsystem.client.Locales.<init>(Locales.java:119)}
2017-10-26 08:51:19,103 [DEBUG]    Langusge: Українська uk_UA at {ru.apertum.qsystem.client.Locales.<init>(Locales.java:119)}
2017-10-26 08:51:19,948 [ INFO] DB server '+ driver=com.mysql.jdbc.Driver' url=jdbc:mysql://127.0.0.1/qsystem?autoReconnect=true&amp;characterEncoding=UTF-8 at {ru.apertum.qsystem.hibernate.AnnotationSessionFactoryBean.load(AnnotationSessionFactoryBean.java:183)}
2017-10-26 08:51:21,641 [ INFO] DB is OK. at {ru.apertum.qsystem.client.forms.FAdmin.main(FAdmin.java:1212)}
2017-10-26 08:51:21,647 [ INFO] Загрузка плагинов из папки plugins. at {ru.apertum.qsystem.common.Uses.loadPlugins(Uses.java:788)}
2017-10-26 08:51:21,648 [DEBUG] Плагин ZoneboardPlugin.jar at {ru.apertum.qsystem.common.Uses.loadPlugins(Uses.java:795)}
2017-10-26 08:51:22,115 [ INFO] Создали список. at {ru.apertum.qsystem.server.model.ATListModel.createList(ATListModel.java:45)}
2017-10-26 08:51:22,121 [ INFO] Вход в систему. at {ru.apertum.qsystem.client.forms.FLogin.logining(FLogin.java:313)}
2017-10-26 08:51:25,689 [ INFO] Вход в систему выполнен. Пользователь "Администратор", уровень доступа "3". at {ru.apertum.qsystem.client.forms.FLogin.logining(FLogin.java:335)}
2017-10-26 08:51:26,247 [ INFO] Создали дерево. at {ru.apertum.qsystem.server.model.ATreeModel.createTree(ATreeModel.java:54)}
2017-10-26 08:51:26,254 [ INFO] Создали список. at {ru.apertum.qsystem.server.model.ATListModel.createList(ATListModel.java:45)}
2017-10-26 08:51:26,265 [ INFO] Создали дерево. at {ru.apertum.qsystem.server.model.ATreeModel.createTree(ATreeModel.java:54)}
2017-10-26 08:51:26,272 [ INFO] Создали дерево. at {ru.apertum.qsystem.server.model.ATreeModel.createTree(ATreeModel.java:54)}
2017-10-26 08:51:26,278 [ INFO] Создали список. at {ru.apertum.qsystem.server.model.ATListModel.createList(ATListModel.java:45)}
2017-10-26 08:51:26,281 [ INFO] Создали список. at {ru.apertum.qsystem.server.model.ATListModel.createList(ATListModel.java:45)}
2017-10-26 08:51:26,286 [ INFO] Создали список. at {ru.apertum.qsystem.server.model.ATListModel.createList(ATListModel.java:45)}
2017-10-26 08:51:26,336 [ INFO] Создали список. at {ru.apertum.qsystem.server.model.ATListModel.createList(ATListModel.java:45)}
2017-10-26 08:51:26,394 [DEBUG] Создаем модель для календаря at {ru.apertum.qsystem.server.model.calendar.CalendarTableModel.<init>(CalendarTableModel.java:44)}
2017-10-26 08:51:30,632 [ INFO] Редактирование услуги "СЗАО "ИНТЕРДНЕСТРКОМ"" at {ru.apertum.qsystem.client.forms.FServiceChangeDialod.changeService(FServiceChangeDialod.java:94)}
2017-10-26 08:51:34,970 [ INFO] Редактирование услуги "Обслуживание в абон зале" at {ru.apertum.qsystem.client.forms.FServiceChangeDialod.changeService(FServiceChangeDialod.java:94)}
