2017-06-20 09:16:09,888 [ INFO] START LOGGER for reports. Logger: reports.file.info.trace at {ru.apertum.qsystem.common.QLog.initial(QLog.java:184)}
2017-06-20 09:21:17,555 [ INFO] START LOGGER for reports. Logger: reports.file.info.trace at {ru.apertum.qsystem.common.QLog.initial(QLog.java:184)}
2017-06-20 09:22:44,107 [ INFO] START LOGGER for reports. Logger: reports.file.info.trace at {ru.apertum.qsystem.common.QLog.initial(QLog.java:184)}
2017-06-20 09:28:51,387 [ INFO] START LOGGER for reports. Logger: reports.file.info.trace at {ru.apertum.qsystem.common.QLog.initial(QLog.java:184)}
2017-06-20 09:38:57,125 [ INFO] START LOGGER for reports. Logger: reports.file.info.trace at {ru.apertum.qsystem.common.QLog.initial(QLog.java:184)}
2017-06-20 10:31:29,306 [ INFO] START LOGGER for reports. Logger: reports.file.info.trace at {ru.apertum.qsystem.common.QLog.initial(QLog.java:184)}
2017-06-20 10:40:16,709 [ INFO] START LOGGER for reports. Logger: reports.file.info.trace at {ru.apertum.qsystem.common.QLog.initial(QLog.java:184)}
2017-06-20 10:40:42,113 [ INFO] START LOGGER for reports. Logger: reports.file.info.trace at {ru.apertum.qsystem.common.QLog.initial(QLog.java:184)}
2017-06-20 10:40:58,305 [ INFO] START LOGGER for reports. Logger: reports.file.info.trace at {ru.apertum.qsystem.common.QLog.initial(QLog.java:184)}
2017-06-20 10:41:30,861 [ INFO] START LOGGER for reports. Logger: reports.file.info.trace at {ru.apertum.qsystem.common.QLog.initial(QLog.java:184)}
2017-06-20 10:42:22,741 [ INFO] START LOGGER for reports. Logger: reports.file.info.trace at {ru.apertum.qsystem.common.QLog.initial(QLog.java:184)}
2017-06-20 10:43:54,208 [ INFO] START LOGGER for reports. Logger: reports.file.info.trace at {ru.apertum.qsystem.common.QLog.initial(QLog.java:184)}
2017-06-20 10:44:55,084 [ INFO] START LOGGER for reports. Logger: reports.file.info.trace at {ru.apertum.qsystem.common.QLog.initial(QLog.java:184)}
2017-06-20 10:45:31,677 [ INFO] START LOGGER for reports. Logger: reports.file.info.trace at {ru.apertum.qsystem.common.QLog.initial(QLog.java:184)}
2017-06-20 10:50:01,424 [ INFO] START LOGGER for reports. Logger: reports.file.info.trace at {ru.apertum.qsystem.common.QLog.initial(QLog.java:184)}
2017-06-20 13:19:11,859 [ INFO] START LOGGER for reports. Logger: reports.file.info.trace at {ru.apertum.qsystem.common.QLog.initial(QLog.java:184)}
2017-06-30 08:20:49,687 [ INFO] START LOGGER for reports. Logger: reports.file.info.trace at {ru.apertum.qsystem.common.QLog.initial(QLog.java:184)}
2017-06-30 08:22:05,458 [ INFO] START LOGGER for reports. Logger: reports.file.info.trace at {ru.apertum.qsystem.common.QLog.initial(QLog.java:184)}
2017-06-30 08:26:29,952 [ INFO] START LOGGER for reports. Logger: reports.file.info.trace at {ru.apertum.qsystem.common.QLog.initial(QLog.java:184)}
2017-06-30 08:44:13,141 [ INFO] START LOGGER for reports. Logger: reports.file.info.trace at {ru.apertum.qsystem.common.QLog.initial(QLog.java:184)}
2017-06-30 08:44:15,985 [ INFO] Отчетный вэбсервер системы 'Очередь' запущен. at {ru.apertum.qsystem.reports.model.WebServer$1.run(WebServer.java:89)}
2017-06-30 08:44:29,036 [DEBUG] Загружено из базы 15 отчетов. at {ru.apertum.qsystem.reports.model.QReportsList.load(QReportsList.java:67)}
2017-06-30 08:44:29,378 [ INFO] Выдаем ресурс: "/login.html" at {ru.apertum.qsystem.reports.net.HttpQSystemReportsHandler.handle(HttpQSystemReportsHandler.java:139)}
2017-06-30 08:44:29,384 [TRACE] Выдаем результат 2888 байт на запрос "/". at {ru.apertum.qsystem.reports.net.HttpQSystemReportsHandler.handle(HttpQSystemReportsHandler.java:158)}
2017-06-30 08:44:29,438 [ INFO] Выдаем ресурс: "/resources/top.jpg" at {ru.apertum.qsystem.reports.net.HttpQSystemReportsHandler.handle(HttpQSystemReportsHandler.java:139)}
2017-06-30 08:44:29,519 [TRACE] Выдаем результат 27645 байт на запрос "/resources/top.jpg". at {ru.apertum.qsystem.reports.net.HttpQSystemReportsHandler.handle(HttpQSystemReportsHandler.java:158)}
2017-06-30 08:44:29,519 [ INFO] Выдаем ресурс: "/resources/fp.png" at {ru.apertum.qsystem.reports.net.HttpQSystemReportsHandler.handle(HttpQSystemReportsHandler.java:139)}
2017-06-30 08:44:29,526 [TRACE] Выдаем результат 5247 байт на запрос "/resources/fp.png". at {ru.apertum.qsystem.reports.net.HttpQSystemReportsHandler.handle(HttpQSystemReportsHandler.java:158)}
2017-06-30 08:44:29,614 [ INFO] Выдаем ресурс: "/favicon.ico" at {ru.apertum.qsystem.reports.net.HttpQSystemReportsHandler.handle(HttpQSystemReportsHandler.java:139)}
2017-06-30 08:44:29,618 [TRACE] Выдаем результат 4286 байт на запрос "/favicon.ico". at {ru.apertum.qsystem.reports.net.HttpQSystemReportsHandler.handle(HttpQSystemReportsHandler.java:158)}
2017-06-30 08:44:29,644 [ INFO] Выдаем ресурс: "/favicon.ico" at {ru.apertum.qsystem.reports.net.HttpQSystemReportsHandler.handle(HttpQSystemReportsHandler.java:139)}
2017-06-30 08:44:29,646 [TRACE] Выдаем результат 4286 байт на запрос "/favicon.ico". at {ru.apertum.qsystem.reports.net.HttpQSystemReportsHandler.handle(HttpQSystemReportsHandler.java:158)}
2017-06-30 08:44:31,050 [ INFO] Генерация отчета: 'reportList' at {ru.apertum.qsystem.reports.model.QReportsList.generate(QReportsList.java:199)}
2017-06-30 08:44:31,051 [DEBUG] Генерируем : "reportList" at {ru.apertum.qsystem.reports.model.AGenerator.process(AGenerator.java:154)}
2017-06-30 08:44:31,065 [ INFO] Генерация завершено. Затрачено времени: 0.015 сек. at {ru.apertum.qsystem.reports.model.QReportsList.generate(QReportsList.java:205)}
2017-06-30 08:44:31,065 [TRACE] Выдаем результат 9830 байт на запрос "/reportList.html". at {ru.apertum.qsystem.reports.net.HttpQSystemReportsHandler.handle(HttpQSystemReportsHandler.java:158)}
2017-06-30 08:44:31,117 [ INFO] Выдаем ресурс: "/resources/fp.png" at {ru.apertum.qsystem.reports.net.HttpQSystemReportsHandler.handle(HttpQSystemReportsHandler.java:139)}
2017-06-30 08:44:31,117 [TRACE] Выдаем результат 5247 байт на запрос "/resources/fp.png". at {ru.apertum.qsystem.reports.net.HttpQSystemReportsHandler.handle(HttpQSystemReportsHandler.java:158)}
2017-06-30 08:44:31,122 [ INFO] Выдаем ресурс: "/resources/top.jpg" at {ru.apertum.qsystem.reports.net.HttpQSystemReportsHandler.handle(HttpQSystemReportsHandler.java:139)}
2017-06-30 08:44:31,123 [TRACE] Выдаем результат 27645 байт на запрос "/resources/top.jpg". at {ru.apertum.qsystem.reports.net.HttpQSystemReportsHandler.handle(HttpQSystemReportsHandler.java:158)}
2017-06-30 08:44:31,240 [ INFO] Выдаем ресурс: "/favicon.ico" at {ru.apertum.qsystem.reports.net.HttpQSystemReportsHandler.handle(HttpQSystemReportsHandler.java:139)}
2017-06-30 08:44:31,241 [TRACE] Выдаем результат 4286 байт на запрос "/favicon.ico". at {ru.apertum.qsystem.reports.net.HttpQSystemReportsHandler.handle(HttpQSystemReportsHandler.java:158)}
2017-06-30 08:44:33,199 [ INFO] Генерация отчета: 'authorized_clients_period_services' at {ru.apertum.qsystem.reports.model.QReportsList.generate(QReportsList.java:199)}
2017-06-30 08:44:33,199 [DEBUG] Генерируем : "authorized_clients_period_services" at {ru.apertum.qsystem.reports.model.AGenerator.process(AGenerator.java:154)}
2017-06-30 08:44:33,253 [ INFO] Генерация завершено. Затрачено времени: 0.055 сек. at {ru.apertum.qsystem.reports.model.QReportsList.generate(QReportsList.java:205)}
2017-06-30 08:44:33,254 [TRACE] Выдаем результат 4989 байт на запрос "/authorized_clients_period_services.html". at {ru.apertum.qsystem.reports.net.HttpQSystemReportsHandler.handle(HttpQSystemReportsHandler.java:158)}
2017-06-30 08:44:33,455 [ INFO] Выдаем ресурс: "/css/datepicker.css" at {ru.apertum.qsystem.reports.net.HttpQSystemReportsHandler.handle(HttpQSystemReportsHandler.java:139)}
2017-06-30 08:44:33,455 [TRACE] Выдаем результат 7468 байт на запрос "/css/datepicker.css". at {ru.apertum.qsystem.reports.net.HttpQSystemReportsHandler.handle(HttpQSystemReportsHandler.java:158)}
2017-06-30 08:44:33,484 [ INFO] Выдаем ресурс: "/js/datepicker.js" at {ru.apertum.qsystem.reports.net.HttpQSystemReportsHandler.handle(HttpQSystemReportsHandler.java:139)}
2017-06-30 08:44:33,485 [TRACE] Выдаем результат 74592 байт на запрос "/js/datepicker.js". at {ru.apertum.qsystem.reports.net.HttpQSystemReportsHandler.handle(HttpQSystemReportsHandler.java:158)}
2017-06-30 08:44:33,724 [ INFO] Выдаем ресурс: "/js/lang/ru.js" at {ru.apertum.qsystem.reports.net.HttpQSystemReportsHandler.handle(HttpQSystemReportsHandler.java:139)}
2017-06-30 08:44:33,725 [TRACE] Выдаем результат 1226 байт на запрос "/js/lang/ru.js". at {ru.apertum.qsystem.reports.net.HttpQSystemReportsHandler.handle(HttpQSystemReportsHandler.java:158)}
2017-06-30 08:44:33,761 [ INFO] Выдаем ресурс: "/resources/fp.png" at {ru.apertum.qsystem.reports.net.HttpQSystemReportsHandler.handle(HttpQSystemReportsHandler.java:139)}
2017-06-30 08:44:33,761 [TRACE] Выдаем результат 5247 байт на запрос "/resources/fp.png". at {ru.apertum.qsystem.reports.net.HttpQSystemReportsHandler.handle(HttpQSystemReportsHandler.java:158)}
2017-06-30 08:44:33,769 [ INFO] Выдаем ресурс: "/resources/top.jpg" at {ru.apertum.qsystem.reports.net.HttpQSystemReportsHandler.handle(HttpQSystemReportsHandler.java:139)}
2017-06-30 08:44:33,769 [TRACE] Выдаем результат 27645 байт на запрос "/resources/top.jpg". at {ru.apertum.qsystem.reports.net.HttpQSystemReportsHandler.handle(HttpQSystemReportsHandler.java:158)}
2017-06-30 08:44:33,867 [ INFO] Выдаем ресурс: "/media/gradient-e5e5e5-ffffff.gif" at {ru.apertum.qsystem.reports.net.HttpQSystemReportsHandler.handle(HttpQSystemReportsHandler.java:139)}
2017-06-30 08:44:33,868 [TRACE] Выдаем результат 526 байт на запрос "/media/gradient-e5e5e5-ffffff.gif". at {ru.apertum.qsystem.reports.net.HttpQSystemReportsHandler.handle(HttpQSystemReportsHandler.java:158)}
2017-06-30 08:44:33,874 [ INFO] Выдаем ресурс: "/media/backstripes.gif" at {ru.apertum.qsystem.reports.net.HttpQSystemReportsHandler.handle(HttpQSystemReportsHandler.java:139)}
2017-06-30 08:44:33,874 [TRACE] Выдаем результат 234 байт на запрос "/media/backstripes.gif". at {ru.apertum.qsystem.reports.net.HttpQSystemReportsHandler.handle(HttpQSystemReportsHandler.java:158)}
2017-06-30 08:44:33,884 [ INFO] Выдаем ресурс: "/media/bg_header.jpg" at {ru.apertum.qsystem.reports.net.HttpQSystemReportsHandler.handle(HttpQSystemReportsHandler.java:139)}
2017-06-30 08:44:33,884 [TRACE] Выдаем результат 1792 байт на запрос "/media/bg_header.jpg". at {ru.apertum.qsystem.reports.net.HttpQSystemReportsHandler.handle(HttpQSystemReportsHandler.java:158)}
2017-06-30 08:44:33,888 [ INFO] Выдаем ресурс: "/media/cal.gif" at {ru.apertum.qsystem.reports.net.HttpQSystemReportsHandler.handle(HttpQSystemReportsHandler.java:139)}
2017-06-30 08:44:33,889 [TRACE] Выдаем результат 127 байт на запрос "/media/cal.gif". at {ru.apertum.qsystem.reports.net.HttpQSystemReportsHandler.handle(HttpQSystemReportsHandler.java:158)}
2017-06-30 08:44:33,941 [ INFO] Выдаем ресурс: "/favicon.ico" at {ru.apertum.qsystem.reports.net.HttpQSystemReportsHandler.handle(HttpQSystemReportsHandler.java:139)}
2017-06-30 08:44:33,942 [TRACE] Выдаем результат 4286 байт на запрос "/favicon.ico". at {ru.apertum.qsystem.reports.net.HttpQSystemReportsHandler.handle(HttpQSystemReportsHandler.java:158)}
2017-06-30 08:44:35,707 [ INFO] Выдаем ресурс: "/media/bullet2.gif" at {ru.apertum.qsystem.reports.net.HttpQSystemReportsHandler.handle(HttpQSystemReportsHandler.java:139)}
2017-06-30 08:44:35,707 [TRACE] Выдаем результат 262 байт на запрос "/media/bullet2.gif". at {ru.apertum.qsystem.reports.net.HttpQSystemReportsHandler.handle(HttpQSystemReportsHandler.java:158)}
2017-06-30 08:44:38,994 [ INFO] Генерация отчета: 'authorized_clients_period_services' at {ru.apertum.qsystem.reports.model.QReportsList.generate(QReportsList.java:199)}
2017-06-30 08:44:38,995 [DEBUG] Генерируем : "authorized_clients_period_services" at {ru.apertum.qsystem.reports.model.AGenerator.process(AGenerator.java:154)}
2017-06-30 08:44:40,314 [ INFO] Генерация завершено. Затрачено времени: 1.32 сек. at {ru.apertum.qsystem.reports.model.QReportsList.generate(QReportsList.java:205)}
2017-06-30 08:44:40,314 [TRACE] Выдаем результат 8903 байт на запрос "/authorized_clients_period_services.html". at {ru.apertum.qsystem.reports.net.HttpQSystemReportsHandler.handle(HttpQSystemReportsHandler.java:158)}
2017-06-30 08:44:40,360 [ INFO] Выдаем ресурс: "/resources/px" at {ru.apertum.qsystem.reports.net.HttpQSystemReportsHandler.handle(HttpQSystemReportsHandler.java:139)}
2017-06-30 08:44:40,360 [TRACE] Выдаем результат 807 байт на запрос "/resources/px". at {ru.apertum.qsystem.reports.net.HttpQSystemReportsHandler.handle(HttpQSystemReportsHandler.java:158)}
2017-06-30 08:44:40,529 [ INFO] Выдаем ресурс: "/resources/fp.png" at {ru.apertum.qsystem.reports.net.HttpQSystemReportsHandler.handle(HttpQSystemReportsHandler.java:139)}
2017-06-30 08:44:40,530 [TRACE] Выдаем результат 5247 байт на запрос "/resources/fp.png". at {ru.apertum.qsystem.reports.net.HttpQSystemReportsHandler.handle(HttpQSystemReportsHandler.java:158)}
2017-06-30 08:44:40,590 [ INFO] Выдаем ресурс: "/favicon.ico" at {ru.apertum.qsystem.reports.net.HttpQSystemReportsHandler.handle(HttpQSystemReportsHandler.java:139)}
2017-06-30 08:44:40,590 [TRACE] Выдаем результат 4286 байт на запрос "/favicon.ico". at {ru.apertum.qsystem.reports.net.HttpQSystemReportsHandler.handle(HttpQSystemReportsHandler.java:158)}
2017-06-30 08:44:43,978 [ERROR] I/O error: Read timed out at {ru.apertum.qsystem.reports.net.RunnableSocket.run(RunnableSocket.java:70)}
java.net.SocketTimeoutException: Read timed out
	at java.net.SocketInputStream.socketRead0(Native Method)
	at java.net.SocketInputStream.socketRead(SocketInputStream.java:116)
	at java.net.SocketInputStream.read(SocketInputStream.java:170)
	at java.net.SocketInputStream.read(SocketInputStream.java:141)
	at org.apache.http.impl.io.AbstractSessionInputBuffer.fillBuffer(AbstractSessionInputBuffer.java:149)
	at org.apache.http.impl.io.SocketInputBuffer.fillBuffer(SocketInputBuffer.java:110)
	at org.apache.http.impl.io.AbstractSessionInputBuffer.readLine(AbstractSessionInputBuffer.java:260)
	at org.apache.http.impl.io.HttpRequestParser.parseHead(HttpRequestParser.java:90)
	at org.apache.http.impl.io.AbstractMessageParser.parse(AbstractMessageParser.java:252)
	at org.apache.http.impl.AbstractHttpServerConnection.receiveRequestHeader(AbstractHttpServerConnection.java:242)
	at org.apache.http.protocol.HttpService.handleRequest(HttpService.java:238)
	at ru.apertum.qsystem.reports.net.RunnableSocket.run(RunnableSocket.java:65)
	at java.lang.Thread.run(Thread.java:745)
2017-06-30 08:44:43,978 [ERROR] I/O error: Read timed out at {ru.apertum.qsystem.reports.net.RunnableSocket.run(RunnableSocket.java:70)}
java.net.SocketTimeoutException: Read timed out
	at java.net.SocketInputStream.socketRead0(Native Method)
	at java.net.SocketInputStream.socketRead(SocketInputStream.java:116)
	at java.net.SocketInputStream.read(SocketInputStream.java:170)
	at java.net.SocketInputStream.read(SocketInputStream.java:141)
	at org.apache.http.impl.io.AbstractSessionInputBuffer.fillBuffer(AbstractSessionInputBuffer.java:149)
	at org.apache.http.impl.io.SocketInputBuffer.fillBuffer(SocketInputBuffer.java:110)
	at org.apache.http.impl.io.AbstractSessionInputBuffer.readLine(AbstractSessionInputBuffer.java:260)
	at org.apache.http.impl.io.HttpRequestParser.parseHead(HttpRequestParser.java:90)
	at org.apache.http.impl.io.AbstractMessageParser.parse(AbstractMessageParser.java:252)
	at org.apache.http.impl.AbstractHttpServerConnection.receiveRequestHeader(AbstractHttpServerConnection.java:242)
	at org.apache.http.protocol.HttpService.handleRequest(HttpService.java:238)
	at ru.apertum.qsystem.reports.net.RunnableSocket.run(RunnableSocket.java:65)
	at java.lang.Thread.run(Thread.java:745)
2017-06-30 08:44:43,978 [ERROR] I/O error: Read timed out at {ru.apertum.qsystem.reports.net.RunnableSocket.run(RunnableSocket.java:70)}
java.net.SocketTimeoutException: Read timed out
	at java.net.SocketInputStream.socketRead0(Native Method)
	at java.net.SocketInputStream.socketRead(SocketInputStream.java:116)
	at java.net.SocketInputStream.read(SocketInputStream.java:170)
	at java.net.SocketInputStream.read(SocketInputStream.java:141)
	at org.apache.http.impl.io.AbstractSessionInputBuffer.fillBuffer(AbstractSessionInputBuffer.java:149)
	at org.apache.http.impl.io.SocketInputBuffer.fillBuffer(SocketInputBuffer.java:110)
	at org.apache.http.impl.io.AbstractSessionInputBuffer.readLine(AbstractSessionInputBuffer.java:260)
	at org.apache.http.impl.io.HttpRequestParser.parseHead(HttpRequestParser.java:90)
	at org.apache.http.impl.io.AbstractMessageParser.parse(AbstractMessageParser.java:252)
	at org.apache.http.impl.AbstractHttpServerConnection.receiveRequestHeader(AbstractHttpServerConnection.java:242)
	at org.apache.http.protocol.HttpService.handleRequest(HttpService.java:238)
	at ru.apertum.qsystem.reports.net.RunnableSocket.run(RunnableSocket.java:65)
	at java.lang.Thread.run(Thread.java:745)
2017-06-30 08:44:47,313 [ INFO] Генерация отчета: 'authorized_clients_period_users' at {ru.apertum.qsystem.reports.model.QReportsList.generate(QReportsList.java:199)}
2017-06-30 08:44:47,314 [DEBUG] Генерируем : "authorized_clients_period_users" at {ru.apertum.qsystem.reports.model.AGenerator.process(AGenerator.java:154)}
2017-06-30 08:44:47,348 [ INFO] Генерация завершено. Затрачено времени: 0.035 сек. at {ru.apertum.qsystem.reports.model.QReportsList.generate(QReportsList.java:205)}
2017-06-30 08:44:47,348 [TRACE] Выдаем результат 5054 байт на запрос "/authorized_clients_period_users.html". at {ru.apertum.qsystem.reports.net.HttpQSystemReportsHandler.handle(HttpQSystemReportsHandler.java:158)}
2017-06-30 08:44:47,410 [ INFO] Выдаем ресурс: "/js/datepicker.js" at {ru.apertum.qsystem.reports.net.HttpQSystemReportsHandler.handle(HttpQSystemReportsHandler.java:139)}
2017-06-30 08:44:47,411 [TRACE] Выдаем результат 74592 байт на запрос "/js/datepicker.js". at {ru.apertum.qsystem.reports.net.HttpQSystemReportsHandler.handle(HttpQSystemReportsHandler.java:158)}
2017-06-30 08:44:47,416 [ INFO] Выдаем ресурс: "/css/datepicker.css" at {ru.apertum.qsystem.reports.net.HttpQSystemReportsHandler.handle(HttpQSystemReportsHandler.java:139)}
2017-06-30 08:44:47,416 [TRACE] Выдаем результат 7468 байт на запрос "/css/datepicker.css". at {ru.apertum.qsystem.reports.net.HttpQSystemReportsHandler.handle(HttpQSystemReportsHandler.java:158)}
2017-06-30 08:44:47,513 [ INFO] Выдаем ресурс: "/js/lang/ru.js" at {ru.apertum.qsystem.reports.net.HttpQSystemReportsHandler.handle(HttpQSystemReportsHandler.java:139)}
2017-06-30 08:44:47,513 [TRACE] Выдаем результат 1226 байт на запрос "/js/lang/ru.js". at {ru.apertum.qsystem.reports.net.HttpQSystemReportsHandler.handle(HttpQSystemReportsHandler.java:158)}
2017-06-30 08:44:47,527 [ INFO] Выдаем ресурс: "/resources/fp.png" at {ru.apertum.qsystem.reports.net.HttpQSystemReportsHandler.handle(HttpQSystemReportsHandler.java:139)}
2017-06-30 08:44:47,527 [TRACE] Выдаем результат 5247 байт на запрос "/resources/fp.png". at {ru.apertum.qsystem.reports.net.HttpQSystemReportsHandler.handle(HttpQSystemReportsHandler.java:158)}
2017-06-30 08:44:47,534 [ INFO] Выдаем ресурс: "/resources/top.jpg" at {ru.apertum.qsystem.reports.net.HttpQSystemReportsHandler.handle(HttpQSystemReportsHandler.java:139)}
2017-06-30 08:44:47,534 [TRACE] Выдаем результат 27645 байт на запрос "/resources/top.jpg". at {ru.apertum.qsystem.reports.net.HttpQSystemReportsHandler.handle(HttpQSystemReportsHandler.java:158)}
2017-06-30 08:44:47,627 [ INFO] Выдаем ресурс: "/media/backstripes.gif" at {ru.apertum.qsystem.reports.net.HttpQSystemReportsHandler.handle(HttpQSystemReportsHandler.java:139)}
2017-06-30 08:44:47,628 [TRACE] Выдаем результат 234 байт на запрос "/media/backstripes.gif". at {ru.apertum.qsystem.reports.net.HttpQSystemReportsHandler.handle(HttpQSystemReportsHandler.java:158)}
2017-06-30 08:44:47,629 [ INFO] Выдаем ресурс: "/media/gradient-e5e5e5-ffffff.gif" at {ru.apertum.qsystem.reports.net.HttpQSystemReportsHandler.handle(HttpQSystemReportsHandler.java:139)}
2017-06-30 08:44:47,629 [TRACE] Выдаем результат 526 байт на запрос "/media/gradient-e5e5e5-ffffff.gif". at {ru.apertum.qsystem.reports.net.HttpQSystemReportsHandler.handle(HttpQSystemReportsHandler.java:158)}
2017-06-30 08:44:47,633 [ INFO] Выдаем ресурс: "/media/bg_header.jpg" at {ru.apertum.qsystem.reports.net.HttpQSystemReportsHandler.handle(HttpQSystemReportsHandler.java:139)}
2017-06-30 08:44:47,634 [TRACE] Выдаем результат 1792 байт на запрос "/media/bg_header.jpg". at {ru.apertum.qsystem.reports.net.HttpQSystemReportsHandler.handle(HttpQSystemReportsHandler.java:158)}
2017-06-30 08:44:47,639 [ INFO] Выдаем ресурс: "/media/cal.gif" at {ru.apertum.qsystem.reports.net.HttpQSystemReportsHandler.handle(HttpQSystemReportsHandler.java:139)}
2017-06-30 08:44:47,639 [TRACE] Выдаем результат 127 байт на запрос "/media/cal.gif". at {ru.apertum.qsystem.reports.net.HttpQSystemReportsHandler.handle(HttpQSystemReportsHandler.java:158)}
2017-06-30 08:44:47,686 [ INFO] Выдаем ресурс: "/favicon.ico" at {ru.apertum.qsystem.reports.net.HttpQSystemReportsHandler.handle(HttpQSystemReportsHandler.java:139)}
2017-06-30 08:44:47,686 [TRACE] Выдаем результат 4286 байт на запрос "/favicon.ico". at {ru.apertum.qsystem.reports.net.HttpQSystemReportsHandler.handle(HttpQSystemReportsHandler.java:158)}
2017-06-30 08:44:49,066 [ INFO] Выдаем ресурс: "/media/bullet2.gif" at {ru.apertum.qsystem.reports.net.HttpQSystemReportsHandler.handle(HttpQSystemReportsHandler.java:139)}
2017-06-30 08:44:49,066 [TRACE] Выдаем результат 262 байт на запрос "/media/bullet2.gif". at {ru.apertum.qsystem.reports.net.HttpQSystemReportsHandler.handle(HttpQSystemReportsHandler.java:158)}
2017-06-30 08:44:51,832 [ INFO] Генерация отчета: 'authorized_clients_period_users' at {ru.apertum.qsystem.reports.model.QReportsList.generate(QReportsList.java:199)}
2017-06-30 08:44:51,832 [DEBUG] Генерируем : "authorized_clients_period_users" at {ru.apertum.qsystem.reports.model.AGenerator.process(AGenerator.java:154)}
2017-06-30 08:44:51,963 [ INFO] Генерация завершено. Затрачено времени: 0.131 сек. at {ru.apertum.qsystem.reports.model.QReportsList.generate(QReportsList.java:205)}
2017-06-30 08:44:51,964 [TRACE] Выдаем результат 8929 байт на запрос "/authorized_clients_period_users.html". at {ru.apertum.qsystem.reports.net.HttpQSystemReportsHandler.handle(HttpQSystemReportsHandler.java:158)}
2017-06-30 08:44:52,053 [ INFO] Выдаем ресурс: "/resources/px" at {ru.apertum.qsystem.reports.net.HttpQSystemReportsHandler.handle(HttpQSystemReportsHandler.java:139)}
2017-06-30 08:44:52,053 [TRACE] Выдаем результат 807 байт на запрос "/resources/px". at {ru.apertum.qsystem.reports.net.HttpQSystemReportsHandler.handle(HttpQSystemReportsHandler.java:158)}
2017-06-30 08:44:52,136 [ INFO] Выдаем ресурс: "/resources/fp.png" at {ru.apertum.qsystem.reports.net.HttpQSystemReportsHandler.handle(HttpQSystemReportsHandler.java:139)}
2017-06-30 08:44:52,136 [TRACE] Выдаем результат 5247 байт на запрос "/resources/fp.png". at {ru.apertum.qsystem.reports.net.HttpQSystemReportsHandler.handle(HttpQSystemReportsHandler.java:158)}
2017-06-30 08:44:52,299 [ INFO] Выдаем ресурс: "/favicon.ico" at {ru.apertum.qsystem.reports.net.HttpQSystemReportsHandler.handle(HttpQSystemReportsHandler.java:139)}
2017-06-30 08:44:52,299 [TRACE] Выдаем результат 4286 байт на запрос "/favicon.ico". at {ru.apertum.qsystem.reports.net.HttpQSystemReportsHandler.handle(HttpQSystemReportsHandler.java:158)}
2017-06-30 08:44:56,819 [ERROR] I/O error: Read timed out at {ru.apertum.qsystem.reports.net.RunnableSocket.run(RunnableSocket.java:70)}
java.net.SocketTimeoutException: Read timed out
	at java.net.SocketInputStream.socketRead0(Native Method)
	at java.net.SocketInputStream.socketRead(SocketInputStream.java:116)
	at java.net.SocketInputStream.read(SocketInputStream.java:170)
	at java.net.SocketInputStream.read(SocketInputStream.java:141)
	at org.apache.http.impl.io.AbstractSessionInputBuffer.fillBuffer(AbstractSessionInputBuffer.java:149)
	at org.apache.http.impl.io.SocketInputBuffer.fillBuffer(SocketInputBuffer.java:110)
	at org.apache.http.impl.io.AbstractSessionInputBuffer.readLine(AbstractSessionInputBuffer.java:260)
	at org.apache.http.impl.io.HttpRequestParser.parseHead(HttpRequestParser.java:90)
	at org.apache.http.impl.io.AbstractMessageParser.parse(AbstractMessageParser.java:252)
	at org.apache.http.impl.AbstractHttpServerConnection.receiveRequestHeader(AbstractHttpServerConnection.java:242)
	at org.apache.http.protocol.HttpService.handleRequest(HttpService.java:238)
	at ru.apertum.qsystem.reports.net.RunnableSocket.run(RunnableSocket.java:65)
	at java.lang.Thread.run(Thread.java:745)
2017-06-30 08:44:56,820 [ERROR] I/O error: Read timed out at {ru.apertum.qsystem.reports.net.RunnableSocket.run(RunnableSocket.java:70)}
java.net.SocketTimeoutException: Read timed out
	at java.net.SocketInputStream.socketRead0(Native Method)
	at java.net.SocketInputStream.socketRead(SocketInputStream.java:116)
	at java.net.SocketInputStream.read(SocketInputStream.java:170)
	at java.net.SocketInputStream.read(SocketInputStream.java:141)
	at org.apache.http.impl.io.AbstractSessionInputBuffer.fillBuffer(AbstractSessionInputBuffer.java:149)
	at org.apache.http.impl.io.SocketInputBuffer.fillBuffer(SocketInputBuffer.java:110)
	at org.apache.http.impl.io.AbstractSessionInputBuffer.readLine(AbstractSessionInputBuffer.java:260)
	at org.apache.http.impl.io.HttpRequestParser.parseHead(HttpRequestParser.java:90)
	at org.apache.http.impl.io.AbstractMessageParser.parse(AbstractMessageParser.java:252)
	at org.apache.http.impl.AbstractHttpServerConnection.receiveRequestHeader(AbstractHttpServerConnection.java:242)
	at org.apache.http.protocol.HttpService.handleRequest(HttpService.java:238)
	at ru.apertum.qsystem.reports.net.RunnableSocket.run(RunnableSocket.java:65)
	at java.lang.Thread.run(Thread.java:745)
2017-06-30 08:44:56,820 [ERROR] I/O error: Read timed out at {ru.apertum.qsystem.reports.net.RunnableSocket.run(RunnableSocket.java:70)}
java.net.SocketTimeoutException: Read timed out
	at java.net.SocketInputStream.socketRead0(Native Method)
	at java.net.SocketInputStream.socketRead(SocketInputStream.java:116)
	at java.net.SocketInputStream.read(SocketInputStream.java:170)
	at java.net.SocketInputStream.read(SocketInputStream.java:141)
	at org.apache.http.impl.io.AbstractSessionInputBuffer.fillBuffer(AbstractSessionInputBuffer.java:149)
	at org.apache.http.impl.io.SocketInputBuffer.fillBuffer(SocketInputBuffer.java:110)
	at org.apache.http.impl.io.AbstractSessionInputBuffer.readLine(AbstractSessionInputBuffer.java:260)
	at org.apache.http.impl.io.HttpRequestParser.parseHead(HttpRequestParser.java:90)
	at org.apache.http.impl.io.AbstractMessageParser.parse(AbstractMessageParser.java:252)
	at org.apache.http.impl.AbstractHttpServerConnection.receiveRequestHeader(AbstractHttpServerConnection.java:242)
	at org.apache.http.protocol.HttpService.handleRequest(HttpService.java:238)
	at ru.apertum.qsystem.reports.net.RunnableSocket.run(RunnableSocket.java:65)
	at java.lang.Thread.run(Thread.java:745)
2017-06-30 08:44:56,902 [ INFO] Генерация отчета: 'result_state_services' at {ru.apertum.qsystem.reports.model.QReportsList.generate(QReportsList.java:199)}
2017-06-30 08:44:56,902 [DEBUG] Генерируем : "result_state_services" at {ru.apertum.qsystem.reports.model.AGenerator.process(AGenerator.java:154)}
2017-06-30 08:44:56,931 [ INFO] Генерация завершено. Затрачено времени: 0.029 сек. at {ru.apertum.qsystem.reports.model.QReportsList.generate(QReportsList.java:205)}
2017-06-30 08:44:56,931 [TRACE] Выдаем результат 6212 байт на запрос "/result_state_services.pdf". at {ru.apertum.qsystem.reports.net.HttpQSystemReportsHandler.handle(HttpQSystemReportsHandler.java:158)}
2017-06-30 08:44:56,981 [ INFO] Выдаем ресурс: "/js/datepicker.js" at {ru.apertum.qsystem.reports.net.HttpQSystemReportsHandler.handle(HttpQSystemReportsHandler.java:139)}
2017-06-30 08:44:56,981 [TRACE] Выдаем результат 74592 байт на запрос "/js/datepicker.js". at {ru.apertum.qsystem.reports.net.HttpQSystemReportsHandler.handle(HttpQSystemReportsHandler.java:158)}
2017-06-30 08:44:56,986 [ INFO] Выдаем ресурс: "/css/datepicker.css" at {ru.apertum.qsystem.reports.net.HttpQSystemReportsHandler.handle(HttpQSystemReportsHandler.java:139)}
2017-06-30 08:44:56,986 [TRACE] Выдаем результат 7468 байт на запрос "/css/datepicker.css". at {ru.apertum.qsystem.reports.net.HttpQSystemReportsHandler.handle(HttpQSystemReportsHandler.java:158)}
2017-06-30 08:44:57,051 [ INFO] Выдаем ресурс: "/js/lang/ru.js" at {ru.apertum.qsystem.reports.net.HttpQSystemReportsHandler.handle(HttpQSystemReportsHandler.java:139)}
2017-06-30 08:44:57,051 [TRACE] Выдаем результат 1226 байт на запрос "/js/lang/ru.js". at {ru.apertum.qsystem.reports.net.HttpQSystemReportsHandler.handle(HttpQSystemReportsHandler.java:158)}
2017-06-30 08:44:57,183 [ INFO] Выдаем ресурс: "/resources/fp.png" at {ru.apertum.qsystem.reports.net.HttpQSystemReportsHandler.handle(HttpQSystemReportsHandler.java:139)}
2017-06-30 08:44:57,183 [TRACE] Выдаем результат 5247 байт на запрос "/resources/fp.png". at {ru.apertum.qsystem.reports.net.HttpQSystemReportsHandler.handle(HttpQSystemReportsHandler.java:158)}
2017-06-30 08:44:57,239 [ INFO] Выдаем ресурс: "/resources/top.jpg" at {ru.apertum.qsystem.reports.net.HttpQSystemReportsHandler.handle(HttpQSystemReportsHandler.java:139)}
2017-06-30 08:44:57,240 [TRACE] Выдаем результат 27645 байт на запрос "/resources/top.jpg". at {ru.apertum.qsystem.reports.net.HttpQSystemReportsHandler.handle(HttpQSystemReportsHandler.java:158)}
2017-06-30 08:44:57,286 [ INFO] Выдаем ресурс: "/media/backstripes.gif" at {ru.apertum.qsystem.reports.net.HttpQSystemReportsHandler.handle(HttpQSystemReportsHandler.java:139)}
2017-06-30 08:44:57,286 [ INFO] Выдаем ресурс: "/media/gradient-e5e5e5-ffffff.gif" at {ru.apertum.qsystem.reports.net.HttpQSystemReportsHandler.handle(HttpQSystemReportsHandler.java:139)}
2017-06-30 08:44:57,286 [TRACE] Выдаем результат 234 байт на запрос "/media/backstripes.gif". at {ru.apertum.qsystem.reports.net.HttpQSystemReportsHandler.handle(HttpQSystemReportsHandler.java:158)}
2017-06-30 08:44:57,286 [TRACE] Выдаем результат 526 байт на запрос "/media/gradient-e5e5e5-ffffff.gif". at {ru.apertum.qsystem.reports.net.HttpQSystemReportsHandler.handle(HttpQSystemReportsHandler.java:158)}
2017-06-30 08:44:57,289 [ INFO] Выдаем ресурс: "/media/bg_header.jpg" at {ru.apertum.qsystem.reports.net.HttpQSystemReportsHandler.handle(HttpQSystemReportsHandler.java:139)}
2017-06-30 08:44:57,289 [TRACE] Выдаем результат 1792 байт на запрос "/media/bg_header.jpg". at {ru.apertum.qsystem.reports.net.HttpQSystemReportsHandler.handle(HttpQSystemReportsHandler.java:158)}
2017-06-30 08:44:57,292 [ INFO] Выдаем ресурс: "/media/cal.gif" at {ru.apertum.qsystem.reports.net.HttpQSystemReportsHandler.handle(HttpQSystemReportsHandler.java:139)}
2017-06-30 08:44:57,292 [TRACE] Выдаем результат 127 байт на запрос "/media/cal.gif". at {ru.apertum.qsystem.reports.net.HttpQSystemReportsHandler.handle(HttpQSystemReportsHandler.java:158)}
2017-06-30 08:44:57,321 [ INFO] Выдаем ресурс: "/favicon.ico" at {ru.apertum.qsystem.reports.net.HttpQSystemReportsHandler.handle(HttpQSystemReportsHandler.java:139)}
2017-06-30 08:44:57,322 [TRACE] Выдаем результат 4286 байт на запрос "/favicon.ico". at {ru.apertum.qsystem.reports.net.HttpQSystemReportsHandler.handle(HttpQSystemReportsHandler.java:158)}
2017-06-30 08:44:59,725 [ INFO] Выдаем ресурс: "/media/bullet2.gif" at {ru.apertum.qsystem.reports.net.HttpQSystemReportsHandler.handle(HttpQSystemReportsHandler.java:139)}
2017-06-30 08:44:59,726 [TRACE] Выдаем результат 262 байт на запрос "/media/bullet2.gif". at {ru.apertum.qsystem.reports.net.HttpQSystemReportsHandler.handle(HttpQSystemReportsHandler.java:158)}
2017-06-30 08:45:02,906 [ INFO] Генерация отчета: 'result_state_services' at {ru.apertum.qsystem.reports.model.QReportsList.generate(QReportsList.java:199)}
2017-06-30 08:45:02,907 [DEBUG] Генерируем : "result_state_services" at {ru.apertum.qsystem.reports.model.AGenerator.process(AGenerator.java:154)}
2017-06-30 08:45:03,462 [ INFO] Генерация завершено. Затрачено времени: 0.556 сек. at {ru.apertum.qsystem.reports.model.QReportsList.generate(QReportsList.java:205)}
2017-06-30 08:45:03,463 [TRACE] Выдаем результат 10727 байт на запрос "/result_state_services.pdf?sd=30.06.2017&ed=30.06.2017". at {ru.apertum.qsystem.reports.net.HttpQSystemReportsHandler.handle(HttpQSystemReportsHandler.java:158)}
2017-06-30 08:45:04,080 [ INFO] Выдаем ресурс: "/favicon.ico" at {ru.apertum.qsystem.reports.net.HttpQSystemReportsHandler.handle(HttpQSystemReportsHandler.java:139)}
2017-06-30 08:45:04,080 [TRACE] Выдаем результат 4286 байт на запрос "/favicon.ico". at {ru.apertum.qsystem.reports.net.HttpQSystemReportsHandler.handle(HttpQSystemReportsHandler.java:158)}
2017-06-30 08:45:10,583 [ INFO] Генерация отчета: 'result_state_services' at {ru.apertum.qsystem.reports.model.QReportsList.generate(QReportsList.java:199)}
2017-06-30 08:45:10,583 [DEBUG] Генерируем : "result_state_services" at {ru.apertum.qsystem.reports.model.AGenerator.process(AGenerator.java:154)}
2017-06-30 08:45:10,584 [ INFO] Генерация завершено. Затрачено времени: 0.002 сек. at {ru.apertum.qsystem.reports.model.QReportsList.generate(QReportsList.java:205)}
2017-06-30 08:45:10,584 [TRACE] Выдаем результат 6213 байт на запрос "/result_state_services.html". at {ru.apertum.qsystem.reports.net.HttpQSystemReportsHandler.handle(HttpQSystemReportsHandler.java:158)}
2017-06-30 08:45:10,628 [ INFO] Выдаем ресурс: "/js/datepicker.js" at {ru.apertum.qsystem.reports.net.HttpQSystemReportsHandler.handle(HttpQSystemReportsHandler.java:139)}
2017-06-30 08:45:10,628 [TRACE] Выдаем результат 74592 байт на запрос "/js/datepicker.js". at {ru.apertum.qsystem.reports.net.HttpQSystemReportsHandler.handle(HttpQSystemReportsHandler.java:158)}
2017-06-30 08:45:10,632 [ INFO] Выдаем ресурс: "/css/datepicker.css" at {ru.apertum.qsystem.reports.net.HttpQSystemReportsHandler.handle(HttpQSystemReportsHandler.java:139)}
2017-06-30 08:45:10,634 [TRACE] Выдаем результат 7468 байт на запрос "/css/datepicker.css". at {ru.apertum.qsystem.reports.net.HttpQSystemReportsHandler.handle(HttpQSystemReportsHandler.java:158)}
2017-06-30 08:45:10,696 [ INFO] Выдаем ресурс: "/js/lang/ru.js" at {ru.apertum.qsystem.reports.net.HttpQSystemReportsHandler.handle(HttpQSystemReportsHandler.java:139)}
2017-06-30 08:45:10,697 [TRACE] Выдаем результат 1226 байт на запрос "/js/lang/ru.js". at {ru.apertum.qsystem.reports.net.HttpQSystemReportsHandler.handle(HttpQSystemReportsHandler.java:158)}
2017-06-30 08:45:10,837 [ INFO] Выдаем ресурс: "/resources/fp.png" at {ru.apertum.qsystem.reports.net.HttpQSystemReportsHandler.handle(HttpQSystemReportsHandler.java:139)}
2017-06-30 08:45:10,838 [TRACE] Выдаем результат 5247 байт на запрос "/resources/fp.png". at {ru.apertum.qsystem.reports.net.HttpQSystemReportsHandler.handle(HttpQSystemReportsHandler.java:158)}
2017-06-30 08:45:10,894 [ INFO] Выдаем ресурс: "/resources/top.jpg" at {ru.apertum.qsystem.reports.net.HttpQSystemReportsHandler.handle(HttpQSystemReportsHandler.java:139)}
2017-06-30 08:45:10,894 [TRACE] Выдаем результат 27645 байт на запрос "/resources/top.jpg". at {ru.apertum.qsystem.reports.net.HttpQSystemReportsHandler.handle(HttpQSystemReportsHandler.java:158)}
2017-06-30 08:45:10,936 [ INFO] Выдаем ресурс: "/media/gradient-e5e5e5-ffffff.gif" at {ru.apertum.qsystem.reports.net.HttpQSystemReportsHandler.handle(HttpQSystemReportsHandler.java:139)}
2017-06-30 08:45:10,936 [TRACE] Выдаем результат 526 байт на запрос "/media/gradient-e5e5e5-ffffff.gif". at {ru.apertum.qsystem.reports.net.HttpQSystemReportsHandler.handle(HttpQSystemReportsHandler.java:158)}
2017-06-30 08:45:10,939 [ INFO] Выдаем ресурс: "/media/backstripes.gif" at {ru.apertum.qsystem.reports.net.HttpQSystemReportsHandler.handle(HttpQSystemReportsHandler.java:139)}
2017-06-30 08:45:10,939 [TRACE] Выдаем результат 234 байт на запрос "/media/backstripes.gif". at {ru.apertum.qsystem.reports.net.HttpQSystemReportsHandler.handle(HttpQSystemReportsHandler.java:158)}
2017-06-30 08:45:10,946 [ INFO] Выдаем ресурс: "/media/bg_header.jpg" at {ru.apertum.qsystem.reports.net.HttpQSystemReportsHandler.handle(HttpQSystemReportsHandler.java:139)}
2017-06-30 08:45:10,946 [TRACE] Выдаем результат 1792 байт на запрос "/media/bg_header.jpg". at {ru.apertum.qsystem.reports.net.HttpQSystemReportsHandler.handle(HttpQSystemReportsHandler.java:158)}
2017-06-30 08:45:10,951 [ INFO] Выдаем ресурс: "/media/cal.gif" at {ru.apertum.qsystem.reports.net.HttpQSystemReportsHandler.handle(HttpQSystemReportsHandler.java:139)}
2017-06-30 08:45:10,951 [TRACE] Выдаем результат 127 байт на запрос "/media/cal.gif". at {ru.apertum.qsystem.reports.net.HttpQSystemReportsHandler.handle(HttpQSystemReportsHandler.java:158)}
2017-06-30 08:45:10,990 [ INFO] Выдаем ресурс: "/favicon.ico" at {ru.apertum.qsystem.reports.net.HttpQSystemReportsHandler.handle(HttpQSystemReportsHandler.java:139)}
2017-06-30 08:45:10,991 [TRACE] Выдаем результат 4286 байт на запрос "/favicon.ico". at {ru.apertum.qsystem.reports.net.HttpQSystemReportsHandler.handle(HttpQSystemReportsHandler.java:158)}
2017-06-30 08:45:12,886 [ INFO] Выдаем ресурс: "/media/bullet2.gif" at {ru.apertum.qsystem.reports.net.HttpQSystemReportsHandler.handle(HttpQSystemReportsHandler.java:139)}
2017-06-30 08:45:12,887 [TRACE] Выдаем результат 262 байт на запрос "/media/bullet2.gif". at {ru.apertum.qsystem.reports.net.HttpQSystemReportsHandler.handle(HttpQSystemReportsHandler.java:158)}
2017-06-30 08:45:17,025 [ INFO] Генерация отчета: 'result_state_services' at {ru.apertum.qsystem.reports.model.QReportsList.generate(QReportsList.java:199)}
2017-06-30 08:45:17,025 [DEBUG] Генерируем : "result_state_services" at {ru.apertum.qsystem.reports.model.AGenerator.process(AGenerator.java:154)}
2017-06-30 08:45:17,060 [ INFO] Генерация завершено. Затрачено времени: 0.035 сек. at {ru.apertum.qsystem.reports.model.QReportsList.generate(QReportsList.java:205)}
2017-06-30 08:45:17,061 [TRACE] Выдаем результат 838 байт на запрос "/result_state_services.html?sd=30.06.2017&ed=30.06.2017". at {ru.apertum.qsystem.reports.net.HttpQSystemReportsHandler.handle(HttpQSystemReportsHandler.java:158)}
2017-06-30 08:45:17,143 [ INFO] Выдаем ресурс: "/resources/px" at {ru.apertum.qsystem.reports.net.HttpQSystemReportsHandler.handle(HttpQSystemReportsHandler.java:139)}
2017-06-30 08:45:17,143 [TRACE] Выдаем результат 807 байт на запрос "/resources/px". at {ru.apertum.qsystem.reports.net.HttpQSystemReportsHandler.handle(HttpQSystemReportsHandler.java:158)}
2017-06-30 08:45:17,150 [ INFO] Выдаем ресурс: "/resources/fp.png" at {ru.apertum.qsystem.reports.net.HttpQSystemReportsHandler.handle(HttpQSystemReportsHandler.java:139)}
2017-06-30 08:45:17,151 [TRACE] Выдаем результат 5247 байт на запрос "/resources/fp.png". at {ru.apertum.qsystem.reports.net.HttpQSystemReportsHandler.handle(HttpQSystemReportsHandler.java:158)}
2017-06-30 08:45:17,315 [ INFO] Выдаем ресурс: "/favicon.ico" at {ru.apertum.qsystem.reports.net.HttpQSystemReportsHandler.handle(HttpQSystemReportsHandler.java:139)}
2017-06-30 08:45:17,315 [TRACE] Выдаем результат 4286 байт на запрос "/favicon.ico". at {ru.apertum.qsystem.reports.net.HttpQSystemReportsHandler.handle(HttpQSystemReportsHandler.java:158)}
2017-06-30 08:45:21,377 [ INFO] Генерация отчета: 'distribution_med_services' at {ru.apertum.qsystem.reports.model.QReportsList.generate(QReportsList.java:199)}
2017-06-30 08:45:21,377 [DEBUG] Генерируем : "distribution_med_services" at {ru.apertum.qsystem.reports.model.AGenerator.process(AGenerator.java:154)}
2017-06-30 08:45:21,391 [ INFO] Генерация завершено. Затрачено времени: 0.014 сек. at {ru.apertum.qsystem.reports.model.QReportsList.generate(QReportsList.java:205)}
2017-06-30 08:45:21,392 [TRACE] Выдаем результат 4067 байт на запрос "/distribution_med_services.html". at {ru.apertum.qsystem.reports.net.HttpQSystemReportsHandler.handle(HttpQSystemReportsHandler.java:158)}
2017-06-30 08:45:21,425 [ INFO] Выдаем ресурс: "/js/datepicker.js" at {ru.apertum.qsystem.reports.net.HttpQSystemReportsHandler.handle(HttpQSystemReportsHandler.java:139)}
2017-06-30 08:45:21,432 [TRACE] Выдаем результат 74592 байт на запрос "/js/datepicker.js". at {ru.apertum.qsystem.reports.net.HttpQSystemReportsHandler.handle(HttpQSystemReportsHandler.java:158)}
2017-06-30 08:45:21,429 [ INFO] Выдаем ресурс: "/css/datepicker.css" at {ru.apertum.qsystem.reports.net.HttpQSystemReportsHandler.handle(HttpQSystemReportsHandler.java:139)}
2017-06-30 08:45:21,434 [TRACE] Выдаем результат 7468 байт на запрос "/css/datepicker.css". at {ru.apertum.qsystem.reports.net.HttpQSystemReportsHandler.handle(HttpQSystemReportsHandler.java:158)}
2017-06-30 08:45:21,493 [ INFO] Выдаем ресурс: "/js/lang/ru.js" at {ru.apertum.qsystem.reports.net.HttpQSystemReportsHandler.handle(HttpQSystemReportsHandler.java:139)}
2017-06-30 08:45:21,493 [TRACE] Выдаем результат 1226 байт на запрос "/js/lang/ru.js". at {ru.apertum.qsystem.reports.net.HttpQSystemReportsHandler.handle(HttpQSystemReportsHandler.java:158)}
2017-06-30 08:45:21,621 [ INFO] Выдаем ресурс: "/resources/fp.png" at {ru.apertum.qsystem.reports.net.HttpQSystemReportsHandler.handle(HttpQSystemReportsHandler.java:139)}
2017-06-30 08:45:21,621 [TRACE] Выдаем результат 5247 байт на запрос "/resources/fp.png". at {ru.apertum.qsystem.reports.net.HttpQSystemReportsHandler.handle(HttpQSystemReportsHandler.java:158)}
2017-06-30 08:45:21,679 [ INFO] Выдаем ресурс: "/resources/top.jpg" at {ru.apertum.qsystem.reports.net.HttpQSystemReportsHandler.handle(HttpQSystemReportsHandler.java:139)}
2017-06-30 08:45:21,679 [TRACE] Выдаем результат 27645 байт на запрос "/resources/top.jpg". at {ru.apertum.qsystem.reports.net.HttpQSystemReportsHandler.handle(HttpQSystemReportsHandler.java:158)}
2017-06-30 08:45:21,722 [ INFO] Выдаем ресурс: "/media/gradient-e5e5e5-ffffff.gif" at {ru.apertum.qsystem.reports.net.HttpQSystemReportsHandler.handle(HttpQSystemReportsHandler.java:139)}
2017-06-30 08:45:21,722 [TRACE] Выдаем результат 526 байт на запрос "/media/gradient-e5e5e5-ffffff.gif". at {ru.apertum.qsystem.reports.net.HttpQSystemReportsHandler.handle(HttpQSystemReportsHandler.java:158)}
2017-06-30 08:45:21,726 [ INFO] Выдаем ресурс: "/media/backstripes.gif" at {ru.apertum.qsystem.reports.net.HttpQSystemReportsHandler.handle(HttpQSystemReportsHandler.java:139)}
2017-06-30 08:45:21,726 [TRACE] Выдаем результат 234 байт на запрос "/media/backstripes.gif". at {ru.apertum.qsystem.reports.net.HttpQSystemReportsHandler.handle(HttpQSystemReportsHandler.java:158)}
2017-06-30 08:45:21,731 [ INFO] Выдаем ресурс: "/media/bg_header.jpg" at {ru.apertum.qsystem.reports.net.HttpQSystemReportsHandler.handle(HttpQSystemReportsHandler.java:139)}
2017-06-30 08:45:21,732 [TRACE] Выдаем результат 1792 байт на запрос "/media/bg_header.jpg". at {ru.apertum.qsystem.reports.net.HttpQSystemReportsHandler.handle(HttpQSystemReportsHandler.java:158)}
2017-06-30 08:45:21,736 [ INFO] Выдаем ресурс: "/media/cal.gif" at {ru.apertum.qsystem.reports.net.HttpQSystemReportsHandler.handle(HttpQSystemReportsHandler.java:139)}
2017-06-30 08:45:21,736 [TRACE] Выдаем результат 127 байт на запрос "/media/cal.gif". at {ru.apertum.qsystem.reports.net.HttpQSystemReportsHandler.handle(HttpQSystemReportsHandler.java:158)}
2017-06-30 08:45:21,765 [ INFO] Выдаем ресурс: "/favicon.ico" at {ru.apertum.qsystem.reports.net.HttpQSystemReportsHandler.handle(HttpQSystemReportsHandler.java:139)}
2017-06-30 08:45:21,765 [TRACE] Выдаем результат 4286 байт на запрос "/favicon.ico". at {ru.apertum.qsystem.reports.net.HttpQSystemReportsHandler.handle(HttpQSystemReportsHandler.java:158)}
2017-06-30 08:45:24,009 [ INFO] Выдаем ресурс: "/media/bullet2.gif" at {ru.apertum.qsystem.reports.net.HttpQSystemReportsHandler.handle(HttpQSystemReportsHandler.java:139)}
2017-06-30 08:45:24,009 [TRACE] Выдаем результат 262 байт на запрос "/media/bullet2.gif". at {ru.apertum.qsystem.reports.net.HttpQSystemReportsHandler.handle(HttpQSystemReportsHandler.java:158)}
2017-06-30 08:45:25,744 [ INFO] Генерация отчета: 'distribution_med_services' at {ru.apertum.qsystem.reports.model.QReportsList.generate(QReportsList.java:199)}
2017-06-30 08:45:25,744 [DEBUG] Генерируем : "distribution_med_services" at {ru.apertum.qsystem.reports.model.AGenerator.process(AGenerator.java:154)}
2017-06-30 08:45:25,874 [ INFO] Генерация завершено. Затрачено времени: 0.131 сек. at {ru.apertum.qsystem.reports.model.QReportsList.generate(QReportsList.java:205)}
2017-06-30 08:45:25,874 [TRACE] Выдаем результат 6315 байт на запрос "/distribution_med_services.html". at {ru.apertum.qsystem.reports.net.HttpQSystemReportsHandler.handle(HttpQSystemReportsHandler.java:158)}
2017-06-30 08:45:25,949 [ INFO] Выдаем ресурс: "/resources/px" at {ru.apertum.qsystem.reports.net.HttpQSystemReportsHandler.handle(HttpQSystemReportsHandler.java:139)}
2017-06-30 08:45:25,949 [TRACE] Выдаем результат 807 байт на запрос "/resources/px". at {ru.apertum.qsystem.reports.net.HttpQSystemReportsHandler.handle(HttpQSystemReportsHandler.java:158)}
2017-06-30 08:45:26,004 [ INFO] Выдаем ресурс: "/resources/fp.png" at {ru.apertum.qsystem.reports.net.HttpQSystemReportsHandler.handle(HttpQSystemReportsHandler.java:139)}
2017-06-30 08:45:26,005 [TRACE] Выдаем результат 5247 байт на запрос "/resources/fp.png". at {ru.apertum.qsystem.reports.net.HttpQSystemReportsHandler.handle(HttpQSystemReportsHandler.java:158)}
2017-06-30 08:45:26,216 [ INFO] Выдаем ресурс: "/favicon.ico" at {ru.apertum.qsystem.reports.net.HttpQSystemReportsHandler.handle(HttpQSystemReportsHandler.java:139)}
2017-06-30 08:45:26,216 [TRACE] Выдаем результат 4286 байт на запрос "/favicon.ico". at {ru.apertum.qsystem.reports.net.HttpQSystemReportsHandler.handle(HttpQSystemReportsHandler.java:158)}
2017-06-30 08:45:30,723 [ERROR] I/O error: Read timed out at {ru.apertum.qsystem.reports.net.RunnableSocket.run(RunnableSocket.java:70)}
java.net.SocketTimeoutException: Read timed out
	at java.net.SocketInputStream.socketRead0(Native Method)
	at java.net.SocketInputStream.socketRead(SocketInputStream.java:116)
	at java.net.SocketInputStream.read(SocketInputStream.java:170)
	at java.net.SocketInputStream.read(SocketInputStream.java:141)
	at org.apache.http.impl.io.AbstractSessionInputBuffer.fillBuffer(AbstractSessionInputBuffer.java:149)
	at org.apache.http.impl.io.SocketInputBuffer.fillBuffer(SocketInputBuffer.java:110)
	at org.apache.http.impl.io.AbstractSessionInputBuffer.readLine(AbstractSessionInputBuffer.java:260)
	at org.apache.http.impl.io.HttpRequestParser.parseHead(HttpRequestParser.java:90)
	at org.apache.http.impl.io.AbstractMessageParser.parse(AbstractMessageParser.java:252)
	at org.apache.http.impl.AbstractHttpServerConnection.receiveRequestHeader(AbstractHttpServerConnection.java:242)
	at org.apache.http.protocol.HttpService.handleRequest(HttpService.java:238)
	at ru.apertum.qsystem.reports.net.RunnableSocket.run(RunnableSocket.java:65)
	at java.lang.Thread.run(Thread.java:745)
2017-06-30 08:45:30,723 [ERROR] I/O error: Read timed out at {ru.apertum.qsystem.reports.net.RunnableSocket.run(RunnableSocket.java:70)}
java.net.SocketTimeoutException: Read timed out
	at java.net.SocketInputStream.socketRead0(Native Method)
	at java.net.SocketInputStream.socketRead(SocketInputStream.java:116)
	at java.net.SocketInputStream.read(SocketInputStream.java:170)
	at java.net.SocketInputStream.read(SocketInputStream.java:141)
	at org.apache.http.impl.io.AbstractSessionInputBuffer.fillBuffer(AbstractSessionInputBuffer.java:149)
	at org.apache.http.impl.io.SocketInputBuffer.fillBuffer(SocketInputBuffer.java:110)
	at org.apache.http.impl.io.AbstractSessionInputBuffer.readLine(AbstractSessionInputBuffer.java:260)
	at org.apache.http.impl.io.HttpRequestParser.parseHead(HttpRequestParser.java:90)
	at org.apache.http.impl.io.AbstractMessageParser.parse(AbstractMessageParser.java:252)
	at org.apache.http.impl.AbstractHttpServerConnection.receiveRequestHeader(AbstractHttpServerConnection.java:242)
	at org.apache.http.protocol.HttpService.handleRequest(HttpService.java:238)
	at ru.apertum.qsystem.reports.net.RunnableSocket.run(RunnableSocket.java:65)
	at java.lang.Thread.run(Thread.java:745)
2017-06-30 08:45:35,047 [ INFO] Генерация отчета: 'statistic_period_date_responses' at {ru.apertum.qsystem.reports.model.QReportsList.generate(QReportsList.java:199)}
2017-06-30 08:45:35,047 [DEBUG] Генерируем : "statistic_period_date_responses" at {ru.apertum.qsystem.reports.model.AGenerator.process(AGenerator.java:154)}
2017-06-30 08:45:35,055 [ INFO] Генерация завершено. Затрачено времени: 0.009 сек. at {ru.apertum.qsystem.reports.model.QReportsList.generate(QReportsList.java:205)}
2017-06-30 08:45:35,056 [TRACE] Выдаем результат 6091 байт на запрос "/statistic_period_date_responses.html". at {ru.apertum.qsystem.reports.net.HttpQSystemReportsHandler.handle(HttpQSystemReportsHandler.java:158)}
2017-06-30 08:45:35,124 [ INFO] Выдаем ресурс: "/js/datepicker.js" at {ru.apertum.qsystem.reports.net.HttpQSystemReportsHandler.handle(HttpQSystemReportsHandler.java:139)}
2017-06-30 08:45:35,124 [TRACE] Выдаем результат 74592 байт на запрос "/js/datepicker.js". at {ru.apertum.qsystem.reports.net.HttpQSystemReportsHandler.handle(HttpQSystemReportsHandler.java:158)}
2017-06-30 08:45:35,131 [ INFO] Выдаем ресурс: "/css/datepicker.css" at {ru.apertum.qsystem.reports.net.HttpQSystemReportsHandler.handle(HttpQSystemReportsHandler.java:139)}
2017-06-30 08:45:35,131 [TRACE] Выдаем результат 7468 байт на запрос "/css/datepicker.css". at {ru.apertum.qsystem.reports.net.HttpQSystemReportsHandler.handle(HttpQSystemReportsHandler.java:158)}
2017-06-30 08:45:35,223 [ INFO] Выдаем ресурс: "/js/lang/ru.js" at {ru.apertum.qsystem.reports.net.HttpQSystemReportsHandler.handle(HttpQSystemReportsHandler.java:139)}
2017-06-30 08:45:35,223 [TRACE] Выдаем результат 1226 байт на запрос "/js/lang/ru.js". at {ru.apertum.qsystem.reports.net.HttpQSystemReportsHandler.handle(HttpQSystemReportsHandler.java:158)}
2017-06-30 08:45:35,248 [ INFO] Выдаем ресурс: "/resources/fp.png" at {ru.apertum.qsystem.reports.net.HttpQSystemReportsHandler.handle(HttpQSystemReportsHandler.java:139)}
2017-06-30 08:45:35,248 [TRACE] Выдаем результат 5247 байт на запрос "/resources/fp.png". at {ru.apertum.qsystem.reports.net.HttpQSystemReportsHandler.handle(HttpQSystemReportsHandler.java:158)}
2017-06-30 08:45:35,253 [ INFO] Выдаем ресурс: "/resources/top.jpg" at {ru.apertum.qsystem.reports.net.HttpQSystemReportsHandler.handle(HttpQSystemReportsHandler.java:139)}
2017-06-30 08:45:35,254 [TRACE] Выдаем результат 27645 байт на запрос "/resources/top.jpg". at {ru.apertum.qsystem.reports.net.HttpQSystemReportsHandler.handle(HttpQSystemReportsHandler.java:158)}
2017-06-30 08:45:35,295 [ INFO] Выдаем ресурс: "/media/gradient-e5e5e5-ffffff.gif" at {ru.apertum.qsystem.reports.net.HttpQSystemReportsHandler.handle(HttpQSystemReportsHandler.java:139)}
2017-06-30 08:45:35,296 [TRACE] Выдаем результат 526 байт на запрос "/media/gradient-e5e5e5-ffffff.gif". at {ru.apertum.qsystem.reports.net.HttpQSystemReportsHandler.handle(HttpQSystemReportsHandler.java:158)}
2017-06-30 08:45:35,300 [ INFO] Выдаем ресурс: "/media/backstripes.gif" at {ru.apertum.qsystem.reports.net.HttpQSystemReportsHandler.handle(HttpQSystemReportsHandler.java:139)}
2017-06-30 08:45:35,300 [TRACE] Выдаем результат 234 байт на запрос "/media/backstripes.gif". at {ru.apertum.qsystem.reports.net.HttpQSystemReportsHandler.handle(HttpQSystemReportsHandler.java:158)}
2017-06-30 08:45:35,306 [ INFO] Выдаем ресурс: "/media/bg_header.jpg" at {ru.apertum.qsystem.reports.net.HttpQSystemReportsHandler.handle(HttpQSystemReportsHandler.java:139)}
2017-06-30 08:45:35,306 [TRACE] Выдаем результат 1792 байт на запрос "/media/bg_header.jpg". at {ru.apertum.qsystem.reports.net.HttpQSystemReportsHandler.handle(HttpQSystemReportsHandler.java:158)}
2017-06-30 08:45:35,310 [ INFO] Выдаем ресурс: "/media/cal.gif" at {ru.apertum.qsystem.reports.net.HttpQSystemReportsHandler.handle(HttpQSystemReportsHandler.java:139)}
2017-06-30 08:45:35,310 [TRACE] Выдаем результат 127 байт на запрос "/media/cal.gif". at {ru.apertum.qsystem.reports.net.HttpQSystemReportsHandler.handle(HttpQSystemReportsHandler.java:158)}
2017-06-30 08:45:35,359 [ INFO] Выдаем ресурс: "/favicon.ico" at {ru.apertum.qsystem.reports.net.HttpQSystemReportsHandler.handle(HttpQSystemReportsHandler.java:139)}
2017-06-30 08:45:35,359 [TRACE] Выдаем результат 4286 байт на запрос "/favicon.ico". at {ru.apertum.qsystem.reports.net.HttpQSystemReportsHandler.handle(HttpQSystemReportsHandler.java:158)}
2017-06-30 08:45:36,519 [ INFO] Выдаем ресурс: "/media/bullet2.gif" at {ru.apertum.qsystem.reports.net.HttpQSystemReportsHandler.handle(HttpQSystemReportsHandler.java:139)}
2017-06-30 08:45:36,519 [TRACE] Выдаем результат 262 байт на запрос "/media/bullet2.gif". at {ru.apertum.qsystem.reports.net.HttpQSystemReportsHandler.handle(HttpQSystemReportsHandler.java:158)}
2017-06-30 08:45:40,327 [ INFO] Генерация отчета: 'statistic_period_date_responses' at {ru.apertum.qsystem.reports.model.QReportsList.generate(QReportsList.java:199)}
2017-06-30 08:45:40,328 [DEBUG] Генерируем : "statistic_period_date_responses" at {ru.apertum.qsystem.reports.model.AGenerator.process(AGenerator.java:154)}
2017-06-30 08:45:40,481 [ INFO] Генерация завершено. Затрачено времени: 0.154 сек. at {ru.apertum.qsystem.reports.model.QReportsList.generate(QReportsList.java:205)}
2017-06-30 08:45:40,481 [TRACE] Выдаем результат 7131 байт на запрос "/statistic_period_date_responses.html". at {ru.apertum.qsystem.reports.net.HttpQSystemReportsHandler.handle(HttpQSystemReportsHandler.java:158)}
2017-06-30 08:45:40,550 [ INFO] Выдаем ресурс: "/resources/px" at {ru.apertum.qsystem.reports.net.HttpQSystemReportsHandler.handle(HttpQSystemReportsHandler.java:139)}
2017-06-30 08:45:40,550 [TRACE] Выдаем результат 807 байт на запрос "/resources/px". at {ru.apertum.qsystem.reports.net.HttpQSystemReportsHandler.handle(HttpQSystemReportsHandler.java:158)}
2017-06-30 08:45:40,616 [ INFO] Выдаем ресурс: "/resources/fp.png" at {ru.apertum.qsystem.reports.net.HttpQSystemReportsHandler.handle(HttpQSystemReportsHandler.java:139)}
2017-06-30 08:45:40,616 [TRACE] Выдаем результат 5247 байт на запрос "/resources/fp.png". at {ru.apertum.qsystem.reports.net.HttpQSystemReportsHandler.handle(HttpQSystemReportsHandler.java:158)}
2017-06-30 08:45:40,785 [ INFO] Выдаем ресурс: "/favicon.ico" at {ru.apertum.qsystem.reports.net.HttpQSystemReportsHandler.handle(HttpQSystemReportsHandler.java:139)}
2017-06-30 08:45:40,785 [TRACE] Выдаем результат 4286 байт на запрос "/favicon.ico". at {ru.apertum.qsystem.reports.net.HttpQSystemReportsHandler.handle(HttpQSystemReportsHandler.java:158)}
2017-06-30 08:45:45,316 [ERROR] I/O error: Read timed out at {ru.apertum.qsystem.reports.net.RunnableSocket.run(RunnableSocket.java:70)}
java.net.SocketTimeoutException: Read timed out
	at java.net.SocketInputStream.socketRead0(Native Method)
	at java.net.SocketInputStream.socketRead(SocketInputStream.java:116)
	at java.net.SocketInputStream.read(SocketInputStream.java:170)
	at java.net.SocketInputStream.read(SocketInputStream.java:141)
	at org.apache.http.impl.io.AbstractSessionInputBuffer.fillBuffer(AbstractSessionInputBuffer.java:149)
	at org.apache.http.impl.io.SocketInputBuffer.fillBuffer(SocketInputBuffer.java:110)
	at org.apache.http.impl.io.AbstractSessionInputBuffer.readLine(AbstractSessionInputBuffer.java:260)
	at org.apache.http.impl.io.HttpRequestParser.parseHead(HttpRequestParser.java:90)
	at org.apache.http.impl.io.AbstractMessageParser.parse(AbstractMessageParser.java:252)
	at org.apache.http.impl.AbstractHttpServerConnection.receiveRequestHeader(AbstractHttpServerConnection.java:242)
	at org.apache.http.protocol.HttpService.handleRequest(HttpService.java:238)
	at ru.apertum.qsystem.reports.net.RunnableSocket.run(RunnableSocket.java:65)
	at java.lang.Thread.run(Thread.java:745)
2017-06-30 08:45:45,317 [ERROR] I/O error: Read timed out at {ru.apertum.qsystem.reports.net.RunnableSocket.run(RunnableSocket.java:70)}
java.net.SocketTimeoutException: Read timed out
	at java.net.SocketInputStream.socketRead0(Native Method)
	at java.net.SocketInputStream.socketRead(SocketInputStream.java:116)
	at java.net.SocketInputStream.read(SocketInputStream.java:170)
	at java.net.SocketInputStream.read(SocketInputStream.java:141)
	at org.apache.http.impl.io.AbstractSessionInputBuffer.fillBuffer(AbstractSessionInputBuffer.java:149)
	at org.apache.http.impl.io.SocketInputBuffer.fillBuffer(SocketInputBuffer.java:110)
	at org.apache.http.impl.io.AbstractSessionInputBuffer.readLine(AbstractSessionInputBuffer.java:260)
	at org.apache.http.impl.io.HttpRequestParser.parseHead(HttpRequestParser.java:90)
	at org.apache.http.impl.io.AbstractMessageParser.parse(AbstractMessageParser.java:252)
	at org.apache.http.impl.AbstractHttpServerConnection.receiveRequestHeader(AbstractHttpServerConnection.java:242)
	at org.apache.http.protocol.HttpService.handleRequest(HttpService.java:238)
	at ru.apertum.qsystem.reports.net.RunnableSocket.run(RunnableSocket.java:65)
	at java.lang.Thread.run(Thread.java:745)
2017-06-30 08:45:45,317 [ERROR] I/O error: Read timed out at {ru.apertum.qsystem.reports.net.RunnableSocket.run(RunnableSocket.java:70)}
java.net.SocketTimeoutException: Read timed out
	at java.net.SocketInputStream.socketRead0(Native Method)
	at java.net.SocketInputStream.socketRead(SocketInputStream.java:116)
	at java.net.SocketInputStream.read(SocketInputStream.java:170)
	at java.net.SocketInputStream.read(SocketInputStream.java:141)
	at org.apache.http.impl.io.AbstractSessionInputBuffer.fillBuffer(AbstractSessionInputBuffer.java:149)
	at org.apache.http.impl.io.SocketInputBuffer.fillBuffer(SocketInputBuffer.java:110)
	at org.apache.http.impl.io.AbstractSessionInputBuffer.readLine(AbstractSessionInputBuffer.java:260)
	at org.apache.http.impl.io.HttpRequestParser.parseHead(HttpRequestParser.java:90)
	at org.apache.http.impl.io.AbstractMessageParser.parse(AbstractMessageParser.java:252)
	at org.apache.http.impl.AbstractHttpServerConnection.receiveRequestHeader(AbstractHttpServerConnection.java:242)
	at org.apache.http.protocol.HttpService.handleRequest(HttpService.java:238)
	at ru.apertum.qsystem.reports.net.RunnableSocket.run(RunnableSocket.java:65)
	at java.lang.Thread.run(Thread.java:745)
2017-07-28 13:07:40,096 [ INFO] START LOGGER for reports. Logger: reports.file.info.trace at {ru.apertum.qsystem.common.QLog.initial(QLog.java:184)}
2017-07-28 13:07:44,362 [ INFO] Отчетный вэбсервер системы 'Очередь' запущен. at {ru.apertum.qsystem.reports.model.WebServer$1.run(WebServer.java:89)}
2017-07-28 14:17:36,389 [ INFO] START LOGGER for reports. Logger: reports.file.info.trace at {ru.apertum.qsystem.common.QLog.initial(QLog.java:184)}
2017-07-28 14:18:03,155 [ INFO] Отчетный вэбсервер системы 'Очередь' запущен. at {ru.apertum.qsystem.reports.model.WebServer$1.run(WebServer.java:89)}
2017-07-28 14:42:56,917 [ INFO] START LOGGER for reports. Logger: reports.file.info.trace at {ru.apertum.qsystem.common.QLog.initial(QLog.java:184)}
2017-07-28 14:43:07,526 [ INFO] Отчетный вэбсервер системы 'Очередь' запущен. at {ru.apertum.qsystem.reports.model.WebServer$1.run(WebServer.java:89)}
2017-08-02 09:50:19,393 [ INFO] START LOGGER for reports. Logger: reports.file.info.trace at {ru.apertum.qsystem.common.QLog.initial(QLog.java:184)}
2017-08-02 09:51:24,503 [ INFO] START LOGGER for reports. Logger: reports.file.info.trace at {ru.apertum.qsystem.common.QLog.initial(QLog.java:184)}
2017-08-02 09:52:21,169 [ INFO] START LOGGER for reports. Logger: reports.file.info.trace at {ru.apertum.qsystem.common.QLog.initial(QLog.java:184)}
2017-08-02 10:46:18,085 [ INFO] START LOGGER for reports. Logger: reports.file.info.trace at {ru.apertum.qsystem.common.QLog.initial(QLog.java:184)}
2017-08-02 10:46:28,987 [ INFO] Отчетный вэбсервер системы 'Очередь' запущен. at {ru.apertum.qsystem.reports.model.WebServer$1.run(WebServer.java:89)}
2017-08-02 10:48:36,033 [ INFO] START LOGGER for reports. Logger: reports.file.info.trace at {ru.apertum.qsystem.common.QLog.initial(QLog.java:184)}
2017-08-02 10:48:46,464 [ INFO] Отчетный вэбсервер системы 'Очередь' запущен. at {ru.apertum.qsystem.reports.model.WebServer$1.run(WebServer.java:89)}
2017-08-02 10:50:30,282 [ INFO] START LOGGER for reports. Logger: reports.file.info.trace at {ru.apertum.qsystem.common.QLog.initial(QLog.java:184)}
2017-08-02 10:50:40,275 [ INFO] Отчетный вэбсервер системы 'Очередь' запущен. at {ru.apertum.qsystem.reports.model.WebServer$1.run(WebServer.java:89)}
2017-08-02 10:52:41,086 [ INFO] START LOGGER for reports. Logger: reports.file.info.trace at {ru.apertum.qsystem.common.QLog.initial(QLog.java:184)}
2017-08-02 10:52:51,131 [ INFO] Отчетный вэбсервер системы 'Очередь' запущен. at {ru.apertum.qsystem.reports.model.WebServer$1.run(WebServer.java:89)}
2017-08-02 10:55:56,794 [ INFO] START LOGGER for reports. Logger: reports.file.info.trace at {ru.apertum.qsystem.common.QLog.initial(QLog.java:184)}
2017-08-02 10:55:59,197 [ INFO] Отчетный вэбсервер системы 'Очередь' запущен. at {ru.apertum.qsystem.reports.model.WebServer$1.run(WebServer.java:89)}
2017-08-02 11:02:16,628 [ INFO] START LOGGER for reports. Logger: reports.file.info.trace at {ru.apertum.qsystem.common.QLog.initial(QLog.java:184)}
2017-08-02 11:02:19,097 [ INFO] Отчетный вэбсервер системы 'Очередь' запущен. at {ru.apertum.qsystem.reports.model.WebServer$1.run(WebServer.java:89)}
2017-08-02 11:07:18,052 [ INFO] START LOGGER for reports. Logger: reports.file.info.trace at {ru.apertum.qsystem.common.QLog.initial(QLog.java:184)}
2017-08-02 11:07:20,834 [ INFO] Отчетный вэбсервер системы 'Очередь' запущен. at {ru.apertum.qsystem.reports.model.WebServer$1.run(WebServer.java:89)}
2017-08-02 11:07:35,458 [ INFO] START LOGGER for reports. Logger: reports.file.info.trace at {ru.apertum.qsystem.common.QLog.initial(QLog.java:184)}
2017-08-02 11:07:37,952 [ INFO] Отчетный вэбсервер системы 'Очередь' запущен. at {ru.apertum.qsystem.reports.model.WebServer$1.run(WebServer.java:89)}
2017-08-02 11:08:06,816 [ INFO] START LOGGER for reports. Logger: reports.file.info.trace at {ru.apertum.qsystem.common.QLog.initial(QLog.java:184)}
2017-08-02 11:08:09,286 [ INFO] Отчетный вэбсервер системы 'Очередь' запущен. at {ru.apertum.qsystem.reports.model.WebServer$1.run(WebServer.java:89)}
2017-08-02 11:08:48,873 [ INFO] START LOGGER for reports. Logger: reports.file.info.trace at {ru.apertum.qsystem.common.QLog.initial(QLog.java:184)}
2017-08-02 11:08:51,421 [ INFO] Отчетный вэбсервер системы 'Очередь' запущен. at {ru.apertum.qsystem.reports.model.WebServer$1.run(WebServer.java:89)}
2017-08-02 11:09:16,292 [ INFO] START LOGGER for reports. Logger: reports.file.info.trace at {ru.apertum.qsystem.common.QLog.initial(QLog.java:184)}
2017-08-02 11:09:18,845 [ INFO] Отчетный вэбсервер системы 'Очередь' запущен. at {ru.apertum.qsystem.reports.model.WebServer$1.run(WebServer.java:89)}
2017-08-02 11:09:35,543 [ INFO] START LOGGER for reports. Logger: reports.file.info.trace at {ru.apertum.qsystem.common.QLog.initial(QLog.java:184)}
2017-08-02 11:09:38,075 [ INFO] Отчетный вэбсервер системы 'Очередь' запущен. at {ru.apertum.qsystem.reports.model.WebServer$1.run(WebServer.java:89)}
2017-08-02 11:12:35,946 [ INFO] START LOGGER for reports. Logger: reports.file.info.trace at {ru.apertum.qsystem.common.QLog.initial(QLog.java:184)}
2017-08-02 11:12:46,501 [ INFO] Отчетный вэбсервер системы 'Очередь' запущен. at {ru.apertum.qsystem.reports.model.WebServer$1.run(WebServer.java:89)}
2017-08-02 11:16:01,041 [ INFO] START LOGGER for reports. Logger: reports.file.info.trace at {ru.apertum.qsystem.common.QLog.initial(QLog.java:184)}
2017-08-02 11:16:11,424 [ INFO] Отчетный вэбсервер системы 'Очередь' запущен. at {ru.apertum.qsystem.reports.model.WebServer$1.run(WebServer.java:89)}
2017-08-02 11:22:32,168 [ INFO] START LOGGER for reports. Logger: reports.file.info.trace at {ru.apertum.qsystem.common.QLog.initial(QLog.java:184)}
2017-08-02 11:22:34,598 [ INFO] Отчетный вэбсервер системы 'Очередь' запущен. at {ru.apertum.qsystem.reports.model.WebServer$1.run(WebServer.java:89)}
2017-08-02 11:24:24,376 [ INFO] START LOGGER for reports. Logger: reports.file.info.trace at {ru.apertum.qsystem.common.QLog.initial(QLog.java:184)}
2017-08-02 11:24:27,106 [ INFO] Отчетный вэбсервер системы 'Очередь' запущен. at {ru.apertum.qsystem.reports.model.WebServer$1.run(WebServer.java:89)}
2017-08-02 11:25:15,920 [ INFO] START LOGGER for reports. Logger: reports.file.info.trace at {ru.apertum.qsystem.common.QLog.initial(QLog.java:184)}
2017-08-02 11:25:18,328 [ INFO] Отчетный вэбсервер системы 'Очередь' запущен. at {ru.apertum.qsystem.reports.model.WebServer$1.run(WebServer.java:89)}
2017-08-02 11:33:09,462 [ INFO] START LOGGER for reports. Logger: reports.file.info.trace at {ru.apertum.qsystem.common.QLog.initial(QLog.java:184)}
2017-08-02 11:33:19,939 [ INFO] Отчетный вэбсервер системы 'Очередь' запущен. at {ru.apertum.qsystem.reports.model.WebServer$1.run(WebServer.java:89)}
2017-08-02 11:35:01,075 [ INFO] START LOGGER for reports. Logger: reports.file.info.trace at {ru.apertum.qsystem.common.QLog.initial(QLog.java:184)}
2017-08-02 11:35:04,041 [ INFO] Отчетный вэбсервер системы 'Очередь' запущен. at {ru.apertum.qsystem.reports.model.WebServer$1.run(WebServer.java:89)}
2017-08-02 11:36:45,079 [ INFO] START LOGGER for reports. Logger: reports.file.info.trace at {ru.apertum.qsystem.common.QLog.initial(QLog.java:184)}
2017-08-02 11:36:47,490 [ INFO] Отчетный вэбсервер системы 'Очередь' запущен. at {ru.apertum.qsystem.reports.model.WebServer$1.run(WebServer.java:89)}
2017-08-02 11:37:12,711 [ INFO] START LOGGER for reports. Logger: reports.file.info.trace at {ru.apertum.qsystem.common.QLog.initial(QLog.java:184)}
2017-08-02 11:37:15,263 [ INFO] Отчетный вэбсервер системы 'Очередь' запущен. at {ru.apertum.qsystem.reports.model.WebServer$1.run(WebServer.java:89)}
2017-08-02 11:37:37,804 [ INFO] START LOGGER for reports. Logger: reports.file.info.trace at {ru.apertum.qsystem.common.QLog.initial(QLog.java:184)}
2017-08-02 11:37:40,185 [ INFO] Отчетный вэбсервер системы 'Очередь' запущен. at {ru.apertum.qsystem.reports.model.WebServer$1.run(WebServer.java:89)}
2017-08-02 11:38:55,567 [ INFO] START LOGGER for reports. Logger: reports.file.info.trace at {ru.apertum.qsystem.common.QLog.initial(QLog.java:184)}
2017-08-02 11:38:58,006 [ INFO] Отчетный вэбсервер системы 'Очередь' запущен. at {ru.apertum.qsystem.reports.model.WebServer$1.run(WebServer.java:89)}
2017-08-02 11:40:04,384 [ INFO] START LOGGER for reports. Logger: reports.file.info.trace at {ru.apertum.qsystem.common.QLog.initial(QLog.java:184)}
2017-08-02 11:40:06,904 [ INFO] Отчетный вэбсервер системы 'Очередь' запущен. at {ru.apertum.qsystem.reports.model.WebServer$1.run(WebServer.java:89)}
2017-08-02 11:40:48,403 [ INFO] START LOGGER for reports. Logger: reports.file.info.trace at {ru.apertum.qsystem.common.QLog.initial(QLog.java:184)}
2017-08-02 11:40:50,839 [ INFO] Отчетный вэбсервер системы 'Очередь' запущен. at {ru.apertum.qsystem.reports.model.WebServer$1.run(WebServer.java:89)}
2017-08-02 11:42:34,768 [ INFO] START LOGGER for reports. Logger: reports.file.info.trace at {ru.apertum.qsystem.common.QLog.initial(QLog.java:184)}
2017-08-02 11:42:37,421 [ INFO] Отчетный вэбсервер системы 'Очередь' запущен. at {ru.apertum.qsystem.reports.model.WebServer$1.run(WebServer.java:89)}
2017-08-02 11:45:23,763 [ INFO] START LOGGER for reports. Logger: reports.file.info.trace at {ru.apertum.qsystem.common.QLog.initial(QLog.java:184)}
2017-08-02 11:45:26,172 [ INFO] Отчетный вэбсервер системы 'Очередь' запущен. at {ru.apertum.qsystem.reports.model.WebServer$1.run(WebServer.java:89)}
2017-08-02 13:02:04,239 [ INFO] START LOGGER for reports. Logger: reports.file.info.trace at {ru.apertum.qsystem.common.QLog.initial(QLog.java:184)}
2017-08-02 13:02:07,036 [ INFO] Отчетный вэбсервер системы 'Очередь' запущен. at {ru.apertum.qsystem.reports.model.WebServer$1.run(WebServer.java:89)}
2017-08-02 13:09:17,133 [ INFO] START LOGGER for reports. Logger: reports.file.info.trace at {ru.apertum.qsystem.common.QLog.initial(QLog.java:184)}
2017-08-02 13:09:19,695 [ INFO] Отчетный вэбсервер системы 'Очередь' запущен. at {ru.apertum.qsystem.reports.model.WebServer$1.run(WebServer.java:89)}
2017-08-02 13:10:12,734 [ INFO] START LOGGER for reports. Logger: reports.file.info.trace at {ru.apertum.qsystem.common.QLog.initial(QLog.java:184)}
2017-08-02 13:10:15,171 [ INFO] Отчетный вэбсервер системы 'Очередь' запущен. at {ru.apertum.qsystem.reports.model.WebServer$1.run(WebServer.java:89)}
2017-08-02 13:15:38,965 [ INFO] START LOGGER for reports. Logger: reports.file.info.trace at {ru.apertum.qsystem.common.QLog.initial(QLog.java:184)}
2017-08-02 13:15:41,337 [ INFO] Отчетный вэбсервер системы 'Очередь' запущен. at {ru.apertum.qsystem.reports.model.WebServer$1.run(WebServer.java:89)}
2017-08-02 13:16:40,400 [ INFO] START LOGGER for reports. Logger: reports.file.info.trace at {ru.apertum.qsystem.common.QLog.initial(QLog.java:184)}
2017-08-02 13:16:42,794 [ INFO] Отчетный вэбсервер системы 'Очередь' запущен. at {ru.apertum.qsystem.reports.model.WebServer$1.run(WebServer.java:89)}
2017-08-02 13:17:09,864 [ INFO] START LOGGER for reports. Logger: reports.file.info.trace at {ru.apertum.qsystem.common.QLog.initial(QLog.java:184)}
2017-08-02 13:17:12,352 [ INFO] Отчетный вэбсервер системы 'Очередь' запущен. at {ru.apertum.qsystem.reports.model.WebServer$1.run(WebServer.java:89)}
2017-08-02 13:17:27,860 [ INFO] START LOGGER for reports. Logger: reports.file.info.trace at {ru.apertum.qsystem.common.QLog.initial(QLog.java:184)}
2017-08-02 13:17:38,238 [ INFO] Отчетный вэбсервер системы 'Очередь' запущен. at {ru.apertum.qsystem.reports.model.WebServer$1.run(WebServer.java:89)}
2017-08-02 13:19:25,383 [ INFO] START LOGGER for reports. Logger: reports.file.info.trace at {ru.apertum.qsystem.common.QLog.initial(QLog.java:184)}
2017-08-02 13:19:35,220 [ INFO] Отчетный вэбсервер системы 'Очередь' запущен. at {ru.apertum.qsystem.reports.model.WebServer$1.run(WebServer.java:89)}
2017-08-02 13:25:42,901 [ INFO] START LOGGER for reports. Logger: reports.file.info.trace at {ru.apertum.qsystem.common.QLog.initial(QLog.java:184)}
2017-08-02 13:25:45,319 [ INFO] Отчетный вэбсервер системы 'Очередь' запущен. at {ru.apertum.qsystem.reports.model.WebServer$1.run(WebServer.java:89)}
2017-08-02 13:26:49,456 [ INFO] START LOGGER for reports. Logger: reports.file.info.trace at {ru.apertum.qsystem.common.QLog.initial(QLog.java:184)}
2017-08-02 13:26:51,905 [ INFO] Отчетный вэбсервер системы 'Очередь' запущен. at {ru.apertum.qsystem.reports.model.WebServer$1.run(WebServer.java:89)}
2017-08-02 13:34:34,896 [ INFO] START LOGGER for reports. Logger: reports.file.info.trace at {ru.apertum.qsystem.common.QLog.initial(QLog.java:184)}
2017-08-02 13:34:45,254 [ INFO] Отчетный вэбсервер системы 'Очередь' запущен. at {ru.apertum.qsystem.reports.model.WebServer$1.run(WebServer.java:89)}
2017-08-02 13:50:29,700 [ INFO] START LOGGER for reports. Logger: reports.file.info.trace at {ru.apertum.qsystem.common.QLog.initial(QLog.java:184)}
2017-08-02 13:50:32,224 [ INFO] Отчетный вэбсервер системы 'Очередь' запущен. at {ru.apertum.qsystem.reports.model.WebServer$1.run(WebServer.java:89)}
2017-08-02 13:50:48,878 [ INFO] START LOGGER for reports. Logger: reports.file.info.trace at {ru.apertum.qsystem.common.QLog.initial(QLog.java:184)}
2017-08-02 13:50:51,216 [ INFO] Отчетный вэбсервер системы 'Очередь' запущен. at {ru.apertum.qsystem.reports.model.WebServer$1.run(WebServer.java:89)}
2017-08-02 13:51:17,221 [ INFO] START LOGGER for reports. Logger: reports.file.info.trace at {ru.apertum.qsystem.common.QLog.initial(QLog.java:184)}
2017-08-02 13:51:19,550 [ INFO] Отчетный вэбсервер системы 'Очередь' запущен. at {ru.apertum.qsystem.reports.model.WebServer$1.run(WebServer.java:89)}
2017-08-02 13:51:55,580 [ INFO] START LOGGER for reports. Logger: reports.file.info.trace at {ru.apertum.qsystem.common.QLog.initial(QLog.java:184)}
2017-08-02 13:51:57,959 [ INFO] Отчетный вэбсервер системы 'Очередь' запущен. at {ru.apertum.qsystem.reports.model.WebServer$1.run(WebServer.java:89)}
2017-08-02 13:52:38,649 [ INFO] START LOGGER for reports. Logger: reports.file.info.trace at {ru.apertum.qsystem.common.QLog.initial(QLog.java:184)}
2017-08-02 13:52:41,097 [ INFO] Отчетный вэбсервер системы 'Очередь' запущен. at {ru.apertum.qsystem.reports.model.WebServer$1.run(WebServer.java:89)}
2017-08-02 13:53:52,635 [ INFO] START LOGGER for reports. Logger: reports.file.info.trace at {ru.apertum.qsystem.common.QLog.initial(QLog.java:184)}
2017-08-02 13:53:54,999 [ INFO] Отчетный вэбсервер системы 'Очередь' запущен. at {ru.apertum.qsystem.reports.model.WebServer$1.run(WebServer.java:89)}
2017-08-02 14:16:06,860 [ INFO] START LOGGER for reports. Logger: reports.file.info.trace at {ru.apertum.qsystem.common.QLog.initial(QLog.java:184)}
2017-08-02 14:16:09,299 [ INFO] Отчетный вэбсервер системы 'Очередь' запущен. at {ru.apertum.qsystem.reports.model.WebServer$1.run(WebServer.java:89)}
2017-08-02 14:27:31,464 [ INFO] START LOGGER for reports. Logger: reports.file.info.trace at {ru.apertum.qsystem.common.QLog.initial(QLog.java:184)}
2017-08-02 14:27:33,948 [ INFO] Отчетный вэбсервер системы 'Очередь' запущен. at {ru.apertum.qsystem.reports.model.WebServer$1.run(WebServer.java:89)}
2017-08-02 14:29:23,771 [ INFO] START LOGGER for reports. Logger: reports.file.info.trace at {ru.apertum.qsystem.common.QLog.initial(QLog.java:184)}
2017-08-02 14:29:26,172 [ INFO] Отчетный вэбсервер системы 'Очередь' запущен. at {ru.apertum.qsystem.reports.model.WebServer$1.run(WebServer.java:89)}
2017-08-02 14:30:13,907 [ INFO] START LOGGER for reports. Logger: reports.file.info.trace at {ru.apertum.qsystem.common.QLog.initial(QLog.java:184)}
2017-08-02 14:30:16,315 [ INFO] Отчетный вэбсервер системы 'Очередь' запущен. at {ru.apertum.qsystem.reports.model.WebServer$1.run(WebServer.java:89)}
2017-08-02 14:32:32,532 [ INFO] START LOGGER for reports. Logger: reports.file.info.trace at {ru.apertum.qsystem.common.QLog.initial(QLog.java:184)}
2017-08-02 14:32:34,870 [ INFO] Отчетный вэбсервер системы 'Очередь' запущен. at {ru.apertum.qsystem.reports.model.WebServer$1.run(WebServer.java:89)}
2017-08-02 14:33:27,251 [ INFO] START LOGGER for reports. Logger: reports.file.info.trace at {ru.apertum.qsystem.common.QLog.initial(QLog.java:184)}
2017-08-02 14:33:29,602 [ INFO] Отчетный вэбсервер системы 'Очередь' запущен. at {ru.apertum.qsystem.reports.model.WebServer$1.run(WebServer.java:89)}
2017-08-02 14:34:25,627 [ INFO] START LOGGER for reports. Logger: reports.file.info.trace at {ru.apertum.qsystem.common.QLog.initial(QLog.java:184)}
2017-08-02 14:34:28,007 [ INFO] Отчетный вэбсервер системы 'Очередь' запущен. at {ru.apertum.qsystem.reports.model.WebServer$1.run(WebServer.java:89)}
2017-08-02 14:45:59,941 [ INFO] START LOGGER for reports. Logger: reports.file.info.trace at {ru.apertum.qsystem.common.QLog.initial(QLog.java:184)}
2017-08-02 14:46:02,585 [ INFO] Отчетный вэбсервер системы 'Очередь' запущен. at {ru.apertum.qsystem.reports.model.WebServer$1.run(WebServer.java:89)}
2017-08-02 14:46:32,671 [ INFO] START LOGGER for reports. Logger: reports.file.info.trace at {ru.apertum.qsystem.common.QLog.initial(QLog.java:184)}
2017-08-02 14:46:35,176 [ INFO] Отчетный вэбсервер системы 'Очередь' запущен. at {ru.apertum.qsystem.reports.model.WebServer$1.run(WebServer.java:89)}
2017-08-02 14:47:11,379 [ INFO] START LOGGER for reports. Logger: reports.file.info.trace at {ru.apertum.qsystem.common.QLog.initial(QLog.java:184)}
2017-08-02 14:47:13,740 [ INFO] Отчетный вэбсервер системы 'Очередь' запущен. at {ru.apertum.qsystem.reports.model.WebServer$1.run(WebServer.java:89)}
2017-08-02 14:47:41,576 [ INFO] START LOGGER for reports. Logger: reports.file.info.trace at {ru.apertum.qsystem.common.QLog.initial(QLog.java:184)}
2017-08-02 14:47:44,185 [ INFO] Отчетный вэбсервер системы 'Очередь' запущен. at {ru.apertum.qsystem.reports.model.WebServer$1.run(WebServer.java:89)}
2017-08-02 14:48:16,778 [ INFO] START LOGGER for reports. Logger: reports.file.info.trace at {ru.apertum.qsystem.common.QLog.initial(QLog.java:184)}
2017-08-02 14:48:19,068 [ INFO] Отчетный вэбсервер системы 'Очередь' запущен. at {ru.apertum.qsystem.reports.model.WebServer$1.run(WebServer.java:89)}
2017-08-02 14:49:16,337 [ INFO] START LOGGER for reports. Logger: reports.file.info.trace at {ru.apertum.qsystem.common.QLog.initial(QLog.java:184)}
2017-08-02 14:49:18,872 [ INFO] Отчетный вэбсервер системы 'Очередь' запущен. at {ru.apertum.qsystem.reports.model.WebServer$1.run(WebServer.java:89)}
2017-08-02 14:49:52,865 [ INFO] START LOGGER for reports. Logger: reports.file.info.trace at {ru.apertum.qsystem.common.QLog.initial(QLog.java:184)}
2017-08-02 14:49:55,285 [ INFO] Отчетный вэбсервер системы 'Очередь' запущен. at {ru.apertum.qsystem.reports.model.WebServer$1.run(WebServer.java:89)}
2017-08-02 14:50:14,475 [ INFO] START LOGGER for reports. Logger: reports.file.info.trace at {ru.apertum.qsystem.common.QLog.initial(QLog.java:184)}
2017-08-02 14:50:16,795 [ INFO] Отчетный вэбсервер системы 'Очередь' запущен. at {ru.apertum.qsystem.reports.model.WebServer$1.run(WebServer.java:89)}
2017-08-02 14:50:36,700 [ INFO] START LOGGER for reports. Logger: reports.file.info.trace at {ru.apertum.qsystem.common.QLog.initial(QLog.java:184)}
2017-08-02 14:50:39,245 [ INFO] Отчетный вэбсервер системы 'Очередь' запущен. at {ru.apertum.qsystem.reports.model.WebServer$1.run(WebServer.java:89)}
2017-08-02 14:51:07,362 [ INFO] START LOGGER for reports. Logger: reports.file.info.trace at {ru.apertum.qsystem.common.QLog.initial(QLog.java:184)}
2017-08-02 14:51:09,737 [ INFO] Отчетный вэбсервер системы 'Очередь' запущен. at {ru.apertum.qsystem.reports.model.WebServer$1.run(WebServer.java:89)}
2017-08-02 14:51:46,766 [ INFO] START LOGGER for reports. Logger: reports.file.info.trace at {ru.apertum.qsystem.common.QLog.initial(QLog.java:184)}
2017-08-02 14:51:49,295 [ INFO] Отчетный вэбсервер системы 'Очередь' запущен. at {ru.apertum.qsystem.reports.model.WebServer$1.run(WebServer.java:89)}
2017-08-02 14:52:22,359 [ INFO] START LOGGER for reports. Logger: reports.file.info.trace at {ru.apertum.qsystem.common.QLog.initial(QLog.java:184)}
2017-08-02 14:52:24,869 [ INFO] Отчетный вэбсервер системы 'Очередь' запущен. at {ru.apertum.qsystem.reports.model.WebServer$1.run(WebServer.java:89)}
2017-08-02 14:52:41,214 [ INFO] START LOGGER for reports. Logger: reports.file.info.trace at {ru.apertum.qsystem.common.QLog.initial(QLog.java:184)}
2017-08-02 14:52:43,617 [ INFO] Отчетный вэбсервер системы 'Очередь' запущен. at {ru.apertum.qsystem.reports.model.WebServer$1.run(WebServer.java:89)}
2017-08-02 14:53:00,737 [ INFO] START LOGGER for reports. Logger: reports.file.info.trace at {ru.apertum.qsystem.common.QLog.initial(QLog.java:184)}
2017-08-02 14:53:03,118 [ INFO] Отчетный вэбсервер системы 'Очередь' запущен. at {ru.apertum.qsystem.reports.model.WebServer$1.run(WebServer.java:89)}
2017-08-02 14:53:18,280 [ INFO] START LOGGER for reports. Logger: reports.file.info.trace at {ru.apertum.qsystem.common.QLog.initial(QLog.java:184)}
2017-08-02 14:53:20,874 [ INFO] Отчетный вэбсервер системы 'Очередь' запущен. at {ru.apertum.qsystem.reports.model.WebServer$1.run(WebServer.java:89)}
2017-08-02 14:53:42,509 [ INFO] START LOGGER for reports. Logger: reports.file.info.trace at {ru.apertum.qsystem.common.QLog.initial(QLog.java:184)}
2017-08-02 14:53:44,945 [ INFO] Отчетный вэбсервер системы 'Очередь' запущен. at {ru.apertum.qsystem.reports.model.WebServer$1.run(WebServer.java:89)}
2017-08-02 14:54:12,190 [ INFO] START LOGGER for reports. Logger: reports.file.info.trace at {ru.apertum.qsystem.common.QLog.initial(QLog.java:184)}
2017-08-02 14:54:14,648 [ INFO] Отчетный вэбсервер системы 'Очередь' запущен. at {ru.apertum.qsystem.reports.model.WebServer$1.run(WebServer.java:89)}
2017-08-02 14:54:50,152 [ INFO] START LOGGER for reports. Logger: reports.file.info.trace at {ru.apertum.qsystem.common.QLog.initial(QLog.java:184)}
2017-08-02 14:54:52,514 [ INFO] Отчетный вэбсервер системы 'Очередь' запущен. at {ru.apertum.qsystem.reports.model.WebServer$1.run(WebServer.java:89)}
2017-08-02 14:55:43,553 [ INFO] START LOGGER for reports. Logger: reports.file.info.trace at {ru.apertum.qsystem.common.QLog.initial(QLog.java:184)}
2017-08-02 14:55:45,935 [ INFO] Отчетный вэбсервер системы 'Очередь' запущен. at {ru.apertum.qsystem.reports.model.WebServer$1.run(WebServer.java:89)}
2017-08-02 14:57:01,323 [ INFO] START LOGGER for reports. Logger: reports.file.info.trace at {ru.apertum.qsystem.common.QLog.initial(QLog.java:184)}
2017-08-02 14:57:03,813 [ INFO] Отчетный вэбсервер системы 'Очередь' запущен. at {ru.apertum.qsystem.reports.model.WebServer$1.run(WebServer.java:89)}
2017-08-02 14:57:21,546 [ INFO] START LOGGER for reports. Logger: reports.file.info.trace at {ru.apertum.qsystem.common.QLog.initial(QLog.java:184)}
2017-08-02 14:57:23,989 [ INFO] Отчетный вэбсервер системы 'Очередь' запущен. at {ru.apertum.qsystem.reports.model.WebServer$1.run(WebServer.java:89)}
2017-08-02 14:57:41,552 [ INFO] START LOGGER for reports. Logger: reports.file.info.trace at {ru.apertum.qsystem.common.QLog.initial(QLog.java:184)}
2017-08-02 14:57:43,982 [ INFO] Отчетный вэбсервер системы 'Очередь' запущен. at {ru.apertum.qsystem.reports.model.WebServer$1.run(WebServer.java:89)}
2017-08-02 14:58:22,215 [ INFO] START LOGGER for reports. Logger: reports.file.info.trace at {ru.apertum.qsystem.common.QLog.initial(QLog.java:184)}
2017-08-02 14:58:24,785 [ INFO] Отчетный вэбсервер системы 'Очередь' запущен. at {ru.apertum.qsystem.reports.model.WebServer$1.run(WebServer.java:89)}
2017-08-02 14:58:57,480 [ INFO] START LOGGER for reports. Logger: reports.file.info.trace at {ru.apertum.qsystem.common.QLog.initial(QLog.java:184)}
2017-08-02 14:58:59,864 [ INFO] Отчетный вэбсервер системы 'Очередь' запущен. at {ru.apertum.qsystem.reports.model.WebServer$1.run(WebServer.java:89)}
2017-08-02 14:59:19,653 [ INFO] START LOGGER for reports. Logger: reports.file.info.trace at {ru.apertum.qsystem.common.QLog.initial(QLog.java:184)}
2017-08-02 14:59:22,148 [ INFO] Отчетный вэбсервер системы 'Очередь' запущен. at {ru.apertum.qsystem.reports.model.WebServer$1.run(WebServer.java:89)}
2017-08-02 14:59:41,554 [ INFO] START LOGGER for reports. Logger: reports.file.info.trace at {ru.apertum.qsystem.common.QLog.initial(QLog.java:184)}
2017-08-02 14:59:44,146 [ INFO] Отчетный вэбсервер системы 'Очередь' запущен. at {ru.apertum.qsystem.reports.model.WebServer$1.run(WebServer.java:89)}
2017-08-02 15:00:37,440 [ INFO] START LOGGER for reports. Logger: reports.file.info.trace at {ru.apertum.qsystem.common.QLog.initial(QLog.java:184)}
2017-08-02 15:00:39,963 [ INFO] Отчетный вэбсервер системы 'Очередь' запущен. at {ru.apertum.qsystem.reports.model.WebServer$1.run(WebServer.java:89)}
2017-08-02 15:01:16,571 [ INFO] START LOGGER for reports. Logger: reports.file.info.trace at {ru.apertum.qsystem.common.QLog.initial(QLog.java:184)}
2017-08-02 15:01:18,962 [ INFO] Отчетный вэбсервер системы 'Очередь' запущен. at {ru.apertum.qsystem.reports.model.WebServer$1.run(WebServer.java:89)}
2017-08-02 15:01:47,265 [ INFO] START LOGGER for reports. Logger: reports.file.info.trace at {ru.apertum.qsystem.common.QLog.initial(QLog.java:184)}
2017-08-02 15:01:49,698 [ INFO] Отчетный вэбсервер системы 'Очередь' запущен. at {ru.apertum.qsystem.reports.model.WebServer$1.run(WebServer.java:89)}
2017-08-02 15:02:18,076 [ INFO] START LOGGER for reports. Logger: reports.file.info.trace at {ru.apertum.qsystem.common.QLog.initial(QLog.java:184)}
2017-08-02 15:02:20,547 [ INFO] Отчетный вэбсервер системы 'Очередь' запущен. at {ru.apertum.qsystem.reports.model.WebServer$1.run(WebServer.java:89)}
2017-08-02 15:02:46,501 [ INFO] START LOGGER for reports. Logger: reports.file.info.trace at {ru.apertum.qsystem.common.QLog.initial(QLog.java:184)}
2017-08-02 15:02:48,947 [ INFO] Отчетный вэбсервер системы 'Очередь' запущен. at {ru.apertum.qsystem.reports.model.WebServer$1.run(WebServer.java:89)}
2017-08-02 15:03:13,292 [ INFO] START LOGGER for reports. Logger: reports.file.info.trace at {ru.apertum.qsystem.common.QLog.initial(QLog.java:184)}
2017-08-02 15:03:15,780 [ INFO] Отчетный вэбсервер системы 'Очередь' запущен. at {ru.apertum.qsystem.reports.model.WebServer$1.run(WebServer.java:89)}
2017-08-02 15:03:30,215 [ INFO] START LOGGER for reports. Logger: reports.file.info.trace at {ru.apertum.qsystem.common.QLog.initial(QLog.java:184)}
2017-08-02 15:03:32,708 [ INFO] Отчетный вэбсервер системы 'Очередь' запущен. at {ru.apertum.qsystem.reports.model.WebServer$1.run(WebServer.java:89)}
2017-08-02 15:03:50,215 [ INFO] START LOGGER for reports. Logger: reports.file.info.trace at {ru.apertum.qsystem.common.QLog.initial(QLog.java:184)}
2017-08-02 15:03:52,704 [ INFO] Отчетный вэбсервер системы 'Очередь' запущен. at {ru.apertum.qsystem.reports.model.WebServer$1.run(WebServer.java:89)}
2017-08-02 15:04:14,643 [ INFO] START LOGGER for reports. Logger: reports.file.info.trace at {ru.apertum.qsystem.common.QLog.initial(QLog.java:184)}
2017-08-02 15:04:16,974 [ INFO] Отчетный вэбсервер системы 'Очередь' запущен. at {ru.apertum.qsystem.reports.model.WebServer$1.run(WebServer.java:89)}
2017-08-02 15:04:38,634 [ INFO] START LOGGER for reports. Logger: reports.file.info.trace at {ru.apertum.qsystem.common.QLog.initial(QLog.java:184)}
2017-08-02 15:04:41,179 [ INFO] Отчетный вэбсервер системы 'Очередь' запущен. at {ru.apertum.qsystem.reports.model.WebServer$1.run(WebServer.java:89)}
2017-08-02 15:04:56,999 [ INFO] START LOGGER for reports. Logger: reports.file.info.trace at {ru.apertum.qsystem.common.QLog.initial(QLog.java:184)}
2017-08-02 15:04:59,478 [ INFO] Отчетный вэбсервер системы 'Очередь' запущен. at {ru.apertum.qsystem.reports.model.WebServer$1.run(WebServer.java:89)}
2017-08-02 15:05:18,799 [ INFO] START LOGGER for reports. Logger: reports.file.info.trace at {ru.apertum.qsystem.common.QLog.initial(QLog.java:184)}
2017-08-02 15:05:21,224 [ INFO] Отчетный вэбсервер системы 'Очередь' запущен. at {ru.apertum.qsystem.reports.model.WebServer$1.run(WebServer.java:89)}
2017-08-02 15:05:40,430 [ INFO] START LOGGER for reports. Logger: reports.file.info.trace at {ru.apertum.qsystem.common.QLog.initial(QLog.java:184)}
2017-08-02 15:05:42,959 [ INFO] Отчетный вэбсервер системы 'Очередь' запущен. at {ru.apertum.qsystem.reports.model.WebServer$1.run(WebServer.java:89)}
2017-08-02 15:06:10,627 [ INFO] START LOGGER for reports. Logger: reports.file.info.trace at {ru.apertum.qsystem.common.QLog.initial(QLog.java:184)}
2017-08-02 15:06:12,988 [ INFO] Отчетный вэбсервер системы 'Очередь' запущен. at {ru.apertum.qsystem.reports.model.WebServer$1.run(WebServer.java:89)}
2017-08-02 15:06:35,222 [ INFO] START LOGGER for reports. Logger: reports.file.info.trace at {ru.apertum.qsystem.common.QLog.initial(QLog.java:184)}
2017-08-02 15:06:37,657 [ INFO] Отчетный вэбсервер системы 'Очередь' запущен. at {ru.apertum.qsystem.reports.model.WebServer$1.run(WebServer.java:89)}
2017-08-02 15:06:53,806 [ INFO] START LOGGER for reports. Logger: reports.file.info.trace at {ru.apertum.qsystem.common.QLog.initial(QLog.java:184)}
2017-08-02 15:06:56,324 [ INFO] Отчетный вэбсервер системы 'Очередь' запущен. at {ru.apertum.qsystem.reports.model.WebServer$1.run(WebServer.java:89)}
2017-08-02 15:07:12,413 [ INFO] START LOGGER for reports. Logger: reports.file.info.trace at {ru.apertum.qsystem.common.QLog.initial(QLog.java:184)}
2017-08-02 15:07:14,832 [ INFO] Отчетный вэбсервер системы 'Очередь' запущен. at {ru.apertum.qsystem.reports.model.WebServer$1.run(WebServer.java:89)}
2017-08-02 15:07:34,347 [ INFO] START LOGGER for reports. Logger: reports.file.info.trace at {ru.apertum.qsystem.common.QLog.initial(QLog.java:184)}
2017-08-02 15:07:36,905 [ INFO] Отчетный вэбсервер системы 'Очередь' запущен. at {ru.apertum.qsystem.reports.model.WebServer$1.run(WebServer.java:89)}
2017-08-02 15:08:31,337 [ INFO] START LOGGER for reports. Logger: reports.file.info.trace at {ru.apertum.qsystem.common.QLog.initial(QLog.java:184)}
2017-08-02 15:08:33,790 [ INFO] Отчетный вэбсервер системы 'Очередь' запущен. at {ru.apertum.qsystem.reports.model.WebServer$1.run(WebServer.java:89)}
2017-08-02 15:08:52,354 [ INFO] START LOGGER for reports. Logger: reports.file.info.trace at {ru.apertum.qsystem.common.QLog.initial(QLog.java:184)}
2017-08-02 15:08:54,750 [ INFO] Отчетный вэбсервер системы 'Очередь' запущен. at {ru.apertum.qsystem.reports.model.WebServer$1.run(WebServer.java:89)}
2017-08-02 15:09:13,598 [ INFO] START LOGGER for reports. Logger: reports.file.info.trace at {ru.apertum.qsystem.common.QLog.initial(QLog.java:184)}
2017-08-02 15:09:16,045 [ INFO] Отчетный вэбсервер системы 'Очередь' запущен. at {ru.apertum.qsystem.reports.model.WebServer$1.run(WebServer.java:89)}
2017-08-02 15:09:34,701 [ INFO] START LOGGER for reports. Logger: reports.file.info.trace at {ru.apertum.qsystem.common.QLog.initial(QLog.java:184)}
2017-08-02 15:09:37,141 [ INFO] Отчетный вэбсервер системы 'Очередь' запущен. at {ru.apertum.qsystem.reports.model.WebServer$1.run(WebServer.java:89)}
2017-08-02 15:12:22,849 [ INFO] START LOGGER for reports. Logger: reports.file.info.trace at {ru.apertum.qsystem.common.QLog.initial(QLog.java:184)}
2017-08-02 15:12:25,299 [ INFO] Отчетный вэбсервер системы 'Очередь' запущен. at {ru.apertum.qsystem.reports.model.WebServer$1.run(WebServer.java:89)}
2017-08-02 15:12:54,873 [ INFO] START LOGGER for reports. Logger: reports.file.info.trace at {ru.apertum.qsystem.common.QLog.initial(QLog.java:184)}
2017-08-02 15:12:57,270 [ INFO] Отчетный вэбсервер системы 'Очередь' запущен. at {ru.apertum.qsystem.reports.model.WebServer$1.run(WebServer.java:89)}
2017-08-02 15:13:14,398 [ INFO] START LOGGER for reports. Logger: reports.file.info.trace at {ru.apertum.qsystem.common.QLog.initial(QLog.java:184)}
2017-08-02 15:13:16,926 [ INFO] Отчетный вэбсервер системы 'Очередь' запущен. at {ru.apertum.qsystem.reports.model.WebServer$1.run(WebServer.java:89)}
2017-08-02 15:13:36,147 [ INFO] START LOGGER for reports. Logger: reports.file.info.trace at {ru.apertum.qsystem.common.QLog.initial(QLog.java:184)}
2017-08-02 15:13:38,892 [ INFO] Отчетный вэбсервер системы 'Очередь' запущен. at {ru.apertum.qsystem.reports.model.WebServer$1.run(WebServer.java:89)}
2017-08-02 15:14:01,585 [ INFO] START LOGGER for reports. Logger: reports.file.info.trace at {ru.apertum.qsystem.common.QLog.initial(QLog.java:184)}
2017-08-02 15:14:03,992 [ INFO] Отчетный вэбсервер системы 'Очередь' запущен. at {ru.apertum.qsystem.reports.model.WebServer$1.run(WebServer.java:89)}
2017-08-02 15:14:31,868 [ INFO] START LOGGER for reports. Logger: reports.file.info.trace at {ru.apertum.qsystem.common.QLog.initial(QLog.java:184)}
2017-08-02 15:14:34,333 [ INFO] Отчетный вэбсервер системы 'Очередь' запущен. at {ru.apertum.qsystem.reports.model.WebServer$1.run(WebServer.java:89)}
2017-08-02 15:14:49,453 [ INFO] START LOGGER for reports. Logger: reports.file.info.trace at {ru.apertum.qsystem.common.QLog.initial(QLog.java:184)}
2017-08-02 15:14:51,958 [ INFO] Отчетный вэбсервер системы 'Очередь' запущен. at {ru.apertum.qsystem.reports.model.WebServer$1.run(WebServer.java:89)}
2017-08-02 15:15:08,202 [ INFO] START LOGGER for reports. Logger: reports.file.info.trace at {ru.apertum.qsystem.common.QLog.initial(QLog.java:184)}
2017-08-02 15:15:10,627 [ INFO] Отчетный вэбсервер системы 'Очередь' запущен. at {ru.apertum.qsystem.reports.model.WebServer$1.run(WebServer.java:89)}
2017-08-02 15:15:46,663 [ INFO] START LOGGER for reports. Logger: reports.file.info.trace at {ru.apertum.qsystem.common.QLog.initial(QLog.java:184)}
2017-08-02 15:15:49,080 [ INFO] Отчетный вэбсервер системы 'Очередь' запущен. at {ru.apertum.qsystem.reports.model.WebServer$1.run(WebServer.java:89)}
2017-08-02 15:16:09,884 [ INFO] START LOGGER for reports. Logger: reports.file.info.trace at {ru.apertum.qsystem.common.QLog.initial(QLog.java:184)}
2017-08-02 15:16:12,421 [ INFO] Отчетный вэбсервер системы 'Очередь' запущен. at {ru.apertum.qsystem.reports.model.WebServer$1.run(WebServer.java:89)}
2017-08-02 15:16:39,754 [ INFO] START LOGGER for reports. Logger: reports.file.info.trace at {ru.apertum.qsystem.common.QLog.initial(QLog.java:184)}
2017-08-02 15:16:42,282 [ INFO] Отчетный вэбсервер системы 'Очередь' запущен. at {ru.apertum.qsystem.reports.model.WebServer$1.run(WebServer.java:89)}
2017-08-02 15:17:03,544 [ INFO] START LOGGER for reports. Logger: reports.file.info.trace at {ru.apertum.qsystem.common.QLog.initial(QLog.java:184)}
2017-08-02 15:17:05,978 [ INFO] Отчетный вэбсервер системы 'Очередь' запущен. at {ru.apertum.qsystem.reports.model.WebServer$1.run(WebServer.java:89)}
2017-08-02 15:17:48,588 [ INFO] START LOGGER for reports. Logger: reports.file.info.trace at {ru.apertum.qsystem.common.QLog.initial(QLog.java:184)}
2017-08-02 15:17:50,964 [ INFO] Отчетный вэбсервер системы 'Очередь' запущен. at {ru.apertum.qsystem.reports.model.WebServer$1.run(WebServer.java:89)}
2017-08-02 15:18:26,626 [ INFO] START LOGGER for reports. Logger: reports.file.info.trace at {ru.apertum.qsystem.common.QLog.initial(QLog.java:184)}
2017-08-02 15:18:29,033 [ INFO] Отчетный вэбсервер системы 'Очередь' запущен. at {ru.apertum.qsystem.reports.model.WebServer$1.run(WebServer.java:89)}
2017-08-02 15:19:36,611 [ INFO] START LOGGER for reports. Logger: reports.file.info.trace at {ru.apertum.qsystem.common.QLog.initial(QLog.java:184)}
2017-08-02 15:19:39,065 [ INFO] Отчетный вэбсервер системы 'Очередь' запущен. at {ru.apertum.qsystem.reports.model.WebServer$1.run(WebServer.java:89)}
2017-08-02 15:20:02,262 [ INFO] START LOGGER for reports. Logger: reports.file.info.trace at {ru.apertum.qsystem.common.QLog.initial(QLog.java:184)}
2017-08-02 15:20:04,724 [ INFO] Отчетный вэбсервер системы 'Очередь' запущен. at {ru.apertum.qsystem.reports.model.WebServer$1.run(WebServer.java:89)}
2017-08-02 15:20:33,900 [ INFO] START LOGGER for reports. Logger: reports.file.info.trace at {ru.apertum.qsystem.common.QLog.initial(QLog.java:184)}
2017-08-02 15:20:36,345 [ INFO] Отчетный вэбсервер системы 'Очередь' запущен. at {ru.apertum.qsystem.reports.model.WebServer$1.run(WebServer.java:89)}
2017-08-02 15:20:54,360 [ INFO] START LOGGER for reports. Logger: reports.file.info.trace at {ru.apertum.qsystem.common.QLog.initial(QLog.java:184)}
2017-08-02 15:20:56,910 [ INFO] Отчетный вэбсервер системы 'Очередь' запущен. at {ru.apertum.qsystem.reports.model.WebServer$1.run(WebServer.java:89)}
2017-08-02 15:21:20,020 [ INFO] START LOGGER for reports. Logger: reports.file.info.trace at {ru.apertum.qsystem.common.QLog.initial(QLog.java:184)}
2017-08-02 15:21:22,354 [ INFO] Отчетный вэбсервер системы 'Очередь' запущен. at {ru.apertum.qsystem.reports.model.WebServer$1.run(WebServer.java:89)}
2017-08-02 15:24:16,393 [ INFO] START LOGGER for reports. Logger: reports.file.info.trace at {ru.apertum.qsystem.common.QLog.initial(QLog.java:184)}
2017-08-02 15:24:18,753 [ INFO] Отчетный вэбсервер системы 'Очередь' запущен. at {ru.apertum.qsystem.reports.model.WebServer$1.run(WebServer.java:89)}
2017-08-02 15:24:32,938 [ INFO] START LOGGER for reports. Logger: reports.file.info.trace at {ru.apertum.qsystem.common.QLog.initial(QLog.java:184)}
2017-08-02 15:24:35,570 [ INFO] Отчетный вэбсервер системы 'Очередь' запущен. at {ru.apertum.qsystem.reports.model.WebServer$1.run(WebServer.java:89)}
2017-08-02 15:24:52,703 [ INFO] START LOGGER for reports. Logger: reports.file.info.trace at {ru.apertum.qsystem.common.QLog.initial(QLog.java:184)}
2017-08-02 15:24:55,190 [ INFO] Отчетный вэбсервер системы 'Очередь' запущен. at {ru.apertum.qsystem.reports.model.WebServer$1.run(WebServer.java:89)}
2017-08-02 15:25:11,856 [ INFO] START LOGGER for reports. Logger: reports.file.info.trace at {ru.apertum.qsystem.common.QLog.initial(QLog.java:184)}
2017-08-02 15:25:14,261 [ INFO] Отчетный вэбсервер системы 'Очередь' запущен. at {ru.apertum.qsystem.reports.model.WebServer$1.run(WebServer.java:89)}
2017-08-02 15:26:15,683 [ INFO] START LOGGER for reports. Logger: reports.file.info.trace at {ru.apertum.qsystem.common.QLog.initial(QLog.java:184)}
2017-08-02 15:26:18,069 [ INFO] Отчетный вэбсервер системы 'Очередь' запущен. at {ru.apertum.qsystem.reports.model.WebServer$1.run(WebServer.java:89)}
2017-08-02 15:26:39,371 [ INFO] START LOGGER for reports. Logger: reports.file.info.trace at {ru.apertum.qsystem.common.QLog.initial(QLog.java:184)}
2017-08-02 15:26:41,796 [ INFO] Отчетный вэбсервер системы 'Очередь' запущен. at {ru.apertum.qsystem.reports.model.WebServer$1.run(WebServer.java:89)}
2017-08-02 15:27:19,345 [ INFO] START LOGGER for reports. Logger: reports.file.info.trace at {ru.apertum.qsystem.common.QLog.initial(QLog.java:184)}
2017-08-02 15:27:21,788 [ INFO] Отчетный вэбсервер системы 'Очередь' запущен. at {ru.apertum.qsystem.reports.model.WebServer$1.run(WebServer.java:89)}
2017-08-02 15:27:42,137 [ INFO] START LOGGER for reports. Logger: reports.file.info.trace at {ru.apertum.qsystem.common.QLog.initial(QLog.java:184)}
2017-08-02 15:27:44,583 [ INFO] Отчетный вэбсервер системы 'Очередь' запущен. at {ru.apertum.qsystem.reports.model.WebServer$1.run(WebServer.java:89)}
2017-08-02 15:28:46,085 [ INFO] START LOGGER for reports. Logger: reports.file.info.trace at {ru.apertum.qsystem.common.QLog.initial(QLog.java:184)}
2017-08-02 15:28:48,512 [ INFO] Отчетный вэбсервер системы 'Очередь' запущен. at {ru.apertum.qsystem.reports.model.WebServer$1.run(WebServer.java:89)}
2017-08-02 15:54:42,005 [ INFO] START LOGGER for reports. Logger: reports.file.info.trace at {ru.apertum.qsystem.common.QLog.initial(QLog.java:184)}
2017-08-02 15:54:45,023 [ INFO] Отчетный вэбсервер системы 'Очередь' запущен. at {ru.apertum.qsystem.reports.model.WebServer$1.run(WebServer.java:89)}
2017-08-10 14:27:33,657 [ INFO] START LOGGER for reports. Logger: reports.file.info.trace at {ru.apertum.qsystem.common.QLog.initial(QLog.java:184)}
2017-08-10 14:27:37,824 [ INFO] Отчетный вэбсервер системы 'Очередь' запущен. at {ru.apertum.qsystem.reports.model.WebServer$1.run(WebServer.java:89)}
2017-08-10 14:35:59,697 [ INFO] START LOGGER for reports. Logger: reports.file.info.trace at {ru.apertum.qsystem.common.QLog.initial(QLog.java:184)}
2017-08-10 14:36:02,150 [ INFO] Отчетный вэбсервер системы 'Очередь' запущен. at {ru.apertum.qsystem.reports.model.WebServer$1.run(WebServer.java:89)}
2017-08-10 14:37:57,488 [ INFO] START LOGGER for reports. Logger: reports.file.info.trace at {ru.apertum.qsystem.common.QLog.initial(QLog.java:184)}
2017-08-10 14:37:59,948 [ INFO] Отчетный вэбсервер системы 'Очередь' запущен. at {ru.apertum.qsystem.reports.model.WebServer$1.run(WebServer.java:89)}
2017-08-10 15:17:02,854 [ INFO] START LOGGER for reports. Logger: reports.file.info.trace at {ru.apertum.qsystem.common.QLog.initial(QLog.java:184)}
2017-08-10 15:17:05,322 [ INFO] Отчетный вэбсервер системы 'Очередь' запущен. at {ru.apertum.qsystem.reports.model.WebServer$1.run(WebServer.java:89)}
2017-08-10 15:17:45,676 [ INFO] START LOGGER for reports. Logger: reports.file.info.trace at {ru.apertum.qsystem.common.QLog.initial(QLog.java:184)}
2017-08-10 15:17:48,074 [ INFO] Отчетный вэбсервер системы 'Очередь' запущен. at {ru.apertum.qsystem.reports.model.WebServer$1.run(WebServer.java:89)}
2017-08-10 15:18:17,047 [ INFO] START LOGGER for reports. Logger: reports.file.info.trace at {ru.apertum.qsystem.common.QLog.initial(QLog.java:184)}
2017-08-10 15:18:19,445 [ INFO] Отчетный вэбсервер системы 'Очередь' запущен. at {ru.apertum.qsystem.reports.model.WebServer$1.run(WebServer.java:89)}
2017-08-10 15:18:41,441 [ INFO] START LOGGER for reports. Logger: reports.file.info.trace at {ru.apertum.qsystem.common.QLog.initial(QLog.java:184)}
2017-08-10 15:18:43,882 [ INFO] Отчетный вэбсервер системы 'Очередь' запущен. at {ru.apertum.qsystem.reports.model.WebServer$1.run(WebServer.java:89)}
2017-08-10 15:19:04,857 [ INFO] START LOGGER for reports. Logger: reports.file.info.trace at {ru.apertum.qsystem.common.QLog.initial(QLog.java:184)}
2017-08-10 15:19:07,183 [ INFO] Отчетный вэбсервер системы 'Очередь' запущен. at {ru.apertum.qsystem.reports.model.WebServer$1.run(WebServer.java:89)}
2017-08-10 15:35:55,103 [ INFO] START LOGGER for reports. Logger: reports.file.info.trace at {ru.apertum.qsystem.common.QLog.initial(QLog.java:184)}
2017-08-10 15:36:05,402 [ INFO] Отчетный вэбсервер системы 'Очередь' запущен. at {ru.apertum.qsystem.reports.model.WebServer$1.run(WebServer.java:89)}
2017-08-10 15:53:56,752 [ INFO] START LOGGER for reports. Logger: reports.file.info.trace at {ru.apertum.qsystem.common.QLog.initial(QLog.java:184)}
2017-08-10 15:53:59,288 [ INFO] Отчетный вэбсервер системы 'Очередь' запущен. at {ru.apertum.qsystem.reports.model.WebServer$1.run(WebServer.java:89)}
2017-08-10 15:54:46,694 [ INFO] START LOGGER for reports. Logger: reports.file.info.trace at {ru.apertum.qsystem.common.QLog.initial(QLog.java:184)}
2017-08-10 15:54:49,164 [ INFO] Отчетный вэбсервер системы 'Очередь' запущен. at {ru.apertum.qsystem.reports.model.WebServer$1.run(WebServer.java:89)}
2017-08-10 15:55:44,600 [ INFO] START LOGGER for reports. Logger: reports.file.info.trace at {ru.apertum.qsystem.common.QLog.initial(QLog.java:184)}
2017-08-10 15:55:47,046 [ INFO] Отчетный вэбсервер системы 'Очередь' запущен. at {ru.apertum.qsystem.reports.model.WebServer$1.run(WebServer.java:89)}
2017-08-10 15:56:12,468 [ INFO] START LOGGER for reports. Logger: reports.file.info.trace at {ru.apertum.qsystem.common.QLog.initial(QLog.java:184)}
2017-08-10 15:56:14,859 [ INFO] Отчетный вэбсервер системы 'Очередь' запущен. at {ru.apertum.qsystem.reports.model.WebServer$1.run(WebServer.java:89)}
2017-08-10 15:56:40,375 [ INFO] START LOGGER for reports. Logger: reports.file.info.trace at {ru.apertum.qsystem.common.QLog.initial(QLog.java:184)}
2017-08-10 15:56:42,888 [ INFO] Отчетный вэбсервер системы 'Очередь' запущен. at {ru.apertum.qsystem.reports.model.WebServer$1.run(WebServer.java:89)}
2017-08-10 15:57:02,289 [ INFO] START LOGGER for reports. Logger: reports.file.info.trace at {ru.apertum.qsystem.common.QLog.initial(QLog.java:184)}
2017-08-10 15:57:04,878 [ INFO] Отчетный вэбсервер системы 'Очередь' запущен. at {ru.apertum.qsystem.reports.model.WebServer$1.run(WebServer.java:89)}
2017-08-10 15:57:21,300 [ INFO] START LOGGER for reports. Logger: reports.file.info.trace at {ru.apertum.qsystem.common.QLog.initial(QLog.java:184)}
2017-08-10 15:57:23,783 [ INFO] Отчетный вэбсервер системы 'Очередь' запущен. at {ru.apertum.qsystem.reports.model.WebServer$1.run(WebServer.java:89)}
2017-08-10 15:57:50,064 [ INFO] START LOGGER for reports. Logger: reports.file.info.trace at {ru.apertum.qsystem.common.QLog.initial(QLog.java:184)}
2017-08-10 15:57:52,700 [ INFO] Отчетный вэбсервер системы 'Очередь' запущен. at {ru.apertum.qsystem.reports.model.WebServer$1.run(WebServer.java:89)}
2017-08-10 15:58:17,022 [ INFO] START LOGGER for reports. Logger: reports.file.info.trace at {ru.apertum.qsystem.common.QLog.initial(QLog.java:184)}
2017-08-10 15:58:19,539 [ INFO] Отчетный вэбсервер системы 'Очередь' запущен. at {ru.apertum.qsystem.reports.model.WebServer$1.run(WebServer.java:89)}
2017-08-10 15:58:40,073 [ INFO] START LOGGER for reports. Logger: reports.file.info.trace at {ru.apertum.qsystem.common.QLog.initial(QLog.java:184)}
2017-08-10 15:58:42,588 [ INFO] Отчетный вэбсервер системы 'Очередь' запущен. at {ru.apertum.qsystem.reports.model.WebServer$1.run(WebServer.java:89)}
2017-08-10 15:59:01,708 [ INFO] START LOGGER for reports. Logger: reports.file.info.trace at {ru.apertum.qsystem.common.QLog.initial(QLog.java:184)}
2017-08-10 15:59:04,159 [ INFO] Отчетный вэбсервер системы 'Очередь' запущен. at {ru.apertum.qsystem.reports.model.WebServer$1.run(WebServer.java:89)}
2017-08-10 15:59:19,415 [ INFO] START LOGGER for reports. Logger: reports.file.info.trace at {ru.apertum.qsystem.common.QLog.initial(QLog.java:184)}
2017-08-10 15:59:21,860 [ INFO] Отчетный вэбсервер системы 'Очередь' запущен. at {ru.apertum.qsystem.reports.model.WebServer$1.run(WebServer.java:89)}
2017-08-10 15:59:40,837 [ INFO] START LOGGER for reports. Logger: reports.file.info.trace at {ru.apertum.qsystem.common.QLog.initial(QLog.java:184)}
2017-08-10 15:59:43,447 [ INFO] Отчетный вэбсервер системы 'Очередь' запущен. at {ru.apertum.qsystem.reports.model.WebServer$1.run(WebServer.java:89)}
2017-08-10 16:00:03,784 [ INFO] START LOGGER for reports. Logger: reports.file.info.trace at {ru.apertum.qsystem.common.QLog.initial(QLog.java:184)}
2017-08-10 16:00:06,320 [ INFO] Отчетный вэбсервер системы 'Очередь' запущен. at {ru.apertum.qsystem.reports.model.WebServer$1.run(WebServer.java:89)}
2017-08-10 16:00:44,307 [ INFO] START LOGGER for reports. Logger: reports.file.info.trace at {ru.apertum.qsystem.common.QLog.initial(QLog.java:184)}
2017-08-10 16:00:46,699 [ INFO] Отчетный вэбсервер системы 'Очередь' запущен. at {ru.apertum.qsystem.reports.model.WebServer$1.run(WebServer.java:89)}
2017-08-10 16:01:38,407 [ INFO] START LOGGER for reports. Logger: reports.file.info.trace at {ru.apertum.qsystem.common.QLog.initial(QLog.java:184)}
2017-08-10 16:01:40,873 [ INFO] Отчетный вэбсервер системы 'Очередь' запущен. at {ru.apertum.qsystem.reports.model.WebServer$1.run(WebServer.java:89)}
2017-08-10 16:02:02,782 [ INFO] START LOGGER for reports. Logger: reports.file.info.trace at {ru.apertum.qsystem.common.QLog.initial(QLog.java:184)}
2017-08-10 16:02:05,095 [ INFO] Отчетный вэбсервер системы 'Очередь' запущен. at {ru.apertum.qsystem.reports.model.WebServer$1.run(WebServer.java:89)}
2017-08-10 16:02:28,961 [ INFO] START LOGGER for reports. Logger: reports.file.info.trace at {ru.apertum.qsystem.common.QLog.initial(QLog.java:184)}
2017-08-10 16:02:31,449 [ INFO] Отчетный вэбсервер системы 'Очередь' запущен. at {ru.apertum.qsystem.reports.model.WebServer$1.run(WebServer.java:89)}
2017-08-10 16:03:04,961 [ INFO] START LOGGER for reports. Logger: reports.file.info.trace at {ru.apertum.qsystem.common.QLog.initial(QLog.java:184)}
2017-08-10 16:03:07,424 [ INFO] Отчетный вэбсервер системы 'Очередь' запущен. at {ru.apertum.qsystem.reports.model.WebServer$1.run(WebServer.java:89)}
2017-08-10 16:03:37,992 [ INFO] START LOGGER for reports. Logger: reports.file.info.trace at {ru.apertum.qsystem.common.QLog.initial(QLog.java:184)}
2017-08-10 16:03:40,534 [ INFO] Отчетный вэбсервер системы 'Очередь' запущен. at {ru.apertum.qsystem.reports.model.WebServer$1.run(WebServer.java:89)}
2017-08-10 16:04:01,500 [ INFO] START LOGGER for reports. Logger: reports.file.info.trace at {ru.apertum.qsystem.common.QLog.initial(QLog.java:184)}
2017-08-10 16:04:03,861 [ INFO] Отчетный вэбсервер системы 'Очередь' запущен. at {ru.apertum.qsystem.reports.model.WebServer$1.run(WebServer.java:89)}
2017-08-10 16:04:33,191 [ INFO] START LOGGER for reports. Logger: reports.file.info.trace at {ru.apertum.qsystem.common.QLog.initial(QLog.java:184)}
2017-08-10 16:04:35,707 [ INFO] Отчетный вэбсервер системы 'Очередь' запущен. at {ru.apertum.qsystem.reports.model.WebServer$1.run(WebServer.java:89)}
2017-08-10 16:04:59,954 [ INFO] START LOGGER for reports. Logger: reports.file.info.trace at {ru.apertum.qsystem.common.QLog.initial(QLog.java:184)}
2017-08-10 16:05:02,511 [ INFO] Отчетный вэбсервер системы 'Очередь' запущен. at {ru.apertum.qsystem.reports.model.WebServer$1.run(WebServer.java:89)}
2017-08-15 08:11:44,706 [ INFO] START LOGGER for reports. Logger: reports.file.info.trace at {ru.apertum.qsystem.common.QLog.initial(QLog.java:184)}
2017-08-15 08:11:47,655 [ INFO] Отчетный вэбсервер системы 'Очередь' запущен. at {ru.apertum.qsystem.reports.model.WebServer$1.run(WebServer.java:89)}
2017-08-15 08:12:30,366 [ INFO] START LOGGER for reports. Logger: reports.file.info.trace at {ru.apertum.qsystem.common.QLog.initial(QLog.java:184)}
2017-08-15 08:12:32,375 [ INFO] Отчетный вэбсервер системы 'Очередь' запущен. at {ru.apertum.qsystem.reports.model.WebServer$1.run(WebServer.java:89)}
2017-08-15 08:13:50,352 [DEBUG] Загружено из базы 15 отчетов. at {ru.apertum.qsystem.reports.model.QReportsList.load(QReportsList.java:67)}
2017-08-15 08:14:01,452 [DEBUG] Загружено из базы 15 отчетов. at {ru.apertum.qsystem.reports.model.QReportsList.load(QReportsList.java:67)}
2017-08-15 08:17:23,219 [ INFO] START LOGGER for reports. Logger: reports.file.info.trace at {ru.apertum.qsystem.common.QLog.initial(QLog.java:184)}
2017-08-15 08:17:25,164 [ INFO] Отчетный вэбсервер системы 'Очередь' запущен. at {ru.apertum.qsystem.reports.model.WebServer$1.run(WebServer.java:89)}
2017-08-15 08:17:38,949 [DEBUG] Загружено из базы 15 отчетов. at {ru.apertum.qsystem.reports.model.QReportsList.load(QReportsList.java:67)}
2017-08-15 08:18:27,703 [ INFO] Отчетный вэбсервер системы 'Очередь' остановлен. at {ru.apertum.qsystem.reports.model.WebServer$1.run(WebServer.java:115)}
2017-08-15 08:18:46,333 [ INFO] START LOGGER for reports. Logger: reports.file.info.trace at {ru.apertum.qsystem.common.QLog.initial(QLog.java:184)}
2017-08-15 08:18:48,389 [ INFO] Отчетный вэбсервер системы 'Очередь' запущен. at {ru.apertum.qsystem.reports.model.WebServer$1.run(WebServer.java:89)}
2017-08-16 14:19:20,684 [ INFO] START LOGGER for reports. Logger: reports.file.info.trace at {ru.apertum.qsystem.common.QLog.initial(QLog.java:184)}
2017-08-16 14:19:26,020 [ INFO] Отчетный вэбсервер системы 'Очередь' запущен. at {ru.apertum.qsystem.reports.model.WebServer$1.run(WebServer.java:89)}
2017-08-16 16:22:41,262 [ INFO] START LOGGER for reports. Logger: reports.file.info.trace at {ru.apertum.qsystem.common.QLog.initial(QLog.java:184)}
2017-08-16 16:22:43,954 [ INFO] Отчетный вэбсервер системы 'Очередь' запущен. at {ru.apertum.qsystem.reports.model.WebServer$1.run(WebServer.java:89)}
2017-08-16 16:54:08,279 [ INFO] START LOGGER for reports. Logger: reports.file.info.trace at {ru.apertum.qsystem.common.QLog.initial(QLog.java:184)}
2017-08-16 16:54:10,724 [ INFO] Отчетный вэбсервер системы 'Очередь' запущен. at {ru.apertum.qsystem.reports.model.WebServer$1.run(WebServer.java:89)}
2017-08-21 08:05:48,911 [ INFO] START LOGGER for reports. Logger: reports.file.info.trace at {ru.apertum.qsystem.common.QLog.initial(QLog.java:184)}
2017-08-21 08:05:54,921 [ INFO] Отчетный вэбсервер системы 'Очередь' запущен. at {ru.apertum.qsystem.reports.model.WebServer$1.run(WebServer.java:89)}
2017-08-21 08:18:53,231 [ INFO] START LOGGER for reports. Logger: reports.file.info.trace at {ru.apertum.qsystem.common.QLog.initial(QLog.java:184)}
2017-08-21 08:18:55,720 [ INFO] Отчетный вэбсервер системы 'Очередь' запущен. at {ru.apertum.qsystem.reports.model.WebServer$1.run(WebServer.java:89)}
2017-08-21 08:47:58,241 [DEBUG] Загружено из базы 15 отчетов. at {ru.apertum.qsystem.reports.model.QReportsList.load(QReportsList.java:67)}
2017-08-21 08:49:37,444 [ INFO] START LOGGER for reports. Logger: reports.file.info.trace at {ru.apertum.qsystem.common.QLog.initial(QLog.java:184)}
2017-08-21 08:49:39,815 [ INFO] Отчетный вэбсервер системы 'Очередь' запущен. at {ru.apertum.qsystem.reports.model.WebServer$1.run(WebServer.java:89)}
2017-08-21 08:56:09,904 [ INFO] START LOGGER for reports. Logger: reports.file.info.trace at {ru.apertum.qsystem.common.QLog.initial(QLog.java:184)}
2017-08-21 08:56:12,329 [ INFO] Отчетный вэбсервер системы 'Очередь' запущен. at {ru.apertum.qsystem.reports.model.WebServer$1.run(WebServer.java:89)}
2017-08-21 09:27:03,662 [ INFO] START LOGGER for reports. Logger: reports.file.info.trace at {ru.apertum.qsystem.common.QLog.initial(QLog.java:184)}
2017-08-21 09:27:06,016 [ INFO] Отчетный вэбсервер системы 'Очередь' запущен. at {ru.apertum.qsystem.reports.model.WebServer$1.run(WebServer.java:89)}
2017-08-21 09:27:33,854 [DEBUG] Загружено из базы 15 отчетов. at {ru.apertum.qsystem.reports.model.QReportsList.load(QReportsList.java:67)}
2017-08-21 09:28:28,265 [ INFO] START LOGGER for reports. Logger: reports.file.info.trace at {ru.apertum.qsystem.common.QLog.initial(QLog.java:184)}
2017-08-21 09:28:30,581 [ INFO] Отчетный вэбсервер системы 'Очередь' запущен. at {ru.apertum.qsystem.reports.model.WebServer$1.run(WebServer.java:89)}
2017-08-21 09:29:09,095 [DEBUG] Загружено из базы 15 отчетов. at {ru.apertum.qsystem.reports.model.QReportsList.load(QReportsList.java:67)}
2017-08-21 09:37:13,934 [DEBUG] Загружено из базы 15 отчетов. at {ru.apertum.qsystem.reports.model.QReportsList.load(QReportsList.java:67)}
2017-08-21 09:37:34,614 [ INFO] START LOGGER for reports. Logger: reports.file.info.trace at {ru.apertum.qsystem.common.QLog.initial(QLog.java:184)}
2017-08-21 09:37:36,913 [ INFO] Отчетный вэбсервер системы 'Очередь' запущен. at {ru.apertum.qsystem.reports.model.WebServer$1.run(WebServer.java:89)}
2017-08-21 14:31:33,558 [ INFO] START LOGGER for reports. Logger: reports.file.info.trace at {ru.apertum.qsystem.common.QLog.initial(QLog.java:184)}
2017-08-21 14:31:36,190 [ INFO] Отчетный вэбсервер системы 'Очередь' запущен. at {ru.apertum.qsystem.reports.model.WebServer$1.run(WebServer.java:89)}
2017-08-21 14:32:00,942 [DEBUG] Загружено из базы 15 отчетов. at {ru.apertum.qsystem.reports.model.QReportsList.load(QReportsList.java:67)}
2017-08-21 14:34:06,620 [DEBUG] Загружено из базы 15 отчетов. at {ru.apertum.qsystem.reports.model.QReportsList.load(QReportsList.java:67)}
2017-08-21 15:19:25,362 [ INFO] START LOGGER for reports. Logger: reports.file.info.trace at {ru.apertum.qsystem.common.QLog.initial(QLog.java:184)}
2017-08-21 15:19:27,660 [ INFO] Отчетный вэбсервер системы 'Очередь' запущен. at {ru.apertum.qsystem.reports.model.WebServer$1.run(WebServer.java:89)}
2017-08-21 15:20:12,143 [DEBUG] Загружено из базы 15 отчетов. at {ru.apertum.qsystem.reports.model.QReportsList.load(QReportsList.java:67)}
2017-08-21 15:20:12,242 [ INFO] Выдаем ресурс: "/login.html" at {ru.apertum.qsystem.reports.net.HttpQSystemReportsHandler.handle(HttpQSystemReportsHandler.java:139)}
2017-08-21 15:20:12,252 [TRACE] Выдаем результат 3101 байт на запрос "/". at {ru.apertum.qsystem.reports.net.HttpQSystemReportsHandler.handle(HttpQSystemReportsHandler.java:158)}
2017-08-21 15:20:12,281 [ INFO] Выдаем ресурс: "/resources/fp.png" at {ru.apertum.qsystem.reports.net.HttpQSystemReportsHandler.handle(HttpQSystemReportsHandler.java:139)}
2017-08-21 15:20:12,296 [TRACE] Выдаем результат 5247 байт на запрос "/resources/fp.png". at {ru.apertum.qsystem.reports.net.HttpQSystemReportsHandler.handle(HttpQSystemReportsHandler.java:158)}
2017-08-21 15:20:12,315 [ INFO] Выдаем ресурс: "/resources/top.jpg" at {ru.apertum.qsystem.reports.net.HttpQSystemReportsHandler.handle(HttpQSystemReportsHandler.java:139)}
2017-08-21 15:20:12,317 [TRACE] Выдаем результат 27645 байт на запрос "/resources/top.jpg". at {ru.apertum.qsystem.reports.net.HttpQSystemReportsHandler.handle(HttpQSystemReportsHandler.java:158)}
2017-08-21 15:20:12,580 [ INFO] Выдаем ресурс: "/favicon.ico" at {ru.apertum.qsystem.reports.net.HttpQSystemReportsHandler.handle(HttpQSystemReportsHandler.java:139)}
2017-08-21 15:20:12,588 [TRACE] Выдаем результат 4286 байт на запрос "/favicon.ico". at {ru.apertum.qsystem.reports.net.HttpQSystemReportsHandler.handle(HttpQSystemReportsHandler.java:158)}
2017-08-21 15:20:14,332 [ INFO] Генерация отчета: 'reportList' at {ru.apertum.qsystem.reports.model.QReportsList.generate(QReportsList.java:199)}
2017-08-21 15:20:14,334 [DEBUG] Генерируем : "reportList" at {ru.apertum.qsystem.reports.model.AGenerator.process(AGenerator.java:154)}
2017-08-21 15:20:14,365 [ INFO] Генерация завершено. Затрачено времени: 0.033 сек. at {ru.apertum.qsystem.reports.model.QReportsList.generate(QReportsList.java:205)}
2017-08-21 15:20:14,365 [TRACE] Выдаем результат 10690 байт на запрос "/reportList.html". at {ru.apertum.qsystem.reports.net.HttpQSystemReportsHandler.handle(HttpQSystemReportsHandler.java:158)}
2017-08-21 15:20:14,383 [ INFO] Выдаем ресурс: "/resources/fp.png" at {ru.apertum.qsystem.reports.net.HttpQSystemReportsHandler.handle(HttpQSystemReportsHandler.java:139)}
2017-08-21 15:20:14,383 [TRACE] Выдаем результат 5247 байт на запрос "/resources/fp.png". at {ru.apertum.qsystem.reports.net.HttpQSystemReportsHandler.handle(HttpQSystemReportsHandler.java:158)}
2017-08-21 15:20:14,390 [ INFO] Выдаем ресурс: "/resources/top.jpg" at {ru.apertum.qsystem.reports.net.HttpQSystemReportsHandler.handle(HttpQSystemReportsHandler.java:139)}
2017-08-21 15:20:14,391 [TRACE] Выдаем результат 27645 байт на запрос "/resources/top.jpg". at {ru.apertum.qsystem.reports.net.HttpQSystemReportsHandler.handle(HttpQSystemReportsHandler.java:158)}
2017-08-21 15:20:23,026 [ INFO] Генерация отчета: 'ratio_period_services' at {ru.apertum.qsystem.reports.model.QReportsList.generate(QReportsList.java:199)}
2017-08-21 15:20:23,026 [DEBUG] Генерируем : "ratio_period_services" at {ru.apertum.qsystem.reports.model.AGenerator.process(AGenerator.java:154)}
2017-08-21 15:20:23,037 [ INFO] Генерация завершено. Затрачено времени: 0.011 сек. at {ru.apertum.qsystem.reports.model.QReportsList.generate(QReportsList.java:205)}
2017-08-21 15:20:23,037 [TRACE] Выдаем результат 6547 байт на запрос "/ratio_period_services.html". at {ru.apertum.qsystem.reports.net.HttpQSystemReportsHandler.handle(HttpQSystemReportsHandler.java:158)}
2017-08-21 15:20:23,054 [ INFO] Выдаем ресурс: "/css/datepicker.css" at {ru.apertum.qsystem.reports.net.HttpQSystemReportsHandler.handle(HttpQSystemReportsHandler.java:139)}
2017-08-21 15:20:23,054 [TRACE] Выдаем результат 7468 байт на запрос "/css/datepicker.css". at {ru.apertum.qsystem.reports.net.HttpQSystemReportsHandler.handle(HttpQSystemReportsHandler.java:158)}
2017-08-21 15:20:23,085 [ INFO] Выдаем ресурс: "/resources/top.jpg" at {ru.apertum.qsystem.reports.net.HttpQSystemReportsHandler.handle(HttpQSystemReportsHandler.java:139)}
2017-08-21 15:20:23,086 [TRACE] Выдаем результат 27645 байт на запрос "/resources/top.jpg". at {ru.apertum.qsystem.reports.net.HttpQSystemReportsHandler.handle(HttpQSystemReportsHandler.java:158)}
2017-08-21 15:20:23,094 [ INFO] Выдаем ресурс: "/js/datepicker.js" at {ru.apertum.qsystem.reports.net.HttpQSystemReportsHandler.handle(HttpQSystemReportsHandler.java:139)}
2017-08-21 15:20:23,094 [TRACE] Выдаем результат 74592 байт на запрос "/js/datepicker.js". at {ru.apertum.qsystem.reports.net.HttpQSystemReportsHandler.handle(HttpQSystemReportsHandler.java:158)}
2017-08-21 15:20:23,112 [ INFO] Выдаем ресурс: "/resources/fp.png" at {ru.apertum.qsystem.reports.net.HttpQSystemReportsHandler.handle(HttpQSystemReportsHandler.java:139)}
2017-08-21 15:20:23,112 [TRACE] Выдаем результат 5247 байт на запрос "/resources/fp.png". at {ru.apertum.qsystem.reports.net.HttpQSystemReportsHandler.handle(HttpQSystemReportsHandler.java:158)}
2017-08-21 15:20:23,122 [ INFO] Выдаем ресурс: "/js/lang/ru.js" at {ru.apertum.qsystem.reports.net.HttpQSystemReportsHandler.handle(HttpQSystemReportsHandler.java:139)}
2017-08-21 15:20:23,123 [TRACE] Выдаем результат 1226 байт на запрос "/js/lang/ru.js". at {ru.apertum.qsystem.reports.net.HttpQSystemReportsHandler.handle(HttpQSystemReportsHandler.java:158)}
2017-08-21 15:20:23,168 [ INFO] Выдаем ресурс: "/media/gradient-e5e5e5-ffffff.gif" at {ru.apertum.qsystem.reports.net.HttpQSystemReportsHandler.handle(HttpQSystemReportsHandler.java:139)}
2017-08-21 15:20:23,168 [ INFO] Выдаем ресурс: "/media/cal.gif" at {ru.apertum.qsystem.reports.net.HttpQSystemReportsHandler.handle(HttpQSystemReportsHandler.java:139)}
2017-08-21 15:20:23,169 [TRACE] Выдаем результат 127 байт на запрос "/media/cal.gif". at {ru.apertum.qsystem.reports.net.HttpQSystemReportsHandler.handle(HttpQSystemReportsHandler.java:158)}
2017-08-21 15:20:23,169 [TRACE] Выдаем результат 526 байт на запрос "/media/gradient-e5e5e5-ffffff.gif". at {ru.apertum.qsystem.reports.net.HttpQSystemReportsHandler.handle(HttpQSystemReportsHandler.java:158)}
2017-08-21 15:20:23,174 [ INFO] Выдаем ресурс: "/media/backstripes.gif" at {ru.apertum.qsystem.reports.net.HttpQSystemReportsHandler.handle(HttpQSystemReportsHandler.java:139)}
2017-08-21 15:20:23,174 [ INFO] Выдаем ресурс: "/media/bg_header.jpg" at {ru.apertum.qsystem.reports.net.HttpQSystemReportsHandler.handle(HttpQSystemReportsHandler.java:139)}
2017-08-21 15:20:23,174 [TRACE] Выдаем результат 1792 байт на запрос "/media/bg_header.jpg". at {ru.apertum.qsystem.reports.net.HttpQSystemReportsHandler.handle(HttpQSystemReportsHandler.java:158)}
2017-08-21 15:20:23,174 [TRACE] Выдаем результат 234 байт на запрос "/media/backstripes.gif". at {ru.apertum.qsystem.reports.net.HttpQSystemReportsHandler.handle(HttpQSystemReportsHandler.java:158)}
2017-08-21 15:20:25,537 [ INFO] Генерация отчета: 'distribution_job_users' at {ru.apertum.qsystem.reports.model.QReportsList.generate(QReportsList.java:199)}
2017-08-21 15:20:25,538 [DEBUG] Генерируем : "distribution_job_users" at {ru.apertum.qsystem.reports.model.AGenerator.process(AGenerator.java:154)}
2017-08-21 15:20:25,577 [ INFO] Генерация завершено. Затрачено времени: 0.04 сек. at {ru.apertum.qsystem.reports.model.QReportsList.generate(QReportsList.java:205)}
2017-08-21 15:20:25,578 [TRACE] Выдаем результат 5143 байт на запрос "/distribution_job_users.html". at {ru.apertum.qsystem.reports.net.HttpQSystemReportsHandler.handle(HttpQSystemReportsHandler.java:158)}
2017-08-21 15:20:25,587 [ INFO] Выдаем ресурс: "/css/datepicker.css" at {ru.apertum.qsystem.reports.net.HttpQSystemReportsHandler.handle(HttpQSystemReportsHandler.java:139)}
2017-08-21 15:20:25,587 [ INFO] Выдаем ресурс: "/js/datepicker.js" at {ru.apertum.qsystem.reports.net.HttpQSystemReportsHandler.handle(HttpQSystemReportsHandler.java:139)}
2017-08-21 15:20:25,588 [TRACE] Выдаем результат 7468 байт на запрос "/css/datepicker.css". at {ru.apertum.qsystem.reports.net.HttpQSystemReportsHandler.handle(HttpQSystemReportsHandler.java:158)}
2017-08-21 15:20:25,588 [TRACE] Выдаем результат 74592 байт на запрос "/js/datepicker.js". at {ru.apertum.qsystem.reports.net.HttpQSystemReportsHandler.handle(HttpQSystemReportsHandler.java:158)}
2017-08-21 15:20:25,599 [ INFO] Выдаем ресурс: "/resources/top.jpg" at {ru.apertum.qsystem.reports.net.HttpQSystemReportsHandler.handle(HttpQSystemReportsHandler.java:139)}
2017-08-21 15:20:25,599 [TRACE] Выдаем результат 27645 байт на запрос "/resources/top.jpg". at {ru.apertum.qsystem.reports.net.HttpQSystemReportsHandler.handle(HttpQSystemReportsHandler.java:158)}
2017-08-21 15:20:25,618 [ INFO] Выдаем ресурс: "/resources/fp.png" at {ru.apertum.qsystem.reports.net.HttpQSystemReportsHandler.handle(HttpQSystemReportsHandler.java:139)}
2017-08-21 15:20:25,618 [ INFO] Выдаем ресурс: "/js/lang/ru.js" at {ru.apertum.qsystem.reports.net.HttpQSystemReportsHandler.handle(HttpQSystemReportsHandler.java:139)}
2017-08-21 15:20:25,619 [TRACE] Выдаем результат 5247 байт на запрос "/resources/fp.png". at {ru.apertum.qsystem.reports.net.HttpQSystemReportsHandler.handle(HttpQSystemReportsHandler.java:158)}
2017-08-21 15:20:25,619 [TRACE] Выдаем результат 1226 байт на запрос "/js/lang/ru.js". at {ru.apertum.qsystem.reports.net.HttpQSystemReportsHandler.handle(HttpQSystemReportsHandler.java:158)}
2017-08-21 15:20:25,689 [ INFO] Выдаем ресурс: "/media/gradient-e5e5e5-ffffff.gif" at {ru.apertum.qsystem.reports.net.HttpQSystemReportsHandler.handle(HttpQSystemReportsHandler.java:139)}
2017-08-21 15:20:25,689 [TRACE] Выдаем результат 526 байт на запрос "/media/gradient-e5e5e5-ffffff.gif". at {ru.apertum.qsystem.reports.net.HttpQSystemReportsHandler.handle(HttpQSystemReportsHandler.java:158)}
2017-08-21 15:20:25,689 [ INFO] Выдаем ресурс: "/media/cal.gif" at {ru.apertum.qsystem.reports.net.HttpQSystemReportsHandler.handle(HttpQSystemReportsHandler.java:139)}
2017-08-21 15:20:25,689 [TRACE] Выдаем результат 127 байт на запрос "/media/cal.gif". at {ru.apertum.qsystem.reports.net.HttpQSystemReportsHandler.handle(HttpQSystemReportsHandler.java:158)}
2017-08-21 15:20:25,694 [ INFO] Выдаем ресурс: "/media/bg_header.jpg" at {ru.apertum.qsystem.reports.net.HttpQSystemReportsHandler.handle(HttpQSystemReportsHandler.java:139)}
2017-08-21 15:20:25,695 [TRACE] Выдаем результат 1792 байт на запрос "/media/bg_header.jpg". at {ru.apertum.qsystem.reports.net.HttpQSystemReportsHandler.handle(HttpQSystemReportsHandler.java:158)}
2017-08-21 15:20:25,696 [ INFO] Выдаем ресурс: "/media/backstripes.gif" at {ru.apertum.qsystem.reports.net.HttpQSystemReportsHandler.handle(HttpQSystemReportsHandler.java:139)}
2017-08-21 15:20:25,696 [TRACE] Выдаем результат 234 байт на запрос "/media/backstripes.gif". at {ru.apertum.qsystem.reports.net.HttpQSystemReportsHandler.handle(HttpQSystemReportsHandler.java:158)}
2017-08-21 15:20:27,632 [ INFO] Выдаем ресурс: "/media/bullet2.gif" at {ru.apertum.qsystem.reports.net.HttpQSystemReportsHandler.handle(HttpQSystemReportsHandler.java:139)}
2017-08-21 15:20:27,633 [TRACE] Выдаем результат 262 байт на запрос "/media/bullet2.gif". at {ru.apertum.qsystem.reports.net.HttpQSystemReportsHandler.handle(HttpQSystemReportsHandler.java:158)}
2017-08-21 15:20:30,983 [ INFO] Генерация отчета: 'ratio_period_services' at {ru.apertum.qsystem.reports.model.QReportsList.generate(QReportsList.java:199)}
2017-08-21 15:20:30,984 [DEBUG] Генерируем : "ratio_period_services" at {ru.apertum.qsystem.reports.model.AGenerator.process(AGenerator.java:154)}
2017-08-21 15:20:32,890 [ INFO] Генерация завершено. Затрачено времени: 1.907 сек. at {ru.apertum.qsystem.reports.model.QReportsList.generate(QReportsList.java:205)}
2017-08-21 15:20:32,891 [TRACE] Выдаем результат 4790 байт на запрос "/ratio_period_services.html?sd=14.08.2017&ed=21.08.2017". at {ru.apertum.qsystem.reports.net.HttpQSystemReportsHandler.handle(HttpQSystemReportsHandler.java:158)}
2017-08-21 15:20:32,905 [ INFO] Выдаем ресурс: "/resources/px" at {ru.apertum.qsystem.reports.net.HttpQSystemReportsHandler.handle(HttpQSystemReportsHandler.java:139)}
2017-08-21 15:20:32,905 [ WARN] Ресурс не найден: "/ru/apertum/qsystem/reports/web/img_0_0_3" at {ru.apertum.qsystem.reports.net.HttpQSystemReportsHandler.handle(HttpQSystemReportsHandler.java:81)}
2017-08-21 15:20:32,905 [TRACE] Выдаем результат 807 байт на запрос "/resources/px". at {ru.apertum.qsystem.reports.net.HttpQSystemReportsHandler.handle(HttpQSystemReportsHandler.java:158)}
2017-08-21 15:20:32,906 [ INFO] Выдаем временный файл: "temp\temphtml.html_files\img_0_0_3" at {ru.apertum.qsystem.reports.net.HttpQSystemReportsHandler.handle(HttpQSystemReportsHandler.java:110)}
2017-08-21 15:20:32,910 [TRACE] Выдаем результат 10346 байт на запрос "/img_0_0_3". at {ru.apertum.qsystem.reports.net.HttpQSystemReportsHandler.handle(HttpQSystemReportsHandler.java:158)}
2017-08-21 15:20:32,915 [ INFO] Выдаем ресурс: "/resources/fp.png" at {ru.apertum.qsystem.reports.net.HttpQSystemReportsHandler.handle(HttpQSystemReportsHandler.java:139)}
2017-08-21 15:20:32,917 [TRACE] Выдаем результат 5247 байт на запрос "/resources/fp.png". at {ru.apertum.qsystem.reports.net.HttpQSystemReportsHandler.handle(HttpQSystemReportsHandler.java:158)}
2017-08-21 15:20:38,636 [ INFO] Выдаем ресурс: "/media/bullet2.gif" at {ru.apertum.qsystem.reports.net.HttpQSystemReportsHandler.handle(HttpQSystemReportsHandler.java:139)}
2017-08-21 15:20:38,637 [TRACE] Выдаем результат 262 байт на запрос "/media/bullet2.gif". at {ru.apertum.qsystem.reports.net.HttpQSystemReportsHandler.handle(HttpQSystemReportsHandler.java:158)}
2017-08-21 15:20:41,635 [ INFO] Генерация отчета: 'distribution_job_users' at {ru.apertum.qsystem.reports.model.QReportsList.generate(QReportsList.java:199)}
2017-08-21 15:20:41,635 [DEBUG] Генерируем : "distribution_job_users" at {ru.apertum.qsystem.reports.model.AGenerator.process(AGenerator.java:154)}
2017-08-21 15:20:41,958 [ INFO] Генерация завершено. Затрачено времени: 0.324 сек. at {ru.apertum.qsystem.reports.model.QReportsList.generate(QReportsList.java:205)}
2017-08-21 15:20:41,958 [TRACE] Выдаем результат 5724 байт на запрос "/distribution_job_users.html". at {ru.apertum.qsystem.reports.net.HttpQSystemReportsHandler.handle(HttpQSystemReportsHandler.java:158)}
2017-08-21 15:20:41,973 [ INFO] Выдаем ресурс: "/resources/px" at {ru.apertum.qsystem.reports.net.HttpQSystemReportsHandler.handle(HttpQSystemReportsHandler.java:139)}
2017-08-21 15:20:41,973 [TRACE] Выдаем результат 807 байт на запрос "/resources/px". at {ru.apertum.qsystem.reports.net.HttpQSystemReportsHandler.handle(HttpQSystemReportsHandler.java:158)}
2017-08-21 15:20:41,974 [ INFO] Выдаем ресурс: "/resources/fp.png" at {ru.apertum.qsystem.reports.net.HttpQSystemReportsHandler.handle(HttpQSystemReportsHandler.java:139)}
2017-08-21 15:20:41,975 [TRACE] Выдаем результат 5247 байт на запрос "/resources/fp.png". at {ru.apertum.qsystem.reports.net.HttpQSystemReportsHandler.handle(HttpQSystemReportsHandler.java:158)}
2017-08-21 15:20:41,976 [ WARN] Ресурс не найден: "/ru/apertum/qsystem/reports/web/img_0_0_5" at {ru.apertum.qsystem.reports.net.HttpQSystemReportsHandler.handle(HttpQSystemReportsHandler.java:81)}
2017-08-21 15:20:41,977 [ INFO] Выдаем временный файл: "temp\temphtml.html_files\img_0_0_5" at {ru.apertum.qsystem.reports.net.HttpQSystemReportsHandler.handle(HttpQSystemReportsHandler.java:110)}
2017-08-21 15:20:41,978 [TRACE] Выдаем результат 3348 байт на запрос "/img_0_0_5". at {ru.apertum.qsystem.reports.net.HttpQSystemReportsHandler.handle(HttpQSystemReportsHandler.java:158)}
2017-08-21 15:20:50,862 [ INFO] Генерация отчета: 'distribution_wait_day' at {ru.apertum.qsystem.reports.model.QReportsList.generate(QReportsList.java:199)}
2017-08-21 15:20:50,862 [DEBUG] Генерируем : "distribution_wait_day" at {ru.apertum.qsystem.reports.model.AGenerator.process(AGenerator.java:154)}
2017-08-21 15:20:50,875 [ INFO] Генерация завершено. Затрачено времени: 0.013 сек. at {ru.apertum.qsystem.reports.model.QReportsList.generate(QReportsList.java:205)}
2017-08-21 15:20:50,876 [TRACE] Выдаем результат 4277 байт на запрос "/distribution_wait_day.html". at {ru.apertum.qsystem.reports.net.HttpQSystemReportsHandler.handle(HttpQSystemReportsHandler.java:158)}
2017-08-21 15:20:50,885 [ INFO] Выдаем ресурс: "/js/datepicker.js" at {ru.apertum.qsystem.reports.net.HttpQSystemReportsHandler.handle(HttpQSystemReportsHandler.java:139)}
2017-08-21 15:20:50,886 [TRACE] Выдаем результат 74592 байт на запрос "/js/datepicker.js". at {ru.apertum.qsystem.reports.net.HttpQSystemReportsHandler.handle(HttpQSystemReportsHandler.java:158)}
2017-08-21 15:20:50,892 [ INFO] Выдаем ресурс: "/css/datepicker.css" at {ru.apertum.qsystem.reports.net.HttpQSystemReportsHandler.handle(HttpQSystemReportsHandler.java:139)}
2017-08-21 15:20:50,893 [TRACE] Выдаем результат 7468 байт на запрос "/css/datepicker.css". at {ru.apertum.qsystem.reports.net.HttpQSystemReportsHandler.handle(HttpQSystemReportsHandler.java:158)}
2017-08-21 15:20:50,899 [ INFO] Выдаем ресурс: "/resources/top.jpg" at {ru.apertum.qsystem.reports.net.HttpQSystemReportsHandler.handle(HttpQSystemReportsHandler.java:139)}
2017-08-21 15:20:50,900 [TRACE] Выдаем результат 27645 байт на запрос "/resources/top.jpg". at {ru.apertum.qsystem.reports.net.HttpQSystemReportsHandler.handle(HttpQSystemReportsHandler.java:158)}
2017-08-21 15:20:50,904 [ INFO] Выдаем ресурс: "/js/lang/ru.js" at {ru.apertum.qsystem.reports.net.HttpQSystemReportsHandler.handle(HttpQSystemReportsHandler.java:139)}
2017-08-21 15:20:50,904 [ INFO] Выдаем ресурс: "/resources/fp.png" at {ru.apertum.qsystem.reports.net.HttpQSystemReportsHandler.handle(HttpQSystemReportsHandler.java:139)}
2017-08-21 15:20:50,904 [TRACE] Выдаем результат 1226 байт на запрос "/js/lang/ru.js". at {ru.apertum.qsystem.reports.net.HttpQSystemReportsHandler.handle(HttpQSystemReportsHandler.java:158)}
2017-08-21 15:20:50,904 [TRACE] Выдаем результат 5247 байт на запрос "/resources/fp.png". at {ru.apertum.qsystem.reports.net.HttpQSystemReportsHandler.handle(HttpQSystemReportsHandler.java:158)}
2017-08-21 15:20:50,963 [ INFO] Выдаем ресурс: "/media/cal.gif" at {ru.apertum.qsystem.reports.net.HttpQSystemReportsHandler.handle(HttpQSystemReportsHandler.java:139)}
2017-08-21 15:20:50,964 [ INFO] Выдаем ресурс: "/media/gradient-e5e5e5-ffffff.gif" at {ru.apertum.qsystem.reports.net.HttpQSystemReportsHandler.handle(HttpQSystemReportsHandler.java:139)}
2017-08-21 15:20:50,964 [TRACE] Выдаем результат 127 байт на запрос "/media/cal.gif". at {ru.apertum.qsystem.reports.net.HttpQSystemReportsHandler.handle(HttpQSystemReportsHandler.java:158)}
2017-08-21 15:20:50,964 [ INFO] Выдаем ресурс: "/media/backstripes.gif" at {ru.apertum.qsystem.reports.net.HttpQSystemReportsHandler.handle(HttpQSystemReportsHandler.java:139)}
2017-08-21 15:20:50,964 [TRACE] Выдаем результат 526 байт на запрос "/media/gradient-e5e5e5-ffffff.gif". at {ru.apertum.qsystem.reports.net.HttpQSystemReportsHandler.handle(HttpQSystemReportsHandler.java:158)}
2017-08-21 15:20:50,964 [ INFO] Выдаем ресурс: "/media/bg_header.jpg" at {ru.apertum.qsystem.reports.net.HttpQSystemReportsHandler.handle(HttpQSystemReportsHandler.java:139)}
2017-08-21 15:20:50,968 [TRACE] Выдаем результат 1792 байт на запрос "/media/bg_header.jpg". at {ru.apertum.qsystem.reports.net.HttpQSystemReportsHandler.handle(HttpQSystemReportsHandler.java:158)}
2017-08-21 15:20:50,964 [TRACE] Выдаем результат 234 байт на запрос "/media/backstripes.gif". at {ru.apertum.qsystem.reports.net.HttpQSystemReportsHandler.handle(HttpQSystemReportsHandler.java:158)}
2017-08-21 15:20:52,873 [ INFO] Выдаем ресурс: "/media/bullet2.gif" at {ru.apertum.qsystem.reports.net.HttpQSystemReportsHandler.handle(HttpQSystemReportsHandler.java:139)}
2017-08-21 15:20:52,874 [TRACE] Выдаем результат 262 байт на запрос "/media/bullet2.gif". at {ru.apertum.qsystem.reports.net.HttpQSystemReportsHandler.handle(HttpQSystemReportsHandler.java:158)}
2017-08-21 15:20:54,263 [ INFO] Генерация отчета: 'distribution_wait_day' at {ru.apertum.qsystem.reports.model.QReportsList.generate(QReportsList.java:199)}
2017-08-21 15:20:54,263 [DEBUG] Генерируем : "distribution_wait_day" at {ru.apertum.qsystem.reports.model.AGenerator.process(AGenerator.java:154)}
2017-08-21 15:20:54,481 [ INFO] Генерация завершено. Затрачено времени: 0.219 сек. at {ru.apertum.qsystem.reports.model.QReportsList.generate(QReportsList.java:205)}
2017-08-21 15:20:54,481 [TRACE] Выдаем результат 4966 байт на запрос "/distribution_wait_day.html". at {ru.apertum.qsystem.reports.net.HttpQSystemReportsHandler.handle(HttpQSystemReportsHandler.java:158)}
2017-08-21 15:20:54,494 [ WARN] Ресурс не найден: "/ru/apertum/qsystem/reports/web/img_0_0_4" at {ru.apertum.qsystem.reports.net.HttpQSystemReportsHandler.handle(HttpQSystemReportsHandler.java:81)}
2017-08-21 15:20:54,494 [ INFO] Выдаем временный файл: "temp\temphtml.html_files\img_0_0_4" at {ru.apertum.qsystem.reports.net.HttpQSystemReportsHandler.handle(HttpQSystemReportsHandler.java:110)}
2017-08-21 15:20:54,494 [ INFO] Выдаем ресурс: "/resources/px" at {ru.apertum.qsystem.reports.net.HttpQSystemReportsHandler.handle(HttpQSystemReportsHandler.java:139)}
2017-08-21 15:20:54,495 [TRACE] Выдаем результат 807 байт на запрос "/resources/px". at {ru.apertum.qsystem.reports.net.HttpQSystemReportsHandler.handle(HttpQSystemReportsHandler.java:158)}
2017-08-21 15:20:54,495 [TRACE] Выдаем результат 9181 байт на запрос "/img_0_0_4". at {ru.apertum.qsystem.reports.net.HttpQSystemReportsHandler.handle(HttpQSystemReportsHandler.java:158)}
2017-08-21 15:20:54,500 [ INFO] Выдаем ресурс: "/resources/fp.png" at {ru.apertum.qsystem.reports.net.HttpQSystemReportsHandler.handle(HttpQSystemReportsHandler.java:139)}
2017-08-21 15:20:54,500 [TRACE] Выдаем результат 5247 байт на запрос "/resources/fp.png". at {ru.apertum.qsystem.reports.net.HttpQSystemReportsHandler.handle(HttpQSystemReportsHandler.java:158)}
2017-08-21 15:22:05,193 [ INFO] Генерация отчета: 'authorized_clients_period_users' at {ru.apertum.qsystem.reports.model.QReportsList.generate(QReportsList.java:199)}
2017-08-21 15:22:05,193 [DEBUG] Генерируем : "authorized_clients_period_users" at {ru.apertum.qsystem.reports.model.AGenerator.process(AGenerator.java:154)}
2017-08-21 15:22:05,212 [ INFO] Генерация завершено. Затрачено времени: 0.019 сек. at {ru.apertum.qsystem.reports.model.QReportsList.generate(QReportsList.java:205)}
2017-08-21 15:22:05,212 [TRACE] Выдаем результат 5365 байт на запрос "/authorized_clients_period_users.html". at {ru.apertum.qsystem.reports.net.HttpQSystemReportsHandler.handle(HttpQSystemReportsHandler.java:158)}
2017-08-21 15:22:05,219 [ INFO] Выдаем ресурс: "/js/datepicker.js" at {ru.apertum.qsystem.reports.net.HttpQSystemReportsHandler.handle(HttpQSystemReportsHandler.java:139)}
2017-08-21 15:22:05,219 [ INFO] Выдаем ресурс: "/css/datepicker.css" at {ru.apertum.qsystem.reports.net.HttpQSystemReportsHandler.handle(HttpQSystemReportsHandler.java:139)}
2017-08-21 15:22:05,219 [TRACE] Выдаем результат 74592 байт на запрос "/js/datepicker.js". at {ru.apertum.qsystem.reports.net.HttpQSystemReportsHandler.handle(HttpQSystemReportsHandler.java:158)}
2017-08-21 15:22:05,219 [TRACE] Выдаем результат 7468 байт на запрос "/css/datepicker.css". at {ru.apertum.qsystem.reports.net.HttpQSystemReportsHandler.handle(HttpQSystemReportsHandler.java:158)}
2017-08-21 15:22:05,234 [ INFO] Выдаем ресурс: "/resources/top.jpg" at {ru.apertum.qsystem.reports.net.HttpQSystemReportsHandler.handle(HttpQSystemReportsHandler.java:139)}
2017-08-21 15:22:05,234 [TRACE] Выдаем результат 27645 байт на запрос "/resources/top.jpg". at {ru.apertum.qsystem.reports.net.HttpQSystemReportsHandler.handle(HttpQSystemReportsHandler.java:158)}
2017-08-21 15:22:05,242 [ INFO] Выдаем ресурс: "/js/lang/ru.js" at {ru.apertum.qsystem.reports.net.HttpQSystemReportsHandler.handle(HttpQSystemReportsHandler.java:139)}
2017-08-21 15:22:05,242 [TRACE] Выдаем результат 1226 байт на запрос "/js/lang/ru.js". at {ru.apertum.qsystem.reports.net.HttpQSystemReportsHandler.handle(HttpQSystemReportsHandler.java:158)}
2017-08-21 15:22:05,251 [ INFO] Выдаем ресурс: "/resources/fp.png" at {ru.apertum.qsystem.reports.net.HttpQSystemReportsHandler.handle(HttpQSystemReportsHandler.java:139)}
2017-08-21 15:22:05,251 [TRACE] Выдаем результат 5247 байт на запрос "/resources/fp.png". at {ru.apertum.qsystem.reports.net.HttpQSystemReportsHandler.handle(HttpQSystemReportsHandler.java:158)}
2017-08-21 15:22:05,304 [ INFO] Выдаем ресурс: "/media/cal.gif" at {ru.apertum.qsystem.reports.net.HttpQSystemReportsHandler.handle(HttpQSystemReportsHandler.java:139)}
2017-08-21 15:22:05,304 [ INFO] Выдаем ресурс: "/media/bg_header.jpg" at {ru.apertum.qsystem.reports.net.HttpQSystemReportsHandler.handle(HttpQSystemReportsHandler.java:139)}
2017-08-21 15:22:05,304 [ INFO] Выдаем ресурс: "/media/gradient-e5e5e5-ffffff.gif" at {ru.apertum.qsystem.reports.net.HttpQSystemReportsHandler.handle(HttpQSystemReportsHandler.java:139)}
2017-08-21 15:22:05,304 [TRACE] Выдаем результат 127 байт на запрос "/media/cal.gif". at {ru.apertum.qsystem.reports.net.HttpQSystemReportsHandler.handle(HttpQSystemReportsHandler.java:158)}
2017-08-21 15:22:05,304 [ INFO] Выдаем ресурс: "/media/backstripes.gif" at {ru.apertum.qsystem.reports.net.HttpQSystemReportsHandler.handle(HttpQSystemReportsHandler.java:139)}
2017-08-21 15:22:05,304 [TRACE] Выдаем результат 1792 байт на запрос "/media/bg_header.jpg". at {ru.apertum.qsystem.reports.net.HttpQSystemReportsHandler.handle(HttpQSystemReportsHandler.java:158)}
2017-08-21 15:22:05,305 [TRACE] Выдаем результат 234 байт на запрос "/media/backstripes.gif". at {ru.apertum.qsystem.reports.net.HttpQSystemReportsHandler.handle(HttpQSystemReportsHandler.java:158)}
2017-08-21 15:22:05,304 [TRACE] Выдаем результат 526 байт на запрос "/media/gradient-e5e5e5-ffffff.gif". at {ru.apertum.qsystem.reports.net.HttpQSystemReportsHandler.handle(HttpQSystemReportsHandler.java:158)}
2017-08-21 15:22:06,891 [ INFO] Выдаем ресурс: "/media/bullet2.gif" at {ru.apertum.qsystem.reports.net.HttpQSystemReportsHandler.handle(HttpQSystemReportsHandler.java:139)}
2017-08-21 15:22:06,892 [TRACE] Выдаем результат 262 байт на запрос "/media/bullet2.gif". at {ru.apertum.qsystem.reports.net.HttpQSystemReportsHandler.handle(HttpQSystemReportsHandler.java:158)}
2017-08-21 15:22:09,791 [ INFO] Генерация отчета: 'authorized_clients_period_users' at {ru.apertum.qsystem.reports.model.QReportsList.generate(QReportsList.java:199)}
2017-08-21 15:22:09,791 [DEBUG] Генерируем : "authorized_clients_period_users" at {ru.apertum.qsystem.reports.model.AGenerator.process(AGenerator.java:154)}
2017-08-21 15:22:09,930 [ INFO] Генерация завершено. Затрачено времени: 0.139 сек. at {ru.apertum.qsystem.reports.model.QReportsList.generate(QReportsList.java:205)}
2017-08-21 15:22:09,930 [TRACE] Выдаем результат 8905 байт на запрос "/authorized_clients_period_users.html". at {ru.apertum.qsystem.reports.net.HttpQSystemReportsHandler.handle(HttpQSystemReportsHandler.java:158)}
2017-08-21 15:22:09,950 [ INFO] Выдаем ресурс: "/resources/fp.png" at {ru.apertum.qsystem.reports.net.HttpQSystemReportsHandler.handle(HttpQSystemReportsHandler.java:139)}
2017-08-21 15:22:09,950 [TRACE] Выдаем результат 5247 байт на запрос "/resources/fp.png". at {ru.apertum.qsystem.reports.net.HttpQSystemReportsHandler.handle(HttpQSystemReportsHandler.java:158)}
2017-08-21 15:22:09,958 [ INFO] Выдаем ресурс: "/resources/px" at {ru.apertum.qsystem.reports.net.HttpQSystemReportsHandler.handle(HttpQSystemReportsHandler.java:139)}
2017-08-21 15:22:09,959 [TRACE] Выдаем результат 807 байт на запрос "/resources/px". at {ru.apertum.qsystem.reports.net.HttpQSystemReportsHandler.handle(HttpQSystemReportsHandler.java:158)}
2017-08-21 15:22:20,247 [ INFO] Генерация отчета: 'authorized_clients_period_services' at {ru.apertum.qsystem.reports.model.QReportsList.generate(QReportsList.java:199)}
2017-08-21 15:22:20,247 [DEBUG] Генерируем : "authorized_clients_period_services" at {ru.apertum.qsystem.reports.model.AGenerator.process(AGenerator.java:154)}
2017-08-21 15:22:20,281 [ INFO] Генерация завершено. Затрачено времени: 0.035 сек. at {ru.apertum.qsystem.reports.model.QReportsList.generate(QReportsList.java:205)}
2017-08-21 15:22:20,281 [TRACE] Выдаем результат 5266 байт на запрос "/authorized_clients_period_services.html". at {ru.apertum.qsystem.reports.net.HttpQSystemReportsHandler.handle(HttpQSystemReportsHandler.java:158)}
2017-08-21 15:22:20,287 [ INFO] Выдаем ресурс: "/css/datepicker.css" at {ru.apertum.qsystem.reports.net.HttpQSystemReportsHandler.handle(HttpQSystemReportsHandler.java:139)}
2017-08-21 15:22:20,288 [TRACE] Выдаем результат 7468 байт на запрос "/css/datepicker.css". at {ru.apertum.qsystem.reports.net.HttpQSystemReportsHandler.handle(HttpQSystemReportsHandler.java:158)}
2017-08-21 15:22:20,288 [ INFO] Выдаем ресурс: "/js/datepicker.js" at {ru.apertum.qsystem.reports.net.HttpQSystemReportsHandler.handle(HttpQSystemReportsHandler.java:139)}
2017-08-21 15:22:20,288 [TRACE] Выдаем результат 74592 байт на запрос "/js/datepicker.js". at {ru.apertum.qsystem.reports.net.HttpQSystemReportsHandler.handle(HttpQSystemReportsHandler.java:158)}
2017-08-21 15:22:20,299 [ INFO] Выдаем ресурс: "/resources/top.jpg" at {ru.apertum.qsystem.reports.net.HttpQSystemReportsHandler.handle(HttpQSystemReportsHandler.java:139)}
2017-08-21 15:22:20,299 [TRACE] Выдаем результат 27645 байт на запрос "/resources/top.jpg". at {ru.apertum.qsystem.reports.net.HttpQSystemReportsHandler.handle(HttpQSystemReportsHandler.java:158)}
2017-08-21 15:22:20,307 [ INFO] Выдаем ресурс: "/resources/fp.png" at {ru.apertum.qsystem.reports.net.HttpQSystemReportsHandler.handle(HttpQSystemReportsHandler.java:139)}
2017-08-21 15:22:20,307 [ INFO] Выдаем ресурс: "/js/lang/ru.js" at {ru.apertum.qsystem.reports.net.HttpQSystemReportsHandler.handle(HttpQSystemReportsHandler.java:139)}
2017-08-21 15:22:20,307 [TRACE] Выдаем результат 5247 байт на запрос "/resources/fp.png". at {ru.apertum.qsystem.reports.net.HttpQSystemReportsHandler.handle(HttpQSystemReportsHandler.java:158)}
2017-08-21 15:22:20,307 [TRACE] Выдаем результат 1226 байт на запрос "/js/lang/ru.js". at {ru.apertum.qsystem.reports.net.HttpQSystemReportsHandler.handle(HttpQSystemReportsHandler.java:158)}
2017-08-21 15:22:20,365 [ INFO] Выдаем ресурс: "/media/cal.gif" at {ru.apertum.qsystem.reports.net.HttpQSystemReportsHandler.handle(HttpQSystemReportsHandler.java:139)}
2017-08-21 15:22:20,365 [ INFO] Выдаем ресурс: "/media/gradient-e5e5e5-ffffff.gif" at {ru.apertum.qsystem.reports.net.HttpQSystemReportsHandler.handle(HttpQSystemReportsHandler.java:139)}
2017-08-21 15:22:20,366 [TRACE] Выдаем результат 127 байт на запрос "/media/cal.gif". at {ru.apertum.qsystem.reports.net.HttpQSystemReportsHandler.handle(HttpQSystemReportsHandler.java:158)}
2017-08-21 15:22:20,366 [TRACE] Выдаем результат 526 байт на запрос "/media/gradient-e5e5e5-ffffff.gif". at {ru.apertum.qsystem.reports.net.HttpQSystemReportsHandler.handle(HttpQSystemReportsHandler.java:158)}
2017-08-21 15:22:20,366 [ INFO] Выдаем ресурс: "/media/bg_header.jpg" at {ru.apertum.qsystem.reports.net.HttpQSystemReportsHandler.handle(HttpQSystemReportsHandler.java:139)}
2017-08-21 15:22:20,366 [TRACE] Выдаем результат 1792 байт на запрос "/media/bg_header.jpg". at {ru.apertum.qsystem.reports.net.HttpQSystemReportsHandler.handle(HttpQSystemReportsHandler.java:158)}
2017-08-21 15:22:20,367 [ INFO] Выдаем ресурс: "/media/backstripes.gif" at {ru.apertum.qsystem.reports.net.HttpQSystemReportsHandler.handle(HttpQSystemReportsHandler.java:139)}
2017-08-21 15:22:20,367 [TRACE] Выдаем результат 234 байт на запрос "/media/backstripes.gif". at {ru.apertum.qsystem.reports.net.HttpQSystemReportsHandler.handle(HttpQSystemReportsHandler.java:158)}
2017-08-21 15:22:22,148 [ INFO] Выдаем ресурс: "/media/bullet2.gif" at {ru.apertum.qsystem.reports.net.HttpQSystemReportsHandler.handle(HttpQSystemReportsHandler.java:139)}
2017-08-21 15:22:22,148 [TRACE] Выдаем результат 262 байт на запрос "/media/bullet2.gif". at {ru.apertum.qsystem.reports.net.HttpQSystemReportsHandler.handle(HttpQSystemReportsHandler.java:158)}
2017-08-21 15:22:24,957 [ INFO] Генерация отчета: 'authorized_clients_period_services' at {ru.apertum.qsystem.reports.model.QReportsList.generate(QReportsList.java:199)}
2017-08-21 15:22:24,957 [DEBUG] Генерируем : "authorized_clients_period_services" at {ru.apertum.qsystem.reports.model.AGenerator.process(AGenerator.java:154)}
2017-08-21 15:22:25,064 [ INFO] Генерация завершено. Затрачено времени: 0.107 сек. at {ru.apertum.qsystem.reports.model.QReportsList.generate(QReportsList.java:205)}
2017-08-21 15:22:25,065 [TRACE] Выдаем результат 8902 байт на запрос "/authorized_clients_period_services.html". at {ru.apertum.qsystem.reports.net.HttpQSystemReportsHandler.handle(HttpQSystemReportsHandler.java:158)}
2017-08-21 15:22:25,076 [ INFO] Выдаем ресурс: "/resources/px" at {ru.apertum.qsystem.reports.net.HttpQSystemReportsHandler.handle(HttpQSystemReportsHandler.java:139)}
2017-08-21 15:22:25,077 [TRACE] Выдаем результат 807 байт на запрос "/resources/px". at {ru.apertum.qsystem.reports.net.HttpQSystemReportsHandler.handle(HttpQSystemReportsHandler.java:158)}
2017-08-21 15:22:25,079 [ INFO] Выдаем ресурс: "/resources/fp.png" at {ru.apertum.qsystem.reports.net.HttpQSystemReportsHandler.handle(HttpQSystemReportsHandler.java:139)}
2017-08-21 15:22:25,080 [TRACE] Выдаем результат 5247 байт на запрос "/resources/fp.png". at {ru.apertum.qsystem.reports.net.HttpQSystemReportsHandler.handle(HttpQSystemReportsHandler.java:158)}
2017-08-21 15:22:30,305 [ INFO] Генерация отчета: 'result_state_services' at {ru.apertum.qsystem.reports.model.QReportsList.generate(QReportsList.java:199)}
2017-08-21 15:22:30,305 [DEBUG] Генерируем : "result_state_services" at {ru.apertum.qsystem.reports.model.AGenerator.process(AGenerator.java:154)}
2017-08-21 15:22:30,325 [ INFO] Генерация завершено. Затрачено времени: 0.02 сек. at {ru.apertum.qsystem.reports.model.QReportsList.generate(QReportsList.java:205)}
2017-08-21 15:22:30,325 [TRACE] Выдаем результат 6420 байт на запрос "/result_state_services.html". at {ru.apertum.qsystem.reports.net.HttpQSystemReportsHandler.handle(HttpQSystemReportsHandler.java:158)}
2017-08-21 15:22:30,333 [ INFO] Выдаем ресурс: "/css/datepicker.css" at {ru.apertum.qsystem.reports.net.HttpQSystemReportsHandler.handle(HttpQSystemReportsHandler.java:139)}
2017-08-21 15:22:30,333 [TRACE] Выдаем результат 7468 байт на запрос "/css/datepicker.css". at {ru.apertum.qsystem.reports.net.HttpQSystemReportsHandler.handle(HttpQSystemReportsHandler.java:158)}
2017-08-21 15:22:30,337 [ INFO] Выдаем ресурс: "/js/datepicker.js" at {ru.apertum.qsystem.reports.net.HttpQSystemReportsHandler.handle(HttpQSystemReportsHandler.java:139)}
2017-08-21 15:22:30,337 [TRACE] Выдаем результат 74592 байт на запрос "/js/datepicker.js". at {ru.apertum.qsystem.reports.net.HttpQSystemReportsHandler.handle(HttpQSystemReportsHandler.java:158)}
2017-08-21 15:22:30,374 [ INFO] Выдаем ресурс: "/resources/top.jpg" at {ru.apertum.qsystem.reports.net.HttpQSystemReportsHandler.handle(HttpQSystemReportsHandler.java:139)}
2017-08-21 15:22:30,374 [TRACE] Выдаем результат 27645 байт на запрос "/resources/top.jpg". at {ru.apertum.qsystem.reports.net.HttpQSystemReportsHandler.handle(HttpQSystemReportsHandler.java:158)}
2017-08-21 15:22:30,387 [ INFO] Выдаем ресурс: "/js/lang/ru.js" at {ru.apertum.qsystem.reports.net.HttpQSystemReportsHandler.handle(HttpQSystemReportsHandler.java:139)}
2017-08-21 15:22:30,387 [TRACE] Выдаем результат 1226 байт на запрос "/js/lang/ru.js". at {ru.apertum.qsystem.reports.net.HttpQSystemReportsHandler.handle(HttpQSystemReportsHandler.java:158)}
2017-08-21 15:22:30,389 [ INFO] Выдаем ресурс: "/resources/fp.png" at {ru.apertum.qsystem.reports.net.HttpQSystemReportsHandler.handle(HttpQSystemReportsHandler.java:139)}
2017-08-21 15:22:30,389 [TRACE] Выдаем результат 5247 байт на запрос "/resources/fp.png". at {ru.apertum.qsystem.reports.net.HttpQSystemReportsHandler.handle(HttpQSystemReportsHandler.java:158)}
2017-08-21 15:22:30,450 [ INFO] Выдаем ресурс: "/media/cal.gif" at {ru.apertum.qsystem.reports.net.HttpQSystemReportsHandler.handle(HttpQSystemReportsHandler.java:139)}
2017-08-21 15:22:30,450 [ INFO] Выдаем ресурс: "/media/gradient-e5e5e5-ffffff.gif" at {ru.apertum.qsystem.reports.net.HttpQSystemReportsHandler.handle(HttpQSystemReportsHandler.java:139)}
2017-08-21 15:22:30,450 [TRACE] Выдаем результат 127 байт на запрос "/media/cal.gif". at {ru.apertum.qsystem.reports.net.HttpQSystemReportsHandler.handle(HttpQSystemReportsHandler.java:158)}
2017-08-21 15:22:30,450 [TRACE] Выдаем результат 526 байт на запрос "/media/gradient-e5e5e5-ffffff.gif". at {ru.apertum.qsystem.reports.net.HttpQSystemReportsHandler.handle(HttpQSystemReportsHandler.java:158)}
2017-08-21 15:22:30,451 [ INFO] Выдаем ресурс: "/media/backstripes.gif" at {ru.apertum.qsystem.reports.net.HttpQSystemReportsHandler.handle(HttpQSystemReportsHandler.java:139)}
2017-08-21 15:22:30,451 [TRACE] Выдаем результат 234 байт на запрос "/media/backstripes.gif". at {ru.apertum.qsystem.reports.net.HttpQSystemReportsHandler.handle(HttpQSystemReportsHandler.java:158)}
2017-08-21 15:22:30,453 [ INFO] Выдаем ресурс: "/media/bg_header.jpg" at {ru.apertum.qsystem.reports.net.HttpQSystemReportsHandler.handle(HttpQSystemReportsHandler.java:139)}
2017-08-21 15:22:30,453 [TRACE] Выдаем результат 1792 байт на запрос "/media/bg_header.jpg". at {ru.apertum.qsystem.reports.net.HttpQSystemReportsHandler.handle(HttpQSystemReportsHandler.java:158)}
2017-08-21 15:22:34,119 [ INFO] Выдаем ресурс: "/media/bullet2.gif" at {ru.apertum.qsystem.reports.net.HttpQSystemReportsHandler.handle(HttpQSystemReportsHandler.java:139)}
2017-08-21 15:22:34,119 [TRACE] Выдаем результат 262 байт на запрос "/media/bullet2.gif". at {ru.apertum.qsystem.reports.net.HttpQSystemReportsHandler.handle(HttpQSystemReportsHandler.java:158)}
2017-08-21 15:22:35,216 [ INFO] Генерация отчета: 'result_state_services' at {ru.apertum.qsystem.reports.model.QReportsList.generate(QReportsList.java:199)}
2017-08-21 15:22:35,216 [DEBUG] Генерируем : "result_state_services" at {ru.apertum.qsystem.reports.model.AGenerator.process(AGenerator.java:154)}
2017-08-21 15:22:35,479 [ INFO] Генерация завершено. Затрачено времени: 0.264 сек. at {ru.apertum.qsystem.reports.model.QReportsList.generate(QReportsList.java:205)}
2017-08-21 15:22:35,479 [TRACE] Выдаем результат 8938 байт на запрос "/result_state_services.html?sd=21.08.2017&ed=21.08.2017". at {ru.apertum.qsystem.reports.net.HttpQSystemReportsHandler.handle(HttpQSystemReportsHandler.java:158)}
2017-08-21 15:22:35,494 [ INFO] Выдаем ресурс: "/resources/px" at {ru.apertum.qsystem.reports.net.HttpQSystemReportsHandler.handle(HttpQSystemReportsHandler.java:139)}
2017-08-21 15:22:35,495 [TRACE] Выдаем результат 807 байт на запрос "/resources/px". at {ru.apertum.qsystem.reports.net.HttpQSystemReportsHandler.handle(HttpQSystemReportsHandler.java:158)}
2017-08-21 15:22:35,504 [ INFO] Выдаем ресурс: "/resources/fp.png" at {ru.apertum.qsystem.reports.net.HttpQSystemReportsHandler.handle(HttpQSystemReportsHandler.java:139)}
2017-08-21 15:22:35,505 [TRACE] Выдаем результат 5247 байт на запрос "/resources/fp.png". at {ru.apertum.qsystem.reports.net.HttpQSystemReportsHandler.handle(HttpQSystemReportsHandler.java:158)}
2017-08-21 15:23:01,515 [ INFO] Генерация отчета: 'statistic_period_users' at {ru.apertum.qsystem.reports.model.QReportsList.generate(QReportsList.java:199)}
2017-08-21 15:23:01,515 [DEBUG] Генерируем : "statistic_period_users" at {ru.apertum.qsystem.reports.model.AGenerator.process(AGenerator.java:154)}
2017-08-21 15:23:01,534 [ INFO] Генерация завершено. Затрачено времени: 0.019 сек. at {ru.apertum.qsystem.reports.model.QReportsList.generate(QReportsList.java:205)}
2017-08-21 15:23:01,534 [TRACE] Выдаем результат 6518 байт на запрос "/statistic_period_users.html". at {ru.apertum.qsystem.reports.net.HttpQSystemReportsHandler.handle(HttpQSystemReportsHandler.java:158)}
2017-08-21 15:23:01,543 [ INFO] Выдаем ресурс: "/js/datepicker.js" at {ru.apertum.qsystem.reports.net.HttpQSystemReportsHandler.handle(HttpQSystemReportsHandler.java:139)}
2017-08-21 15:23:01,544 [TRACE] Выдаем результат 74592 байт на запрос "/js/datepicker.js". at {ru.apertum.qsystem.reports.net.HttpQSystemReportsHandler.handle(HttpQSystemReportsHandler.java:158)}
2017-08-21 15:23:01,548 [ INFO] Выдаем ресурс: "/css/datepicker.css" at {ru.apertum.qsystem.reports.net.HttpQSystemReportsHandler.handle(HttpQSystemReportsHandler.java:139)}
2017-08-21 15:23:01,549 [TRACE] Выдаем результат 7468 байт на запрос "/css/datepicker.css". at {ru.apertum.qsystem.reports.net.HttpQSystemReportsHandler.handle(HttpQSystemReportsHandler.java:158)}
2017-08-21 15:23:01,555 [ INFO] Выдаем ресурс: "/resources/top.jpg" at {ru.apertum.qsystem.reports.net.HttpQSystemReportsHandler.handle(HttpQSystemReportsHandler.java:139)}
2017-08-21 15:23:01,556 [TRACE] Выдаем результат 27645 байт на запрос "/resources/top.jpg". at {ru.apertum.qsystem.reports.net.HttpQSystemReportsHandler.handle(HttpQSystemReportsHandler.java:158)}
2017-08-21 15:23:01,567 [ INFO] Выдаем ресурс: "/js/lang/ru.js" at {ru.apertum.qsystem.reports.net.HttpQSystemReportsHandler.handle(HttpQSystemReportsHandler.java:139)}
2017-08-21 15:23:01,567 [TRACE] Выдаем результат 1226 байт на запрос "/js/lang/ru.js". at {ru.apertum.qsystem.reports.net.HttpQSystemReportsHandler.handle(HttpQSystemReportsHandler.java:158)}
2017-08-21 15:23:01,567 [ INFO] Выдаем ресурс: "/resources/fp.png" at {ru.apertum.qsystem.reports.net.HttpQSystemReportsHandler.handle(HttpQSystemReportsHandler.java:139)}
2017-08-21 15:23:01,567 [TRACE] Выдаем результат 5247 байт на запрос "/resources/fp.png". at {ru.apertum.qsystem.reports.net.HttpQSystemReportsHandler.handle(HttpQSystemReportsHandler.java:158)}
2017-08-21 15:23:01,622 [ INFO] Выдаем ресурс: "/media/cal.gif" at {ru.apertum.qsystem.reports.net.HttpQSystemReportsHandler.handle(HttpQSystemReportsHandler.java:139)}
2017-08-21 15:23:01,622 [ INFO] Выдаем ресурс: "/media/gradient-e5e5e5-ffffff.gif" at {ru.apertum.qsystem.reports.net.HttpQSystemReportsHandler.handle(HttpQSystemReportsHandler.java:139)}
2017-08-21 15:23:01,622 [TRACE] Выдаем результат 127 байт на запрос "/media/cal.gif". at {ru.apertum.qsystem.reports.net.HttpQSystemReportsHandler.handle(HttpQSystemReportsHandler.java:158)}
2017-08-21 15:23:01,622 [TRACE] Выдаем результат 526 байт на запрос "/media/gradient-e5e5e5-ffffff.gif". at {ru.apertum.qsystem.reports.net.HttpQSystemReportsHandler.handle(HttpQSystemReportsHandler.java:158)}
2017-08-21 15:23:01,623 [ INFO] Выдаем ресурс: "/media/backstripes.gif" at {ru.apertum.qsystem.reports.net.HttpQSystemReportsHandler.handle(HttpQSystemReportsHandler.java:139)}
2017-08-21 15:23:01,623 [ INFO] Выдаем ресурс: "/media/bg_header.jpg" at {ru.apertum.qsystem.reports.net.HttpQSystemReportsHandler.handle(HttpQSystemReportsHandler.java:139)}
2017-08-21 15:23:01,623 [TRACE] Выдаем результат 1792 байт на запрос "/media/bg_header.jpg". at {ru.apertum.qsystem.reports.net.HttpQSystemReportsHandler.handle(HttpQSystemReportsHandler.java:158)}
2017-08-21 15:23:01,623 [TRACE] Выдаем результат 234 байт на запрос "/media/backstripes.gif". at {ru.apertum.qsystem.reports.net.HttpQSystemReportsHandler.handle(HttpQSystemReportsHandler.java:158)}
2017-08-21 15:23:02,454 [ INFO] Генерация отчета: 'ratio_period_services' at {ru.apertum.qsystem.reports.model.QReportsList.generate(QReportsList.java:199)}
2017-08-21 15:23:02,455 [DEBUG] Генерируем : "ratio_period_services" at {ru.apertum.qsystem.reports.model.AGenerator.process(AGenerator.java:154)}
2017-08-21 15:23:02,456 [ INFO] Генерация завершено. Затрачено времени: 0.002 сек. at {ru.apertum.qsystem.reports.model.QReportsList.generate(QReportsList.java:205)}
2017-08-21 15:23:02,456 [TRACE] Выдаем результат 6547 байт на запрос "/ratio_period_services.html". at {ru.apertum.qsystem.reports.net.HttpQSystemReportsHandler.handle(HttpQSystemReportsHandler.java:158)}
2017-08-21 15:23:02,479 [ INFO] Выдаем ресурс: "/css/datepicker.css" at {ru.apertum.qsystem.reports.net.HttpQSystemReportsHandler.handle(HttpQSystemReportsHandler.java:139)}
2017-08-21 15:23:02,479 [TRACE] Выдаем результат 7468 байт на запрос "/css/datepicker.css". at {ru.apertum.qsystem.reports.net.HttpQSystemReportsHandler.handle(HttpQSystemReportsHandler.java:158)}
2017-08-21 15:23:02,486 [ INFO] Выдаем ресурс: "/js/datepicker.js" at {ru.apertum.qsystem.reports.net.HttpQSystemReportsHandler.handle(HttpQSystemReportsHandler.java:139)}
2017-08-21 15:23:02,486 [TRACE] Выдаем результат 74592 байт на запрос "/js/datepicker.js". at {ru.apertum.qsystem.reports.net.HttpQSystemReportsHandler.handle(HttpQSystemReportsHandler.java:158)}
2017-08-21 15:23:02,490 [ INFO] Выдаем ресурс: "/resources/top.jpg" at {ru.apertum.qsystem.reports.net.HttpQSystemReportsHandler.handle(HttpQSystemReportsHandler.java:139)}
2017-08-21 15:23:02,490 [TRACE] Выдаем результат 27645 байт на запрос "/resources/top.jpg". at {ru.apertum.qsystem.reports.net.HttpQSystemReportsHandler.handle(HttpQSystemReportsHandler.java:158)}
2017-08-21 15:23:02,521 [ INFO] Выдаем ресурс: "/resources/fp.png" at {ru.apertum.qsystem.reports.net.HttpQSystemReportsHandler.handle(HttpQSystemReportsHandler.java:139)}
2017-08-21 15:23:02,521 [ INFO] Выдаем ресурс: "/js/lang/ru.js" at {ru.apertum.qsystem.reports.net.HttpQSystemReportsHandler.handle(HttpQSystemReportsHandler.java:139)}
2017-08-21 15:23:02,521 [TRACE] Выдаем результат 5247 байт на запрос "/resources/fp.png". at {ru.apertum.qsystem.reports.net.HttpQSystemReportsHandler.handle(HttpQSystemReportsHandler.java:158)}
2017-08-21 15:23:02,521 [TRACE] Выдаем результат 1226 байт на запрос "/js/lang/ru.js". at {ru.apertum.qsystem.reports.net.HttpQSystemReportsHandler.handle(HttpQSystemReportsHandler.java:158)}
2017-08-21 15:23:02,583 [ INFO] Выдаем ресурс: "/media/cal.gif" at {ru.apertum.qsystem.reports.net.HttpQSystemReportsHandler.handle(HttpQSystemReportsHandler.java:139)}
2017-08-21 15:23:02,583 [ INFO] Выдаем ресурс: "/media/gradient-e5e5e5-ffffff.gif" at {ru.apertum.qsystem.reports.net.HttpQSystemReportsHandler.handle(HttpQSystemReportsHandler.java:139)}
2017-08-21 15:23:02,583 [TRACE] Выдаем результат 127 байт на запрос "/media/cal.gif". at {ru.apertum.qsystem.reports.net.HttpQSystemReportsHandler.handle(HttpQSystemReportsHandler.java:158)}
2017-08-21 15:23:02,583 [TRACE] Выдаем результат 526 байт на запрос "/media/gradient-e5e5e5-ffffff.gif". at {ru.apertum.qsystem.reports.net.HttpQSystemReportsHandler.handle(HttpQSystemReportsHandler.java:158)}
2017-08-21 15:23:02,585 [ INFO] Выдаем ресурс: "/media/bg_header.jpg" at {ru.apertum.qsystem.reports.net.HttpQSystemReportsHandler.handle(HttpQSystemReportsHandler.java:139)}
2017-08-21 15:23:02,585 [TRACE] Выдаем результат 1792 байт на запрос "/media/bg_header.jpg". at {ru.apertum.qsystem.reports.net.HttpQSystemReportsHandler.handle(HttpQSystemReportsHandler.java:158)}
2017-08-21 15:23:02,588 [ INFO] Выдаем ресурс: "/media/backstripes.gif" at {ru.apertum.qsystem.reports.net.HttpQSystemReportsHandler.handle(HttpQSystemReportsHandler.java:139)}
2017-08-21 15:23:02,588 [TRACE] Выдаем результат 234 байт на запрос "/media/backstripes.gif". at {ru.apertum.qsystem.reports.net.HttpQSystemReportsHandler.handle(HttpQSystemReportsHandler.java:158)}
2017-08-21 15:23:04,834 [ INFO] Выдаем ресурс: "/media/bullet2.gif" at {ru.apertum.qsystem.reports.net.HttpQSystemReportsHandler.handle(HttpQSystemReportsHandler.java:139)}
2017-08-21 15:23:04,835 [TRACE] Выдаем результат 262 байт на запрос "/media/bullet2.gif". at {ru.apertum.qsystem.reports.net.HttpQSystemReportsHandler.handle(HttpQSystemReportsHandler.java:158)}
2017-08-21 15:23:07,659 [ INFO] Генерация отчета: 'ratio_period_services' at {ru.apertum.qsystem.reports.model.QReportsList.generate(QReportsList.java:199)}
2017-08-21 15:23:07,659 [DEBUG] Генерируем : "ratio_period_services" at {ru.apertum.qsystem.reports.model.AGenerator.process(AGenerator.java:154)}
2017-08-21 15:23:07,778 [ INFO] Генерация завершено. Затрачено времени: 0.12 сек. at {ru.apertum.qsystem.reports.model.QReportsList.generate(QReportsList.java:205)}
2017-08-21 15:23:07,778 [TRACE] Выдаем результат 4789 байт на запрос "/ratio_period_services.html?sd=21.08.2017&ed=21.08.2017". at {ru.apertum.qsystem.reports.net.HttpQSystemReportsHandler.handle(HttpQSystemReportsHandler.java:158)}
2017-08-21 15:23:07,792 [ INFO] Выдаем ресурс: "/resources/fp.png" at {ru.apertum.qsystem.reports.net.HttpQSystemReportsHandler.handle(HttpQSystemReportsHandler.java:139)}
2017-08-21 15:23:07,792 [ INFO] Выдаем ресурс: "/resources/px" at {ru.apertum.qsystem.reports.net.HttpQSystemReportsHandler.handle(HttpQSystemReportsHandler.java:139)}
2017-08-21 15:23:07,793 [TRACE] Выдаем результат 5247 байт на запрос "/resources/fp.png". at {ru.apertum.qsystem.reports.net.HttpQSystemReportsHandler.handle(HttpQSystemReportsHandler.java:158)}
2017-08-21 15:23:07,793 [TRACE] Выдаем результат 807 байт на запрос "/resources/px". at {ru.apertum.qsystem.reports.net.HttpQSystemReportsHandler.handle(HttpQSystemReportsHandler.java:158)}
2017-08-21 15:23:07,793 [ WARN] Ресурс не найден: "/ru/apertum/qsystem/reports/web/img_0_0_3" at {ru.apertum.qsystem.reports.net.HttpQSystemReportsHandler.handle(HttpQSystemReportsHandler.java:81)}
2017-08-21 15:23:07,794 [ INFO] Выдаем временный файл: "temp\temphtml.html_files\img_0_0_3" at {ru.apertum.qsystem.reports.net.HttpQSystemReportsHandler.handle(HttpQSystemReportsHandler.java:110)}
2017-08-21 15:23:07,798 [TRACE] Выдаем результат 10346 байт на запрос "/img_0_0_3". at {ru.apertum.qsystem.reports.net.HttpQSystemReportsHandler.handle(HttpQSystemReportsHandler.java:158)}
2017-08-21 15:32:34,830 [ INFO] START LOGGER for reports. Logger: reports.file.info.trace at {ru.apertum.qsystem.common.QLog.initial(QLog.java:184)}
2017-08-21 15:32:37,351 [ INFO] Отчетный вэбсервер системы 'Очередь' запущен. at {ru.apertum.qsystem.reports.model.WebServer$1.run(WebServer.java:89)}
2017-08-21 15:35:33,077 [DEBUG] Загружено из базы 15 отчетов. at {ru.apertum.qsystem.reports.model.QReportsList.load(QReportsList.java:67)}
2017-08-21 16:10:23,899 [DEBUG] Загружено из базы 15 отчетов. at {ru.apertum.qsystem.reports.model.QReportsList.load(QReportsList.java:67)}
2017-08-21 16:11:40,945 [DEBUG] Загружено из базы 15 отчетов. at {ru.apertum.qsystem.reports.model.QReportsList.load(QReportsList.java:67)}
2017-08-21 16:11:59,027 [ INFO] START LOGGER for reports. Logger: reports.file.info.trace at {ru.apertum.qsystem.common.QLog.initial(QLog.java:184)}
2017-08-21 16:12:01,370 [ INFO] Отчетный вэбсервер системы 'Очередь' запущен. at {ru.apertum.qsystem.reports.model.WebServer$1.run(WebServer.java:89)}
2017-08-21 16:28:05,390 [DEBUG] Загружено из базы 15 отчетов. at {ru.apertum.qsystem.reports.model.QReportsList.load(QReportsList.java:67)}
2017-08-21 16:28:41,089 [ INFO] START LOGGER for reports. Logger: reports.file.info.trace at {ru.apertum.qsystem.common.QLog.initial(QLog.java:184)}
2017-08-21 16:28:43,415 [ INFO] Отчетный вэбсервер системы 'Очередь' запущен. at {ru.apertum.qsystem.reports.model.WebServer$1.run(WebServer.java:89)}
2017-08-21 16:40:21,522 [DEBUG] Загружено из базы 15 отчетов. at {ru.apertum.qsystem.reports.model.QReportsList.load(QReportsList.java:67)}
2017-08-21 16:55:02,876 [DEBUG] Загружено из базы 15 отчетов. at {ru.apertum.qsystem.reports.model.QReportsList.load(QReportsList.java:67)}
2017-08-22 08:01:22,911 [ INFO] START LOGGER for reports. Logger: reports.file.info.trace at {ru.apertum.qsystem.common.QLog.initial(QLog.java:184)}
2017-08-22 08:01:27,676 [ INFO] Отчетный вэбсервер системы 'Очередь' запущен. at {ru.apertum.qsystem.reports.model.WebServer$1.run(WebServer.java:89)}
2017-08-22 08:02:02,603 [DEBUG] Загружено из базы 15 отчетов. at {ru.apertum.qsystem.reports.model.QReportsList.load(QReportsList.java:67)}
2017-08-22 08:06:17,951 [DEBUG] Загружено из базы 15 отчетов. at {ru.apertum.qsystem.reports.model.QReportsList.load(QReportsList.java:67)}
2017-08-22 08:06:47,450 [ INFO] START LOGGER for reports. Logger: reports.file.info.trace at {ru.apertum.qsystem.common.QLog.initial(QLog.java:184)}
2017-08-22 08:06:49,820 [ INFO] Отчетный вэбсервер системы 'Очередь' запущен. at {ru.apertum.qsystem.reports.model.WebServer$1.run(WebServer.java:89)}
2017-08-22 09:48:30,262 [ INFO] START LOGGER for reports. Logger: reports.file.info.trace at {ru.apertum.qsystem.common.QLog.initial(QLog.java:184)}
2017-08-22 09:48:32,680 [ INFO] Отчетный вэбсервер системы 'Очередь' запущен. at {ru.apertum.qsystem.reports.model.WebServer$1.run(WebServer.java:89)}
2017-08-22 09:50:35,855 [DEBUG] Загружено из базы 15 отчетов. at {ru.apertum.qsystem.reports.model.QReportsList.load(QReportsList.java:67)}
2017-08-22 09:52:13,424 [DEBUG] Загружено из базы 15 отчетов. at {ru.apertum.qsystem.reports.model.QReportsList.load(QReportsList.java:67)}
2017-08-22 09:52:51,449 [DEBUG] Загружено из базы 15 отчетов. at {ru.apertum.qsystem.reports.model.QReportsList.load(QReportsList.java:67)}
2017-08-22 09:53:19,231 [ INFO] START LOGGER for reports. Logger: reports.file.info.trace at {ru.apertum.qsystem.common.QLog.initial(QLog.java:184)}
2017-08-22 09:53:21,841 [ INFO] Отчетный вэбсервер системы 'Очередь' запущен. at {ru.apertum.qsystem.reports.model.WebServer$1.run(WebServer.java:89)}
2017-08-22 09:54:06,076 [DEBUG] Загружено из базы 15 отчетов. at {ru.apertum.qsystem.reports.model.QReportsList.load(QReportsList.java:67)}
2017-08-22 09:55:04,508 [DEBUG] Загружено из базы 15 отчетов. at {ru.apertum.qsystem.reports.model.QReportsList.load(QReportsList.java:67)}
2017-08-22 10:32:06,990 [ INFO] START LOGGER for reports. Logger: reports.file.info.trace at {ru.apertum.qsystem.common.QLog.initial(QLog.java:184)}
2017-08-22 10:32:09,474 [ INFO] Отчетный вэбсервер системы 'Очередь' запущен. at {ru.apertum.qsystem.reports.model.WebServer$1.run(WebServer.java:89)}
2017-08-22 10:33:15,351 [DEBUG] Загружено из базы 15 отчетов. at {ru.apertum.qsystem.reports.model.QReportsList.load(QReportsList.java:67)}
2017-08-22 10:33:30,252 [ INFO] START LOGGER for reports. Logger: reports.file.info.trace at {ru.apertum.qsystem.common.QLog.initial(QLog.java:184)}
2017-08-22 10:33:32,495 [ INFO] Отчетный вэбсервер системы 'Очередь' запущен. at {ru.apertum.qsystem.reports.model.WebServer$1.run(WebServer.java:89)}
2017-08-22 10:36:12,407 [ INFO] START LOGGER for reports. Logger: reports.file.info.trace at {ru.apertum.qsystem.common.QLog.initial(QLog.java:184)}
2017-08-22 10:36:14,783 [ INFO] Отчетный вэбсервер системы 'Очередь' запущен. at {ru.apertum.qsystem.reports.model.WebServer$1.run(WebServer.java:89)}
2017-08-22 10:48:49,959 [ INFO] START LOGGER for reports. Logger: reports.file.info.trace at {ru.apertum.qsystem.common.QLog.initial(QLog.java:184)}
2017-08-22 10:48:52,305 [ INFO] Отчетный вэбсервер системы 'Очередь' запущен. at {ru.apertum.qsystem.reports.model.WebServer$1.run(WebServer.java:89)}
2017-08-22 11:02:16,498 [ INFO] START LOGGER for reports. Logger: reports.file.info.trace at {ru.apertum.qsystem.common.QLog.initial(QLog.java:184)}
2017-08-22 11:02:26,963 [ INFO] Отчетный вэбсервер системы 'Очередь' запущен. at {ru.apertum.qsystem.reports.model.WebServer$1.run(WebServer.java:89)}
2017-08-22 11:06:48,428 [ INFO] START LOGGER for reports. Logger: reports.file.info.trace at {ru.apertum.qsystem.common.QLog.initial(QLog.java:184)}
2017-08-22 11:06:51,172 [ INFO] Отчетный вэбсервер системы 'Очередь' запущен. at {ru.apertum.qsystem.reports.model.WebServer$1.run(WebServer.java:89)}
2017-08-22 11:08:31,973 [ INFO] START LOGGER for reports. Logger: reports.file.info.trace at {ru.apertum.qsystem.common.QLog.initial(QLog.java:184)}
2017-08-22 11:08:34,301 [ INFO] Отчетный вэбсервер системы 'Очередь' запущен. at {ru.apertum.qsystem.reports.model.WebServer$1.run(WebServer.java:89)}
2017-08-22 11:10:49,082 [ INFO] START LOGGER for reports. Logger: reports.file.info.trace at {ru.apertum.qsystem.common.QLog.initial(QLog.java:184)}
2017-08-22 11:10:51,428 [ INFO] Отчетный вэбсервер системы 'Очередь' запущен. at {ru.apertum.qsystem.reports.model.WebServer$1.run(WebServer.java:89)}
2017-08-22 11:12:40,360 [ INFO] START LOGGER for reports. Logger: reports.file.info.trace at {ru.apertum.qsystem.common.QLog.initial(QLog.java:184)}
2017-08-22 11:12:43,571 [ERROR] Error! at {ru.apertum.qsystem.common.exceptions.ReportException.<init>(ReportException.java:34)}
ru.apertum.qsystem.common.exceptions.ReportException: Ошибка при создании серверного сокета для вэбсервера: java.net.BindException: Address already in use: JVM_Bind
	at ru.apertum.qsystem.reports.model.WebServer.startWebServer(WebServer.java:79)
	at ru.apertum.qsystem.server.QServer.main(QServer.java:147)
2017-08-22 11:13:48,913 [ INFO] START LOGGER for reports. Logger: reports.file.info.trace at {ru.apertum.qsystem.common.QLog.initial(QLog.java:184)}
2017-08-22 11:13:51,486 [ INFO] Отчетный вэбсервер системы 'Очередь' запущен. at {ru.apertum.qsystem.reports.model.WebServer$1.run(WebServer.java:89)}
2017-08-22 11:17:23,314 [ INFO] START LOGGER for reports. Logger: reports.file.info.trace at {ru.apertum.qsystem.common.QLog.initial(QLog.java:184)}
2017-08-22 11:17:33,647 [ INFO] Отчетный вэбсервер системы 'Очередь' запущен. at {ru.apertum.qsystem.reports.model.WebServer$1.run(WebServer.java:89)}
2017-08-22 11:22:35,357 [DEBUG] Загружено из базы 15 отчетов. at {ru.apertum.qsystem.reports.model.QReportsList.load(QReportsList.java:67)}
2017-08-22 11:29:11,168 [ INFO] START LOGGER for reports. Logger: reports.file.info.trace at {ru.apertum.qsystem.common.QLog.initial(QLog.java:184)}
2017-08-22 11:29:21,299 [ INFO] Отчетный вэбсервер системы 'Очередь' запущен. at {ru.apertum.qsystem.reports.model.WebServer$1.run(WebServer.java:89)}
2017-08-22 11:35:23,814 [ INFO] START LOGGER for reports. Logger: reports.file.info.trace at {ru.apertum.qsystem.common.QLog.initial(QLog.java:184)}
2017-08-22 11:35:26,265 [ INFO] Отчетный вэбсервер системы 'Очередь' запущен. at {ru.apertum.qsystem.reports.model.WebServer$1.run(WebServer.java:89)}
2017-08-22 11:36:11,309 [ INFO] START LOGGER for reports. Logger: reports.file.info.trace at {ru.apertum.qsystem.common.QLog.initial(QLog.java:184)}
2017-08-22 11:36:21,506 [ INFO] Отчетный вэбсервер системы 'Очередь' запущен. at {ru.apertum.qsystem.reports.model.WebServer$1.run(WebServer.java:89)}
2017-08-22 13:07:12,470 [ INFO] START LOGGER for reports. Logger: reports.file.info.trace at {ru.apertum.qsystem.common.QLog.initial(QLog.java:184)}
2017-08-22 13:07:15,168 [ INFO] Отчетный вэбсервер системы 'Очередь' запущен. at {ru.apertum.qsystem.reports.model.WebServer$1.run(WebServer.java:89)}
2017-08-22 13:07:52,431 [ INFO] START LOGGER for reports. Logger: reports.file.info.trace at {ru.apertum.qsystem.common.QLog.initial(QLog.java:184)}
2017-08-22 13:08:03,212 [ INFO] Отчетный вэбсервер системы 'Очередь' запущен. at {ru.apertum.qsystem.reports.model.WebServer$1.run(WebServer.java:89)}
2017-08-22 13:17:12,112 [ INFO] START LOGGER for reports. Logger: reports.file.info.trace at {ru.apertum.qsystem.common.QLog.initial(QLog.java:184)}
2017-08-22 13:17:21,867 [ INFO] Отчетный вэбсервер системы 'Очередь' запущен. at {ru.apertum.qsystem.reports.model.WebServer$1.run(WebServer.java:89)}
2017-08-22 13:24:56,339 [ INFO] START LOGGER for reports. Logger: reports.file.info.trace at {ru.apertum.qsystem.common.QLog.initial(QLog.java:184)}
2017-08-22 13:25:06,771 [ INFO] Отчетный вэбсервер системы 'Очередь' запущен. at {ru.apertum.qsystem.reports.model.WebServer$1.run(WebServer.java:89)}
2017-08-22 13:32:29,195 [ INFO] START LOGGER for reports. Logger: reports.file.info.trace at {ru.apertum.qsystem.common.QLog.initial(QLog.java:184)}
2017-08-22 13:32:39,532 [ INFO] Отчетный вэбсервер системы 'Очередь' запущен. at {ru.apertum.qsystem.reports.model.WebServer$1.run(WebServer.java:89)}
2017-08-22 13:36:14,971 [ INFO] START LOGGER for reports. Logger: reports.file.info.trace at {ru.apertum.qsystem.common.QLog.initial(QLog.java:184)}
2017-08-22 13:36:25,592 [ INFO] Отчетный вэбсервер системы 'Очередь' запущен. at {ru.apertum.qsystem.reports.model.WebServer$1.run(WebServer.java:89)}
2017-08-22 14:13:29,466 [ INFO] START LOGGER for reports. Logger: reports.file.info.trace at {ru.apertum.qsystem.common.QLog.initial(QLog.java:184)}
2017-08-22 14:13:32,215 [ INFO] Отчетный вэбсервер системы 'Очередь' запущен. at {ru.apertum.qsystem.reports.model.WebServer$1.run(WebServer.java:89)}
2017-08-22 14:20:07,732 [ INFO] START LOGGER for reports. Logger: reports.file.info.trace at {ru.apertum.qsystem.common.QLog.initial(QLog.java:184)}
2017-08-22 14:20:10,302 [ INFO] Отчетный вэбсервер системы 'Очередь' запущен. at {ru.apertum.qsystem.reports.model.WebServer$1.run(WebServer.java:89)}
2017-08-22 14:30:29,655 [ INFO] START LOGGER for reports. Logger: reports.file.info.trace at {ru.apertum.qsystem.common.QLog.initial(QLog.java:184)}
2017-08-22 14:30:31,928 [ INFO] Отчетный вэбсервер системы 'Очередь' запущен. at {ru.apertum.qsystem.reports.model.WebServer$1.run(WebServer.java:89)}
2017-08-22 14:38:51,271 [ INFO] START LOGGER for reports. Logger: reports.file.info.trace at {ru.apertum.qsystem.common.QLog.initial(QLog.java:184)}
2017-08-22 14:38:53,821 [ INFO] Отчетный вэбсервер системы 'Очередь' запущен. at {ru.apertum.qsystem.reports.model.WebServer$1.run(WebServer.java:89)}
2017-08-22 15:24:30,231 [ INFO] START LOGGER for reports. Logger: reports.file.info.trace at {ru.apertum.qsystem.common.QLog.initial(QLog.java:184)}
2017-08-22 15:24:40,698 [ INFO] Отчетный вэбсервер системы 'Очередь' запущен. at {ru.apertum.qsystem.reports.model.WebServer$1.run(WebServer.java:89)}
2017-08-22 15:36:05,786 [ INFO] START LOGGER for reports. Logger: reports.file.info.trace at {ru.apertum.qsystem.common.QLog.initial(QLog.java:184)}
2017-08-22 15:36:07,989 [ INFO] Отчетный вэбсервер системы 'Очередь' запущен. at {ru.apertum.qsystem.reports.model.WebServer$1.run(WebServer.java:89)}
2017-08-22 15:54:44,139 [ INFO] START LOGGER for reports. Logger: reports.file.info.trace at {ru.apertum.qsystem.common.QLog.initial(QLog.java:184)}
2017-08-22 15:54:54,532 [ INFO] Отчетный вэбсервер системы 'Очередь' запущен. at {ru.apertum.qsystem.reports.model.WebServer$1.run(WebServer.java:89)}
2017-08-22 15:57:54,391 [ INFO] START LOGGER for reports. Logger: reports.file.info.trace at {ru.apertum.qsystem.common.QLog.initial(QLog.java:184)}
2017-08-22 15:58:04,968 [ INFO] Отчетный вэбсервер системы 'Очередь' запущен. at {ru.apertum.qsystem.reports.model.WebServer$1.run(WebServer.java:89)}
2017-08-22 16:03:35,996 [ INFO] START LOGGER for reports. Logger: reports.file.info.trace at {ru.apertum.qsystem.common.QLog.initial(QLog.java:184)}
2017-08-22 16:03:46,389 [ INFO] Отчетный вэбсервер системы 'Очередь' запущен. at {ru.apertum.qsystem.reports.model.WebServer$1.run(WebServer.java:89)}
2017-08-22 16:05:35,793 [ INFO] START LOGGER for reports. Logger: reports.file.info.trace at {ru.apertum.qsystem.common.QLog.initial(QLog.java:184)}
2017-08-22 16:05:46,229 [ INFO] Отчетный вэбсервер системы 'Очередь' запущен. at {ru.apertum.qsystem.reports.model.WebServer$1.run(WebServer.java:89)}
2017-08-22 16:08:44,496 [ INFO] START LOGGER for reports. Logger: reports.file.info.trace at {ru.apertum.qsystem.common.QLog.initial(QLog.java:184)}
2017-08-22 16:08:54,792 [ INFO] Отчетный вэбсервер системы 'Очередь' запущен. at {ru.apertum.qsystem.reports.model.WebServer$1.run(WebServer.java:89)}
2017-08-22 16:13:43,063 [ INFO] START LOGGER for reports. Logger: reports.file.info.trace at {ru.apertum.qsystem.common.QLog.initial(QLog.java:184)}
2017-08-22 16:13:54,460 [ INFO] Отчетный вэбсервер системы 'Очередь' запущен. at {ru.apertum.qsystem.reports.model.WebServer$1.run(WebServer.java:89)}
2017-08-22 16:19:48,356 [ INFO] START LOGGER for reports. Logger: reports.file.info.trace at {ru.apertum.qsystem.common.QLog.initial(QLog.java:184)}
2017-08-22 16:19:58,714 [ INFO] Отчетный вэбсервер системы 'Очередь' запущен. at {ru.apertum.qsystem.reports.model.WebServer$1.run(WebServer.java:89)}
2017-08-22 16:22:49,367 [ INFO] START LOGGER for reports. Logger: reports.file.info.trace at {ru.apertum.qsystem.common.QLog.initial(QLog.java:184)}
2017-08-22 16:22:59,762 [ INFO] Отчетный вэбсервер системы 'Очередь' запущен. at {ru.apertum.qsystem.reports.model.WebServer$1.run(WebServer.java:89)}
2017-08-22 16:29:47,850 [ INFO] START LOGGER for reports. Logger: reports.file.info.trace at {ru.apertum.qsystem.common.QLog.initial(QLog.java:184)}
2017-08-22 16:29:58,380 [ INFO] Отчетный вэбсервер системы 'Очередь' запущен. at {ru.apertum.qsystem.reports.model.WebServer$1.run(WebServer.java:89)}
2017-08-22 16:33:40,711 [ INFO] START LOGGER for reports. Logger: reports.file.info.trace at {ru.apertum.qsystem.common.QLog.initial(QLog.java:184)}
2017-08-22 16:33:51,030 [ INFO] Отчетный вэбсервер системы 'Очередь' запущен. at {ru.apertum.qsystem.reports.model.WebServer$1.run(WebServer.java:89)}
2017-08-22 16:44:41,360 [ INFO] START LOGGER for reports. Logger: reports.file.info.trace at {ru.apertum.qsystem.common.QLog.initial(QLog.java:184)}
2017-08-22 16:44:52,615 [ INFO] Отчетный вэбсервер системы 'Очередь' запущен. at {ru.apertum.qsystem.reports.model.WebServer$1.run(WebServer.java:89)}
2017-08-22 16:45:47,727 [ INFO] START LOGGER for reports. Logger: reports.file.info.trace at {ru.apertum.qsystem.common.QLog.initial(QLog.java:184)}
2017-08-22 16:47:34,124 [ERROR] Error! at {ru.apertum.qsystem.common.exceptions.ReportException.<init>(ReportException.java:34)}
ru.apertum.qsystem.common.exceptions.ReportException: Ошибка при создании серверного сокета для вэбсервера: java.net.BindException: Address already in use: JVM_Bind
	at ru.apertum.qsystem.reports.model.WebServer.startWebServer(WebServer.java:79)
	at ru.apertum.qsystem.server.QServer.main(QServer.java:147)
2017-08-22 16:52:35,198 [ INFO] START LOGGER for reports. Logger: reports.file.info.trace at {ru.apertum.qsystem.common.QLog.initial(QLog.java:184)}
2017-08-22 16:52:45,727 [ INFO] Отчетный вэбсервер системы 'Очередь' запущен. at {ru.apertum.qsystem.reports.model.WebServer$1.run(WebServer.java:89)}
2017-08-22 16:54:27,088 [ INFO] START LOGGER for reports. Logger: reports.file.info.trace at {ru.apertum.qsystem.common.QLog.initial(QLog.java:184)}
2017-08-22 16:54:37,274 [ INFO] Отчетный вэбсервер системы 'Очередь' запущен. at {ru.apertum.qsystem.reports.model.WebServer$1.run(WebServer.java:89)}
2017-08-22 17:00:17,426 [DEBUG] Загружено из базы 15 отчетов. at {ru.apertum.qsystem.reports.model.QReportsList.load(QReportsList.java:67)}
2017-08-22 17:00:17,486 [ INFO] Выдаем ресурс: "/login.html" at {ru.apertum.qsystem.reports.net.HttpQSystemReportsHandler.handle(HttpQSystemReportsHandler.java:139)}
2017-08-22 17:00:17,514 [TRACE] Выдаем результат 3101 байт на запрос "/". at {ru.apertum.qsystem.reports.net.HttpQSystemReportsHandler.handle(HttpQSystemReportsHandler.java:158)}
2017-08-22 17:00:17,552 [ INFO] Выдаем ресурс: "/resources/top.jpg" at {ru.apertum.qsystem.reports.net.HttpQSystemReportsHandler.handle(HttpQSystemReportsHandler.java:139)}
2017-08-22 17:00:17,567 [TRACE] Выдаем результат 27645 байт на запрос "/resources/top.jpg". at {ru.apertum.qsystem.reports.net.HttpQSystemReportsHandler.handle(HttpQSystemReportsHandler.java:158)}
2017-08-22 17:00:17,633 [ INFO] Выдаем ресурс: "/resources/fp.png" at {ru.apertum.qsystem.reports.net.HttpQSystemReportsHandler.handle(HttpQSystemReportsHandler.java:139)}
2017-08-22 17:00:17,637 [TRACE] Выдаем результат 5247 байт на запрос "/resources/fp.png". at {ru.apertum.qsystem.reports.net.HttpQSystemReportsHandler.handle(HttpQSystemReportsHandler.java:158)}
2017-08-22 17:00:21,130 [ INFO] Генерация отчета: 'reportList' at {ru.apertum.qsystem.reports.model.QReportsList.generate(QReportsList.java:199)}
2017-08-22 17:00:21,132 [DEBUG] Генерируем : "reportList" at {ru.apertum.qsystem.reports.model.AGenerator.process(AGenerator.java:154)}
2017-08-22 17:00:21,185 [ INFO] Генерация завершено. Затрачено времени: 0.056 сек. at {ru.apertum.qsystem.reports.model.QReportsList.generate(QReportsList.java:205)}
2017-08-22 17:00:21,187 [TRACE] Выдаем результат 2436 байт на запрос "/reportList.html". at {ru.apertum.qsystem.reports.net.HttpQSystemReportsHandler.handle(HttpQSystemReportsHandler.java:158)}
2017-08-22 17:00:21,273 [ INFO] Выдаем ресурс: "/resources/top.jpg" at {ru.apertum.qsystem.reports.net.HttpQSystemReportsHandler.handle(HttpQSystemReportsHandler.java:139)}
2017-08-22 17:00:21,274 [ INFO] Выдаем ресурс: "/resources/fp.png" at {ru.apertum.qsystem.reports.net.HttpQSystemReportsHandler.handle(HttpQSystemReportsHandler.java:139)}
2017-08-22 17:00:21,276 [TRACE] Выдаем результат 27645 байт на запрос "/resources/top.jpg". at {ru.apertum.qsystem.reports.net.HttpQSystemReportsHandler.handle(HttpQSystemReportsHandler.java:158)}
2017-08-22 17:00:21,277 [TRACE] Выдаем результат 5247 байт на запрос "/resources/fp.png". at {ru.apertum.qsystem.reports.net.HttpQSystemReportsHandler.handle(HttpQSystemReportsHandler.java:158)}
2017-08-22 17:00:22,550 [ INFO] Выдаем ресурс: "/login.html" at {ru.apertum.qsystem.reports.net.HttpQSystemReportsHandler.handle(HttpQSystemReportsHandler.java:139)}
2017-08-22 17:00:22,567 [TRACE] Выдаем результат 3101 байт на запрос "/login.html". at {ru.apertum.qsystem.reports.net.HttpQSystemReportsHandler.handle(HttpQSystemReportsHandler.java:158)}
2017-08-22 17:00:22,608 [ INFO] Выдаем ресурс: "/resources/top.jpg" at {ru.apertum.qsystem.reports.net.HttpQSystemReportsHandler.handle(HttpQSystemReportsHandler.java:139)}
2017-08-22 17:00:22,609 [ INFO] Выдаем ресурс: "/resources/fp.png" at {ru.apertum.qsystem.reports.net.HttpQSystemReportsHandler.handle(HttpQSystemReportsHandler.java:139)}
2017-08-22 17:00:22,610 [TRACE] Выдаем результат 27645 байт на запрос "/resources/top.jpg". at {ru.apertum.qsystem.reports.net.HttpQSystemReportsHandler.handle(HttpQSystemReportsHandler.java:158)}
2017-08-22 17:00:22,611 [TRACE] Выдаем результат 5247 байт на запрос "/resources/fp.png". at {ru.apertum.qsystem.reports.net.HttpQSystemReportsHandler.handle(HttpQSystemReportsHandler.java:158)}
2017-08-22 17:02:24,077 [ INFO] START LOGGER for reports. Logger: reports.file.info.trace at {ru.apertum.qsystem.common.QLog.initial(QLog.java:184)}
2017-08-22 17:02:33,973 [ INFO] Отчетный вэбсервер системы 'Очередь' запущен. at {ru.apertum.qsystem.reports.model.WebServer$1.run(WebServer.java:89)}
2017-08-22 17:04:22,566 [ INFO] START LOGGER for reports. Logger: reports.file.info.trace at {ru.apertum.qsystem.common.QLog.initial(QLog.java:184)}
2017-08-22 17:04:33,050 [ INFO] Отчетный вэбсервер системы 'Очередь' запущен. at {ru.apertum.qsystem.reports.model.WebServer$1.run(WebServer.java:89)}
2017-08-22 17:06:22,856 [ INFO] START LOGGER for reports. Logger: reports.file.info.trace at {ru.apertum.qsystem.common.QLog.initial(QLog.java:184)}
2017-08-22 17:06:25,276 [ INFO] Отчетный вэбсервер системы 'Очередь' запущен. at {ru.apertum.qsystem.reports.model.WebServer$1.run(WebServer.java:89)}
2017-08-22 17:07:47,324 [ INFO] START LOGGER for reports. Logger: reports.file.info.trace at {ru.apertum.qsystem.common.QLog.initial(QLog.java:184)}
2017-08-22 17:07:49,987 [ERROR] Error! at {ru.apertum.qsystem.common.exceptions.ReportException.<init>(ReportException.java:34)}
ru.apertum.qsystem.common.exceptions.ReportException: Ошибка при создании серверного сокета для вэбсервера: java.net.BindException: Address already in use: JVM_Bind
	at ru.apertum.qsystem.reports.model.WebServer.startWebServer(WebServer.java:79)
	at ru.apertum.qsystem.server.QServer.main(QServer.java:147)
2017-08-22 17:08:14,799 [ INFO] START LOGGER for reports. Logger: reports.file.info.trace at {ru.apertum.qsystem.common.QLog.initial(QLog.java:184)}
2017-08-22 17:08:17,383 [ERROR] Error! at {ru.apertum.qsystem.common.exceptions.ReportException.<init>(ReportException.java:34)}
ru.apertum.qsystem.common.exceptions.ReportException: Ошибка при создании серверного сокета для вэбсервера: java.net.BindException: Address already in use: JVM_Bind
	at ru.apertum.qsystem.reports.model.WebServer.startWebServer(WebServer.java:79)
	at ru.apertum.qsystem.server.QServer.main(QServer.java:147)
2017-08-22 17:08:39,625 [ INFO] START LOGGER for reports. Logger: reports.file.info.trace at {ru.apertum.qsystem.common.QLog.initial(QLog.java:184)}
2017-08-22 17:08:42,141 [ INFO] Отчетный вэбсервер системы 'Очередь' запущен. at {ru.apertum.qsystem.reports.model.WebServer$1.run(WebServer.java:89)}
2017-08-22 17:12:02,808 [ INFO] START LOGGER for reports. Logger: reports.file.info.trace at {ru.apertum.qsystem.common.QLog.initial(QLog.java:184)}
2017-08-22 17:12:05,599 [ INFO] Отчетный вэбсервер системы 'Очередь' запущен. at {ru.apertum.qsystem.reports.model.WebServer$1.run(WebServer.java:89)}
2017-08-23 08:13:31,709 [DEBUG] Загружено из базы 15 отчетов. at {ru.apertum.qsystem.reports.model.QReportsList.load(QReportsList.java:67)}
2017-08-23 08:13:53,078 [DEBUG] Загружено из базы 15 отчетов. at {ru.apertum.qsystem.reports.model.QReportsList.load(QReportsList.java:67)}
2017-08-23 08:14:07,701 [DEBUG] Загружено из базы 15 отчетов. at {ru.apertum.qsystem.reports.model.QReportsList.load(QReportsList.java:67)}
2017-08-23 08:14:25,616 [DEBUG] Загружено из базы 15 отчетов. at {ru.apertum.qsystem.reports.model.QReportsList.load(QReportsList.java:67)}
2017-08-23 08:16:30,130 [DEBUG] Загружено из базы 15 отчетов. at {ru.apertum.qsystem.reports.model.QReportsList.load(QReportsList.java:67)}
2017-08-23 08:18:27,016 [DEBUG] Загружено из базы 15 отчетов. at {ru.apertum.qsystem.reports.model.QReportsList.load(QReportsList.java:67)}
2017-08-23 08:20:31,564 [DEBUG] Загружено из базы 15 отчетов. at {ru.apertum.qsystem.reports.model.QReportsList.load(QReportsList.java:67)}
2017-08-23 08:26:09,399 [DEBUG] Загружено из базы 15 отчетов. at {ru.apertum.qsystem.reports.model.QReportsList.load(QReportsList.java:67)}
2017-08-23 08:28:03,927 [DEBUG] Загружено из базы 15 отчетов. at {ru.apertum.qsystem.reports.model.QReportsList.load(QReportsList.java:67)}
2017-08-23 09:07:06,233 [ INFO] START LOGGER for reports. Logger: reports.file.info.trace at {ru.apertum.qsystem.common.QLog.initial(QLog.java:184)}
2017-08-23 09:07:08,657 [ INFO] Отчетный вэбсервер системы 'Очередь' запущен. at {ru.apertum.qsystem.reports.model.WebServer$1.run(WebServer.java:89)}
2017-08-23 09:07:19,214 [DEBUG] Загружено из базы 15 отчетов. at {ru.apertum.qsystem.reports.model.QReportsList.load(QReportsList.java:67)}
2017-08-23 09:07:19,821 [ INFO] Выдаем ресурс: "/login.html" at {ru.apertum.qsystem.reports.net.HttpQSystemReportsHandler.handle(HttpQSystemReportsHandler.java:139)}
2017-08-23 09:07:19,843 [TRACE] Выдаем результат 3101 байт на запрос "/". at {ru.apertum.qsystem.reports.net.HttpQSystemReportsHandler.handle(HttpQSystemReportsHandler.java:158)}
2017-08-23 09:07:19,930 [ INFO] Выдаем ресурс: "/resources/fp.png" at {ru.apertum.qsystem.reports.net.HttpQSystemReportsHandler.handle(HttpQSystemReportsHandler.java:139)}
2017-08-23 09:07:19,930 [TRACE] Выдаем результат 5247 байт на запрос "/resources/fp.png". at {ru.apertum.qsystem.reports.net.HttpQSystemReportsHandler.handle(HttpQSystemReportsHandler.java:158)}
2017-08-23 09:07:19,935 [ INFO] Выдаем ресурс: "/resources/top.jpg" at {ru.apertum.qsystem.reports.net.HttpQSystemReportsHandler.handle(HttpQSystemReportsHandler.java:139)}
2017-08-23 09:07:19,936 [TRACE] Выдаем результат 27645 байт на запрос "/resources/top.jpg". at {ru.apertum.qsystem.reports.net.HttpQSystemReportsHandler.handle(HttpQSystemReportsHandler.java:158)}
2017-08-23 09:07:22,226 [ INFO] Генерация отчета: 'reportList' at {ru.apertum.qsystem.reports.model.QReportsList.generate(QReportsList.java:199)}
2017-08-23 09:07:22,227 [DEBUG] Генерируем : "reportList" at {ru.apertum.qsystem.reports.model.AGenerator.process(AGenerator.java:154)}
2017-08-23 09:07:22,246 [ INFO] Генерация завершено. Затрачено времени: 0.02 сек. at {ru.apertum.qsystem.reports.model.QReportsList.generate(QReportsList.java:205)}
2017-08-23 09:07:22,247 [TRACE] Выдаем результат 2436 байт на запрос "/reportList.html". at {ru.apertum.qsystem.reports.net.HttpQSystemReportsHandler.handle(HttpQSystemReportsHandler.java:158)}
2017-08-23 09:07:22,291 [ INFO] Выдаем ресурс: "/resources/top.jpg" at {ru.apertum.qsystem.reports.net.HttpQSystemReportsHandler.handle(HttpQSystemReportsHandler.java:139)}
2017-08-23 09:07:22,291 [TRACE] Выдаем результат 27645 байт на запрос "/resources/top.jpg". at {ru.apertum.qsystem.reports.net.HttpQSystemReportsHandler.handle(HttpQSystemReportsHandler.java:158)}
2017-08-23 09:07:22,298 [ INFO] Выдаем ресурс: "/resources/fp.png" at {ru.apertum.qsystem.reports.net.HttpQSystemReportsHandler.handle(HttpQSystemReportsHandler.java:139)}
2017-08-23 09:07:22,298 [TRACE] Выдаем результат 5247 байт на запрос "/resources/fp.png". at {ru.apertum.qsystem.reports.net.HttpQSystemReportsHandler.handle(HttpQSystemReportsHandler.java:158)}
2017-08-23 09:07:24,471 [ INFO] Выдаем ресурс: "/login.html" at {ru.apertum.qsystem.reports.net.HttpQSystemReportsHandler.handle(HttpQSystemReportsHandler.java:139)}
2017-08-23 09:07:24,475 [TRACE] Выдаем результат 3101 байт на запрос "/login.html". at {ru.apertum.qsystem.reports.net.HttpQSystemReportsHandler.handle(HttpQSystemReportsHandler.java:158)}
2017-08-23 09:07:24,509 [ INFO] Выдаем ресурс: "/resources/top.jpg" at {ru.apertum.qsystem.reports.net.HttpQSystemReportsHandler.handle(HttpQSystemReportsHandler.java:139)}
2017-08-23 09:07:24,509 [TRACE] Выдаем результат 27645 байт на запрос "/resources/top.jpg". at {ru.apertum.qsystem.reports.net.HttpQSystemReportsHandler.handle(HttpQSystemReportsHandler.java:158)}
2017-08-23 09:07:24,512 [ INFO] Выдаем ресурс: "/resources/fp.png" at {ru.apertum.qsystem.reports.net.HttpQSystemReportsHandler.handle(HttpQSystemReportsHandler.java:139)}
2017-08-23 09:07:24,512 [TRACE] Выдаем результат 5247 байт на запрос "/resources/fp.png". at {ru.apertum.qsystem.reports.net.HttpQSystemReportsHandler.handle(HttpQSystemReportsHandler.java:158)}
2017-08-23 09:07:26,888 [ INFO] Генерация отчета: 'reportList' at {ru.apertum.qsystem.reports.model.QReportsList.generate(QReportsList.java:199)}
2017-08-23 09:07:26,889 [DEBUG] Генерируем : "reportList" at {ru.apertum.qsystem.reports.model.AGenerator.process(AGenerator.java:154)}
2017-08-23 09:07:26,894 [ INFO] Генерация завершено. Затрачено времени: 0.006 сек. at {ru.apertum.qsystem.reports.model.QReportsList.generate(QReportsList.java:205)}
2017-08-23 09:07:26,895 [TRACE] Выдаем результат 2436 байт на запрос "/reportList.html". at {ru.apertum.qsystem.reports.net.HttpQSystemReportsHandler.handle(HttpQSystemReportsHandler.java:158)}
2017-08-23 09:07:26,922 [ INFO] Выдаем ресурс: "/resources/top.jpg" at {ru.apertum.qsystem.reports.net.HttpQSystemReportsHandler.handle(HttpQSystemReportsHandler.java:139)}
2017-08-23 09:07:26,923 [TRACE] Выдаем результат 27645 байт на запрос "/resources/top.jpg". at {ru.apertum.qsystem.reports.net.HttpQSystemReportsHandler.handle(HttpQSystemReportsHandler.java:158)}
2017-08-23 09:07:26,927 [ INFO] Выдаем ресурс: "/resources/fp.png" at {ru.apertum.qsystem.reports.net.HttpQSystemReportsHandler.handle(HttpQSystemReportsHandler.java:139)}
2017-08-23 09:07:26,927 [TRACE] Выдаем результат 5247 байт на запрос "/resources/fp.png". at {ru.apertum.qsystem.reports.net.HttpQSystemReportsHandler.handle(HttpQSystemReportsHandler.java:158)}
2017-08-23 09:07:28,420 [ INFO] Выдаем ресурс: "/login.html" at {ru.apertum.qsystem.reports.net.HttpQSystemReportsHandler.handle(HttpQSystemReportsHandler.java:139)}
2017-08-23 09:07:28,425 [TRACE] Выдаем результат 3101 байт на запрос "/login.html". at {ru.apertum.qsystem.reports.net.HttpQSystemReportsHandler.handle(HttpQSystemReportsHandler.java:158)}
2017-08-23 09:07:28,448 [ INFO] Выдаем ресурс: "/resources/top.jpg" at {ru.apertum.qsystem.reports.net.HttpQSystemReportsHandler.handle(HttpQSystemReportsHandler.java:139)}
2017-08-23 09:07:28,449 [TRACE] Выдаем результат 27645 байт на запрос "/resources/top.jpg". at {ru.apertum.qsystem.reports.net.HttpQSystemReportsHandler.handle(HttpQSystemReportsHandler.java:158)}
2017-08-23 09:07:28,452 [ INFO] Выдаем ресурс: "/resources/fp.png" at {ru.apertum.qsystem.reports.net.HttpQSystemReportsHandler.handle(HttpQSystemReportsHandler.java:139)}
2017-08-23 09:07:28,452 [TRACE] Выдаем результат 5247 байт на запрос "/resources/fp.png". at {ru.apertum.qsystem.reports.net.HttpQSystemReportsHandler.handle(HttpQSystemReportsHandler.java:158)}
2017-08-23 09:10:24,945 [ INFO] START LOGGER for reports. Logger: reports.file.info.trace at {ru.apertum.qsystem.common.QLog.initial(QLog.java:184)}
2017-08-23 09:10:27,396 [ INFO] Отчетный вэбсервер системы 'Очередь' запущен. at {ru.apertum.qsystem.reports.model.WebServer$1.run(WebServer.java:89)}
2017-08-23 09:10:32,831 [DEBUG] Загружено из базы 15 отчетов. at {ru.apertum.qsystem.reports.model.QReportsList.load(QReportsList.java:67)}
2017-08-23 09:10:33,446 [ INFO] Выдаем ресурс: "/login.html" at {ru.apertum.qsystem.reports.net.HttpQSystemReportsHandler.handle(HttpQSystemReportsHandler.java:139)}
2017-08-23 09:10:33,457 [TRACE] Выдаем результат 3101 байт на запрос "/login.html". at {ru.apertum.qsystem.reports.net.HttpQSystemReportsHandler.handle(HttpQSystemReportsHandler.java:158)}
2017-08-23 09:10:33,477 [ INFO] Выдаем ресурс: "/resources/top.jpg" at {ru.apertum.qsystem.reports.net.HttpQSystemReportsHandler.handle(HttpQSystemReportsHandler.java:139)}
2017-08-23 09:10:33,478 [TRACE] Выдаем результат 27645 байт на запрос "/resources/top.jpg". at {ru.apertum.qsystem.reports.net.HttpQSystemReportsHandler.handle(HttpQSystemReportsHandler.java:158)}
2017-08-23 09:10:33,477 [ INFO] Выдаем ресурс: "/resources/fp.png" at {ru.apertum.qsystem.reports.net.HttpQSystemReportsHandler.handle(HttpQSystemReportsHandler.java:139)}
2017-08-23 09:10:33,484 [TRACE] Выдаем результат 5247 байт на запрос "/resources/fp.png". at {ru.apertum.qsystem.reports.net.HttpQSystemReportsHandler.handle(HttpQSystemReportsHandler.java:158)}
2017-08-23 09:10:36,823 [ INFO] Генерация отчета: 'reportList' at {ru.apertum.qsystem.reports.model.QReportsList.generate(QReportsList.java:199)}
2017-08-23 09:10:36,824 [DEBUG] Генерируем : "reportList" at {ru.apertum.qsystem.reports.model.AGenerator.process(AGenerator.java:154)}
2017-08-23 09:10:36,838 [ INFO] Генерация завершено. Затрачено времени: 0.015 сек. at {ru.apertum.qsystem.reports.model.QReportsList.generate(QReportsList.java:205)}
2017-08-23 09:10:36,839 [TRACE] Выдаем результат 2436 байт на запрос "/reportList.html". at {ru.apertum.qsystem.reports.net.HttpQSystemReportsHandler.handle(HttpQSystemReportsHandler.java:158)}
2017-08-23 09:10:36,859 [ INFO] Выдаем ресурс: "/resources/top.jpg" at {ru.apertum.qsystem.reports.net.HttpQSystemReportsHandler.handle(HttpQSystemReportsHandler.java:139)}
2017-08-23 09:10:36,859 [TRACE] Выдаем результат 27645 байт на запрос "/resources/top.jpg". at {ru.apertum.qsystem.reports.net.HttpQSystemReportsHandler.handle(HttpQSystemReportsHandler.java:158)}
2017-08-23 09:10:36,860 [ INFO] Выдаем ресурс: "/resources/fp.png" at {ru.apertum.qsystem.reports.net.HttpQSystemReportsHandler.handle(HttpQSystemReportsHandler.java:139)}
2017-08-23 09:10:36,860 [TRACE] Выдаем результат 5247 байт на запрос "/resources/fp.png". at {ru.apertum.qsystem.reports.net.HttpQSystemReportsHandler.handle(HttpQSystemReportsHandler.java:158)}
2017-08-23 09:10:39,618 [ INFO] Выдаем ресурс: "/login.html" at {ru.apertum.qsystem.reports.net.HttpQSystemReportsHandler.handle(HttpQSystemReportsHandler.java:139)}
2017-08-23 09:10:39,621 [TRACE] Выдаем результат 3101 байт на запрос "/login.html". at {ru.apertum.qsystem.reports.net.HttpQSystemReportsHandler.handle(HttpQSystemReportsHandler.java:158)}
2017-08-23 09:10:39,645 [ INFO] Выдаем ресурс: "/resources/top.jpg" at {ru.apertum.qsystem.reports.net.HttpQSystemReportsHandler.handle(HttpQSystemReportsHandler.java:139)}
2017-08-23 09:10:39,646 [TRACE] Выдаем результат 27645 байт на запрос "/resources/top.jpg". at {ru.apertum.qsystem.reports.net.HttpQSystemReportsHandler.handle(HttpQSystemReportsHandler.java:158)}
2017-08-23 09:10:39,660 [ INFO] Выдаем ресурс: "/resources/fp.png" at {ru.apertum.qsystem.reports.net.HttpQSystemReportsHandler.handle(HttpQSystemReportsHandler.java:139)}
2017-08-23 09:10:39,660 [TRACE] Выдаем результат 5247 байт на запрос "/resources/fp.png". at {ru.apertum.qsystem.reports.net.HttpQSystemReportsHandler.handle(HttpQSystemReportsHandler.java:158)}
2017-08-23 09:13:29,046 [ INFO] START LOGGER for reports. Logger: reports.file.info.trace at {ru.apertum.qsystem.common.QLog.initial(QLog.java:184)}
2017-08-23 09:13:31,499 [ INFO] Отчетный вэбсервер системы 'Очередь' запущен. at {ru.apertum.qsystem.reports.model.WebServer$1.run(WebServer.java:89)}
2017-08-23 09:13:34,422 [DEBUG] Загружено из базы 15 отчетов. at {ru.apertum.qsystem.reports.model.QReportsList.load(QReportsList.java:67)}
2017-08-23 09:13:34,981 [ INFO] Выдаем ресурс: "/login.html" at {ru.apertum.qsystem.reports.net.HttpQSystemReportsHandler.handle(HttpQSystemReportsHandler.java:139)}
2017-08-23 09:13:34,987 [TRACE] Выдаем результат 3101 байт на запрос "/login.html". at {ru.apertum.qsystem.reports.net.HttpQSystemReportsHandler.handle(HttpQSystemReportsHandler.java:158)}
2017-08-23 09:13:35,011 [ INFO] Выдаем ресурс: "/resources/top.jpg" at {ru.apertum.qsystem.reports.net.HttpQSystemReportsHandler.handle(HttpQSystemReportsHandler.java:139)}
2017-08-23 09:13:35,012 [TRACE] Выдаем результат 27645 байт на запрос "/resources/top.jpg". at {ru.apertum.qsystem.reports.net.HttpQSystemReportsHandler.handle(HttpQSystemReportsHandler.java:158)}
2017-08-23 09:13:35,011 [ INFO] Выдаем ресурс: "/resources/fp.png" at {ru.apertum.qsystem.reports.net.HttpQSystemReportsHandler.handle(HttpQSystemReportsHandler.java:139)}
2017-08-23 09:13:35,013 [TRACE] Выдаем результат 5247 байт на запрос "/resources/fp.png". at {ru.apertum.qsystem.reports.net.HttpQSystemReportsHandler.handle(HttpQSystemReportsHandler.java:158)}
2017-08-23 09:13:37,488 [ INFO] Генерация отчета: 'reportList' at {ru.apertum.qsystem.reports.model.QReportsList.generate(QReportsList.java:199)}
2017-08-23 09:13:37,488 [DEBUG] Генерируем : "reportList" at {ru.apertum.qsystem.reports.model.AGenerator.process(AGenerator.java:154)}
2017-08-23 09:13:37,502 [ INFO] Генерация завершено. Затрачено времени: 0.014 сек. at {ru.apertum.qsystem.reports.model.QReportsList.generate(QReportsList.java:205)}
2017-08-23 09:13:37,502 [TRACE] Выдаем результат 10698 байт на запрос "/reportList.html". at {ru.apertum.qsystem.reports.net.HttpQSystemReportsHandler.handle(HttpQSystemReportsHandler.java:158)}
2017-08-23 09:13:37,533 [ INFO] Выдаем ресурс: "/resources/top.jpg" at {ru.apertum.qsystem.reports.net.HttpQSystemReportsHandler.handle(HttpQSystemReportsHandler.java:139)}
2017-08-23 09:13:37,533 [TRACE] Выдаем результат 27645 байт на запрос "/resources/top.jpg". at {ru.apertum.qsystem.reports.net.HttpQSystemReportsHandler.handle(HttpQSystemReportsHandler.java:158)}
2017-08-23 09:13:37,542 [ INFO] Выдаем ресурс: "/resources/fp.png" at {ru.apertum.qsystem.reports.net.HttpQSystemReportsHandler.handle(HttpQSystemReportsHandler.java:139)}
2017-08-23 09:13:37,543 [TRACE] Выдаем результат 5247 байт на запрос "/resources/fp.png". at {ru.apertum.qsystem.reports.net.HttpQSystemReportsHandler.handle(HttpQSystemReportsHandler.java:158)}
2017-08-23 09:13:43,119 [ INFO] Выдаем ресурс: "/login.html" at {ru.apertum.qsystem.reports.net.HttpQSystemReportsHandler.handle(HttpQSystemReportsHandler.java:139)}
2017-08-23 09:13:43,123 [TRACE] Выдаем результат 3101 байт на запрос "/login.html". at {ru.apertum.qsystem.reports.net.HttpQSystemReportsHandler.handle(HttpQSystemReportsHandler.java:158)}
2017-08-23 09:13:43,143 [ INFO] Выдаем ресурс: "/resources/fp.png" at {ru.apertum.qsystem.reports.net.HttpQSystemReportsHandler.handle(HttpQSystemReportsHandler.java:139)}
2017-08-23 09:13:43,143 [TRACE] Выдаем результат 5247 байт на запрос "/resources/fp.png". at {ru.apertum.qsystem.reports.net.HttpQSystemReportsHandler.handle(HttpQSystemReportsHandler.java:158)}
2017-08-23 09:13:43,145 [ INFO] Выдаем ресурс: "/resources/top.jpg" at {ru.apertum.qsystem.reports.net.HttpQSystemReportsHandler.handle(HttpQSystemReportsHandler.java:139)}
2017-08-23 09:13:43,146 [TRACE] Выдаем результат 27645 байт на запрос "/resources/top.jpg". at {ru.apertum.qsystem.reports.net.HttpQSystemReportsHandler.handle(HttpQSystemReportsHandler.java:158)}
2017-08-23 09:13:44,663 [ INFO] Генерация отчета: 'reportList' at {ru.apertum.qsystem.reports.model.QReportsList.generate(QReportsList.java:199)}
2017-08-23 09:13:44,664 [DEBUG] Генерируем : "reportList" at {ru.apertum.qsystem.reports.model.AGenerator.process(AGenerator.java:154)}
2017-08-23 09:13:44,672 [ INFO] Генерация завершено. Затрачено времени: 0.009 сек. at {ru.apertum.qsystem.reports.model.QReportsList.generate(QReportsList.java:205)}
2017-08-23 09:13:44,673 [TRACE] Выдаем результат 2436 байт на запрос "/reportList.html". at {ru.apertum.qsystem.reports.net.HttpQSystemReportsHandler.handle(HttpQSystemReportsHandler.java:158)}
2017-08-23 09:13:44,699 [ INFO] Выдаем ресурс: "/resources/top.jpg" at {ru.apertum.qsystem.reports.net.HttpQSystemReportsHandler.handle(HttpQSystemReportsHandler.java:139)}
2017-08-23 09:13:44,699 [ INFO] Выдаем ресурс: "/resources/fp.png" at {ru.apertum.qsystem.reports.net.HttpQSystemReportsHandler.handle(HttpQSystemReportsHandler.java:139)}
2017-08-23 09:13:44,699 [TRACE] Выдаем результат 27645 байт на запрос "/resources/top.jpg". at {ru.apertum.qsystem.reports.net.HttpQSystemReportsHandler.handle(HttpQSystemReportsHandler.java:158)}
2017-08-23 09:13:44,700 [TRACE] Выдаем результат 5247 байт на запрос "/resources/fp.png". at {ru.apertum.qsystem.reports.net.HttpQSystemReportsHandler.handle(HttpQSystemReportsHandler.java:158)}
2017-08-23 09:13:45,726 [ INFO] Выдаем ресурс: "/login.html" at {ru.apertum.qsystem.reports.net.HttpQSystemReportsHandler.handle(HttpQSystemReportsHandler.java:139)}
2017-08-23 09:13:45,729 [TRACE] Выдаем результат 3101 байт на запрос "/login.html". at {ru.apertum.qsystem.reports.net.HttpQSystemReportsHandler.handle(HttpQSystemReportsHandler.java:158)}
2017-08-23 09:13:45,751 [ INFO] Выдаем ресурс: "/resources/top.jpg" at {ru.apertum.qsystem.reports.net.HttpQSystemReportsHandler.handle(HttpQSystemReportsHandler.java:139)}
2017-08-23 09:13:45,752 [TRACE] Выдаем результат 27645 байт на запрос "/resources/top.jpg". at {ru.apertum.qsystem.reports.net.HttpQSystemReportsHandler.handle(HttpQSystemReportsHandler.java:158)}
2017-08-23 09:13:45,757 [ INFO] Выдаем ресурс: "/resources/fp.png" at {ru.apertum.qsystem.reports.net.HttpQSystemReportsHandler.handle(HttpQSystemReportsHandler.java:139)}
2017-08-23 09:13:45,759 [TRACE] Выдаем результат 5247 байт на запрос "/resources/fp.png". at {ru.apertum.qsystem.reports.net.HttpQSystemReportsHandler.handle(HttpQSystemReportsHandler.java:158)}
2017-08-23 09:13:48,953 [ INFO] Генерация отчета: 'reportList' at {ru.apertum.qsystem.reports.model.QReportsList.generate(QReportsList.java:199)}
2017-08-23 09:13:48,954 [DEBUG] Генерируем : "reportList" at {ru.apertum.qsystem.reports.model.AGenerator.process(AGenerator.java:154)}
2017-08-23 09:13:48,959 [ INFO] Генерация завершено. Затрачено времени: 0.006 сек. at {ru.apertum.qsystem.reports.model.QReportsList.generate(QReportsList.java:205)}
2017-08-23 09:13:48,960 [TRACE] Выдаем результат 2436 байт на запрос "/reportList.html". at {ru.apertum.qsystem.reports.net.HttpQSystemReportsHandler.handle(HttpQSystemReportsHandler.java:158)}
2017-08-23 09:13:48,982 [ INFO] Выдаем ресурс: "/resources/top.jpg" at {ru.apertum.qsystem.reports.net.HttpQSystemReportsHandler.handle(HttpQSystemReportsHandler.java:139)}
2017-08-23 09:13:48,983 [TRACE] Выдаем результат 27645 байт на запрос "/resources/top.jpg". at {ru.apertum.qsystem.reports.net.HttpQSystemReportsHandler.handle(HttpQSystemReportsHandler.java:158)}
2017-08-23 09:13:48,985 [ INFO] Выдаем ресурс: "/resources/fp.png" at {ru.apertum.qsystem.reports.net.HttpQSystemReportsHandler.handle(HttpQSystemReportsHandler.java:139)}
2017-08-23 09:13:48,986 [TRACE] Выдаем результат 5247 байт на запрос "/resources/fp.png". at {ru.apertum.qsystem.reports.net.HttpQSystemReportsHandler.handle(HttpQSystemReportsHandler.java:158)}
2017-08-23 09:13:50,431 [ INFO] Выдаем ресурс: "/login.html" at {ru.apertum.qsystem.reports.net.HttpQSystemReportsHandler.handle(HttpQSystemReportsHandler.java:139)}
2017-08-23 09:13:50,433 [TRACE] Выдаем результат 3101 байт на запрос "/login.html". at {ru.apertum.qsystem.reports.net.HttpQSystemReportsHandler.handle(HttpQSystemReportsHandler.java:158)}
2017-08-23 09:13:50,453 [ INFO] Выдаем ресурс: "/resources/top.jpg" at {ru.apertum.qsystem.reports.net.HttpQSystemReportsHandler.handle(HttpQSystemReportsHandler.java:139)}
2017-08-23 09:13:50,454 [TRACE] Выдаем результат 27645 байт на запрос "/resources/top.jpg". at {ru.apertum.qsystem.reports.net.HttpQSystemReportsHandler.handle(HttpQSystemReportsHandler.java:158)}
2017-08-23 09:13:50,460 [ INFO] Выдаем ресурс: "/resources/fp.png" at {ru.apertum.qsystem.reports.net.HttpQSystemReportsHandler.handle(HttpQSystemReportsHandler.java:139)}
2017-08-23 09:13:50,460 [TRACE] Выдаем результат 5247 байт на запрос "/resources/fp.png". at {ru.apertum.qsystem.reports.net.HttpQSystemReportsHandler.handle(HttpQSystemReportsHandler.java:158)}
2017-08-23 09:13:52,182 [ INFO] Генерация отчета: 'reportList' at {ru.apertum.qsystem.reports.model.QReportsList.generate(QReportsList.java:199)}
2017-08-23 09:13:52,183 [DEBUG] Генерируем : "reportList" at {ru.apertum.qsystem.reports.model.AGenerator.process(AGenerator.java:154)}
2017-08-23 09:13:52,191 [ INFO] Генерация завершено. Затрачено времени: 0.009 сек. at {ru.apertum.qsystem.reports.model.QReportsList.generate(QReportsList.java:205)}
2017-08-23 09:13:52,191 [TRACE] Выдаем результат 10698 байт на запрос "/reportList.html". at {ru.apertum.qsystem.reports.net.HttpQSystemReportsHandler.handle(HttpQSystemReportsHandler.java:158)}
2017-08-23 09:13:52,220 [ INFO] Выдаем ресурс: "/resources/top.jpg" at {ru.apertum.qsystem.reports.net.HttpQSystemReportsHandler.handle(HttpQSystemReportsHandler.java:139)}
2017-08-23 09:13:52,220 [TRACE] Выдаем результат 27645 байт на запрос "/resources/top.jpg". at {ru.apertum.qsystem.reports.net.HttpQSystemReportsHandler.handle(HttpQSystemReportsHandler.java:158)}
2017-08-23 09:13:52,221 [ INFO] Выдаем ресурс: "/resources/fp.png" at {ru.apertum.qsystem.reports.net.HttpQSystemReportsHandler.handle(HttpQSystemReportsHandler.java:139)}
2017-08-23 09:13:52,222 [TRACE] Выдаем результат 5247 байт на запрос "/resources/fp.png". at {ru.apertum.qsystem.reports.net.HttpQSystemReportsHandler.handle(HttpQSystemReportsHandler.java:158)}
2017-08-23 09:31:58,485 [DEBUG] Загружено из базы 15 отчетов. at {ru.apertum.qsystem.reports.model.QReportsList.load(QReportsList.java:67)}
2017-08-23 09:32:55,816 [DEBUG] Загружено из базы 15 отчетов. at {ru.apertum.qsystem.reports.model.QReportsList.load(QReportsList.java:67)}
2017-08-23 09:53:49,911 [DEBUG] Загружено из базы 15 отчетов. at {ru.apertum.qsystem.reports.model.QReportsList.load(QReportsList.java:67)}
2017-08-23 11:20:33,710 [ INFO] START LOGGER for reports. Logger: reports.file.info.trace at {ru.apertum.qsystem.common.QLog.initial(QLog.java:184)}
2017-08-23 11:20:36,282 [ INFO] Отчетный вэбсервер системы 'Очередь' запущен. at {ru.apertum.qsystem.reports.model.WebServer$1.run(WebServer.java:89)}
2017-08-23 11:36:05,636 [ INFO] START LOGGER for reports. Logger: reports.file.info.trace at {ru.apertum.qsystem.common.QLog.initial(QLog.java:184)}
2017-08-23 11:36:08,031 [ INFO] Отчетный вэбсервер системы 'Очередь' запущен. at {ru.apertum.qsystem.reports.model.WebServer$1.run(WebServer.java:89)}
2017-08-23 11:40:24,288 [ INFO] START LOGGER for reports. Logger: reports.file.info.trace at {ru.apertum.qsystem.common.QLog.initial(QLog.java:184)}
2017-08-23 11:40:26,665 [ INFO] Отчетный вэбсервер системы 'Очередь' запущен. at {ru.apertum.qsystem.reports.model.WebServer$1.run(WebServer.java:89)}
2017-08-23 11:43:50,704 [ INFO] START LOGGER for reports. Logger: reports.file.info.trace at {ru.apertum.qsystem.common.QLog.initial(QLog.java:184)}
2017-08-23 11:43:53,140 [ INFO] Отчетный вэбсервер системы 'Очередь' запущен. at {ru.apertum.qsystem.reports.model.WebServer$1.run(WebServer.java:89)}
2017-08-23 11:45:16,338 [ INFO] START LOGGER for reports. Logger: reports.file.info.trace at {ru.apertum.qsystem.common.QLog.initial(QLog.java:184)}
2017-08-23 11:45:18,805 [ INFO] Отчетный вэбсервер системы 'Очередь' запущен. at {ru.apertum.qsystem.reports.model.WebServer$1.run(WebServer.java:89)}
2017-08-24 09:55:27,984 [ INFO] START LOGGER for reports. Logger: reports.file.info.trace at {ru.apertum.qsystem.common.QLog.initial(QLog.java:184)}
2017-08-24 09:55:31,053 [ INFO] Отчетный вэбсервер системы 'Очередь' запущен. at {ru.apertum.qsystem.reports.model.WebServer$1.run(WebServer.java:89)}
2017-08-24 09:57:14,472 [ INFO] START LOGGER for reports. Logger: reports.file.info.trace at {ru.apertum.qsystem.common.QLog.initial(QLog.java:184)}
2017-08-24 09:57:18,296 [ERROR] Error! at {ru.apertum.qsystem.common.exceptions.ReportException.<init>(ReportException.java:34)}
ru.apertum.qsystem.common.exceptions.ReportException: Ошибка при создании серверного сокета для вэбсервера: java.net.BindException: Address already in use: JVM_Bind
	at ru.apertum.qsystem.reports.model.WebServer.startWebServer(WebServer.java:79)
	at ru.apertum.qsystem.server.QServer.main(QServer.java:147)
2017-08-24 09:57:47,313 [ INFO] START LOGGER for reports. Logger: reports.file.info.trace at {ru.apertum.qsystem.common.QLog.initial(QLog.java:184)}
2017-08-24 09:57:49,277 [ INFO] Отчетный вэбсервер системы 'Очередь' запущен. at {ru.apertum.qsystem.reports.model.WebServer$1.run(WebServer.java:89)}
2017-08-24 10:02:44,621 [ INFO] START LOGGER for reports. Logger: reports.file.info.trace at {ru.apertum.qsystem.common.QLog.initial(QLog.java:184)}
2017-08-24 10:02:46,606 [ INFO] Отчетный вэбсервер системы 'Очередь' запущен. at {ru.apertum.qsystem.reports.model.WebServer$1.run(WebServer.java:89)}
2017-08-24 11:09:12,247 [DEBUG] Загружено из базы 15 отчетов. at {ru.apertum.qsystem.reports.model.QReportsList.load(QReportsList.java:68)}
2017-08-25 13:10:21,679 [DEBUG] Загружено из базы 15 отчетов. at {ru.apertum.qsystem.reports.model.QReportsList.load(QReportsList.java:68)}
2017-08-25 13:37:40,739 [ INFO] START LOGGER for reports. Logger: reports.file.info.trace at {ru.apertum.qsystem.common.QLog.initial(QLog.java:184)}
2017-08-25 13:37:43,181 [ INFO] Отчетный вэбсервер системы 'Очередь' запущен. at {ru.apertum.qsystem.reports.model.WebServer$1.run(WebServer.java:89)}
2017-08-25 15:08:50,198 [ INFO] START LOGGER for reports. Logger: reports.file.info.trace at {ru.apertum.qsystem.common.QLog.initial(QLog.java:184)}
2017-08-25 15:08:52,759 [ INFO] Отчетный вэбсервер системы 'Очередь' запущен. at {ru.apertum.qsystem.reports.model.WebServer$1.run(WebServer.java:89)}
2017-08-25 15:21:16,792 [ INFO] START LOGGER for reports. Logger: reports.file.info.trace at {ru.apertum.qsystem.common.QLog.initial(QLog.java:184)}
2017-08-25 15:21:19,132 [ INFO] Отчетный вэбсервер системы 'Очередь' запущен. at {ru.apertum.qsystem.reports.model.WebServer$1.run(WebServer.java:89)}
2017-08-25 16:12:14,889 [ INFO] START LOGGER for reports. Logger: reports.file.info.trace at {ru.apertum.qsystem.common.QLog.initial(QLog.java:184)}
2017-08-25 16:12:17,483 [ INFO] Отчетный вэбсервер системы 'Очередь' запущен. at {ru.apertum.qsystem.reports.model.WebServer$1.run(WebServer.java:89)}
2017-08-25 16:19:35,709 [ INFO] START LOGGER for reports. Logger: reports.file.info.trace at {ru.apertum.qsystem.common.QLog.initial(QLog.java:184)}
2017-08-25 16:19:38,318 [ INFO] Отчетный вэбсервер системы 'Очередь' запущен. at {ru.apertum.qsystem.reports.model.WebServer$1.run(WebServer.java:89)}
2017-08-25 16:20:09,872 [ INFO] START LOGGER for reports. Logger: reports.file.info.trace at {ru.apertum.qsystem.common.QLog.initial(QLog.java:184)}
2017-08-25 16:20:12,598 [ INFO] Отчетный вэбсервер системы 'Очередь' запущен. at {ru.apertum.qsystem.reports.model.WebServer$1.run(WebServer.java:89)}
2017-08-25 16:23:25,993 [ INFO] START LOGGER for reports. Logger: reports.file.info.trace at {ru.apertum.qsystem.common.QLog.initial(QLog.java:184)}
2017-08-25 16:23:28,410 [ INFO] Отчетный вэбсервер системы 'Очередь' запущен. at {ru.apertum.qsystem.reports.model.WebServer$1.run(WebServer.java:89)}
2017-08-25 16:23:39,340 [ INFO] START LOGGER for reports. Logger: reports.file.info.trace at {ru.apertum.qsystem.common.QLog.initial(QLog.java:184)}
2017-08-25 16:23:41,978 [ERROR] Error! at {ru.apertum.qsystem.common.exceptions.ReportException.<init>(ReportException.java:34)}
ru.apertum.qsystem.common.exceptions.ReportException: Ошибка при создании серверного сокета для вэбсервера: java.net.BindException: Address already in use: JVM_Bind
	at ru.apertum.qsystem.reports.model.WebServer.startWebServer(WebServer.java:79)
	at ru.apertum.qsystem.server.QServer.main(QServer.java:147)
2017-08-28 09:03:06,896 [ INFO] START LOGGER for reports. Logger: reports.file.info.trace at {ru.apertum.qsystem.common.QLog.initial(QLog.java:184)}
2017-08-28 09:03:10,466 [ INFO] Отчетный вэбсервер системы 'Очередь' запущен. at {ru.apertum.qsystem.reports.model.WebServer$1.run(WebServer.java:89)}
2017-08-28 10:32:19,735 [ INFO] START LOGGER for reports. Logger: reports.file.info.trace at {ru.apertum.qsystem.common.QLog.initial(QLog.java:184)}
2017-08-28 10:32:22,251 [ INFO] Отчетный вэбсервер системы 'Очередь' запущен. at {ru.apertum.qsystem.reports.model.WebServer$1.run(WebServer.java:89)}
2017-08-28 14:37:06,357 [ INFO] START LOGGER for reports. Logger: reports.file.info.trace at {ru.apertum.qsystem.common.QLog.initial(QLog.java:184)}
2017-08-28 14:37:08,933 [ INFO] Отчетный вэбсервер системы 'Очередь' запущен. at {ru.apertum.qsystem.reports.model.WebServer$1.run(WebServer.java:89)}
2017-08-28 14:37:55,097 [ INFO] START LOGGER for reports. Logger: reports.file.info.trace at {ru.apertum.qsystem.common.QLog.initial(QLog.java:184)}
2017-08-28 14:37:57,538 [ INFO] Отчетный вэбсервер системы 'Очередь' запущен. at {ru.apertum.qsystem.reports.model.WebServer$1.run(WebServer.java:89)}
2017-08-28 16:15:07,315 [ INFO] START LOGGER for reports. Logger: reports.file.info.trace at {ru.apertum.qsystem.common.QLog.initial(QLog.java:184)}
2017-08-28 16:15:17,460 [ INFO] Отчетный вэбсервер системы 'Очередь' запущен. at {ru.apertum.qsystem.reports.model.WebServer$1.run(WebServer.java:89)}
2017-08-28 16:19:30,494 [ INFO] START LOGGER for reports. Logger: reports.file.info.trace at {ru.apertum.qsystem.common.QLog.initial(QLog.java:184)}
2017-08-28 16:19:33,339 [ INFO] Отчетный вэбсервер системы 'Очередь' запущен. at {ru.apertum.qsystem.reports.model.WebServer$1.run(WebServer.java:89)}
2017-08-28 16:21:15,519 [ INFO] START LOGGER for reports. Logger: reports.file.info.trace at {ru.apertum.qsystem.common.QLog.initial(QLog.java:184)}
2017-08-28 16:21:17,666 [ INFO] Отчетный вэбсервер системы 'Очередь' запущен. at {ru.apertum.qsystem.reports.model.WebServer$1.run(WebServer.java:89)}
2017-08-28 16:25:12,123 [ INFO] START LOGGER for reports. Logger: reports.file.info.trace at {ru.apertum.qsystem.common.QLog.initial(QLog.java:184)}
2017-08-28 16:25:21,955 [ INFO] Отчетный вэбсервер системы 'Очередь' запущен. at {ru.apertum.qsystem.reports.model.WebServer$1.run(WebServer.java:89)}
2017-08-28 16:36:00,535 [ INFO] START LOGGER for reports. Logger: reports.file.info.trace at {ru.apertum.qsystem.common.QLog.initial(QLog.java:184)}
2017-08-28 16:36:02,996 [ INFO] Отчетный вэбсервер системы 'Очередь' запущен. at {ru.apertum.qsystem.reports.model.WebServer$1.run(WebServer.java:89)}
2017-08-28 16:36:08,063 [ INFO] START LOGGER for reports. Logger: reports.file.info.trace at {ru.apertum.qsystem.common.QLog.initial(QLog.java:184)}
2017-08-28 16:36:18,908 [ INFO] Отчетный вэбсервер системы 'Очередь' запущен. at {ru.apertum.qsystem.reports.model.WebServer$1.run(WebServer.java:89)}
2017-08-28 16:41:28,686 [ INFO] START LOGGER for reports. Logger: reports.file.info.trace at {ru.apertum.qsystem.common.QLog.initial(QLog.java:184)}
2017-08-28 16:41:39,194 [ INFO] Отчетный вэбсервер системы 'Очередь' запущен. at {ru.apertum.qsystem.reports.model.WebServer$1.run(WebServer.java:89)}
2017-08-28 16:44:00,750 [ INFO] START LOGGER for reports. Logger: reports.file.info.trace at {ru.apertum.qsystem.common.QLog.initial(QLog.java:184)}
2017-08-28 16:44:11,188 [ INFO] Отчетный вэбсервер системы 'Очередь' запущен. at {ru.apertum.qsystem.reports.model.WebServer$1.run(WebServer.java:89)}
2017-08-28 16:50:26,797 [ INFO] START LOGGER for reports. Logger: reports.file.info.trace at {ru.apertum.qsystem.common.QLog.initial(QLog.java:184)}
2017-08-28 16:50:37,472 [ INFO] Отчетный вэбсервер системы 'Очередь' запущен. at {ru.apertum.qsystem.reports.model.WebServer$1.run(WebServer.java:89)}
2017-08-28 16:55:15,667 [ INFO] START LOGGER for reports. Logger: reports.file.info.trace at {ru.apertum.qsystem.common.QLog.initial(QLog.java:184)}
2017-08-28 16:55:18,328 [ INFO] Отчетный вэбсервер системы 'Очередь' запущен. at {ru.apertum.qsystem.reports.model.WebServer$1.run(WebServer.java:89)}
2017-08-28 16:57:37,893 [ INFO] START LOGGER for reports. Logger: reports.file.info.trace at {ru.apertum.qsystem.common.QLog.initial(QLog.java:184)}
2017-08-28 16:57:48,723 [ INFO] Отчетный вэбсервер системы 'Очередь' запущен. at {ru.apertum.qsystem.reports.model.WebServer$1.run(WebServer.java:89)}
2017-08-29 07:57:28,013 [ INFO] START LOGGER for reports. Logger: reports.file.info.trace at {ru.apertum.qsystem.common.QLog.initial(QLog.java:184)}
2017-08-29 07:57:30,389 [ INFO] Отчетный вэбсервер системы 'Очередь' запущен. at {ru.apertum.qsystem.reports.model.WebServer$1.run(WebServer.java:89)}
2017-08-29 08:01:29,006 [ INFO] START LOGGER for reports. Logger: reports.file.info.trace at {ru.apertum.qsystem.common.QLog.initial(QLog.java:184)}
2017-08-29 08:01:31,470 [ INFO] Отчетный вэбсервер системы 'Очередь' запущен. at {ru.apertum.qsystem.reports.model.WebServer$1.run(WebServer.java:89)}
2017-08-29 08:03:35,988 [ INFO] START LOGGER for reports. Logger: reports.file.info.trace at {ru.apertum.qsystem.common.QLog.initial(QLog.java:184)}
2017-08-29 08:03:38,423 [ INFO] Отчетный вэбсервер системы 'Очередь' запущен. at {ru.apertum.qsystem.reports.model.WebServer$1.run(WebServer.java:89)}
2017-08-29 08:05:31,483 [ INFO] START LOGGER for reports. Logger: reports.file.info.trace at {ru.apertum.qsystem.common.QLog.initial(QLog.java:184)}
2017-08-29 08:05:33,938 [ INFO] Отчетный вэбсервер системы 'Очередь' запущен. at {ru.apertum.qsystem.reports.model.WebServer$1.run(WebServer.java:89)}
2017-08-29 08:09:53,195 [ INFO] START LOGGER for reports. Logger: reports.file.info.trace at {ru.apertum.qsystem.common.QLog.initial(QLog.java:184)}
2017-08-29 08:09:55,887 [ERROR] Error! at {ru.apertum.qsystem.common.exceptions.ReportException.<init>(ReportException.java:34)}
ru.apertum.qsystem.common.exceptions.ReportException: Ошибка при создании серверного сокета для вэбсервера: java.net.BindException: Address already in use: JVM_Bind
	at ru.apertum.qsystem.reports.model.WebServer.startWebServer(WebServer.java:79)
	at ru.apertum.qsystem.server.QServer.main(QServer.java:147)
2017-08-29 08:10:31,402 [ INFO] START LOGGER for reports. Logger: reports.file.info.trace at {ru.apertum.qsystem.common.QLog.initial(QLog.java:184)}
2017-08-29 08:10:33,743 [ INFO] Отчетный вэбсервер системы 'Очередь' запущен. at {ru.apertum.qsystem.reports.model.WebServer$1.run(WebServer.java:89)}
2017-08-29 08:33:58,729 [ INFO] START LOGGER for reports. Logger: reports.file.info.trace at {ru.apertum.qsystem.common.QLog.initial(QLog.java:184)}
2017-08-29 08:34:01,122 [ INFO] Отчетный вэбсервер системы 'Очередь' запущен. at {ru.apertum.qsystem.reports.model.WebServer$1.run(WebServer.java:89)}
2017-08-29 08:38:55,589 [ INFO] START LOGGER for reports. Logger: reports.file.info.trace at {ru.apertum.qsystem.common.QLog.initial(QLog.java:184)}
2017-08-29 08:38:58,097 [ INFO] Отчетный вэбсервер системы 'Очередь' запущен. at {ru.apertum.qsystem.reports.model.WebServer$1.run(WebServer.java:89)}
2017-08-29 08:53:53,124 [ INFO] START LOGGER for reports. Logger: reports.file.info.trace at {ru.apertum.qsystem.common.QLog.initial(QLog.java:184)}
2017-08-29 08:53:55,660 [ INFO] Отчетный вэбсервер системы 'Очередь' запущен. at {ru.apertum.qsystem.reports.model.WebServer$1.run(WebServer.java:89)}
2017-08-29 09:01:49,904 [ INFO] START LOGGER for reports. Logger: reports.file.info.trace at {ru.apertum.qsystem.common.QLog.initial(QLog.java:184)}
2017-08-29 09:01:52,359 [ INFO] Отчетный вэбсервер системы 'Очередь' запущен. at {ru.apertum.qsystem.reports.model.WebServer$1.run(WebServer.java:89)}
2017-08-29 09:37:58,121 [ INFO] START LOGGER for reports. Logger: reports.file.info.trace at {ru.apertum.qsystem.common.QLog.initial(QLog.java:184)}
2017-08-29 09:38:00,603 [ INFO] Отчетный вэбсервер системы 'Очередь' запущен. at {ru.apertum.qsystem.reports.model.WebServer$1.run(WebServer.java:89)}
2017-08-29 10:31:08,001 [ INFO] START LOGGER for reports. Logger: reports.file.info.trace at {ru.apertum.qsystem.common.QLog.initial(QLog.java:184)}
2017-08-29 10:31:10,550 [ INFO] Отчетный вэбсервер системы 'Очередь' запущен. at {ru.apertum.qsystem.reports.model.WebServer$1.run(WebServer.java:89)}
2017-08-29 10:32:05,985 [ INFO] START LOGGER for reports. Logger: reports.file.info.trace at {ru.apertum.qsystem.common.QLog.initial(QLog.java:184)}
2017-08-29 10:32:08,427 [ INFO] Отчетный вэбсервер системы 'Очередь' запущен. at {ru.apertum.qsystem.reports.model.WebServer$1.run(WebServer.java:89)}
2017-08-29 10:40:26,074 [ INFO] START LOGGER for reports. Logger: reports.file.info.trace at {ru.apertum.qsystem.common.QLog.initial(QLog.java:184)}
2017-08-29 10:40:28,383 [ INFO] Отчетный вэбсервер системы 'Очередь' запущен. at {ru.apertum.qsystem.reports.model.WebServer$1.run(WebServer.java:89)}
2017-08-29 10:42:34,679 [ INFO] START LOGGER for reports. Logger: reports.file.info.trace at {ru.apertum.qsystem.common.QLog.initial(QLog.java:184)}
2017-08-29 10:42:36,975 [ INFO] Отчетный вэбсервер системы 'Очередь' запущен. at {ru.apertum.qsystem.reports.model.WebServer$1.run(WebServer.java:89)}
2017-08-29 10:50:55,616 [ INFO] START LOGGER for reports. Logger: reports.file.info.trace at {ru.apertum.qsystem.common.QLog.initial(QLog.java:184)}
2017-08-29 10:50:57,992 [ INFO] Отчетный вэбсервер системы 'Очередь' запущен. at {ru.apertum.qsystem.reports.model.WebServer$1.run(WebServer.java:89)}
2017-08-29 11:32:32,267 [ INFO] START LOGGER for reports. Logger: reports.file.info.trace at {ru.apertum.qsystem.common.QLog.initial(QLog.java:184)}
2017-08-29 11:32:42,456 [ INFO] Отчетный вэбсервер системы 'Очередь' запущен. at {ru.apertum.qsystem.reports.model.WebServer$1.run(WebServer.java:89)}
2017-08-29 11:35:21,971 [ INFO] START LOGGER for reports. Logger: reports.file.info.trace at {ru.apertum.qsystem.common.QLog.initial(QLog.java:184)}
2017-08-29 11:35:32,481 [ INFO] Отчетный вэбсервер системы 'Очередь' запущен. at {ru.apertum.qsystem.reports.model.WebServer$1.run(WebServer.java:89)}
2017-08-29 11:37:38,756 [ INFO] START LOGGER for reports. Logger: reports.file.info.trace at {ru.apertum.qsystem.common.QLog.initial(QLog.java:184)}
2017-08-29 11:37:41,158 [ INFO] Отчетный вэбсервер системы 'Очередь' запущен. at {ru.apertum.qsystem.reports.model.WebServer$1.run(WebServer.java:89)}
2017-08-29 11:40:48,942 [ INFO] START LOGGER for reports. Logger: reports.file.info.trace at {ru.apertum.qsystem.common.QLog.initial(QLog.java:184)}
2017-08-29 11:40:51,452 [ INFO] Отчетный вэбсервер системы 'Очередь' запущен. at {ru.apertum.qsystem.reports.model.WebServer$1.run(WebServer.java:89)}
2017-08-29 11:43:44,039 [ INFO] START LOGGER for reports. Logger: reports.file.info.trace at {ru.apertum.qsystem.common.QLog.initial(QLog.java:184)}
2017-08-29 11:43:46,504 [ INFO] Отчетный вэбсервер системы 'Очередь' запущен. at {ru.apertum.qsystem.reports.model.WebServer$1.run(WebServer.java:89)}
2017-08-29 13:00:27,948 [ INFO] START LOGGER for reports. Logger: reports.file.info.trace at {ru.apertum.qsystem.common.QLog.initial(QLog.java:184)}
2017-08-29 13:00:30,469 [ INFO] Отчетный вэбсервер системы 'Очередь' запущен. at {ru.apertum.qsystem.reports.model.WebServer$1.run(WebServer.java:89)}
2017-08-29 13:07:43,524 [ INFO] START LOGGER for reports. Logger: reports.file.info.trace at {ru.apertum.qsystem.common.QLog.initial(QLog.java:184)}
2017-08-29 13:07:54,085 [ INFO] Отчетный вэбсервер системы 'Очередь' запущен. at {ru.apertum.qsystem.reports.model.WebServer$1.run(WebServer.java:89)}
2017-08-29 13:19:00,698 [ INFO] START LOGGER for reports. Logger: reports.file.info.trace at {ru.apertum.qsystem.common.QLog.initial(QLog.java:184)}
2017-08-29 13:19:03,397 [ INFO] Отчетный вэбсервер системы 'Очередь' запущен. at {ru.apertum.qsystem.reports.model.WebServer$1.run(WebServer.java:89)}
2017-08-29 13:23:20,750 [ INFO] START LOGGER for reports. Logger: reports.file.info.trace at {ru.apertum.qsystem.common.QLog.initial(QLog.java:184)}
2017-08-29 13:23:31,482 [ INFO] Отчетный вэбсервер системы 'Очередь' запущен. at {ru.apertum.qsystem.reports.model.WebServer$1.run(WebServer.java:89)}
2017-08-29 13:29:12,563 [ INFO] START LOGGER for reports. Logger: reports.file.info.trace at {ru.apertum.qsystem.common.QLog.initial(QLog.java:184)}
2017-08-29 13:29:15,756 [ INFO] Отчетный вэбсервер системы 'Очередь' запущен. at {ru.apertum.qsystem.reports.model.WebServer$1.run(WebServer.java:89)}
2017-08-29 13:31:06,116 [ INFO] START LOGGER for reports. Logger: reports.file.info.trace at {ru.apertum.qsystem.common.QLog.initial(QLog.java:184)}
2017-08-29 13:31:08,720 [ INFO] Отчетный вэбсервер системы 'Очередь' запущен. at {ru.apertum.qsystem.reports.model.WebServer$1.run(WebServer.java:89)}
2017-08-29 13:32:02,871 [ INFO] START LOGGER for reports. Logger: reports.file.info.trace at {ru.apertum.qsystem.common.QLog.initial(QLog.java:184)}
2017-08-29 13:32:06,328 [ INFO] Отчетный вэбсервер системы 'Очередь' запущен. at {ru.apertum.qsystem.reports.model.WebServer$1.run(WebServer.java:89)}
2017-08-29 13:42:39,993 [ INFO] START LOGGER for reports. Logger: reports.file.info.trace at {ru.apertum.qsystem.common.QLog.initial(QLog.java:184)}
2017-08-29 13:42:42,621 [ INFO] Отчетный вэбсервер системы 'Очередь' запущен. at {ru.apertum.qsystem.reports.model.WebServer$1.run(WebServer.java:89)}
2017-08-29 13:48:50,452 [ INFO] START LOGGER for reports. Logger: reports.file.info.trace at {ru.apertum.qsystem.common.QLog.initial(QLog.java:184)}
2017-08-29 13:48:53,013 [ INFO] Отчетный вэбсервер системы 'Очередь' запущен. at {ru.apertum.qsystem.reports.model.WebServer$1.run(WebServer.java:89)}
2017-08-29 13:55:21,289 [ INFO] START LOGGER for reports. Logger: reports.file.info.trace at {ru.apertum.qsystem.common.QLog.initial(QLog.java:184)}
2017-08-29 13:55:24,511 [ INFO] Отчетный вэбсервер системы 'Очередь' запущен. at {ru.apertum.qsystem.reports.model.WebServer$1.run(WebServer.java:89)}
2017-08-29 14:12:39,748 [ INFO] START LOGGER for reports. Logger: reports.file.info.trace at {ru.apertum.qsystem.common.QLog.initial(QLog.java:184)}
2017-08-29 14:12:42,120 [ INFO] Отчетный вэбсервер системы 'Очередь' запущен. at {ru.apertum.qsystem.reports.model.WebServer$1.run(WebServer.java:89)}
2017-08-29 14:24:36,819 [ INFO] START LOGGER for reports. Logger: reports.file.info.trace at {ru.apertum.qsystem.common.QLog.initial(QLog.java:184)}
2017-08-29 14:24:39,296 [ INFO] Отчетный вэбсервер системы 'Очередь' запущен. at {ru.apertum.qsystem.reports.model.WebServer$1.run(WebServer.java:89)}
2017-08-29 14:26:05,722 [ INFO] START LOGGER for reports. Logger: reports.file.info.trace at {ru.apertum.qsystem.common.QLog.initial(QLog.java:184)}
2017-08-29 14:26:08,064 [ INFO] Отчетный вэбсервер системы 'Очередь' запущен. at {ru.apertum.qsystem.reports.model.WebServer$1.run(WebServer.java:89)}
2017-08-29 14:30:31,046 [ INFO] START LOGGER for reports. Logger: reports.file.info.trace at {ru.apertum.qsystem.common.QLog.initial(QLog.java:184)}
2017-08-29 14:30:33,417 [ INFO] Отчетный вэбсервер системы 'Очередь' запущен. at {ru.apertum.qsystem.reports.model.WebServer$1.run(WebServer.java:89)}
2017-08-29 14:40:43,187 [ INFO] START LOGGER for reports. Logger: reports.file.info.trace at {ru.apertum.qsystem.common.QLog.initial(QLog.java:184)}
2017-08-29 14:40:45,632 [ INFO] Отчетный вэбсервер системы 'Очередь' запущен. at {ru.apertum.qsystem.reports.model.WebServer$1.run(WebServer.java:89)}
2017-08-29 14:43:57,828 [ INFO] START LOGGER for reports. Logger: reports.file.info.trace at {ru.apertum.qsystem.common.QLog.initial(QLog.java:184)}
2017-08-29 14:44:00,226 [ INFO] Отчетный вэбсервер системы 'Очередь' запущен. at {ru.apertum.qsystem.reports.model.WebServer$1.run(WebServer.java:89)}
2017-08-29 14:59:23,990 [ INFO] START LOGGER for reports. Logger: reports.file.info.trace at {ru.apertum.qsystem.common.QLog.initial(QLog.java:184)}
2017-08-29 14:59:37,061 [ INFO] Отчетный вэбсервер системы 'Очередь' запущен. at {ru.apertum.qsystem.reports.model.WebServer$1.run(WebServer.java:89)}
2017-08-29 15:02:11,818 [ INFO] START LOGGER for reports. Logger: reports.file.info.trace at {ru.apertum.qsystem.common.QLog.initial(QLog.java:184)}
2017-08-29 15:02:22,133 [ INFO] Отчетный вэбсервер системы 'Очередь' запущен. at {ru.apertum.qsystem.reports.model.WebServer$1.run(WebServer.java:89)}
2017-08-29 15:03:54,607 [ INFO] START LOGGER for reports. Logger: reports.file.info.trace at {ru.apertum.qsystem.common.QLog.initial(QLog.java:184)}
2017-08-29 15:04:04,475 [ INFO] Отчетный вэбсервер системы 'Очередь' запущен. at {ru.apertum.qsystem.reports.model.WebServer$1.run(WebServer.java:89)}
2017-08-29 15:09:05,487 [ INFO] START LOGGER for reports. Logger: reports.file.info.trace at {ru.apertum.qsystem.common.QLog.initial(QLog.java:184)}
2017-08-29 15:09:16,091 [ INFO] Отчетный вэбсервер системы 'Очередь' запущен. at {ru.apertum.qsystem.reports.model.WebServer$1.run(WebServer.java:89)}
2017-08-29 15:13:21,548 [ INFO] START LOGGER for reports. Logger: reports.file.info.trace at {ru.apertum.qsystem.common.QLog.initial(QLog.java:184)}
2017-08-29 15:13:24,040 [ INFO] Отчетный вэбсервер системы 'Очередь' запущен. at {ru.apertum.qsystem.reports.model.WebServer$1.run(WebServer.java:89)}
2017-08-29 15:14:33,848 [ INFO] START LOGGER for reports. Logger: reports.file.info.trace at {ru.apertum.qsystem.common.QLog.initial(QLog.java:184)}
2017-08-29 15:14:43,865 [ INFO] Отчетный вэбсервер системы 'Очередь' запущен. at {ru.apertum.qsystem.reports.model.WebServer$1.run(WebServer.java:89)}
2017-08-29 16:30:37,676 [ INFO] START LOGGER for reports. Logger: reports.file.info.trace at {ru.apertum.qsystem.common.QLog.initial(QLog.java:184)}
2017-08-29 16:30:40,072 [ INFO] Отчетный вэбсервер системы 'Очередь' запущен. at {ru.apertum.qsystem.reports.model.WebServer$1.run(WebServer.java:89)}
2017-08-29 16:42:37,496 [ INFO] START LOGGER for reports. Logger: reports.file.info.trace at {ru.apertum.qsystem.common.QLog.initial(QLog.java:184)}
2017-08-29 16:42:40,296 [ INFO] Отчетный вэбсервер системы 'Очередь' запущен. at {ru.apertum.qsystem.reports.model.WebServer$1.run(WebServer.java:89)}
2017-08-29 16:47:00,173 [ INFO] START LOGGER for reports. Logger: reports.file.info.trace at {ru.apertum.qsystem.common.QLog.initial(QLog.java:184)}
2017-08-29 16:47:02,503 [ INFO] Отчетный вэбсервер системы 'Очередь' запущен. at {ru.apertum.qsystem.reports.model.WebServer$1.run(WebServer.java:89)}
2017-08-29 16:57:52,208 [ INFO] START LOGGER for reports. Logger: reports.file.info.trace at {ru.apertum.qsystem.common.QLog.initial(QLog.java:184)}
2017-08-29 16:58:03,454 [ERROR] Error! at {ru.apertum.qsystem.common.exceptions.ReportException.<init>(ReportException.java:34)}
ru.apertum.qsystem.common.exceptions.ReportException: Ошибка при создании серверного сокета для вэбсервера: java.net.BindException: Address already in use: JVM_Bind
	at ru.apertum.qsystem.reports.model.WebServer.startWebServer(WebServer.java:79)
	at ru.apertum.qsystem.server.QServer.main(QServer.java:157)
2017-08-29 16:58:35,567 [ INFO] START LOGGER for reports. Logger: reports.file.info.trace at {ru.apertum.qsystem.common.QLog.initial(QLog.java:184)}
2017-08-29 16:58:45,706 [ INFO] Отчетный вэбсервер системы 'Очередь' запущен. at {ru.apertum.qsystem.reports.model.WebServer$1.run(WebServer.java:89)}
2017-08-29 17:00:18,222 [ INFO] START LOGGER for reports. Logger: reports.file.info.trace at {ru.apertum.qsystem.common.QLog.initial(QLog.java:184)}
2017-08-29 17:00:20,994 [ INFO] Отчетный вэбсервер системы 'Очередь' запущен. at {ru.apertum.qsystem.reports.model.WebServer$1.run(WebServer.java:89)}
2017-08-29 17:01:56,792 [ INFO] START LOGGER for reports. Logger: reports.file.info.trace at {ru.apertum.qsystem.common.QLog.initial(QLog.java:184)}
2017-08-29 17:02:07,776 [ERROR] Error! at {ru.apertum.qsystem.common.exceptions.ReportException.<init>(ReportException.java:34)}
ru.apertum.qsystem.common.exceptions.ReportException: Ошибка при создании серверного сокета для вэбсервера: java.net.BindException: Address already in use: JVM_Bind
	at ru.apertum.qsystem.reports.model.WebServer.startWebServer(WebServer.java:79)
	at ru.apertum.qsystem.server.QServer.main(QServer.java:157)
2017-08-29 17:02:34,457 [ INFO] START LOGGER for reports. Logger: reports.file.info.trace at {ru.apertum.qsystem.common.QLog.initial(QLog.java:184)}
2017-08-29 17:02:44,418 [ INFO] Отчетный вэбсервер системы 'Очередь' запущен. at {ru.apertum.qsystem.reports.model.WebServer$1.run(WebServer.java:89)}
2017-08-29 17:05:09,464 [ INFO] START LOGGER for reports. Logger: reports.file.info.trace at {ru.apertum.qsystem.common.QLog.initial(QLog.java:184)}
2017-08-29 17:05:12,073 [ INFO] Отчетный вэбсервер системы 'Очередь' запущен. at {ru.apertum.qsystem.reports.model.WebServer$1.run(WebServer.java:89)}
2017-08-29 17:05:59,589 [ INFO] START LOGGER for reports. Logger: reports.file.info.trace at {ru.apertum.qsystem.common.QLog.initial(QLog.java:184)}
2017-08-29 17:06:10,484 [ERROR] Error! at {ru.apertum.qsystem.common.exceptions.ReportException.<init>(ReportException.java:34)}
ru.apertum.qsystem.common.exceptions.ReportException: Ошибка при создании серверного сокета для вэбсервера: java.net.BindException: Address already in use: JVM_Bind
	at ru.apertum.qsystem.reports.model.WebServer.startWebServer(WebServer.java:79)
	at ru.apertum.qsystem.server.QServer.main(QServer.java:157)
2017-08-29 17:06:33,014 [ INFO] START LOGGER for reports. Logger: reports.file.info.trace at {ru.apertum.qsystem.common.QLog.initial(QLog.java:184)}
2017-08-29 17:06:43,141 [ INFO] Отчетный вэбсервер системы 'Очередь' запущен. at {ru.apertum.qsystem.reports.model.WebServer$1.run(WebServer.java:89)}
2017-08-29 17:10:38,523 [ INFO] START LOGGER for reports. Logger: reports.file.info.trace at {ru.apertum.qsystem.common.QLog.initial(QLog.java:184)}
2017-08-29 17:10:40,995 [ INFO] Отчетный вэбсервер системы 'Очередь' запущен. at {ru.apertum.qsystem.reports.model.WebServer$1.run(WebServer.java:89)}
2017-08-29 17:13:37,667 [ INFO] START LOGGER for reports. Logger: reports.file.info.trace at {ru.apertum.qsystem.common.QLog.initial(QLog.java:184)}
2017-08-29 17:13:40,191 [ INFO] Отчетный вэбсервер системы 'Очередь' запущен. at {ru.apertum.qsystem.reports.model.WebServer$1.run(WebServer.java:89)}
2017-08-29 17:14:18,812 [ INFO] START LOGGER for reports. Logger: reports.file.info.trace at {ru.apertum.qsystem.common.QLog.initial(QLog.java:184)}
2017-08-29 17:14:29,141 [ INFO] Отчетный вэбсервер системы 'Очередь' запущен. at {ru.apertum.qsystem.reports.model.WebServer$1.run(WebServer.java:89)}
2017-08-29 17:15:15,711 [ INFO] START LOGGER for reports. Logger: reports.file.info.trace at {ru.apertum.qsystem.common.QLog.initial(QLog.java:184)}
2017-08-29 17:15:18,200 [ INFO] Отчетный вэбсервер системы 'Очередь' запущен. at {ru.apertum.qsystem.reports.model.WebServer$1.run(WebServer.java:89)}
2017-08-29 17:16:37,012 [ INFO] START LOGGER for reports. Logger: reports.file.info.trace at {ru.apertum.qsystem.common.QLog.initial(QLog.java:184)}
2017-08-29 17:16:39,406 [ INFO] Отчетный вэбсервер системы 'Очередь' запущен. at {ru.apertum.qsystem.reports.model.WebServer$1.run(WebServer.java:89)}
2017-08-29 17:49:54,583 [ INFO] START LOGGER for reports. Logger: reports.file.info.trace at {ru.apertum.qsystem.common.QLog.initial(QLog.java:184)}
2017-08-29 17:49:57,341 [ INFO] Отчетный вэбсервер системы 'Очередь' запущен. at {ru.apertum.qsystem.reports.model.WebServer$1.run(WebServer.java:89)}
2017-08-29 18:03:24,909 [ INFO] START LOGGER for reports. Logger: reports.file.info.trace at {ru.apertum.qsystem.common.QLog.initial(QLog.java:184)}
2017-08-29 18:03:27,327 [ INFO] Отчетный вэбсервер системы 'Очередь' запущен. at {ru.apertum.qsystem.reports.model.WebServer$1.run(WebServer.java:89)}
2017-08-29 18:34:52,150 [ INFO] START LOGGER for reports. Logger: reports.file.info.trace at {ru.apertum.qsystem.common.QLog.initial(QLog.java:184)}
2017-08-29 18:34:54,588 [ INFO] Отчетный вэбсервер системы 'Очередь' запущен. at {ru.apertum.qsystem.reports.model.WebServer$1.run(WebServer.java:89)}
2017-08-30 07:58:05,327 [ INFO] START LOGGER for reports. Logger: reports.file.info.trace at {ru.apertum.qsystem.common.QLog.initial(QLog.java:184)}
2017-08-30 07:58:07,933 [ INFO] Отчетный вэбсервер системы 'Очередь' запущен. at {ru.apertum.qsystem.reports.model.WebServer$1.run(WebServer.java:89)}
2017-08-30 08:00:24,580 [ INFO] START LOGGER for reports. Logger: reports.file.info.trace at {ru.apertum.qsystem.common.QLog.initial(QLog.java:184)}
2017-08-30 08:00:26,799 [ INFO] Отчетный вэбсервер системы 'Очередь' запущен. at {ru.apertum.qsystem.reports.model.WebServer$1.run(WebServer.java:89)}
2017-08-30 08:02:13,590 [ INFO] START LOGGER for reports. Logger: reports.file.info.trace at {ru.apertum.qsystem.common.QLog.initial(QLog.java:184)}
2017-08-30 08:02:15,612 [ INFO] Отчетный вэбсервер системы 'Очередь' запущен. at {ru.apertum.qsystem.reports.model.WebServer$1.run(WebServer.java:89)}
2017-08-30 08:12:29,419 [ INFO] START LOGGER for reports. Logger: reports.file.info.trace at {ru.apertum.qsystem.common.QLog.initial(QLog.java:184)}
2017-08-30 08:12:31,430 [ INFO] Отчетный вэбсервер системы 'Очередь' запущен. at {ru.apertum.qsystem.reports.model.WebServer$1.run(WebServer.java:89)}
2017-08-30 08:13:26,455 [ INFO] Отчетный вэбсервер системы 'Очередь' остановлен. at {ru.apertum.qsystem.reports.model.WebServer$1.run(WebServer.java:115)}
2017-08-30 08:37:45,227 [ INFO] START LOGGER for reports. Logger: reports.file.info.trace at {ru.apertum.qsystem.common.QLog.initial(QLog.java:184)}
2017-08-30 08:37:47,956 [ INFO] Отчетный вэбсервер системы 'Очередь' запущен. at {ru.apertum.qsystem.reports.model.WebServer$1.run(WebServer.java:89)}
2017-08-30 10:57:04,879 [ INFO] START LOGGER for reports. Logger: reports.file.info.trace at {ru.apertum.qsystem.common.QLog.initial(QLog.java:184)}
2017-08-30 10:57:09,988 [ INFO] Отчетный вэбсервер системы 'Очередь' запущен. at {ru.apertum.qsystem.reports.model.WebServer$1.run(WebServer.java:89)}
2017-08-30 11:05:35,994 [ INFO] START LOGGER for reports. Logger: reports.file.info.trace at {ru.apertum.qsystem.common.QLog.initial(QLog.java:184)}
2017-08-30 11:05:38,526 [ INFO] Отчетный вэбсервер системы 'Очередь' запущен. at {ru.apertum.qsystem.reports.model.WebServer$1.run(WebServer.java:89)}
2017-08-30 12:56:10,834 [ INFO] START LOGGER for reports. Logger: reports.file.info.trace at {ru.apertum.qsystem.common.QLog.initial(QLog.java:184)}
2017-08-30 12:56:21,177 [ INFO] Отчетный вэбсервер системы 'Очередь' запущен. at {ru.apertum.qsystem.reports.model.WebServer$1.run(WebServer.java:89)}
2017-08-30 12:56:30,791 [ INFO] START LOGGER for reports. Logger: reports.file.info.trace at {ru.apertum.qsystem.common.QLog.initial(QLog.java:184)}
2017-08-30 12:56:34,402 [ERROR] Error! at {ru.apertum.qsystem.common.exceptions.ReportException.<init>(ReportException.java:34)}
ru.apertum.qsystem.common.exceptions.ReportException: Ошибка при создании серверного сокета для вэбсервера: java.net.BindException: Address already in use: JVM_Bind
	at ru.apertum.qsystem.reports.model.WebServer.startWebServer(WebServer.java:79)
	at ru.apertum.qsystem.server.QServer.main(QServer.java:157)
2017-08-30 12:56:53,648 [ INFO] START LOGGER for reports. Logger: reports.file.info.trace at {ru.apertum.qsystem.common.QLog.initial(QLog.java:184)}
2017-08-30 12:56:56,051 [ INFO] Отчетный вэбсервер системы 'Очередь' запущен. at {ru.apertum.qsystem.reports.model.WebServer$1.run(WebServer.java:89)}
2017-08-30 16:06:55,827 [ INFO] START LOGGER for reports. Logger: reports.file.info.trace at {ru.apertum.qsystem.common.QLog.initial(QLog.java:184)}
2017-08-30 16:06:58,851 [ INFO] Отчетный вэбсервер системы 'Очередь' запущен. at {ru.apertum.qsystem.reports.model.WebServer$1.run(WebServer.java:89)}
2017-08-30 16:36:44,097 [ INFO] START LOGGER for reports. Logger: reports.file.info.trace at {ru.apertum.qsystem.common.QLog.initial(QLog.java:184)}
2017-08-30 16:36:46,416 [ INFO] Отчетный вэбсервер системы 'Очередь' запущен. at {ru.apertum.qsystem.reports.model.WebServer$1.run(WebServer.java:89)}
2017-08-30 17:01:17,952 [ INFO] START LOGGER for reports. Logger: reports.file.info.trace at {ru.apertum.qsystem.common.QLog.initial(QLog.java:184)}
2017-08-30 17:01:21,334 [ INFO] Отчетный вэбсервер системы 'Очередь' запущен. at {ru.apertum.qsystem.reports.model.WebServer$1.run(WebServer.java:89)}
2017-08-30 17:02:25,247 [ INFO] START LOGGER for reports. Logger: reports.file.info.trace at {ru.apertum.qsystem.common.QLog.initial(QLog.java:184)}
2017-08-30 17:02:27,710 [ INFO] Отчетный вэбсервер системы 'Очередь' запущен. at {ru.apertum.qsystem.reports.model.WebServer$1.run(WebServer.java:89)}
2017-08-30 17:04:49,863 [ INFO] START LOGGER for reports. Logger: reports.file.info.trace at {ru.apertum.qsystem.common.QLog.initial(QLog.java:184)}
2017-08-30 17:04:53,252 [ERROR] Error! at {ru.apertum.qsystem.common.exceptions.ReportException.<init>(ReportException.java:34)}
ru.apertum.qsystem.common.exceptions.ReportException: Ошибка при создании серверного сокета для вэбсервера: java.net.BindException: Address already in use: JVM_Bind
	at ru.apertum.qsystem.reports.model.WebServer.startWebServer(WebServer.java:79)
	at ru.apertum.qsystem.server.QServer.main(QServer.java:157)
2017-08-30 17:06:45,405 [ INFO] START LOGGER for reports. Logger: reports.file.info.trace at {ru.apertum.qsystem.common.QLog.initial(QLog.java:184)}
2017-08-30 17:06:47,987 [ INFO] Отчетный вэбсервер системы 'Очередь' запущен. at {ru.apertum.qsystem.reports.model.WebServer$1.run(WebServer.java:89)}
2017-08-30 17:08:15,553 [ INFO] START LOGGER for reports. Logger: reports.file.info.trace at {ru.apertum.qsystem.common.QLog.initial(QLog.java:184)}
2017-08-30 17:08:17,968 [ INFO] Отчетный вэбсервер системы 'Очередь' запущен. at {ru.apertum.qsystem.reports.model.WebServer$1.run(WebServer.java:89)}
2017-08-30 17:09:00,825 [ INFO] START LOGGER for reports. Logger: reports.file.info.trace at {ru.apertum.qsystem.common.QLog.initial(QLog.java:184)}
2017-08-30 17:09:03,943 [ INFO] Отчетный вэбсервер системы 'Очередь' запущен. at {ru.apertum.qsystem.reports.model.WebServer$1.run(WebServer.java:89)}
2017-08-30 17:10:19,177 [ INFO] START LOGGER for reports. Logger: reports.file.info.trace at {ru.apertum.qsystem.common.QLog.initial(QLog.java:184)}
2017-08-30 17:10:21,722 [ INFO] Отчетный вэбсервер системы 'Очередь' запущен. at {ru.apertum.qsystem.reports.model.WebServer$1.run(WebServer.java:89)}
2017-08-31 08:48:30,551 [ INFO] START LOGGER for reports. Logger: reports.file.info.trace at {ru.apertum.qsystem.common.QLog.initial(QLog.java:184)}
2017-08-31 08:48:33,512 [ INFO] Отчетный вэбсервер системы 'Очередь' запущен. at {ru.apertum.qsystem.reports.model.WebServer$1.run(WebServer.java:89)}
2017-08-31 08:52:09,364 [ INFO] START LOGGER for reports. Logger: reports.file.info.trace at {ru.apertum.qsystem.common.QLog.initial(QLog.java:184)}
2017-08-31 08:52:12,218 [ INFO] Отчетный вэбсервер системы 'Очередь' запущен. at {ru.apertum.qsystem.reports.model.WebServer$1.run(WebServer.java:89)}
2017-08-31 08:55:41,644 [ INFO] START LOGGER for reports. Logger: reports.file.info.trace at {ru.apertum.qsystem.common.QLog.initial(QLog.java:184)}
2017-08-31 08:55:45,252 [ INFO] Отчетный вэбсервер системы 'Очередь' запущен. at {ru.apertum.qsystem.reports.model.WebServer$1.run(WebServer.java:89)}
2017-08-31 08:56:53,895 [ INFO] START LOGGER for reports. Logger: reports.file.info.trace at {ru.apertum.qsystem.common.QLog.initial(QLog.java:184)}
2017-08-31 08:56:56,342 [ INFO] Отчетный вэбсервер системы 'Очередь' запущен. at {ru.apertum.qsystem.reports.model.WebServer$1.run(WebServer.java:89)}
2017-08-31 09:40:26,578 [ INFO] START LOGGER for reports. Logger: reports.file.info.trace at {ru.apertum.qsystem.common.QLog.initial(QLog.java:184)}
2017-08-31 09:40:29,891 [ INFO] Отчетный вэбсервер системы 'Очередь' запущен. at {ru.apertum.qsystem.reports.model.WebServer$1.run(WebServer.java:89)}
2017-08-31 13:16:54,564 [ INFO] START LOGGER for reports. Logger: reports.file.info.trace at {ru.apertum.qsystem.common.QLog.initial(QLog.java:184)}
2017-08-31 13:16:57,448 [ INFO] Отчетный вэбсервер системы 'Очередь' запущен. at {ru.apertum.qsystem.reports.model.WebServer$1.run(WebServer.java:89)}
2017-08-31 13:17:49,531 [ INFO] START LOGGER for reports. Logger: reports.file.info.trace at {ru.apertum.qsystem.common.QLog.initial(QLog.java:184)}
2017-08-31 13:17:52,962 [ INFO] Отчетный вэбсервер системы 'Очередь' запущен. at {ru.apertum.qsystem.reports.model.WebServer$1.run(WebServer.java:89)}
2017-08-31 13:18:57,842 [ INFO] START LOGGER for reports. Logger: reports.file.info.trace at {ru.apertum.qsystem.common.QLog.initial(QLog.java:184)}
2017-08-31 13:19:01,238 [ INFO] Отчетный вэбсервер системы 'Очередь' запущен. at {ru.apertum.qsystem.reports.model.WebServer$1.run(WebServer.java:89)}
2017-08-31 13:21:19,495 [ INFO] START LOGGER for reports. Logger: reports.file.info.trace at {ru.apertum.qsystem.common.QLog.initial(QLog.java:184)}
2017-08-31 13:21:22,395 [ INFO] Отчетный вэбсервер системы 'Очередь' запущен. at {ru.apertum.qsystem.reports.model.WebServer$1.run(WebServer.java:89)}
2017-08-31 13:22:19,255 [ INFO] START LOGGER for reports. Logger: reports.file.info.trace at {ru.apertum.qsystem.common.QLog.initial(QLog.java:184)}
2017-08-31 13:22:22,816 [ INFO] Отчетный вэбсервер системы 'Очередь' запущен. at {ru.apertum.qsystem.reports.model.WebServer$1.run(WebServer.java:89)}
2017-08-31 13:26:37,811 [ INFO] START LOGGER for reports. Logger: reports.file.info.trace at {ru.apertum.qsystem.common.QLog.initial(QLog.java:184)}
2017-08-31 13:26:41,357 [ INFO] Отчетный вэбсервер системы 'Очередь' запущен. at {ru.apertum.qsystem.reports.model.WebServer$1.run(WebServer.java:89)}
2017-08-31 13:29:51,484 [ INFO] START LOGGER for reports. Logger: reports.file.info.trace at {ru.apertum.qsystem.common.QLog.initial(QLog.java:184)}
2017-08-31 13:29:54,581 [ INFO] Отчетный вэбсервер системы 'Очередь' запущен. at {ru.apertum.qsystem.reports.model.WebServer$1.run(WebServer.java:89)}
2017-08-31 13:32:10,794 [ INFO] START LOGGER for reports. Logger: reports.file.info.trace at {ru.apertum.qsystem.common.QLog.initial(QLog.java:184)}
2017-08-31 13:32:13,352 [ INFO] Отчетный вэбсервер системы 'Очередь' запущен. at {ru.apertum.qsystem.reports.model.WebServer$1.run(WebServer.java:89)}
2017-08-31 13:54:37,221 [ INFO] START LOGGER for reports. Logger: reports.file.info.trace at {ru.apertum.qsystem.common.QLog.initial(QLog.java:184)}
2017-08-31 13:54:40,348 [ INFO] Отчетный вэбсервер системы 'Очередь' запущен. at {ru.apertum.qsystem.reports.model.WebServer$1.run(WebServer.java:89)}
2017-09-01 08:15:26,656 [ INFO] START LOGGER for reports. Logger: reports.file.info.trace at {ru.apertum.qsystem.common.QLog.initial(QLog.java:184)}
2017-09-01 08:15:29,395 [ INFO] Отчетный вэбсервер системы 'Очередь' запущен. at {ru.apertum.qsystem.reports.model.WebServer$1.run(WebServer.java:89)}
2017-09-01 08:16:32,980 [ INFO] START LOGGER for reports. Logger: reports.file.info.trace at {ru.apertum.qsystem.common.QLog.initial(QLog.java:184)}
2017-09-01 08:16:35,526 [ INFO] Отчетный вэбсервер системы 'Очередь' запущен. at {ru.apertum.qsystem.reports.model.WebServer$1.run(WebServer.java:89)}
2017-09-01 08:18:27,905 [ INFO] START LOGGER for reports. Logger: reports.file.info.trace at {ru.apertum.qsystem.common.QLog.initial(QLog.java:184)}
2017-09-01 08:18:31,380 [ INFO] Отчетный вэбсервер системы 'Очередь' запущен. at {ru.apertum.qsystem.reports.model.WebServer$1.run(WebServer.java:89)}
2017-09-01 08:19:26,478 [ INFO] START LOGGER for reports. Logger: reports.file.info.trace at {ru.apertum.qsystem.common.QLog.initial(QLog.java:184)}
2017-09-01 08:19:28,814 [ INFO] Отчетный вэбсервер системы 'Очередь' запущен. at {ru.apertum.qsystem.reports.model.WebServer$1.run(WebServer.java:89)}
2017-09-01 08:20:15,794 [ INFO] START LOGGER for reports. Logger: reports.file.info.trace at {ru.apertum.qsystem.common.QLog.initial(QLog.java:184)}
2017-09-01 08:20:18,915 [ INFO] Отчетный вэбсервер системы 'Очередь' запущен. at {ru.apertum.qsystem.reports.model.WebServer$1.run(WebServer.java:89)}
2017-09-01 08:21:22,138 [ INFO] START LOGGER for reports. Logger: reports.file.info.trace at {ru.apertum.qsystem.common.QLog.initial(QLog.java:184)}
2017-09-01 08:21:24,975 [ INFO] Отчетный вэбсервер системы 'Очередь' запущен. at {ru.apertum.qsystem.reports.model.WebServer$1.run(WebServer.java:89)}
2017-09-01 08:23:05,615 [ INFO] START LOGGER for reports. Logger: reports.file.info.trace at {ru.apertum.qsystem.common.QLog.initial(QLog.java:184)}
2017-09-01 08:23:08,848 [ INFO] Отчетный вэбсервер системы 'Очередь' запущен. at {ru.apertum.qsystem.reports.model.WebServer$1.run(WebServer.java:89)}
2017-09-01 13:43:51,216 [ INFO] START LOGGER for reports. Logger: reports.file.info.trace at {ru.apertum.qsystem.common.QLog.initial(QLog.java:184)}
2017-09-01 13:43:53,863 [ INFO] Отчетный вэбсервер системы 'Очередь' запущен. at {ru.apertum.qsystem.reports.model.WebServer$1.run(WebServer.java:89)}
2017-09-01 13:46:47,799 [ INFO] START LOGGER for reports. Logger: reports.file.info.trace at {ru.apertum.qsystem.common.QLog.initial(QLog.java:184)}
2017-09-01 13:46:50,141 [ INFO] Отчетный вэбсервер системы 'Очередь' запущен. at {ru.apertum.qsystem.reports.model.WebServer$1.run(WebServer.java:89)}
2017-09-01 13:51:10,512 [ INFO] START LOGGER for reports. Logger: reports.file.info.trace at {ru.apertum.qsystem.common.QLog.initial(QLog.java:184)}
2017-09-01 13:51:20,535 [ INFO] Отчетный вэбсервер системы 'Очередь' запущен. at {ru.apertum.qsystem.reports.model.WebServer$1.run(WebServer.java:89)}
2017-09-01 13:58:44,712 [ INFO] START LOGGER for reports. Logger: reports.file.info.trace at {ru.apertum.qsystem.common.QLog.initial(QLog.java:184)}
2017-09-01 13:58:47,080 [ INFO] Отчетный вэбсервер системы 'Очередь' запущен. at {ru.apertum.qsystem.reports.model.WebServer$1.run(WebServer.java:89)}
2017-09-01 13:58:53,544 [ INFO] START LOGGER for reports. Logger: reports.file.info.trace at {ru.apertum.qsystem.common.QLog.initial(QLog.java:184)}
2017-09-01 13:59:03,432 [ INFO] Отчетный вэбсервер системы 'Очередь' запущен. at {ru.apertum.qsystem.reports.model.WebServer$1.run(WebServer.java:89)}
2017-09-01 14:09:38,606 [ INFO] START LOGGER for reports. Logger: reports.file.info.trace at {ru.apertum.qsystem.common.QLog.initial(QLog.java:184)}
2017-09-01 14:09:41,071 [ INFO] Отчетный вэбсервер системы 'Очередь' запущен. at {ru.apertum.qsystem.reports.model.WebServer$1.run(WebServer.java:89)}
2017-09-01 14:10:36,474 [ INFO] START LOGGER for reports. Logger: reports.file.info.trace at {ru.apertum.qsystem.common.QLog.initial(QLog.java:184)}
2017-09-01 14:10:46,823 [ INFO] Отчетный вэбсервер системы 'Очередь' запущен. at {ru.apertum.qsystem.reports.model.WebServer$1.run(WebServer.java:89)}
2017-09-01 14:12:51,251 [ INFO] START LOGGER for reports. Logger: reports.file.info.trace at {ru.apertum.qsystem.common.QLog.initial(QLog.java:184)}
2017-09-01 14:13:01,653 [ INFO] Отчетный вэбсервер системы 'Очередь' запущен. at {ru.apertum.qsystem.reports.model.WebServer$1.run(WebServer.java:89)}
2017-09-05 09:10:27,270 [ INFO] START LOGGER for reports. Logger: reports.file.info.trace at {ru.apertum.qsystem.common.QLog.initial(QLog.java:184)}
2017-09-05 09:11:28,373 [ INFO] START LOGGER for reports. Logger: reports.file.info.trace at {ru.apertum.qsystem.common.QLog.initial(QLog.java:184)}
2017-09-05 09:13:15,559 [ INFO] START LOGGER for reports. Logger: reports.file.info.trace at {ru.apertum.qsystem.common.QLog.initial(QLog.java:184)}
2017-09-05 09:13:18,094 [ INFO] Отчетный вэбсервер системы 'Очередь' запущен. at {ru.apertum.qsystem.reports.model.WebServer$1.run(WebServer.java:89)}
2017-09-05 09:14:55,649 [ INFO] START LOGGER for reports. Logger: reports.file.info.trace at {ru.apertum.qsystem.common.QLog.initial(QLog.java:184)}
2017-09-05 09:14:58,018 [ INFO] Отчетный вэбсервер системы 'Очередь' запущен. at {ru.apertum.qsystem.reports.model.WebServer$1.run(WebServer.java:89)}
2017-09-05 10:40:14,726 [ INFO] START LOGGER for reports. Logger: reports.file.info.trace at {ru.apertum.qsystem.common.QLog.initial(QLog.java:184)}
2017-09-05 10:40:17,605 [ INFO] Отчетный вэбсервер системы 'Очередь' запущен. at {ru.apertum.qsystem.reports.model.WebServer$1.run(WebServer.java:89)}
2017-09-05 10:52:30,388 [ INFO] START LOGGER for reports. Logger: reports.file.info.trace at {ru.apertum.qsystem.common.QLog.initial(QLog.java:184)}
2017-09-05 10:52:32,858 [ INFO] Отчетный вэбсервер системы 'Очередь' запущен. at {ru.apertum.qsystem.reports.model.WebServer$1.run(WebServer.java:89)}
2017-09-05 14:28:48,679 [ INFO] START LOGGER for reports. Logger: reports.file.info.trace at {ru.apertum.qsystem.common.QLog.initial(QLog.java:184)}
2017-09-05 14:28:58,662 [ INFO] Отчетный вэбсервер системы 'Очередь' запущен. at {ru.apertum.qsystem.reports.model.WebServer$1.run(WebServer.java:89)}
2017-09-05 14:39:59,640 [ INFO] START LOGGER for reports. Logger: reports.file.info.trace at {ru.apertum.qsystem.common.QLog.initial(QLog.java:184)}
2017-09-05 14:40:02,562 [ INFO] Отчетный вэбсервер системы 'Очередь' запущен. at {ru.apertum.qsystem.reports.model.WebServer$1.run(WebServer.java:89)}
2017-09-05 14:40:15,185 [ INFO] START LOGGER for reports. Logger: reports.file.info.trace at {ru.apertum.qsystem.common.QLog.initial(QLog.java:184)}
2017-09-05 14:40:25,399 [ INFO] Отчетный вэбсервер системы 'Очередь' запущен. at {ru.apertum.qsystem.reports.model.WebServer$1.run(WebServer.java:89)}
2017-09-05 14:43:23,173 [ INFO] START LOGGER for reports. Logger: reports.file.info.trace at {ru.apertum.qsystem.common.QLog.initial(QLog.java:184)}
2017-09-05 14:43:33,210 [ INFO] Отчетный вэбсервер системы 'Очередь' запущен. at {ru.apertum.qsystem.reports.model.WebServer$1.run(WebServer.java:89)}
2017-09-05 14:47:03,013 [ INFO] START LOGGER for reports. Logger: reports.file.info.trace at {ru.apertum.qsystem.common.QLog.initial(QLog.java:184)}
2017-09-05 14:47:05,420 [ INFO] Отчетный вэбсервер системы 'Очередь' запущен. at {ru.apertum.qsystem.reports.model.WebServer$1.run(WebServer.java:89)}
2017-09-05 15:56:35,930 [ INFO] START LOGGER for reports. Logger: reports.file.info.trace at {ru.apertum.qsystem.common.QLog.initial(QLog.java:184)}
2017-09-05 15:56:47,161 [ INFO] Отчетный вэбсервер системы 'Очередь' запущен. at {ru.apertum.qsystem.reports.model.WebServer$1.run(WebServer.java:89)}
2017-09-05 16:09:31,951 [ INFO] START LOGGER for reports. Logger: reports.file.info.trace at {ru.apertum.qsystem.common.QLog.initial(QLog.java:184)}
2017-09-05 16:09:42,342 [ INFO] Отчетный вэбсервер системы 'Очередь' запущен. at {ru.apertum.qsystem.reports.model.WebServer$1.run(WebServer.java:89)}
2017-09-05 16:11:33,715 [ INFO] START LOGGER for reports. Logger: reports.file.info.trace at {ru.apertum.qsystem.common.QLog.initial(QLog.java:184)}
2017-09-05 16:11:43,967 [ INFO] Отчетный вэбсервер системы 'Очередь' запущен. at {ru.apertum.qsystem.reports.model.WebServer$1.run(WebServer.java:89)}
2017-09-05 16:17:31,333 [DEBUG] Загружено из базы 15 отчетов. at {ru.apertum.qsystem.reports.model.QReportsList.load(QReportsList.java:68)}
2017-09-05 16:18:39,486 [ INFO] START LOGGER for reports. Logger: reports.file.info.trace at {ru.apertum.qsystem.common.QLog.initial(QLog.java:184)}
2017-09-05 16:18:42,016 [ INFO] Отчетный вэбсервер системы 'Очередь' запущен. at {ru.apertum.qsystem.reports.model.WebServer$1.run(WebServer.java:89)}
2017-09-05 16:20:04,157 [DEBUG] Загружено из базы 15 отчетов. at {ru.apertum.qsystem.reports.model.QReportsList.load(QReportsList.java:68)}
2017-09-05 16:29:38,915 [DEBUG] Загружено из базы 15 отчетов. at {ru.apertum.qsystem.reports.model.QReportsList.load(QReportsList.java:68)}
2017-09-05 16:31:16,766 [ INFO] START LOGGER for reports. Logger: reports.file.info.trace at {ru.apertum.qsystem.common.QLog.initial(QLog.java:184)}
2017-09-05 16:31:19,232 [ INFO] Отчетный вэбсервер системы 'Очередь' запущен. at {ru.apertum.qsystem.reports.model.WebServer$1.run(WebServer.java:89)}
2017-09-05 16:38:55,407 [ INFO] START LOGGER for reports. Logger: reports.file.info.trace at {ru.apertum.qsystem.common.QLog.initial(QLog.java:184)}
2017-09-05 16:38:57,809 [ INFO] Отчетный вэбсервер системы 'Очередь' запущен. at {ru.apertum.qsystem.reports.model.WebServer$1.run(WebServer.java:89)}
2017-09-05 16:40:22,668 [ INFO] START LOGGER for reports. Logger: reports.file.info.trace at {ru.apertum.qsystem.common.QLog.initial(QLog.java:184)}
2017-09-05 16:40:25,067 [ INFO] Отчетный вэбсервер системы 'Очередь' запущен. at {ru.apertum.qsystem.reports.model.WebServer$1.run(WebServer.java:89)}
2017-09-05 16:59:09,838 [ INFO] START LOGGER for reports. Logger: reports.file.info.trace at {ru.apertum.qsystem.common.QLog.initial(QLog.java:184)}
2017-09-05 16:59:14,345 [ INFO] Отчетный вэбсервер системы 'Очередь' запущен. at {ru.apertum.qsystem.reports.model.WebServer$1.run(WebServer.java:89)}
2017-09-05 17:12:39,059 [ INFO] START LOGGER for reports. Logger: reports.file.info.trace at {ru.apertum.qsystem.common.QLog.initial(QLog.java:184)}
2017-09-05 17:12:41,520 [ INFO] Отчетный вэбсервер системы 'Очередь' запущен. at {ru.apertum.qsystem.reports.model.WebServer$1.run(WebServer.java:89)}
2017-09-05 17:46:46,465 [DEBUG] Загружено из базы 15 отчетов. at {ru.apertum.qsystem.reports.model.QReportsList.load(QReportsList.java:68)}
2017-09-05 17:47:12,125 [ INFO] START LOGGER for reports. Logger: reports.file.info.trace at {ru.apertum.qsystem.common.QLog.initial(QLog.java:184)}
2017-09-05 17:47:14,406 [ INFO] Отчетный вэбсервер системы 'Очередь' запущен. at {ru.apertum.qsystem.reports.model.WebServer$1.run(WebServer.java:89)}
2017-09-05 17:49:22,573 [ INFO] START LOGGER for reports. Logger: reports.file.info.trace at {ru.apertum.qsystem.common.QLog.initial(QLog.java:184)}
2017-09-05 17:49:25,046 [ INFO] Отчетный вэбсервер системы 'Очередь' запущен. at {ru.apertum.qsystem.reports.model.WebServer$1.run(WebServer.java:89)}
2017-09-05 17:51:56,088 [DEBUG] Загружено из базы 15 отчетов. at {ru.apertum.qsystem.reports.model.QReportsList.load(QReportsList.java:68)}
2017-09-05 17:52:40,048 [ INFO] START LOGGER for reports. Logger: reports.file.info.trace at {ru.apertum.qsystem.common.QLog.initial(QLog.java:184)}
2017-09-05 17:52:42,477 [ INFO] Отчетный вэбсервер системы 'Очередь' запущен. at {ru.apertum.qsystem.reports.model.WebServer$1.run(WebServer.java:89)}
2017-09-05 18:01:21,427 [DEBUG] Загружено из базы 15 отчетов. at {ru.apertum.qsystem.reports.model.QReportsList.load(QReportsList.java:68)}
2017-09-05 18:01:51,636 [DEBUG] Загружено из базы 15 отчетов. at {ru.apertum.qsystem.reports.model.QReportsList.load(QReportsList.java:68)}
2017-09-05 18:02:05,404 [ INFO] START LOGGER for reports. Logger: reports.file.info.trace at {ru.apertum.qsystem.common.QLog.initial(QLog.java:184)}
2017-09-05 18:02:07,853 [ INFO] Отчетный вэбсервер системы 'Очередь' запущен. at {ru.apertum.qsystem.reports.model.WebServer$1.run(WebServer.java:89)}
2017-09-05 18:05:48,813 [ INFO] START LOGGER for reports. Logger: reports.file.info.trace at {ru.apertum.qsystem.common.QLog.initial(QLog.java:184)}
2017-09-05 18:05:51,400 [ INFO] Отчетный вэбсервер системы 'Очередь' запущен. at {ru.apertum.qsystem.reports.model.WebServer$1.run(WebServer.java:89)}
2017-09-06 08:29:36,885 [ INFO] START LOGGER for reports. Logger: reports.file.info.trace at {ru.apertum.qsystem.common.QLog.initial(QLog.java:184)}
2017-09-06 08:29:39,981 [ INFO] Отчетный вэбсервер системы 'Очередь' запущен. at {ru.apertum.qsystem.reports.model.WebServer$1.run(WebServer.java:89)}
2017-09-06 10:56:30,428 [DEBUG] Загружено из базы 15 отчетов. at {ru.apertum.qsystem.reports.model.QReportsList.load(QReportsList.java:68)}
2017-09-06 10:58:26,113 [ INFO] START LOGGER for reports. Logger: reports.file.info.trace at {ru.apertum.qsystem.common.QLog.initial(QLog.java:184)}
2017-09-06 10:58:28,882 [ INFO] Отчетный вэбсервер системы 'Очередь' запущен. at {ru.apertum.qsystem.reports.model.WebServer$1.run(WebServer.java:89)}
2017-09-06 10:59:19,653 [DEBUG] Загружено из базы 15 отчетов. at {ru.apertum.qsystem.reports.model.QReportsList.load(QReportsList.java:68)}
2017-09-06 10:59:41,510 [ INFO] START LOGGER for reports. Logger: reports.file.info.trace at {ru.apertum.qsystem.common.QLog.initial(QLog.java:184)}
2017-09-06 10:59:43,977 [ INFO] Отчетный вэбсервер системы 'Очередь' запущен. at {ru.apertum.qsystem.reports.model.WebServer$1.run(WebServer.java:89)}
2017-09-06 11:00:44,497 [DEBUG] Загружено из базы 15 отчетов. at {ru.apertum.qsystem.reports.model.QReportsList.load(QReportsList.java:68)}
2017-09-06 11:01:34,688 [ INFO] START LOGGER for reports. Logger: reports.file.info.trace at {ru.apertum.qsystem.common.QLog.initial(QLog.java:184)}
2017-09-06 11:01:37,131 [ INFO] Отчетный вэбсервер системы 'Очередь' запущен. at {ru.apertum.qsystem.reports.model.WebServer$1.run(WebServer.java:89)}
2017-09-06 11:02:06,307 [DEBUG] Загружено из базы 15 отчетов. at {ru.apertum.qsystem.reports.model.QReportsList.load(QReportsList.java:68)}
2017-09-06 11:02:24,560 [ INFO] START LOGGER for reports. Logger: reports.file.info.trace at {ru.apertum.qsystem.common.QLog.initial(QLog.java:184)}
2017-09-06 11:02:27,104 [ INFO] Отчетный вэбсервер системы 'Очередь' запущен. at {ru.apertum.qsystem.reports.model.WebServer$1.run(WebServer.java:89)}
2017-09-06 11:03:01,222 [DEBUG] Загружено из базы 15 отчетов. at {ru.apertum.qsystem.reports.model.QReportsList.load(QReportsList.java:68)}
2017-09-06 11:03:16,913 [ INFO] START LOGGER for reports. Logger: reports.file.info.trace at {ru.apertum.qsystem.common.QLog.initial(QLog.java:184)}
2017-09-06 11:03:19,418 [ INFO] Отчетный вэбсервер системы 'Очередь' запущен. at {ru.apertum.qsystem.reports.model.WebServer$1.run(WebServer.java:89)}
2017-09-06 13:17:24,220 [ INFO] START LOGGER for reports. Logger: reports.file.info.trace at {ru.apertum.qsystem.common.QLog.initial(QLog.java:184)}
2017-09-06 13:17:27,681 [ INFO] Отчетный вэбсервер системы 'Очередь' запущен. at {ru.apertum.qsystem.reports.model.WebServer$1.run(WebServer.java:89)}
2017-09-06 13:27:01,833 [ INFO] START LOGGER for reports. Logger: reports.file.info.trace at {ru.apertum.qsystem.common.QLog.initial(QLog.java:184)}
2017-09-06 13:27:04,349 [ INFO] Отчетный вэбсервер системы 'Очередь' запущен. at {ru.apertum.qsystem.reports.model.WebServer$1.run(WebServer.java:89)}
2017-09-06 13:31:50,886 [ INFO] START LOGGER for reports. Logger: reports.file.info.trace at {ru.apertum.qsystem.common.QLog.initial(QLog.java:184)}
2017-09-06 13:31:53,314 [ INFO] Отчетный вэбсервер системы 'Очередь' запущен. at {ru.apertum.qsystem.reports.model.WebServer$1.run(WebServer.java:89)}
2017-09-06 13:33:34,789 [ INFO] START LOGGER for reports. Logger: reports.file.info.trace at {ru.apertum.qsystem.common.QLog.initial(QLog.java:184)}
2017-09-06 13:33:37,105 [ INFO] Отчетный вэбсервер системы 'Очередь' запущен. at {ru.apertum.qsystem.reports.model.WebServer$1.run(WebServer.java:89)}
2017-09-06 13:43:05,241 [DEBUG] Загружено из базы 15 отчетов. at {ru.apertum.qsystem.reports.model.QReportsList.load(QReportsList.java:68)}
2017-09-06 13:43:50,624 [ INFO] START LOGGER for reports. Logger: reports.file.info.trace at {ru.apertum.qsystem.common.QLog.initial(QLog.java:184)}
2017-09-06 13:43:53,207 [ INFO] Отчетный вэбсервер системы 'Очередь' запущен. at {ru.apertum.qsystem.reports.model.WebServer$1.run(WebServer.java:89)}
2017-09-06 13:52:02,786 [DEBUG] Загружено из базы 15 отчетов. at {ru.apertum.qsystem.reports.model.QReportsList.load(QReportsList.java:68)}
2017-09-06 13:52:18,444 [ INFO] START LOGGER for reports. Logger: reports.file.info.trace at {ru.apertum.qsystem.common.QLog.initial(QLog.java:184)}
2017-09-06 13:52:20,958 [ INFO] Отчетный вэбсервер системы 'Очередь' запущен. at {ru.apertum.qsystem.reports.model.WebServer$1.run(WebServer.java:89)}
2017-09-06 13:56:14,991 [DEBUG] Загружено из базы 15 отчетов. at {ru.apertum.qsystem.reports.model.QReportsList.load(QReportsList.java:68)}
2017-09-06 13:56:32,440 [ INFO] START LOGGER for reports. Logger: reports.file.info.trace at {ru.apertum.qsystem.common.QLog.initial(QLog.java:184)}
2017-09-06 13:56:42,535 [ INFO] Отчетный вэбсервер системы 'Очередь' запущен. at {ru.apertum.qsystem.reports.model.WebServer$1.run(WebServer.java:89)}
2017-09-06 14:18:18,503 [ INFO] START LOGGER for reports. Logger: reports.file.info.trace at {ru.apertum.qsystem.common.QLog.initial(QLog.java:184)}
2017-09-06 14:18:20,899 [ INFO] Отчетный вэбсервер системы 'Очередь' запущен. at {ru.apertum.qsystem.reports.model.WebServer$1.run(WebServer.java:89)}
2017-09-06 14:45:50,847 [ INFO] START LOGGER for reports. Logger: reports.file.info.trace at {ru.apertum.qsystem.common.QLog.initial(QLog.java:184)}
2017-09-06 14:45:53,554 [ INFO] Отчетный вэбсервер системы 'Очередь' запущен. at {ru.apertum.qsystem.reports.model.WebServer$1.run(WebServer.java:89)}
2017-09-06 15:17:34,106 [ INFO] START LOGGER for reports. Logger: reports.file.info.trace at {ru.apertum.qsystem.common.QLog.initial(QLog.java:184)}
2017-09-06 15:17:37,189 [ INFO] Отчетный вэбсервер системы 'Очередь' запущен. at {ru.apertum.qsystem.reports.model.WebServer$1.run(WebServer.java:89)}
2017-09-06 16:44:45,434 [ INFO] START LOGGER for reports. Logger: reports.file.info.trace at {ru.apertum.qsystem.common.QLog.initial(QLog.java:184)}
2017-09-06 16:44:47,907 [ INFO] Отчетный вэбсервер системы 'Очередь' запущен. at {ru.apertum.qsystem.reports.model.WebServer$1.run(WebServer.java:89)}
2017-09-06 16:47:14,347 [ INFO] START LOGGER for reports. Logger: reports.file.info.trace at {ru.apertum.qsystem.common.QLog.initial(QLog.java:184)}
2017-09-06 16:47:16,764 [ INFO] Отчетный вэбсервер системы 'Очередь' запущен. at {ru.apertum.qsystem.reports.model.WebServer$1.run(WebServer.java:89)}
2017-09-06 16:54:46,510 [ INFO] START LOGGER for reports. Logger: reports.file.info.trace at {ru.apertum.qsystem.common.QLog.initial(QLog.java:184)}
2017-09-06 16:54:48,916 [ INFO] Отчетный вэбсервер системы 'Очередь' запущен. at {ru.apertum.qsystem.reports.model.WebServer$1.run(WebServer.java:89)}
2017-09-07 07:44:50,356 [ INFO] START LOGGER for reports. Logger: reports.file.info.trace at {ru.apertum.qsystem.common.QLog.initial(QLog.java:184)}
2017-09-07 07:44:52,640 [ INFO] Отчетный вэбсервер системы 'Очередь' запущен. at {ru.apertum.qsystem.reports.model.WebServer$1.run(WebServer.java:89)}
2017-09-07 07:46:06,364 [DEBUG] Загружено из базы 15 отчетов. at {ru.apertum.qsystem.reports.model.QReportsList.load(QReportsList.java:68)}
2017-09-07 07:46:37,809 [ INFO] START LOGGER for reports. Logger: reports.file.info.trace at {ru.apertum.qsystem.common.QLog.initial(QLog.java:184)}
2017-09-07 07:46:40,305 [ INFO] Отчетный вэбсервер системы 'Очередь' запущен. at {ru.apertum.qsystem.reports.model.WebServer$1.run(WebServer.java:89)}
2017-09-07 10:35:07,747 [ INFO] START LOGGER for reports. Logger: reports.file.info.trace at {ru.apertum.qsystem.common.QLog.initial(QLog.java:184)}
2017-09-07 10:35:10,100 [ INFO] Отчетный вэбсервер системы 'Очередь' запущен. at {ru.apertum.qsystem.reports.model.WebServer$1.run(WebServer.java:89)}
2017-09-07 10:39:12,797 [ INFO] START LOGGER for reports. Logger: reports.file.info.trace at {ru.apertum.qsystem.common.QLog.initial(QLog.java:184)}
2017-09-07 10:39:15,175 [ INFO] Отчетный вэбсервер системы 'Очередь' запущен. at {ru.apertum.qsystem.reports.model.WebServer$1.run(WebServer.java:89)}
2017-09-07 10:48:17,386 [ INFO] START LOGGER for reports. Logger: reports.file.info.trace at {ru.apertum.qsystem.common.QLog.initial(QLog.java:184)}
2017-09-07 10:48:19,701 [ INFO] Отчетный вэбсервер системы 'Очередь' запущен. at {ru.apertum.qsystem.reports.model.WebServer$1.run(WebServer.java:89)}
2017-09-07 11:04:34,051 [ INFO] START LOGGER for reports. Logger: reports.file.info.trace at {ru.apertum.qsystem.common.QLog.initial(QLog.java:184)}
2017-09-07 11:04:36,941 [ INFO] Отчетный вэбсервер системы 'Очередь' запущен. at {ru.apertum.qsystem.reports.model.WebServer$1.run(WebServer.java:89)}
2017-09-07 14:30:07,402 [ INFO] START LOGGER for reports. Logger: reports.file.info.trace at {ru.apertum.qsystem.common.QLog.initial(QLog.java:184)}
2017-09-07 14:30:10,156 [ INFO] Отчетный вэбсервер системы 'Очередь' запущен. at {ru.apertum.qsystem.reports.model.WebServer$1.run(WebServer.java:89)}
2017-09-07 14:30:57,360 [ INFO] START LOGGER for reports. Logger: reports.file.info.trace at {ru.apertum.qsystem.common.QLog.initial(QLog.java:184)}
2017-09-07 14:31:07,915 [ INFO] Отчетный вэбсервер системы 'Очередь' запущен. at {ru.apertum.qsystem.reports.model.WebServer$1.run(WebServer.java:89)}
2017-09-07 14:31:16,867 [ INFO] START LOGGER for reports. Logger: reports.file.info.trace at {ru.apertum.qsystem.common.QLog.initial(QLog.java:184)}
2017-09-07 14:31:19,893 [ERROR] Error! at {ru.apertum.qsystem.common.exceptions.ReportException.<init>(ReportException.java:34)}
ru.apertum.qsystem.common.exceptions.ReportException: Ошибка при создании серверного сокета для вэбсервера: java.net.BindException: Address already in use: JVM_Bind
	at ru.apertum.qsystem.reports.model.WebServer.startWebServer(WebServer.java:79)
	at ru.apertum.qsystem.server.QServer.main(QServer.java:157)
2017-09-07 14:32:16,229 [ INFO] START LOGGER for reports. Logger: reports.file.info.trace at {ru.apertum.qsystem.common.QLog.initial(QLog.java:184)}
2017-09-07 14:32:26,743 [ INFO] Отчетный вэбсервер системы 'Очередь' запущен. at {ru.apertum.qsystem.reports.model.WebServer$1.run(WebServer.java:89)}
2017-09-07 14:33:21,257 [ INFO] START LOGGER for reports. Logger: reports.file.info.trace at {ru.apertum.qsystem.common.QLog.initial(QLog.java:184)}
2017-09-07 14:33:31,618 [ INFO] Отчетный вэбсервер системы 'Очередь' запущен. at {ru.apertum.qsystem.reports.model.WebServer$1.run(WebServer.java:89)}
2017-09-07 14:33:51,643 [ INFO] START LOGGER for reports. Logger: reports.file.info.trace at {ru.apertum.qsystem.common.QLog.initial(QLog.java:184)}
2017-09-07 14:34:02,158 [ INFO] Отчетный вэбсервер системы 'Очередь' запущен. at {ru.apertum.qsystem.reports.model.WebServer$1.run(WebServer.java:89)}
2017-09-07 14:36:30,960 [ INFO] START LOGGER for reports. Logger: reports.file.info.trace at {ru.apertum.qsystem.common.QLog.initial(QLog.java:184)}
2017-09-07 14:36:41,231 [ INFO] Отчетный вэбсервер системы 'Очередь' запущен. at {ru.apertum.qsystem.reports.model.WebServer$1.run(WebServer.java:89)}
2017-09-07 15:07:31,964 [ INFO] START LOGGER for reports. Logger: reports.file.info.trace at {ru.apertum.qsystem.common.QLog.initial(QLog.java:184)}
2017-09-07 15:07:34,367 [ INFO] Отчетный вэбсервер системы 'Очередь' запущен. at {ru.apertum.qsystem.reports.model.WebServer$1.run(WebServer.java:89)}
2017-09-07 15:10:08,064 [ INFO] START LOGGER for reports. Logger: reports.file.info.trace at {ru.apertum.qsystem.common.QLog.initial(QLog.java:184)}
2017-09-07 15:10:10,486 [ INFO] Отчетный вэбсервер системы 'Очередь' запущен. at {ru.apertum.qsystem.reports.model.WebServer$1.run(WebServer.java:89)}
2017-09-07 15:13:41,343 [ INFO] START LOGGER for reports. Logger: reports.file.info.trace at {ru.apertum.qsystem.common.QLog.initial(QLog.java:184)}
2017-09-07 15:13:51,416 [ INFO] Отчетный вэбсервер системы 'Очередь' запущен. at {ru.apertum.qsystem.reports.model.WebServer$1.run(WebServer.java:89)}
2017-09-07 15:16:14,923 [ INFO] START LOGGER for reports. Logger: reports.file.info.trace at {ru.apertum.qsystem.common.QLog.initial(QLog.java:184)}
2017-09-07 15:16:25,134 [ INFO] Отчетный вэбсервер системы 'Очередь' запущен. at {ru.apertum.qsystem.reports.model.WebServer$1.run(WebServer.java:89)}
2017-09-07 15:17:52,470 [ INFO] START LOGGER for reports. Logger: reports.file.info.trace at {ru.apertum.qsystem.common.QLog.initial(QLog.java:184)}
2017-09-07 15:18:02,608 [ INFO] Отчетный вэбсервер системы 'Очередь' запущен. at {ru.apertum.qsystem.reports.model.WebServer$1.run(WebServer.java:89)}
2017-09-07 15:20:58,210 [ INFO] START LOGGER for reports. Logger: reports.file.info.trace at {ru.apertum.qsystem.common.QLog.initial(QLog.java:184)}
2017-09-07 15:21:08,419 [ INFO] Отчетный вэбсервер системы 'Очередь' запущен. at {ru.apertum.qsystem.reports.model.WebServer$1.run(WebServer.java:89)}
2017-09-07 15:22:29,206 [ INFO] START LOGGER for reports. Logger: reports.file.info.trace at {ru.apertum.qsystem.common.QLog.initial(QLog.java:184)}
2017-09-07 15:22:31,806 [ INFO] Отчетный вэбсервер системы 'Очередь' запущен. at {ru.apertum.qsystem.reports.model.WebServer$1.run(WebServer.java:89)}
2017-09-07 16:04:36,477 [ INFO] START LOGGER for reports. Logger: reports.file.info.trace at {ru.apertum.qsystem.common.QLog.initial(QLog.java:184)}
2017-09-07 16:04:38,946 [ INFO] Отчетный вэбсервер системы 'Очередь' запущен. at {ru.apertum.qsystem.reports.model.WebServer$1.run(WebServer.java:89)}
2017-09-07 16:15:21,662 [ INFO] START LOGGER for reports. Logger: reports.file.info.trace at {ru.apertum.qsystem.common.QLog.initial(QLog.java:184)}
2017-09-07 16:15:24,091 [ INFO] Отчетный вэбсервер системы 'Очередь' запущен. at {ru.apertum.qsystem.reports.model.WebServer$1.run(WebServer.java:89)}
2017-09-07 16:16:00,717 [ INFO] START LOGGER for reports. Logger: reports.file.info.trace at {ru.apertum.qsystem.common.QLog.initial(QLog.java:184)}
2017-09-07 16:16:03,304 [ INFO] Отчетный вэбсервер системы 'Очередь' запущен. at {ru.apertum.qsystem.reports.model.WebServer$1.run(WebServer.java:89)}
2017-09-07 16:24:37,779 [ INFO] START LOGGER for reports. Logger: reports.file.info.trace at {ru.apertum.qsystem.common.QLog.initial(QLog.java:184)}
2017-09-07 16:24:40,569 [ INFO] Отчетный вэбсервер системы 'Очередь' запущен. at {ru.apertum.qsystem.reports.model.WebServer$1.run(WebServer.java:89)}
2017-09-07 16:28:16,043 [ INFO] START LOGGER for reports. Logger: reports.file.info.trace at {ru.apertum.qsystem.common.QLog.initial(QLog.java:184)}
2017-09-07 16:28:18,542 [ INFO] Отчетный вэбсервер системы 'Очередь' запущен. at {ru.apertum.qsystem.reports.model.WebServer$1.run(WebServer.java:89)}
2017-09-07 16:46:47,320 [ INFO] START LOGGER for reports. Logger: reports.file.info.trace at {ru.apertum.qsystem.common.QLog.initial(QLog.java:184)}
2017-09-07 16:46:49,864 [ INFO] Отчетный вэбсервер системы 'Очередь' запущен. at {ru.apertum.qsystem.reports.model.WebServer$1.run(WebServer.java:89)}
2017-09-07 17:05:57,210 [ INFO] START LOGGER for reports. Logger: reports.file.info.trace at {ru.apertum.qsystem.common.QLog.initial(QLog.java:184)}
2017-09-07 17:06:07,590 [ INFO] Отчетный вэбсервер системы 'Очередь' запущен. at {ru.apertum.qsystem.reports.model.WebServer$1.run(WebServer.java:89)}
2017-09-08 07:57:19,265 [ INFO] START LOGGER for reports. Logger: reports.file.info.trace at {ru.apertum.qsystem.common.QLog.initial(QLog.java:184)}
2017-09-08 07:57:21,723 [ INFO] Отчетный вэбсервер системы 'Очередь' запущен. at {ru.apertum.qsystem.reports.model.WebServer$1.run(WebServer.java:89)}
2017-09-08 10:33:12,684 [ INFO] START LOGGER for reports. Logger: reports.file.info.trace at {ru.apertum.qsystem.common.QLog.initial(QLog.java:184)}
2017-09-08 10:33:15,920 [ INFO] Отчетный вэбсервер системы 'Очередь' запущен. at {ru.apertum.qsystem.reports.model.WebServer$1.run(WebServer.java:89)}
2017-09-08 16:07:59,552 [ INFO] START LOGGER for reports. Logger: reports.file.info.trace at {ru.apertum.qsystem.common.QLog.initial(QLog.java:184)}
2017-09-08 16:08:01,973 [ INFO] Отчетный вэбсервер системы 'Очередь' запущен. at {ru.apertum.qsystem.reports.model.WebServer$1.run(WebServer.java:89)}
2017-09-08 16:43:16,054 [ INFO] START LOGGER for reports. Logger: reports.file.info.trace at {ru.apertum.qsystem.common.QLog.initial(QLog.java:184)}
2017-09-08 16:43:18,556 [ INFO] Отчетный вэбсервер системы 'Очередь' запущен. at {ru.apertum.qsystem.reports.model.WebServer$1.run(WebServer.java:89)}
2017-09-11 13:21:00,810 [ INFO] START LOGGER for reports. Logger: reports.file.info.trace at {ru.apertum.qsystem.common.QLog.initial(QLog.java:184)}
2017-09-11 13:21:05,645 [ INFO] Отчетный вэбсервер системы 'Очередь' запущен. at {ru.apertum.qsystem.reports.model.WebServer$1.run(WebServer.java:89)}
2017-09-11 13:44:11,944 [DEBUG] Загружено из базы 15 отчетов. at {ru.apertum.qsystem.reports.model.QReportsList.load(QReportsList.java:68)}
2017-09-11 13:44:48,808 [ INFO] START LOGGER for reports. Logger: reports.file.info.trace at {ru.apertum.qsystem.common.QLog.initial(QLog.java:184)}
2017-09-11 13:44:51,188 [ INFO] Отчетный вэбсервер системы 'Очередь' запущен. at {ru.apertum.qsystem.reports.model.WebServer$1.run(WebServer.java:89)}
2017-09-11 13:46:14,452 [DEBUG] Загружено из базы 15 отчетов. at {ru.apertum.qsystem.reports.model.QReportsList.load(QReportsList.java:68)}
2017-09-11 16:43:03,864 [ INFO] START LOGGER for reports. Logger: reports.file.info.trace at {ru.apertum.qsystem.common.QLog.initial(QLog.java:184)}
2017-09-11 16:43:13,112 [ INFO] Отчетный вэбсервер системы 'Очередь' запущен. at {ru.apertum.qsystem.reports.model.WebServer$1.run(WebServer.java:89)}
2017-09-11 17:01:58,554 [DEBUG] Загружено из базы 15 отчетов. at {ru.apertum.qsystem.reports.model.QReportsList.load(QReportsList.java:68)}
2017-09-11 17:02:34,844 [ INFO] START LOGGER for reports. Logger: reports.file.info.trace at {ru.apertum.qsystem.common.QLog.initial(QLog.java:184)}
2017-09-11 17:02:37,464 [ INFO] Отчетный вэбсервер системы 'Очередь' запущен. at {ru.apertum.qsystem.reports.model.WebServer$1.run(WebServer.java:89)}
2017-09-12 07:50:01,773 [ INFO] START LOGGER for reports. Logger: reports.file.info.trace at {ru.apertum.qsystem.common.QLog.initial(QLog.java:184)}
2017-09-12 07:50:04,378 [ INFO] Отчетный вэбсервер системы 'Очередь' запущен. at {ru.apertum.qsystem.reports.model.WebServer$1.run(WebServer.java:89)}
2017-09-12 08:02:29,363 [ INFO] START LOGGER for reports. Logger: reports.file.info.trace at {ru.apertum.qsystem.common.QLog.initial(QLog.java:184)}
2017-09-12 08:02:39,527 [ INFO] Отчетный вэбсервер системы 'Очередь' запущен. at {ru.apertum.qsystem.reports.model.WebServer$1.run(WebServer.java:89)}
2017-09-12 08:05:27,621 [ INFO] START LOGGER for reports. Logger: reports.file.info.trace at {ru.apertum.qsystem.common.QLog.initial(QLog.java:184)}
2017-09-12 08:05:30,033 [ INFO] Отчетный вэбсервер системы 'Очередь' запущен. at {ru.apertum.qsystem.reports.model.WebServer$1.run(WebServer.java:89)}
2017-09-12 08:11:00,259 [ INFO] START LOGGER for reports. Logger: reports.file.info.trace at {ru.apertum.qsystem.common.QLog.initial(QLog.java:184)}
2017-09-12 08:11:02,780 [ INFO] Отчетный вэбсервер системы 'Очередь' запущен. at {ru.apertum.qsystem.reports.model.WebServer$1.run(WebServer.java:89)}
2017-09-12 08:41:47,462 [ INFO] START LOGGER for reports. Logger: reports.file.info.trace at {ru.apertum.qsystem.common.QLog.initial(QLog.java:184)}
2017-09-12 08:41:50,153 [ INFO] Отчетный вэбсервер системы 'Очередь' запущен. at {ru.apertum.qsystem.reports.model.WebServer$1.run(WebServer.java:89)}
2017-09-12 10:42:47,873 [ INFO] START LOGGER for reports. Logger: reports.file.info.trace at {ru.apertum.qsystem.common.QLog.initial(QLog.java:184)}
2017-09-12 10:42:50,400 [ INFO] Отчетный вэбсервер системы 'Очередь' запущен. at {ru.apertum.qsystem.reports.model.WebServer$1.run(WebServer.java:89)}
2017-09-12 12:49:51,719 [ INFO] START LOGGER for reports. Logger: reports.file.info.trace at {ru.apertum.qsystem.common.QLog.initial(QLog.java:184)}
2017-09-12 12:49:54,216 [ INFO] Отчетный вэбсервер системы 'Очередь' запущен. at {ru.apertum.qsystem.reports.model.WebServer$1.run(WebServer.java:89)}
2017-09-12 12:50:12,494 [DEBUG] Загружено из базы 15 отчетов. at {ru.apertum.qsystem.reports.model.QReportsList.load(QReportsList.java:68)}
2017-09-12 12:51:12,124 [DEBUG] Загружено из базы 15 отчетов. at {ru.apertum.qsystem.reports.model.QReportsList.load(QReportsList.java:68)}
2017-09-12 12:53:19,147 [DEBUG] Загружено из базы 15 отчетов. at {ru.apertum.qsystem.reports.model.QReportsList.load(QReportsList.java:68)}
2017-09-12 12:54:41,472 [ INFO] START LOGGER for reports. Logger: reports.file.info.trace at {ru.apertum.qsystem.common.QLog.initial(QLog.java:184)}
2017-09-12 12:54:43,822 [ INFO] Отчетный вэбсервер системы 'Очередь' запущен. at {ru.apertum.qsystem.reports.model.WebServer$1.run(WebServer.java:89)}
2017-09-12 12:56:43,715 [ INFO] START LOGGER for reports. Logger: reports.file.info.trace at {ru.apertum.qsystem.common.QLog.initial(QLog.java:184)}
2017-09-12 12:56:46,140 [ INFO] Отчетный вэбсервер системы 'Очередь' запущен. at {ru.apertum.qsystem.reports.model.WebServer$1.run(WebServer.java:89)}
2017-09-12 12:57:06,566 [DEBUG] Загружено из базы 15 отчетов. at {ru.apertum.qsystem.reports.model.QReportsList.load(QReportsList.java:68)}
2017-09-12 12:58:15,495 [DEBUG] Загружено из базы 15 отчетов. at {ru.apertum.qsystem.reports.model.QReportsList.load(QReportsList.java:68)}
2017-09-12 12:58:36,942 [ INFO] START LOGGER for reports. Logger: reports.file.info.trace at {ru.apertum.qsystem.common.QLog.initial(QLog.java:184)}
2017-09-12 12:58:39,321 [ INFO] Отчетный вэбсервер системы 'Очередь' запущен. at {ru.apertum.qsystem.reports.model.WebServer$1.run(WebServer.java:89)}
2017-09-12 13:00:16,859 [ INFO] START LOGGER for reports. Logger: reports.file.info.trace at {ru.apertum.qsystem.common.QLog.initial(QLog.java:184)}
2017-09-12 13:00:19,235 [ INFO] Отчетный вэбсервер системы 'Очередь' запущен. at {ru.apertum.qsystem.reports.model.WebServer$1.run(WebServer.java:89)}
2017-09-12 13:00:51,674 [DEBUG] Загружено из базы 15 отчетов. at {ru.apertum.qsystem.reports.model.QReportsList.load(QReportsList.java:68)}
2017-09-12 13:05:31,443 [ INFO] START LOGGER for reports. Logger: reports.file.info.trace at {ru.apertum.qsystem.common.QLog.initial(QLog.java:184)}
2017-09-12 13:05:33,743 [ INFO] Отчетный вэбсервер системы 'Очередь' запущен. at {ru.apertum.qsystem.reports.model.WebServer$1.run(WebServer.java:89)}
2017-09-12 13:08:44,971 [DEBUG] Загружено из базы 15 отчетов. at {ru.apertum.qsystem.reports.model.QReportsList.load(QReportsList.java:68)}
2017-09-12 13:10:47,957 [ INFO] START LOGGER for reports. Logger: reports.file.info.trace at {ru.apertum.qsystem.common.QLog.initial(QLog.java:184)}
2017-09-12 13:10:50,562 [ERROR] Error! at {ru.apertum.qsystem.common.exceptions.ReportException.<init>(ReportException.java:34)}
ru.apertum.qsystem.common.exceptions.ReportException: Ошибка при создании серверного сокета для вэбсервера: java.net.BindException: Address already in use: JVM_Bind
	at ru.apertum.qsystem.reports.model.WebServer.startWebServer(WebServer.java:79)
	at ru.apertum.qsystem.server.QServer.main(QServer.java:157)
2017-09-12 13:11:01,909 [DEBUG] Загружено из базы 15 отчетов. at {ru.apertum.qsystem.reports.model.QReportsList.load(QReportsList.java:68)}
2017-09-12 16:00:53,451 [ INFO] START LOGGER for reports. Logger: reports.file.info.trace at {ru.apertum.qsystem.common.QLog.initial(QLog.java:184)}
2017-09-12 16:00:56,148 [ INFO] Отчетный вэбсервер системы 'Очередь' запущен. at {ru.apertum.qsystem.reports.model.WebServer$1.run(WebServer.java:89)}
2017-09-13 10:46:12,872 [ INFO] START LOGGER for reports. Logger: reports.file.info.trace at {ru.apertum.qsystem.common.QLog.initial(QLog.java:184)}
2017-09-13 10:46:15,441 [ INFO] Отчетный вэбсервер системы 'Очередь' запущен. at {ru.apertum.qsystem.reports.model.WebServer$1.run(WebServer.java:89)}
2017-09-13 10:54:41,378 [DEBUG] Загружено из базы 15 отчетов. at {ru.apertum.qsystem.reports.model.QReportsList.load(QReportsList.java:68)}
2017-09-13 13:54:56,149 [ INFO] START LOGGER for reports. Logger: reports.file.info.trace at {ru.apertum.qsystem.common.QLog.initial(QLog.java:184)}
2017-09-13 13:55:00,415 [ INFO] Отчетный вэбсервер системы 'Очередь' запущен. at {ru.apertum.qsystem.reports.model.WebServer$1.run(WebServer.java:89)}
2017-09-13 14:13:40,795 [ INFO] START LOGGER for reports. Logger: reports.file.info.trace at {ru.apertum.qsystem.common.QLog.initial(QLog.java:184)}
2017-09-13 14:13:43,149 [ INFO] Отчетный вэбсервер системы 'Очередь' запущен. at {ru.apertum.qsystem.reports.model.WebServer$1.run(WebServer.java:89)}
2017-09-18 08:45:07,414 [ INFO] START LOGGER for reports. Logger: reports.file.info.trace at {ru.apertum.qsystem.common.QLog.initial(QLog.java:184)}
2017-09-18 08:45:10,279 [ INFO] Отчетный вэбсервер системы 'Очередь' запущен. at {ru.apertum.qsystem.reports.model.WebServer$1.run(WebServer.java:89)}
2017-09-22 10:28:26,218 [ INFO] START LOGGER for reports. Logger: reports.file.info.trace at {ru.apertum.qsystem.common.QLog.initial(QLog.java:184)}
2017-09-22 10:28:43,790 [ INFO] Отчетный вэбсервер системы 'Очередь' запущен. at {ru.apertum.qsystem.reports.model.WebServer$1.run(WebServer.java:89)}
2017-09-22 10:28:50,205 [DEBUG] Загружено из базы 15 отчетов. at {ru.apertum.qsystem.reports.model.QReportsList.load(QReportsList.java:68)}
2017-09-22 10:29:08,837 [ INFO] Отчетный вэбсервер системы 'Очередь' остановлен. at {ru.apertum.qsystem.reports.model.WebServer$1.run(WebServer.java:115)}
2017-09-22 10:29:21,383 [ INFO] START LOGGER for reports. Logger: reports.file.info.trace at {ru.apertum.qsystem.common.QLog.initial(QLog.java:184)}
2017-09-22 10:29:23,447 [ INFO] Отчетный вэбсервер системы 'Очередь' запущен. at {ru.apertum.qsystem.reports.model.WebServer$1.run(WebServer.java:89)}
2017-09-22 10:29:32,309 [DEBUG] Загружено из базы 15 отчетов. at {ru.apertum.qsystem.reports.model.QReportsList.load(QReportsList.java:68)}
2017-09-22 10:32:23,488 [ INFO] Отчетный вэбсервер системы 'Очередь' остановлен. at {ru.apertum.qsystem.reports.model.WebServer$1.run(WebServer.java:115)}
2017-09-22 10:32:35,301 [ INFO] START LOGGER for reports. Logger: reports.file.info.trace at {ru.apertum.qsystem.common.QLog.initial(QLog.java:184)}
2017-09-22 10:32:37,249 [ INFO] Отчетный вэбсервер системы 'Очередь' запущен. at {ru.apertum.qsystem.reports.model.WebServer$1.run(WebServer.java:89)}
2017-09-22 10:33:02,084 [DEBUG] Загружено из базы 15 отчетов. at {ru.apertum.qsystem.reports.model.QReportsList.load(QReportsList.java:68)}
2017-09-22 10:37:02,408 [DEBUG] Загружено из базы 15 отчетов. at {ru.apertum.qsystem.reports.model.QReportsList.load(QReportsList.java:68)}
2017-09-22 10:37:17,589 [ INFO] START LOGGER for reports. Logger: reports.file.info.trace at {ru.apertum.qsystem.common.QLog.initial(QLog.java:184)}
2017-09-22 10:37:19,556 [ INFO] Отчетный вэбсервер системы 'Очередь' запущен. at {ru.apertum.qsystem.reports.model.WebServer$1.run(WebServer.java:89)}
2017-09-22 13:09:08,257 [ INFO] START LOGGER for reports. Logger: reports.file.info.trace at {ru.apertum.qsystem.common.QLog.initial(QLog.java:184)}
2017-09-22 13:09:12,069 [ INFO] Отчетный вэбсервер системы 'Очередь' запущен. at {ru.apertum.qsystem.reports.model.WebServer$1.run(WebServer.java:89)}
2017-09-22 15:12:33,357 [DEBUG] Загружено из базы 15 отчетов. at {ru.apertum.qsystem.reports.model.QReportsList.load(QReportsList.java:68)}
2017-09-22 15:14:14,345 [DEBUG] Загружено из базы 15 отчетов. at {ru.apertum.qsystem.reports.model.QReportsList.load(QReportsList.java:68)}
2017-09-22 15:17:15,990 [ INFO] START LOGGER for reports. Logger: reports.file.info.trace at {ru.apertum.qsystem.common.QLog.initial(QLog.java:184)}
2017-09-22 15:17:18,549 [ INFO] Отчетный вэбсервер системы 'Очередь' запущен. at {ru.apertum.qsystem.reports.model.WebServer$1.run(WebServer.java:89)}
2017-09-25 08:07:19,069 [DEBUG] Загружено из базы 15 отчетов. at {ru.apertum.qsystem.reports.model.QReportsList.load(QReportsList.java:68)}
2017-09-25 08:07:52,332 [ INFO] START LOGGER for reports. Logger: reports.file.info.trace at {ru.apertum.qsystem.common.QLog.initial(QLog.java:184)}
2017-09-25 08:07:55,545 [ INFO] Отчетный вэбсервер системы 'Очередь' запущен. at {ru.apertum.qsystem.reports.model.WebServer$1.run(WebServer.java:89)}
2017-09-25 08:09:10,598 [DEBUG] Загружено из базы 15 отчетов. at {ru.apertum.qsystem.reports.model.QReportsList.load(QReportsList.java:68)}
2017-09-25 08:10:18,790 [ INFO] START LOGGER for reports. Logger: reports.file.info.trace at {ru.apertum.qsystem.common.QLog.initial(QLog.java:184)}
2017-09-25 08:10:21,254 [ INFO] Отчетный вэбсервер системы 'Очередь' запущен. at {ru.apertum.qsystem.reports.model.WebServer$1.run(WebServer.java:89)}
2017-09-25 14:02:55,865 [ INFO] START LOGGER for reports. Logger: reports.file.info.trace at {ru.apertum.qsystem.common.QLog.initial(QLog.java:184)}
2017-09-25 14:02:58,120 [ INFO] Отчетный вэбсервер системы 'Очередь' запущен. at {ru.apertum.qsystem.reports.model.WebServer$1.run(WebServer.java:89)}
2017-09-25 14:04:36,236 [ INFO] START LOGGER for reports. Logger: reports.file.info.trace at {ru.apertum.qsystem.common.QLog.initial(QLog.java:184)}
2017-09-25 14:04:38,516 [ INFO] Отчетный вэбсервер системы 'Очередь' запущен. at {ru.apertum.qsystem.reports.model.WebServer$1.run(WebServer.java:89)}
2017-09-25 15:15:07,806 [DEBUG] Загружено из базы 15 отчетов. at {ru.apertum.qsystem.reports.model.QReportsList.load(QReportsList.java:68)}
2017-09-25 15:18:22,402 [DEBUG] Загружено из базы 15 отчетов. at {ru.apertum.qsystem.reports.model.QReportsList.load(QReportsList.java:68)}
2017-09-27 16:16:43,841 [ INFO] START LOGGER for reports. Logger: reports.file.info.trace at {ru.apertum.qsystem.common.QLog.initial(QLog.java:184)}
2017-09-27 16:16:45,963 [ INFO] Отчетный вэбсервер системы 'Очередь' запущен. at {ru.apertum.qsystem.reports.model.WebServer$1.run(WebServer.java:89)}
2017-09-27 16:24:08,116 [ INFO] START LOGGER for reports. Logger: reports.file.info.trace at {ru.apertum.qsystem.common.QLog.initial(QLog.java:184)}
2017-09-27 16:24:21,747 [ INFO] Отчетный вэбсервер системы 'Очередь' запущен. at {ru.apertum.qsystem.reports.model.WebServer$1.run(WebServer.java:89)}
2017-09-27 16:43:00,180 [ INFO] START LOGGER for reports. Logger: reports.file.info.trace at {ru.apertum.qsystem.common.QLog.initial(QLog.java:184)}
2017-09-27 16:43:02,216 [ INFO] Отчетный вэбсервер системы 'Очередь' запущен. at {ru.apertum.qsystem.reports.model.WebServer$1.run(WebServer.java:89)}
2017-10-05 15:35:03,670 [ INFO] START LOGGER for reports. Logger: reports.file.info.trace at {ru.apertum.qsystem.common.QLog.initial(QLog.java:184)}
2017-10-05 15:35:07,775 [ INFO] Отчетный вэбсервер системы 'Очередь' запущен. at {ru.apertum.qsystem.reports.model.WebServer$1.run(WebServer.java:89)}
2017-10-09 13:03:14,407 [DEBUG] Загружено из базы 15 отчетов. at {ru.apertum.qsystem.reports.model.QReportsList.load(QReportsList.java:68)}
2017-10-09 15:40:43,319 [ INFO] START LOGGER for reports. Logger: reports.file.info.trace at {ru.apertum.qsystem.common.QLog.initial(QLog.java:184)}
2017-10-09 15:40:49,224 [ INFO] Отчетный вэбсервер системы 'Очередь' запущен. at {ru.apertum.qsystem.reports.model.WebServer$1.run(WebServer.java:89)}
2017-10-10 09:15:57,376 [ INFO] START LOGGER for reports. Logger: reports.file.info.trace at {ru.apertum.qsystem.common.QLog.initial(QLog.java:184)}
2017-10-10 09:15:59,802 [ INFO] Отчетный вэбсервер системы 'Очередь' запущен. at {ru.apertum.qsystem.reports.model.WebServer$1.run(WebServer.java:89)}
2017-10-16 08:45:52,309 [DEBUG] Загружено из базы 15 отчетов. at {ru.apertum.qsystem.reports.model.QReportsList.load(QReportsList.java:68)}
2017-10-16 08:47:16,074 [ INFO] START LOGGER for reports. Logger: reports.file.info.trace at {ru.apertum.qsystem.common.QLog.initial(QLog.java:184)}
2017-10-16 08:47:18,570 [ INFO] Отчетный вэбсервер системы 'Очередь' запущен. at {ru.apertum.qsystem.reports.model.WebServer$1.run(WebServer.java:89)}
2017-10-18 12:44:21,284 [ INFO] START LOGGER for reports. Logger: reports.file.info.trace at {ru.apertum.qsystem.common.QLog.initial(QLog.java:184)}
2017-10-18 12:44:27,057 [ INFO] Отчетный вэбсервер системы 'Очередь' запущен. at {ru.apertum.qsystem.reports.model.WebServer$1.run(WebServer.java:89)}
2017-10-25 14:59:52,243 [ INFO] START LOGGER for reports. Logger: reports.file.info.trace at {ru.apertum.qsystem.common.QLog.initial(QLog.java:184)}
2017-10-25 14:59:56,643 [ INFO] Отчетный вэбсервер системы 'Очередь' запущен. at {ru.apertum.qsystem.reports.model.WebServer$1.run(WebServer.java:89)}
2017-10-26 08:33:19,442 [ INFO] START LOGGER for reports. Logger: reports.file.info.trace at {ru.apertum.qsystem.common.QLog.initial(QLog.java:184)}
2017-10-26 08:33:22,088 [ INFO] Отчетный вэбсервер системы 'Очередь' запущен. at {ru.apertum.qsystem.reports.model.WebServer$1.run(WebServer.java:89)}
2017-10-26 08:37:41,296 [ INFO] START LOGGER for reports. Logger: reports.file.info.trace at {ru.apertum.qsystem.common.QLog.initial(QLog.java:184)}
2017-10-26 08:37:43,719 [ INFO] Отчетный вэбсервер системы 'Очередь' запущен. at {ru.apertum.qsystem.reports.model.WebServer$1.run(WebServer.java:89)}
2017-10-26 08:51:26,329 [DEBUG] Загружено из базы 15 отчетов. at {ru.apertum.qsystem.reports.model.QReportsList.load(QReportsList.java:68)}
2017-10-26 09:29:02,772 [ INFO] START LOGGER for reports. Logger: reports.file.info.trace at {ru.apertum.qsystem.common.QLog.initial(QLog.java:184)}
2017-10-26 09:29:05,285 [ INFO] Отчетный вэбсервер системы 'Очередь' запущен. at {ru.apertum.qsystem.reports.model.WebServer$1.run(WebServer.java:89)}
2017-11-15 11:19:36,554 [ INFO] START LOGGER for reports. Logger: reports.file.info.trace at {ru.apertum.qsystem.common.QLog.initial(QLog.java:184)}
2017-11-15 11:19:39,192 [ INFO] Отчетный вэбсервер системы 'Очередь' запущен. at {ru.apertum.qsystem.reports.model.WebServer$1.run(WebServer.java:89)}
2017-11-15 11:27:51,529 [ INFO] START LOGGER for reports. Logger: reports.file.info.trace at {ru.apertum.qsystem.common.QLog.initial(QLog.java:184)}
2017-11-15 11:27:53,958 [ INFO] Отчетный вэбсервер системы 'Очередь' запущен. at {ru.apertum.qsystem.reports.model.WebServer$1.run(WebServer.java:89)}
2017-11-15 11:30:37,620 [ INFO] START LOGGER for reports. Logger: reports.file.info.trace at {ru.apertum.qsystem.common.QLog.initial(QLog.java:184)}
2017-11-15 11:30:40,024 [ INFO] Отчетный вэбсервер системы 'Очередь' запущен. at {ru.apertum.qsystem.reports.model.WebServer$1.run(WebServer.java:89)}
2017-11-15 11:33:49,671 [ INFO] START LOGGER for reports. Logger: reports.file.info.trace at {ru.apertum.qsystem.common.QLog.initial(QLog.java:184)}
2017-11-15 11:33:52,044 [ INFO] Отчетный вэбсервер системы 'Очередь' запущен. at {ru.apertum.qsystem.reports.model.WebServer$1.run(WebServer.java:89)}
2017-11-15 11:35:29,370 [ INFO] START LOGGER for reports. Logger: reports.file.info.trace at {ru.apertum.qsystem.common.QLog.initial(QLog.java:184)}
2017-11-15 11:35:31,696 [ INFO] Отчетный вэбсервер системы 'Очередь' запущен. at {ru.apertum.qsystem.reports.model.WebServer$1.run(WebServer.java:89)}
2017-11-15 11:47:15,672 [ INFO] START LOGGER for reports. Logger: reports.file.info.trace at {ru.apertum.qsystem.common.QLog.initial(QLog.java:184)}
2017-11-15 11:47:18,329 [ INFO] Отчетный вэбсервер системы 'Очередь' запущен. at {ru.apertum.qsystem.reports.model.WebServer$1.run(WebServer.java:89)}
2017-11-15 13:01:34,833 [ INFO] START LOGGER for reports. Logger: reports.file.info.trace at {ru.apertum.qsystem.common.QLog.initial(QLog.java:184)}
2017-11-15 13:01:37,337 [ INFO] Отчетный вэбсервер системы 'Очередь' запущен. at {ru.apertum.qsystem.reports.model.WebServer$1.run(WebServer.java:89)}
2017-11-15 13:02:48,311 [ INFO] START LOGGER for reports. Logger: reports.file.info.trace at {ru.apertum.qsystem.common.QLog.initial(QLog.java:184)}
2017-11-15 13:02:50,779 [ INFO] Отчетный вэбсервер системы 'Очередь' запущен. at {ru.apertum.qsystem.reports.model.WebServer$1.run(WebServer.java:89)}
2017-11-15 13:05:45,304 [ INFO] START LOGGER for reports. Logger: reports.file.info.trace at {ru.apertum.qsystem.common.QLog.initial(QLog.java:184)}
2017-11-15 13:05:47,714 [ INFO] Отчетный вэбсервер системы 'Очередь' запущен. at {ru.apertum.qsystem.reports.model.WebServer$1.run(WebServer.java:89)}
2017-11-15 13:07:11,825 [ INFO] START LOGGER for reports. Logger: reports.file.info.trace at {ru.apertum.qsystem.common.QLog.initial(QLog.java:184)}
2017-11-15 13:08:41,380 [ INFO] START LOGGER for reports. Logger: reports.file.info.trace at {ru.apertum.qsystem.common.QLog.initial(QLog.java:184)}
2017-11-15 13:08:43,914 [ INFO] Отчетный вэбсервер системы 'Очередь' запущен. at {ru.apertum.qsystem.reports.model.WebServer$1.run(WebServer.java:89)}
2017-11-15 13:10:05,503 [ INFO] START LOGGER for reports. Logger: reports.file.info.trace at {ru.apertum.qsystem.common.QLog.initial(QLog.java:184)}
2017-11-15 13:10:07,962 [ INFO] Отчетный вэбсервер системы 'Очередь' запущен. at {ru.apertum.qsystem.reports.model.WebServer$1.run(WebServer.java:89)}
2017-11-15 13:34:50,253 [ INFO] START LOGGER for reports. Logger: reports.file.info.trace at {ru.apertum.qsystem.common.QLog.initial(QLog.java:184)}
2017-11-15 13:36:00,893 [ INFO] START LOGGER for reports. Logger: reports.file.info.trace at {ru.apertum.qsystem.common.QLog.initial(QLog.java:184)}
2017-11-15 13:36:28,870 [ INFO] START LOGGER for reports. Logger: reports.file.info.trace at {ru.apertum.qsystem.common.QLog.initial(QLog.java:184)}
2017-11-15 13:38:20,868 [ INFO] START LOGGER for reports. Logger: reports.file.info.trace at {ru.apertum.qsystem.common.QLog.initial(QLog.java:184)}
2017-11-15 13:38:54,737 [ INFO] START LOGGER for reports. Logger: reports.file.info.trace at {ru.apertum.qsystem.common.QLog.initial(QLog.java:184)}
2017-11-15 13:38:57,393 [ INFO] Отчетный вэбсервер системы 'Очередь' запущен. at {ru.apertum.qsystem.reports.model.WebServer$1.run(WebServer.java:89)}
2017-11-15 13:39:35,946 [ INFO] START LOGGER for reports. Logger: reports.file.info.trace at {ru.apertum.qsystem.common.QLog.initial(QLog.java:184)}
2017-11-15 13:39:38,265 [ INFO] Отчетный вэбсервер системы 'Очередь' запущен. at {ru.apertum.qsystem.reports.model.WebServer$1.run(WebServer.java:89)}
2017-11-15 13:41:51,250 [ INFO] START LOGGER for reports. Logger: reports.file.info.trace at {ru.apertum.qsystem.common.QLog.initial(QLog.java:184)}
2017-11-15 13:41:53,843 [ERROR] Error! at {ru.apertum.qsystem.common.exceptions.ReportException.<init>(ReportException.java:34)}
ru.apertum.qsystem.common.exceptions.ReportException: Ошибка при создании серверного сокета для вэбсервера: java.net.BindException: Address already in use: JVM_Bind
	at ru.apertum.qsystem.reports.model.WebServer.startWebServer(WebServer.java:79)
	at ru.apertum.qsystem.server.QServer.main(QServer.java:157)
2017-11-15 13:42:40,426 [ INFO] START LOGGER for reports. Logger: reports.file.info.trace at {ru.apertum.qsystem.common.QLog.initial(QLog.java:184)}
2017-11-15 13:42:42,684 [ INFO] Отчетный вэбсервер системы 'Очередь' запущен. at {ru.apertum.qsystem.reports.model.WebServer$1.run(WebServer.java:89)}
2017-11-15 13:47:11,418 [ INFO] START LOGGER for reports. Logger: reports.file.info.trace at {ru.apertum.qsystem.common.QLog.initial(QLog.java:184)}
2017-11-15 13:47:13,813 [ INFO] Отчетный вэбсервер системы 'Очередь' запущен. at {ru.apertum.qsystem.reports.model.WebServer$1.run(WebServer.java:89)}
2017-11-16 09:11:34,088 [ INFO] START LOGGER for reports. Logger: reports.file.info.trace at {ru.apertum.qsystem.common.QLog.initial(QLog.java:184)}
2017-11-16 09:11:36,628 [ INFO] Отчетный вэбсервер системы 'Очередь' запущен. at {ru.apertum.qsystem.reports.model.WebServer$1.run(WebServer.java:89)}
2017-11-16 10:29:57,434 [ INFO] START LOGGER for reports. Logger: reports.file.info.trace at {ru.apertum.qsystem.common.QLog.initial(QLog.java:184)}
2017-11-16 10:30:00,018 [ INFO] Отчетный вэбсервер системы 'Очередь' запущен. at {ru.apertum.qsystem.reports.model.WebServer$1.run(WebServer.java:89)}
2017-11-16 11:39:33,325 [ INFO] START LOGGER for reports. Logger: reports.file.info.trace at {ru.apertum.qsystem.common.QLog.initial(QLog.java:184)}
2017-11-16 11:39:35,909 [ INFO] Отчетный вэбсервер системы 'Очередь' запущен. at {ru.apertum.qsystem.reports.model.WebServer$1.run(WebServer.java:89)}
2017-11-16 11:40:48,288 [ INFO] START LOGGER for reports. Logger: reports.file.info.trace at {ru.apertum.qsystem.common.QLog.initial(QLog.java:184)}
2017-11-16 11:40:50,780 [ INFO] Отчетный вэбсервер системы 'Очередь' запущен. at {ru.apertum.qsystem.reports.model.WebServer$1.run(WebServer.java:89)}
2017-11-16 12:54:50,586 [ INFO] START LOGGER for reports. Logger: reports.file.info.trace at {ru.apertum.qsystem.common.QLog.initial(QLog.java:184)}
2017-11-16 12:54:52,982 [ INFO] Отчетный вэбсервер системы 'Очередь' запущен. at {ru.apertum.qsystem.reports.model.WebServer$1.run(WebServer.java:89)}
2017-11-16 13:00:49,015 [ INFO] START LOGGER for reports. Logger: reports.file.info.trace at {ru.apertum.qsystem.common.QLog.initial(QLog.java:184)}
2017-11-16 13:00:58,445 [ INFO] Отчетный вэбсервер системы 'Очередь' запущен. at {ru.apertum.qsystem.reports.model.WebServer$1.run(WebServer.java:89)}
2017-11-16 13:01:56,765 [ INFO] START LOGGER for reports. Logger: reports.file.info.trace at {ru.apertum.qsystem.common.QLog.initial(QLog.java:184)}
2017-11-16 13:01:59,317 [ INFO] Отчетный вэбсервер системы 'Очередь' запущен. at {ru.apertum.qsystem.reports.model.WebServer$1.run(WebServer.java:89)}
2017-11-16 14:03:15,065 [ INFO] START LOGGER for reports. Logger: reports.file.info.trace at {ru.apertum.qsystem.common.QLog.initial(QLog.java:184)}
2017-11-16 14:03:17,463 [ INFO] Отчетный вэбсервер системы 'Очередь' запущен. at {ru.apertum.qsystem.reports.model.WebServer$1.run(WebServer.java:89)}
2017-11-16 14:07:58,900 [ INFO] START LOGGER for reports. Logger: reports.file.info.trace at {ru.apertum.qsystem.common.QLog.initial(QLog.java:184)}
2017-11-16 14:08:01,190 [ INFO] Отчетный вэбсервер системы 'Очередь' запущен. at {ru.apertum.qsystem.reports.model.WebServer$1.run(WebServer.java:89)}
2017-11-16 14:16:56,933 [ INFO] START LOGGER for reports. Logger: reports.file.info.trace at {ru.apertum.qsystem.common.QLog.initial(QLog.java:184)}
2017-11-16 14:16:59,245 [ INFO] Отчетный вэбсервер системы 'Очередь' запущен. at {ru.apertum.qsystem.reports.model.WebServer$1.run(WebServer.java:89)}
2017-11-16 16:13:12,654 [ INFO] START LOGGER for reports. Logger: reports.file.info.trace at {ru.apertum.qsystem.common.QLog.initial(QLog.java:184)}
2017-11-16 16:13:15,534 [ INFO] Отчетный вэбсервер системы 'Очередь' запущен. at {ru.apertum.qsystem.reports.model.WebServer$1.run(WebServer.java:89)}
2017-11-17 11:21:44,051 [ INFO] START LOGGER for reports. Logger: reports.file.info.trace at {ru.apertum.qsystem.common.QLog.initial(QLog.java:184)}
2017-11-17 11:21:46,608 [ INFO] Отчетный вэбсервер системы 'Очередь' запущен. at {ru.apertum.qsystem.reports.model.WebServer$1.run(WebServer.java:89)}
2017-11-17 13:58:22,250 [ INFO] START LOGGER for reports. Logger: reports.file.info.trace at {ru.apertum.qsystem.common.QLog.initial(QLog.java:184)}
2017-11-17 13:58:25,206 [ INFO] Отчетный вэбсервер системы 'Очередь' запущен. at {ru.apertum.qsystem.reports.model.WebServer$1.run(WebServer.java:89)}
2017-11-20 10:49:25,808 [ INFO] START LOGGER for reports. Logger: reports.file.info.trace at {ru.apertum.qsystem.common.QLog.initial(QLog.java:184)}
2017-11-20 10:49:28,722 [ INFO] Отчетный вэбсервер системы 'Очередь' запущен. at {ru.apertum.qsystem.reports.model.WebServer$1.run(WebServer.java:89)}
2017-11-20 13:23:39,400 [ INFO] START LOGGER for reports. Logger: reports.file.info.trace at {ru.apertum.qsystem.common.QLog.initial(QLog.java:184)}
2017-11-20 13:23:41,977 [ INFO] Отчетный вэбсервер системы 'Очередь' запущен. at {ru.apertum.qsystem.reports.model.WebServer$1.run(WebServer.java:89)}
2017-11-20 13:26:30,146 [ INFO] START LOGGER for reports. Logger: reports.file.info.trace at {ru.apertum.qsystem.common.QLog.initial(QLog.java:184)}
2017-11-20 13:26:32,593 [ INFO] Отчетный вэбсервер системы 'Очередь' запущен. at {ru.apertum.qsystem.reports.model.WebServer$1.run(WebServer.java:89)}
2017-11-20 13:47:42,048 [ INFO] START LOGGER for reports. Logger: reports.file.info.trace at {ru.apertum.qsystem.common.QLog.initial(QLog.java:184)}
2017-11-20 13:47:44,474 [ INFO] Отчетный вэбсервер системы 'Очередь' запущен. at {ru.apertum.qsystem.reports.model.WebServer$1.run(WebServer.java:89)}
2017-11-20 13:55:17,475 [ INFO] START LOGGER for reports. Logger: reports.file.info.trace at {ru.apertum.qsystem.common.QLog.initial(QLog.java:184)}
2017-11-20 13:55:19,848 [ INFO] Отчетный вэбсервер системы 'Очередь' запущен. at {ru.apertum.qsystem.reports.model.WebServer$1.run(WebServer.java:89)}
2017-11-20 14:09:01,687 [ INFO] START LOGGER for reports. Logger: reports.file.info.trace at {ru.apertum.qsystem.common.QLog.initial(QLog.java:184)}
2017-11-20 14:09:04,182 [ INFO] Отчетный вэбсервер системы 'Очередь' запущен. at {ru.apertum.qsystem.reports.model.WebServer$1.run(WebServer.java:89)}
2017-11-20 14:15:36,027 [ INFO] START LOGGER for reports. Logger: reports.file.info.trace at {ru.apertum.qsystem.common.QLog.initial(QLog.java:184)}
2017-11-20 14:15:38,599 [ INFO] Отчетный вэбсервер системы 'Очередь' запущен. at {ru.apertum.qsystem.reports.model.WebServer$1.run(WebServer.java:89)}
2017-11-20 14:19:46,719 [ INFO] START LOGGER for reports. Logger: reports.file.info.trace at {ru.apertum.qsystem.common.QLog.initial(QLog.java:184)}
2017-11-20 14:19:49,137 [ INFO] Отчетный вэбсервер системы 'Очередь' запущен. at {ru.apertum.qsystem.reports.model.WebServer$1.run(WebServer.java:89)}
2017-11-20 14:22:24,673 [ INFO] START LOGGER for reports. Logger: reports.file.info.trace at {ru.apertum.qsystem.common.QLog.initial(QLog.java:184)}
2017-11-20 14:22:27,660 [ERROR] Error! at {ru.apertum.qsystem.common.exceptions.ReportException.<init>(ReportException.java:34)}
ru.apertum.qsystem.common.exceptions.ReportException: Ошибка при создании серверного сокета для вэбсервера: java.net.BindException: Address already in use: JVM_Bind
	at ru.apertum.qsystem.reports.model.WebServer.startWebServer(WebServer.java:79)
	at ru.apertum.qsystem.server.QServer.main(QServer.java:157)
2017-11-20 14:25:43,537 [ INFO] START LOGGER for reports. Logger: reports.file.info.trace at {ru.apertum.qsystem.common.QLog.initial(QLog.java:184)}
2017-11-20 14:25:45,928 [ INFO] Отчетный вэбсервер системы 'Очередь' запущен. at {ru.apertum.qsystem.reports.model.WebServer$1.run(WebServer.java:89)}
2017-11-20 14:50:12,929 [ INFO] START LOGGER for reports. Logger: reports.file.info.trace at {ru.apertum.qsystem.common.QLog.initial(QLog.java:184)}
2017-11-20 14:50:15,531 [ INFO] Отчетный вэбсервер системы 'Очередь' запущен. at {ru.apertum.qsystem.reports.model.WebServer$1.run(WebServer.java:89)}
2017-11-20 14:54:17,083 [ INFO] START LOGGER for reports. Logger: reports.file.info.trace at {ru.apertum.qsystem.common.QLog.initial(QLog.java:184)}
2017-11-20 14:54:19,463 [ INFO] Отчетный вэбсервер системы 'Очередь' запущен. at {ru.apertum.qsystem.reports.model.WebServer$1.run(WebServer.java:89)}
2017-11-21 09:48:55,410 [ INFO] START LOGGER for reports. Logger: reports.file.info.trace at {ru.apertum.qsystem.common.QLog.initial(QLog.java:184)}
2017-11-21 09:48:58,052 [ INFO] Отчетный вэбсервер системы 'Очередь' запущен. at {ru.apertum.qsystem.reports.model.WebServer$1.run(WebServer.java:89)}
2017-11-21 10:41:34,789 [ INFO] START LOGGER for reports. Logger: reports.file.info.trace at {ru.apertum.qsystem.common.QLog.initial(QLog.java:184)}
2017-11-21 10:41:38,575 [ INFO] Отчетный вэбсервер системы 'Очередь' запущен. at {ru.apertum.qsystem.reports.model.WebServer$1.run(WebServer.java:89)}
2017-11-21 10:43:53,675 [ INFO] START LOGGER for reports. Logger: reports.file.info.trace at {ru.apertum.qsystem.common.QLog.initial(QLog.java:184)}
2017-11-21 10:43:56,296 [ INFO] Отчетный вэбсервер системы 'Очередь' запущен. at {ru.apertum.qsystem.reports.model.WebServer$1.run(WebServer.java:89)}
2017-11-21 14:04:00,719 [ INFO] START LOGGER for reports. Logger: reports.file.info.trace at {ru.apertum.qsystem.common.QLog.initial(QLog.java:184)}
2017-11-21 14:04:03,172 [ INFO] Отчетный вэбсервер системы 'Очередь' запущен. at {ru.apertum.qsystem.reports.model.WebServer$1.run(WebServer.java:89)}
2017-11-21 14:19:46,886 [ INFO] START LOGGER for reports. Logger: reports.file.info.trace at {ru.apertum.qsystem.common.QLog.initial(QLog.java:184)}
2017-11-21 14:19:50,588 [ INFO] Отчетный вэбсервер системы 'Очередь' запущен. at {ru.apertum.qsystem.reports.model.WebServer$1.run(WebServer.java:89)}
