2017-06-20 08:53:06,707 [ INFO] Properties are ready. at {ru.apertum.qsystem.common.QConfig.prepareCLI(QConfig.java:305)}
2017-06-20 08:53:06,727 [ INFO] "QSystem 17.1"!  date: 20.05.2017 at {ru.apertum.qsystem.common.QLog.initial(QLog.java:180)}
2017-06-20 08:53:06,727 [ INFO] START LOGER. Logger: welcome.file.info.trace at {ru.apertum.qsystem.common.QLog.initial(QLog.java:181)}
2017-06-20 08:53:06,729 [ INFO] Mode: KEY_DEBUG at {ru.apertum.qsystem.common.QLog.initial(QLog.java:186)}
2017-06-20 08:53:06,730 [ INFO] Plugins: YES at {ru.apertum.qsystem.common.QLog.initial(QLog.java:187)}
2017-06-20 08:53:06,939 [ INFO] Загрузка плагинов из папки plugins. at {ru.apertum.qsystem.common.Uses.loadPlugins(Uses.java:788)}
2017-06-20 08:53:06,941 [DEBUG] Плагин Journal.jar at {ru.apertum.qsystem.common.Uses.loadPlugins(Uses.java:795)}
2017-06-20 08:53:06,942 [DEBUG] Плагин Microsound.jar at {ru.apertum.qsystem.common.Uses.loadPlugins(Uses.java:795)}
2017-06-20 08:53:06,976 [ INFO] Languages are loading... at {ru.apertum.qsystem.client.Locales.<init>(Locales.java:79)}
2017-06-20 08:53:06,997 [DEBUG]    Langusge: Az?rbaycan az_AZ at {ru.apertum.qsystem.client.Locales.<init>(Locales.java:119)}
2017-06-20 08:53:07,002 [DEBUG]    Langusge: English en_US at {ru.apertum.qsystem.client.Locales.<init>(Locales.java:119)}
2017-06-20 08:53:07,004 [DEBUG]    Langusge: Espanol es_ES at {ru.apertum.qsystem.client.Locales.<init>(Locales.java:119)}
2017-06-20 08:53:07,007 [DEBUG]    Langusge: Fran?ais fr_FR at {ru.apertum.qsystem.client.Locales.<init>(Locales.java:119)}
2017-06-20 08:53:07,030 [DEBUG]    Langusge: Italiano it_IT at {ru.apertum.qsystem.client.Locales.<init>(Locales.java:119)}
2017-06-20 08:53:07,032 [DEBUG]    Langusge: Portugu?s pt_PT at {ru.apertum.qsystem.client.Locales.<init>(Locales.java:119)}
2017-06-20 08:53:07,035 [DEBUG]    Langusge: Roman ro_RO at {ru.apertum.qsystem.client.Locales.<init>(Locales.java:119)}
2017-06-20 08:53:07,083 [DEBUG]    Langusge: Русский ru_RU at {ru.apertum.qsystem.client.Locales.<init>(Locales.java:119)}
2017-06-20 08:53:07,089 [DEBUG]    Langusge: Українська uk_UA at {ru.apertum.qsystem.client.Locales.<init>(Locales.java:119)}
2017-06-20 08:53:07,200 [ INFO] Получить параметры. at {ru.apertum.qsystem.common.NetCommander.getProperties(NetCommander.java:1584)}
2017-06-20 08:53:07,332 [TRACE] HTTP GET request "Все параметры из БД" on http://127.0.0.1:8081/qsystem/command?cmd=%D0%92%D1%81%D0%B5+%D0%BF%D0%B0%D1%80%D0%B0%D0%BC%D0%B5%D1%82%D1%80%D1%8B+%D0%B8%D0%B7+%D0%91%D0%94&
 at {ru.apertum.qsystem.common.NetCommander.sendGet(NetCommander.java:227)}
2017-06-20 08:53:08,376 [ERROR] Exception!: Unable to get a response from the server. at {ru.apertum.qsystem.common.exceptions.QException.<init>(QException.java:34)}
java.net.ConnectException: Connection refused: connect
	at java.net.DualStackPlainSocketImpl.connect0(Native Method)
	at java.net.DualStackPlainSocketImpl.socketConnect(DualStackPlainSocketImpl.java:79)
	at java.net.AbstractPlainSocketImpl.doConnect(AbstractPlainSocketImpl.java:350)
	at java.net.AbstractPlainSocketImpl.connectToAddress(AbstractPlainSocketImpl.java:206)
	at java.net.AbstractPlainSocketImpl.connect(AbstractPlainSocketImpl.java:188)
	at java.net.PlainSocketImpl.connect(PlainSocketImpl.java:172)
	at java.net.SocksSocketImpl.connect(SocksSocketImpl.java:392)
	at java.net.Socket.connect(Socket.java:589)
	at java.net.Socket.connect(Socket.java:538)
	at sun.net.NetworkClient.doConnect(NetworkClient.java:180)
	at sun.net.www.http.HttpClient.openServer(HttpClient.java:432)
	at sun.net.www.http.HttpClient.openServer(HttpClient.java:527)
	at sun.net.www.http.HttpClient.<init>(HttpClient.java:211)
	at sun.net.www.http.HttpClient.New(HttpClient.java:308)
	at sun.net.www.http.HttpClient.New(HttpClient.java:326)
	at sun.net.www.protocol.http.HttpURLConnection.getNewHttpClient(HttpURLConnection.java:1169)
	at sun.net.www.protocol.http.HttpURLConnection.plainConnect0(HttpURLConnection.java:1105)
	at sun.net.www.protocol.http.HttpURLConnection.plainConnect(HttpURLConnection.java:999)
	at sun.net.www.protocol.http.HttpURLConnection.connect(HttpURLConnection.java:933)
	at sun.net.www.protocol.http.HttpURLConnection.getInputStream0(HttpURLConnection.java:1513)
	at sun.net.www.protocol.http.HttpURLConnection.getInputStream(HttpURLConnection.java:1441)
	at java.net.HttpURLConnection.getResponseCode(HttpURLConnection.java:480)
	at ru.apertum.qsystem.common.NetCommander.sendGet(NetCommander.java:234)
	at ru.apertum.qsystem.common.NetCommander.sendRpc(NetCommander.java:128)
	at ru.apertum.qsystem.common.NetCommander.send(NetCommander.java:114)
	at ru.apertum.qsystem.common.NetCommander.getProperties(NetCommander.java:1589)
	at ru.apertum.qsystem.client.QProperties.load(QProperties.java:67)
	at ru.apertum.qsystem.client.QProperties.load(QProperties.java:56)
	at ru.apertum.qsystem.client.forms.FWelcome.main(FWelcome.java:377)
2017-06-20 08:53:08,382 [ERROR] Error! Command error. 
ru.apertum.qsystem.common.exceptions.QException: Unable to get a response from the server. at {ru.apertum.qsystem.common.exceptions.ServerException.<init>(ServerException.java:42)}
ru.apertum.qsystem.common.exceptions.ClientException: Command error. 
	at ru.apertum.qsystem.common.NetCommander.getProperties(NetCommander.java:1591)
	at ru.apertum.qsystem.client.QProperties.load(QProperties.java:67)
	at ru.apertum.qsystem.client.QProperties.load(QProperties.java:56)
	at ru.apertum.qsystem.client.forms.FWelcome.main(FWelcome.java:377)
Caused by: ru.apertum.qsystem.common.exceptions.QException: Unable to get a response from the server.
	at ru.apertum.qsystem.common.NetCommander.sendRpc(NetCommander.java:161)
	at ru.apertum.qsystem.common.NetCommander.send(NetCommander.java:114)
	at ru.apertum.qsystem.common.NetCommander.getProperties(NetCommander.java:1589)
	... 3 more
Caused by: java.net.ConnectException: Connection refused: connect
	at java.net.DualStackPlainSocketImpl.connect0(Native Method)
	at java.net.DualStackPlainSocketImpl.socketConnect(DualStackPlainSocketImpl.java:79)
	at java.net.AbstractPlainSocketImpl.doConnect(AbstractPlainSocketImpl.java:350)
	at java.net.AbstractPlainSocketImpl.connectToAddress(AbstractPlainSocketImpl.java:206)
	at java.net.AbstractPlainSocketImpl.connect(AbstractPlainSocketImpl.java:188)
	at java.net.PlainSocketImpl.connect(PlainSocketImpl.java:172)
	at java.net.SocksSocketImpl.connect(SocksSocketImpl.java:392)
	at java.net.Socket.connect(Socket.java:589)
	at java.net.Socket.connect(Socket.java:538)
	at sun.net.NetworkClient.doConnect(NetworkClient.java:180)
	at sun.net.www.http.HttpClient.openServer(HttpClient.java:432)
	at sun.net.www.http.HttpClient.openServer(HttpClient.java:527)
	at sun.net.www.http.HttpClient.<init>(HttpClient.java:211)
	at sun.net.www.http.HttpClient.New(HttpClient.java:308)
	at sun.net.www.http.HttpClient.New(HttpClient.java:326)
	at sun.net.www.protocol.http.HttpURLConnection.getNewHttpClient(HttpURLConnection.java:1169)
	at sun.net.www.protocol.http.HttpURLConnection.plainConnect0(HttpURLConnection.java:1105)
	at sun.net.www.protocol.http.HttpURLConnection.plainConnect(HttpURLConnection.java:999)
	at sun.net.www.protocol.http.HttpURLConnection.connect(HttpURLConnection.java:933)
	at sun.net.www.protocol.http.HttpURLConnection.getInputStream0(HttpURLConnection.java:1513)
	at sun.net.www.protocol.http.HttpURLConnection.getInputStream(HttpURLConnection.java:1441)
	at java.net.HttpURLConnection.getResponseCode(HttpURLConnection.java:480)
	at ru.apertum.qsystem.common.NetCommander.sendGet(NetCommander.java:234)
	at ru.apertum.qsystem.common.NetCommander.sendRpc(NetCommander.java:128)
	... 5 more
2017-06-20 08:56:18,598 [ INFO] Properties are ready. at {ru.apertum.qsystem.common.QConfig.prepareCLI(QConfig.java:305)}
2017-06-20 08:56:18,614 [ INFO] "QSystem 17.1"!  date: 20.05.2017 at {ru.apertum.qsystem.common.QLog.initial(QLog.java:180)}
2017-06-20 08:56:18,615 [ INFO] START LOGER. Logger: welcome.file.info.trace at {ru.apertum.qsystem.common.QLog.initial(QLog.java:181)}
2017-06-20 08:56:18,616 [ INFO] Mode: KEY_DEBUG at {ru.apertum.qsystem.common.QLog.initial(QLog.java:186)}
2017-06-20 08:56:18,617 [ INFO] Plugins: YES at {ru.apertum.qsystem.common.QLog.initial(QLog.java:187)}
2017-06-20 08:56:18,700 [ INFO] Загрузка плагинов из папки plugins. at {ru.apertum.qsystem.common.Uses.loadPlugins(Uses.java:788)}
2017-06-20 08:56:18,702 [DEBUG] Плагин Journal.jar at {ru.apertum.qsystem.common.Uses.loadPlugins(Uses.java:795)}
2017-06-20 08:56:18,703 [DEBUG] Плагин Microsound.jar at {ru.apertum.qsystem.common.Uses.loadPlugins(Uses.java:795)}
2017-06-20 08:56:18,719 [ INFO] Languages are loading... at {ru.apertum.qsystem.client.Locales.<init>(Locales.java:79)}
2017-06-20 08:56:18,732 [DEBUG]    Langusge: Az?rbaycan az_AZ at {ru.apertum.qsystem.client.Locales.<init>(Locales.java:119)}
2017-06-20 08:56:18,735 [DEBUG]    Langusge: English en_US at {ru.apertum.qsystem.client.Locales.<init>(Locales.java:119)}
2017-06-20 08:56:18,737 [DEBUG]    Langusge: Espanol es_ES at {ru.apertum.qsystem.client.Locales.<init>(Locales.java:119)}
2017-06-20 08:56:18,738 [DEBUG]    Langusge: Fran?ais fr_FR at {ru.apertum.qsystem.client.Locales.<init>(Locales.java:119)}
2017-06-20 08:56:18,741 [DEBUG]    Langusge: Italiano it_IT at {ru.apertum.qsystem.client.Locales.<init>(Locales.java:119)}
2017-06-20 08:56:18,743 [DEBUG]    Langusge: Portugu?s pt_PT at {ru.apertum.qsystem.client.Locales.<init>(Locales.java:119)}
2017-06-20 08:56:18,744 [DEBUG]    Langusge: Roman ro_RO at {ru.apertum.qsystem.client.Locales.<init>(Locales.java:119)}
2017-06-20 08:56:18,746 [DEBUG]    Langusge: Русский ru_RU at {ru.apertum.qsystem.client.Locales.<init>(Locales.java:119)}
2017-06-20 08:56:18,748 [DEBUG]    Langusge: Українська uk_UA at {ru.apertum.qsystem.client.Locales.<init>(Locales.java:119)}
2017-06-20 08:56:18,835 [ INFO] Получить параметры. at {ru.apertum.qsystem.common.NetCommander.getProperties(NetCommander.java:1584)}
2017-06-20 08:56:18,985 [TRACE] HTTP GET request "Все параметры из БД" on http://127.0.0.1:8081/qsystem/command?cmd=%D0%92%D1%81%D0%B5+%D0%BF%D0%B0%D1%80%D0%B0%D0%BC%D0%B5%D1%82%D1%80%D1%8B+%D0%B8%D0%B7+%D0%91%D0%94&
 at {ru.apertum.qsystem.common.NetCommander.sendGet(NetCommander.java:227)}
2017-06-20 08:56:20,018 [ERROR] Exception!: Unable to get a response from the server. at {ru.apertum.qsystem.common.exceptions.QException.<init>(QException.java:34)}
java.net.ConnectException: Connection refused: connect
	at java.net.DualStackPlainSocketImpl.connect0(Native Method)
	at java.net.DualStackPlainSocketImpl.socketConnect(DualStackPlainSocketImpl.java:79)
	at java.net.AbstractPlainSocketImpl.doConnect(AbstractPlainSocketImpl.java:350)
	at java.net.AbstractPlainSocketImpl.connectToAddress(AbstractPlainSocketImpl.java:206)
	at java.net.AbstractPlainSocketImpl.connect(AbstractPlainSocketImpl.java:188)
	at java.net.PlainSocketImpl.connect(PlainSocketImpl.java:172)
	at java.net.SocksSocketImpl.connect(SocksSocketImpl.java:392)
	at java.net.Socket.connect(Socket.java:589)
	at java.net.Socket.connect(Socket.java:538)
	at sun.net.NetworkClient.doConnect(NetworkClient.java:180)
	at sun.net.www.http.HttpClient.openServer(HttpClient.java:432)
	at sun.net.www.http.HttpClient.openServer(HttpClient.java:527)
	at sun.net.www.http.HttpClient.<init>(HttpClient.java:211)
	at sun.net.www.http.HttpClient.New(HttpClient.java:308)
	at sun.net.www.http.HttpClient.New(HttpClient.java:326)
	at sun.net.www.protocol.http.HttpURLConnection.getNewHttpClient(HttpURLConnection.java:1169)
	at sun.net.www.protocol.http.HttpURLConnection.plainConnect0(HttpURLConnection.java:1105)
	at sun.net.www.protocol.http.HttpURLConnection.plainConnect(HttpURLConnection.java:999)
	at sun.net.www.protocol.http.HttpURLConnection.connect(HttpURLConnection.java:933)
	at sun.net.www.protocol.http.HttpURLConnection.getInputStream0(HttpURLConnection.java:1513)
	at sun.net.www.protocol.http.HttpURLConnection.getInputStream(HttpURLConnection.java:1441)
	at java.net.HttpURLConnection.getResponseCode(HttpURLConnection.java:480)
	at ru.apertum.qsystem.common.NetCommander.sendGet(NetCommander.java:234)
	at ru.apertum.qsystem.common.NetCommander.sendRpc(NetCommander.java:128)
	at ru.apertum.qsystem.common.NetCommander.send(NetCommander.java:114)
	at ru.apertum.qsystem.common.NetCommander.getProperties(NetCommander.java:1589)
	at ru.apertum.qsystem.client.QProperties.load(QProperties.java:67)
	at ru.apertum.qsystem.client.QProperties.load(QProperties.java:56)
	at ru.apertum.qsystem.client.forms.FWelcome.main(FWelcome.java:377)
2017-06-20 08:56:20,024 [ERROR] Error! Command error. 
ru.apertum.qsystem.common.exceptions.QException: Unable to get a response from the server. at {ru.apertum.qsystem.common.exceptions.ServerException.<init>(ServerException.java:42)}
ru.apertum.qsystem.common.exceptions.ClientException: Command error. 
	at ru.apertum.qsystem.common.NetCommander.getProperties(NetCommander.java:1591)
	at ru.apertum.qsystem.client.QProperties.load(QProperties.java:67)
	at ru.apertum.qsystem.client.QProperties.load(QProperties.java:56)
	at ru.apertum.qsystem.client.forms.FWelcome.main(FWelcome.java:377)
Caused by: ru.apertum.qsystem.common.exceptions.QException: Unable to get a response from the server.
	at ru.apertum.qsystem.common.NetCommander.sendRpc(NetCommander.java:161)
	at ru.apertum.qsystem.common.NetCommander.send(NetCommander.java:114)
	at ru.apertum.qsystem.common.NetCommander.getProperties(NetCommander.java:1589)
	... 3 more
Caused by: java.net.ConnectException: Connection refused: connect
	at java.net.DualStackPlainSocketImpl.connect0(Native Method)
	at java.net.DualStackPlainSocketImpl.socketConnect(DualStackPlainSocketImpl.java:79)
	at java.net.AbstractPlainSocketImpl.doConnect(AbstractPlainSocketImpl.java:350)
	at java.net.AbstractPlainSocketImpl.connectToAddress(AbstractPlainSocketImpl.java:206)
	at java.net.AbstractPlainSocketImpl.connect(AbstractPlainSocketImpl.java:188)
	at java.net.PlainSocketImpl.connect(PlainSocketImpl.java:172)
	at java.net.SocksSocketImpl.connect(SocksSocketImpl.java:392)
	at java.net.Socket.connect(Socket.java:589)
	at java.net.Socket.connect(Socket.java:538)
	at sun.net.NetworkClient.doConnect(NetworkClient.java:180)
	at sun.net.www.http.HttpClient.openServer(HttpClient.java:432)
	at sun.net.www.http.HttpClient.openServer(HttpClient.java:527)
	at sun.net.www.http.HttpClient.<init>(HttpClient.java:211)
	at sun.net.www.http.HttpClient.New(HttpClient.java:308)
	at sun.net.www.http.HttpClient.New(HttpClient.java:326)
	at sun.net.www.protocol.http.HttpURLConnection.getNewHttpClient(HttpURLConnection.java:1169)
	at sun.net.www.protocol.http.HttpURLConnection.plainConnect0(HttpURLConnection.java:1105)
	at sun.net.www.protocol.http.HttpURLConnection.plainConnect(HttpURLConnection.java:999)
	at sun.net.www.protocol.http.HttpURLConnection.connect(HttpURLConnection.java:933)
	at sun.net.www.protocol.http.HttpURLConnection.getInputStream0(HttpURLConnection.java:1513)
	at sun.net.www.protocol.http.HttpURLConnection.getInputStream(HttpURLConnection.java:1441)
	at java.net.HttpURLConnection.getResponseCode(HttpURLConnection.java:480)
	at ru.apertum.qsystem.common.NetCommander.sendGet(NetCommander.java:234)
	at ru.apertum.qsystem.common.NetCommander.sendRpc(NetCommander.java:128)
	... 5 more
2017-06-20 09:04:01,504 [ INFO] Properties are ready. at {ru.apertum.qsystem.common.QConfig.prepareCLI(QConfig.java:305)}
2017-06-20 09:04:01,516 [ INFO] "QSystem 17.1"!  date: 20.05.2017 at {ru.apertum.qsystem.common.QLog.initial(QLog.java:180)}
2017-06-20 09:04:01,516 [ INFO] START LOGER. Logger: welcome.file.info.trace at {ru.apertum.qsystem.common.QLog.initial(QLog.java:181)}
2017-06-20 09:04:01,517 [ INFO] Mode: KEY_DEBUG at {ru.apertum.qsystem.common.QLog.initial(QLog.java:186)}
2017-06-20 09:04:01,518 [ INFO] Plugins: YES at {ru.apertum.qsystem.common.QLog.initial(QLog.java:187)}
2017-06-20 09:04:01,609 [ INFO] Загрузка плагинов из папки plugins. at {ru.apertum.qsystem.common.Uses.loadPlugins(Uses.java:788)}
2017-06-20 09:04:01,611 [DEBUG] Плагин Journal.jar at {ru.apertum.qsystem.common.Uses.loadPlugins(Uses.java:795)}
2017-06-20 09:04:01,612 [DEBUG] Плагин Microsound.jar at {ru.apertum.qsystem.common.Uses.loadPlugins(Uses.java:795)}
2017-06-20 09:04:01,646 [ INFO] Languages are loading... at {ru.apertum.qsystem.client.Locales.<init>(Locales.java:79)}
2017-06-20 09:04:01,664 [DEBUG]    Langusge: Az?rbaycan az_AZ at {ru.apertum.qsystem.client.Locales.<init>(Locales.java:119)}
2017-06-20 09:04:01,669 [DEBUG]    Langusge: English en_US at {ru.apertum.qsystem.client.Locales.<init>(Locales.java:119)}
2017-06-20 09:04:01,676 [DEBUG]    Langusge: Espanol es_ES at {ru.apertum.qsystem.client.Locales.<init>(Locales.java:119)}
2017-06-20 09:04:01,683 [DEBUG]    Langusge: Fran?ais fr_FR at {ru.apertum.qsystem.client.Locales.<init>(Locales.java:119)}
2017-06-20 09:04:01,686 [DEBUG]    Langusge: Italiano it_IT at {ru.apertum.qsystem.client.Locales.<init>(Locales.java:119)}
2017-06-20 09:04:01,695 [DEBUG]    Langusge: Portugu?s pt_PT at {ru.apertum.qsystem.client.Locales.<init>(Locales.java:119)}
2017-06-20 09:04:01,706 [DEBUG]    Langusge: Roman ro_RO at {ru.apertum.qsystem.client.Locales.<init>(Locales.java:119)}
2017-06-20 09:04:01,715 [DEBUG]    Langusge: Русский ru_RU at {ru.apertum.qsystem.client.Locales.<init>(Locales.java:119)}
2017-06-20 09:04:01,723 [DEBUG]    Langusge: Українська uk_UA at {ru.apertum.qsystem.client.Locales.<init>(Locales.java:119)}
2017-06-20 09:04:01,862 [ INFO] Получить параметры. at {ru.apertum.qsystem.common.NetCommander.getProperties(NetCommander.java:1584)}
2017-06-20 09:04:02,021 [TRACE] HTTP GET request "Все параметры из БД" on http://127.0.0.1:8081/qsystem/command?cmd=%D0%92%D1%81%D0%B5+%D0%BF%D0%B0%D1%80%D0%B0%D0%BC%D0%B5%D1%82%D1%80%D1%8B+%D0%B8%D0%B7+%D0%91%D0%94&
 at {ru.apertum.qsystem.common.NetCommander.sendGet(NetCommander.java:227)}
2017-06-20 09:04:03,040 [ERROR] Exception!: Unable to get a response from the server. at {ru.apertum.qsystem.common.exceptions.QException.<init>(QException.java:34)}
java.net.ConnectException: Connection refused: connect
	at java.net.DualStackPlainSocketImpl.connect0(Native Method)
	at java.net.DualStackPlainSocketImpl.socketConnect(DualStackPlainSocketImpl.java:79)
	at java.net.AbstractPlainSocketImpl.doConnect(AbstractPlainSocketImpl.java:350)
	at java.net.AbstractPlainSocketImpl.connectToAddress(AbstractPlainSocketImpl.java:206)
	at java.net.AbstractPlainSocketImpl.connect(AbstractPlainSocketImpl.java:188)
	at java.net.PlainSocketImpl.connect(PlainSocketImpl.java:172)
	at java.net.SocksSocketImpl.connect(SocksSocketImpl.java:392)
	at java.net.Socket.connect(Socket.java:589)
	at java.net.Socket.connect(Socket.java:538)
	at sun.net.NetworkClient.doConnect(NetworkClient.java:180)
	at sun.net.www.http.HttpClient.openServer(HttpClient.java:432)
	at sun.net.www.http.HttpClient.openServer(HttpClient.java:527)
	at sun.net.www.http.HttpClient.<init>(HttpClient.java:211)
	at sun.net.www.http.HttpClient.New(HttpClient.java:308)
	at sun.net.www.http.HttpClient.New(HttpClient.java:326)
	at sun.net.www.protocol.http.HttpURLConnection.getNewHttpClient(HttpURLConnection.java:1169)
	at sun.net.www.protocol.http.HttpURLConnection.plainConnect0(HttpURLConnection.java:1105)
	at sun.net.www.protocol.http.HttpURLConnection.plainConnect(HttpURLConnection.java:999)
	at sun.net.www.protocol.http.HttpURLConnection.connect(HttpURLConnection.java:933)
	at sun.net.www.protocol.http.HttpURLConnection.getInputStream0(HttpURLConnection.java:1513)
	at sun.net.www.protocol.http.HttpURLConnection.getInputStream(HttpURLConnection.java:1441)
	at java.net.HttpURLConnection.getResponseCode(HttpURLConnection.java:480)
	at ru.apertum.qsystem.common.NetCommander.sendGet(NetCommander.java:234)
	at ru.apertum.qsystem.common.NetCommander.sendRpc(NetCommander.java:128)
	at ru.apertum.qsystem.common.NetCommander.send(NetCommander.java:114)
	at ru.apertum.qsystem.common.NetCommander.getProperties(NetCommander.java:1589)
	at ru.apertum.qsystem.client.QProperties.load(QProperties.java:67)
	at ru.apertum.qsystem.client.QProperties.load(QProperties.java:56)
	at ru.apertum.qsystem.client.forms.FWelcome.main(FWelcome.java:377)
2017-06-20 09:04:03,043 [ERROR] Error! Command error. 
ru.apertum.qsystem.common.exceptions.QException: Unable to get a response from the server. at {ru.apertum.qsystem.common.exceptions.ServerException.<init>(ServerException.java:42)}
ru.apertum.qsystem.common.exceptions.ClientException: Command error. 
	at ru.apertum.qsystem.common.NetCommander.getProperties(NetCommander.java:1591)
	at ru.apertum.qsystem.client.QProperties.load(QProperties.java:67)
	at ru.apertum.qsystem.client.QProperties.load(QProperties.java:56)
	at ru.apertum.qsystem.client.forms.FWelcome.main(FWelcome.java:377)
Caused by: ru.apertum.qsystem.common.exceptions.QException: Unable to get a response from the server.
	at ru.apertum.qsystem.common.NetCommander.sendRpc(NetCommander.java:161)
	at ru.apertum.qsystem.common.NetCommander.send(NetCommander.java:114)
	at ru.apertum.qsystem.common.NetCommander.getProperties(NetCommander.java:1589)
	... 3 more
Caused by: java.net.ConnectException: Connection refused: connect
	at java.net.DualStackPlainSocketImpl.connect0(Native Method)
	at java.net.DualStackPlainSocketImpl.socketConnect(DualStackPlainSocketImpl.java:79)
	at java.net.AbstractPlainSocketImpl.doConnect(AbstractPlainSocketImpl.java:350)
	at java.net.AbstractPlainSocketImpl.connectToAddress(AbstractPlainSocketImpl.java:206)
	at java.net.AbstractPlainSocketImpl.connect(AbstractPlainSocketImpl.java:188)
	at java.net.PlainSocketImpl.connect(PlainSocketImpl.java:172)
	at java.net.SocksSocketImpl.connect(SocksSocketImpl.java:392)
	at java.net.Socket.connect(Socket.java:589)
	at java.net.Socket.connect(Socket.java:538)
	at sun.net.NetworkClient.doConnect(NetworkClient.java:180)
	at sun.net.www.http.HttpClient.openServer(HttpClient.java:432)
	at sun.net.www.http.HttpClient.openServer(HttpClient.java:527)
	at sun.net.www.http.HttpClient.<init>(HttpClient.java:211)
	at sun.net.www.http.HttpClient.New(HttpClient.java:308)
	at sun.net.www.http.HttpClient.New(HttpClient.java:326)
	at sun.net.www.protocol.http.HttpURLConnection.getNewHttpClient(HttpURLConnection.java:1169)
	at sun.net.www.protocol.http.HttpURLConnection.plainConnect0(HttpURLConnection.java:1105)
	at sun.net.www.protocol.http.HttpURLConnection.plainConnect(HttpURLConnection.java:999)
	at sun.net.www.protocol.http.HttpURLConnection.connect(HttpURLConnection.java:933)
	at sun.net.www.protocol.http.HttpURLConnection.getInputStream0(HttpURLConnection.java:1513)
	at sun.net.www.protocol.http.HttpURLConnection.getInputStream(HttpURLConnection.java:1441)
	at java.net.HttpURLConnection.getResponseCode(HttpURLConnection.java:480)
	at ru.apertum.qsystem.common.NetCommander.sendGet(NetCommander.java:234)
	at ru.apertum.qsystem.common.NetCommander.sendRpc(NetCommander.java:128)
	... 5 more
2017-08-15 08:12:59,648 [ INFO] Properties are ready. at {ru.apertum.qsystem.common.QConfig.prepareCLI(QConfig.java:305)}
2017-08-15 08:12:59,651 [ INFO] "QSystem 17.1"!  date: 20.05.2017 at {ru.apertum.qsystem.common.QLog.initial(QLog.java:180)}
2017-08-15 08:12:59,651 [ INFO] START LOGER. Logger: welcome.file.info.trace at {ru.apertum.qsystem.common.QLog.initial(QLog.java:181)}
2017-08-15 08:12:59,652 [ INFO] Mode: KEY_DEBUG at {ru.apertum.qsystem.common.QLog.initial(QLog.java:186)}
2017-08-15 08:12:59,652 [ INFO] Plugins: YES at {ru.apertum.qsystem.common.QLog.initial(QLog.java:187)}
2017-08-15 08:12:59,700 [ INFO] Загрузка плагинов из папки plugins. at {ru.apertum.qsystem.common.Uses.loadPlugins(Uses.java:788)}
2017-08-15 08:12:59,701 [DEBUG] Плагин Journal.jar at {ru.apertum.qsystem.common.Uses.loadPlugins(Uses.java:795)}
2017-08-15 08:12:59,703 [DEBUG] Плагин Microsound.jar at {ru.apertum.qsystem.common.Uses.loadPlugins(Uses.java:795)}
2017-08-15 08:12:59,705 [ INFO] Languages are loading... at {ru.apertum.qsystem.client.Locales.<init>(Locales.java:79)}
2017-08-15 08:12:59,717 [DEBUG]    Langusge: Az?rbaycan az_AZ at {ru.apertum.qsystem.client.Locales.<init>(Locales.java:119)}
2017-08-15 08:12:59,720 [DEBUG]    Langusge: English en_US at {ru.apertum.qsystem.client.Locales.<init>(Locales.java:119)}
2017-08-15 08:12:59,722 [DEBUG]    Langusge: Espanol es_ES at {ru.apertum.qsystem.client.Locales.<init>(Locales.java:119)}
2017-08-15 08:12:59,723 [DEBUG]    Langusge: Fran?ais fr_FR at {ru.apertum.qsystem.client.Locales.<init>(Locales.java:119)}
2017-08-15 08:12:59,724 [DEBUG]    Langusge: Italiano it_IT at {ru.apertum.qsystem.client.Locales.<init>(Locales.java:119)}
2017-08-15 08:12:59,726 [DEBUG]    Langusge: Portugu?s pt_PT at {ru.apertum.qsystem.client.Locales.<init>(Locales.java:119)}
2017-08-15 08:12:59,727 [DEBUG]    Langusge: Roman ro_RO at {ru.apertum.qsystem.client.Locales.<init>(Locales.java:119)}
2017-08-15 08:12:59,731 [DEBUG]    Langusge: Русский ru_RU at {ru.apertum.qsystem.client.Locales.<init>(Locales.java:119)}
2017-08-15 08:12:59,733 [DEBUG]    Langusge: Українська uk_UA at {ru.apertum.qsystem.client.Locales.<init>(Locales.java:119)}
2017-08-15 08:12:59,761 [ INFO] Получить параметры. at {ru.apertum.qsystem.common.NetCommander.getProperties(NetCommander.java:1585)}
2017-08-15 08:12:59,844 [TRACE] Task "Все параметры из БД" on 127.0.0.1:3128#
{"params":{},"jsonrpc":"2.0","id":"1502773979760","method":"Все параметры из БД"} at {ru.apertum.qsystem.common.NetCommander.sendRpc(NetCommander.java:131)}
2017-08-15 08:12:59,848 [TRACE] Socket was created. at {ru.apertum.qsystem.common.NetCommander.sendRpc(NetCommander.java:139)}
2017-08-15 08:12:59,849 [TRACE] Sending... at {ru.apertum.qsystem.common.NetCommander.sendRpc(NetCommander.java:145)}
2017-08-15 08:12:59,850 [TRACE] Reading... at {ru.apertum.qsystem.common.NetCommander.sendRpc(NetCommander.java:147)}
2017-08-15 08:12:59,960 [TRACE] Response:
{"result":{},"jsonrpc":"2.0","id":"1502773979953"}
 at {ru.apertum.qsystem.common.NetCommander.sendRpc(NetCommander.java:159)}
2017-08-15 08:12:59,984 [ INFO] Получение возможных услуг. at {ru.apertum.qsystem.common.NetCommander.getServiсes(NetCommander.java:294)}
2017-08-15 08:12:59,985 [TRACE] Task "Получить перечень услуг" on 127.0.0.1:3128#
{"jsonrpc":"2.0","id":"1502773979760","method":"Получить перечень услуг"} at {ru.apertum.qsystem.common.NetCommander.sendRpc(NetCommander.java:131)}
2017-08-15 08:12:59,986 [TRACE] Socket was created. at {ru.apertum.qsystem.common.NetCommander.sendRpc(NetCommander.java:139)}
2017-08-15 08:12:59,987 [TRACE] Sending... at {ru.apertum.qsystem.common.NetCommander.sendRpc(NetCommander.java:145)}
2017-08-15 08:12:59,988 [TRACE] Reading... at {ru.apertum.qsystem.common.NetCommander.sendRpc(NetCommander.java:147)}
2017-08-15 08:13:00,113 [TRACE] Response:
{"result":{"root":{"id":1,"status":1,"point":0,"duration":1,"exp":0,"sound_template":"120050","advance_limit":1,"day_limit":0,"person_day_limit":0,"inputed_as_number":0,"advance_limit_period":14,"advance_time_period":60,"enable":1,"result_required":false,"input_required":false,"inputed_as_ext":false,"input_caption":"","pre_info_html":"","pre_info_print_text":"","tablo_text":"","but_x":100,"but_y":100,"but_b":200,"but_h":100,"countPerDay":0,"day":0,"description":"Дерево услуг","service_prefix":"-","name":"Дерево услуг","buttonText":"\u003chtml\u003e\u003cp align\u003dcenter\u003e\u003cspan style\u003d\u0027font-size:55.0;color:#DC143C\u0027\u003eСистема управления очередью\u003c/span\u003e\u003cbr\u003e\u003cspan style\u003d\u0027font-size:45.0;color:#DC143C\u0027\u003e\u003ci\u003eвыберите требуемую услугу\u003c/i\u003e","langs":[],"inner_services":[{"id":2,"status":1,"point":0,"duration":1,"exp":0,"sound_template":"021111","advance_limit":1,"day_limit":0,"person_day_limit":0,"inputed_as_number":0,"advance_limit_period":14,"advance_time_period":60,"enable":1,"result_required":false,"input_required":false,"inputed_as_ext":false,"input_caption":"","pre_info_html":"","pre_info_print_text":"","tablo_text":"","but_x":100,"but_y":100,"but_b":200,"but_h":100,"countPerDay":0,"day":0,"description":"Описание услуги","service_prefix":"А","name":"Услуга","buttonText":"\u003chtml\u003e\u003cb\u003e\u003cp align\u003dcenter\u003e\u003cspan style\u003d\u0027font-size:20.0pt;color:blue\u0027\u003eНекая услуга","parentId":1,"langs":[],"inner_services":[]}]},"start_time":"01.01.1970 08:45:00","finish_time":"01.01.1970 18:00:00","btn_free_dsn":false},"jsonrpc":"2.0","id":"1502773980093"}
 at {ru.apertum.qsystem.common.NetCommander.sendRpc(NetCommander.java:159)}
2017-08-15 08:13:00,220 [DEBUG] Загрузим параметры из файла "config\welcome.property" at {ru.apertum.qsystem.client.common.WelcomeParams.loadSettings(WelcomeParams.java:218)}
2017-08-15 08:13:00,249 [ INFO] Создаем окно приглашения. at {ru.apertum.qsystem.client.forms.FWelcome.init(FWelcome.java:737)}
2017-08-15 08:13:01,065 [ INFO] Показываем набор кнопок уровня: Дерево услуг ID=1 at {ru.apertum.qsystem.client.forms.FWelcome.showButtons(FWelcome.java:949)}
2017-08-15 08:13:01,070 [DEBUG] FIle not found 1417718379463 = E:/spring.jpg at {ru.apertum.qsystem.client.common.WelcomeBGparams.<init>(WelcomeBGparams.java:50)}
2017-08-15 08:13:01,072 [DEBUG] FIle not found 1417718393092 = E:/spring2.jpg at {ru.apertum.qsystem.client.common.WelcomeBGparams.<init>(WelcomeBGparams.java:50)}
2017-08-15 08:13:01,074 [DEBUG] FIle not found 1417872096348 = E:\temp\qsys_pic\fon_welcome.jpg at {ru.apertum.qsystem.client.common.WelcomeBGparams.<init>(WelcomeBGparams.java:50)}
2017-08-15 08:13:01,081 [TRACE] Create button for "Услуга" ID=2 states: Visible Active ForAll Real at {ru.apertum.qsystem.client.model.QButton.init(QButton.java:189)}
2017-08-15 08:13:01,101 [ INFO] Сервер управления пунктом регистрации запущен. at {ru.apertum.qsystem.client.forms.FWelcome$CommandServer.run(FWelcome.java:226)}
2017-08-15 08:13:03,125 [ INFO] Pressed button "Услуга" ID=2 at {ru.apertum.qsystem.client.model.QButton.lambda$init$2(QButton.java:256)}
2017-08-15 08:13:03,128 [ INFO] Встать в очередь. at {ru.apertum.qsystem.common.NetCommander.aboutService(NetCommander.java:427)}
2017-08-15 08:13:03,130 [TRACE] Task "Получить описание услуги" on 127.0.0.1:3128#
{"params":{"service_id":2},"jsonrpc":"2.0","id":"1502773979760","method":"Получить описание услуги"} at {ru.apertum.qsystem.common.NetCommander.sendRpc(NetCommander.java:131)}
2017-08-15 08:13:03,132 [TRACE] Socket was created. at {ru.apertum.qsystem.common.NetCommander.sendRpc(NetCommander.java:139)}
2017-08-15 08:13:03,134 [TRACE] Sending... at {ru.apertum.qsystem.common.NetCommander.sendRpc(NetCommander.java:145)}
2017-08-15 08:13:03,135 [TRACE] Reading... at {ru.apertum.qsystem.common.NetCommander.sendRpc(NetCommander.java:147)}
2017-08-15 08:13:03,220 [TRACE] Response:
{"result":{"code":0,"message":""},"jsonrpc":"2.0","id":"1502773983217"}
 at {ru.apertum.qsystem.common.NetCommander.sendRpc(NetCommander.java:159)}
2017-08-15 08:13:03,242 [ INFO] Встать в очередь. at {ru.apertum.qsystem.common.NetCommander.standInService(NetCommander.java:334)}
2017-08-15 08:13:03,242 [TRACE] Task "Поставить в очередь" on 127.0.0.1:3128#
{"params":{"service_id":2,"pass":"1","priority":1},"jsonrpc":"2.0","id":"1502773979760","method":"Поставить в очередь"} at {ru.apertum.qsystem.common.NetCommander.sendRpc(NetCommander.java:131)}
2017-08-15 08:13:03,243 [TRACE] Socket was created. at {ru.apertum.qsystem.common.NetCommander.sendRpc(NetCommander.java:139)}
2017-08-15 08:13:03,244 [TRACE] Sending... at {ru.apertum.qsystem.common.NetCommander.sendRpc(NetCommander.java:145)}
2017-08-15 08:13:03,245 [TRACE] Reading... at {ru.apertum.qsystem.common.NetCommander.sendRpc(NetCommander.java:147)}
2017-08-15 08:13:03,278 [TRACE] Response:
{"result":{"id":1502773983247,"number":1,"stateIn":1,"state":"STATE_WAIT","priority":1,"to_service":{"id":2,"status":1,"point":0,"duration":1,"exp":0,"sound_template":"021111","advance_limit":1,"day_limit":0,"person_day_limit":0,"inputed_as_number":0,"advance_limit_period":14,"advance_time_period":60,"enable":1,"result_required":false,"input_required":false,"inputed_as_ext":false,"input_caption":"","pre_info_html":"","pre_info_print_text":"","tablo_text":"","but_x":100,"but_y":100,"but_b":200,"but_h":100,"countPerDay":1,"day":227,"description":"Описание услуги","service_prefix":"А","name":"Услуга","buttonText":"\u003chtml\u003e\u003cb\u003e\u003cp align\u003dcenter\u003e\u003cspan style\u003d\u0027font-size:20.0pt;color:blue\u0027\u003eНекая услуга","parentId":1,"langs":[],"inner_services":[]},"prefix":"А","stand_time":"15.08.2017 08:13:03","need_back":false,"temp_comments":"","post_atatus":"","postpone_period":0,"recall_cnt":0,"start_postpone_period":0,"complex_id":[]},"jsonrpc":"2.0","id":"1502773983264"}
 at {ru.apertum.qsystem.common.NetCommander.sendRpc(NetCommander.java:159)}
2017-08-15 08:13:03,290 [ INFO] Печать этикетки. at {ru.apertum.qsystem.client.model.QButton.lambda$init$2(QButton.java:532)}
2017-08-15 08:13:07,222 [ERROR] Ошибка печати:  at {ru.apertum.qsystem.client.forms.FWelcome.printTicket(FWelcome.java:1413)}
java.awt.print.PrinterAbortException
	at sun.print.RasterPrinterJob.cancelDoc(Unknown Source)
	at sun.print.RasterPrinterJob.print(Unknown Source)
	at ru.apertum.qsystem.client.forms.FWelcome.printTicket(FWelcome.java:1410)
	at ru.apertum.qsystem.client.model.QButton.lambda$null$1(QButton.java:536)
	at java.lang.Thread.run(Unknown Source)
2017-08-15 08:13:08,289 [ INFO] Показываем набор кнопок уровня: Дерево услуг ID=1 at {ru.apertum.qsystem.client.forms.FWelcome.showButtons(FWelcome.java:949)}
2017-08-15 08:13:08,291 [TRACE] Create button for "Услуга" ID=2 states: Visible Active ForAll Real at {ru.apertum.qsystem.client.model.QButton.init(QButton.java:189)}
2017-08-15 08:13:09,005 [ INFO] Pressed button "Услуга" ID=2 at {ru.apertum.qsystem.client.model.QButton.lambda$init$2(QButton.java:256)}
2017-08-15 08:13:09,007 [ INFO] Встать в очередь. at {ru.apertum.qsystem.common.NetCommander.aboutService(NetCommander.java:427)}
2017-08-15 08:13:09,008 [TRACE] Task "Получить описание услуги" on 127.0.0.1:3128#
{"params":{"service_id":2},"jsonrpc":"2.0","id":"1502773979760","method":"Получить описание услуги"} at {ru.apertum.qsystem.common.NetCommander.sendRpc(NetCommander.java:131)}
2017-08-15 08:13:09,010 [TRACE] Socket was created. at {ru.apertum.qsystem.common.NetCommander.sendRpc(NetCommander.java:139)}
2017-08-15 08:13:09,011 [TRACE] Sending... at {ru.apertum.qsystem.common.NetCommander.sendRpc(NetCommander.java:145)}
2017-08-15 08:13:09,013 [TRACE] Reading... at {ru.apertum.qsystem.common.NetCommander.sendRpc(NetCommander.java:147)}
2017-08-15 08:13:09,133 [TRACE] Response:
{"result":{"code":1,"message":""},"jsonrpc":"2.0","id":"1502773989130"}
 at {ru.apertum.qsystem.common.NetCommander.sendRpc(NetCommander.java:159)}
2017-08-15 08:13:09,148 [ INFO] Встать в очередь. at {ru.apertum.qsystem.common.NetCommander.standInService(NetCommander.java:334)}
2017-08-15 08:13:09,149 [TRACE] Task "Поставить в очередь" on 127.0.0.1:3128#
{"params":{"service_id":2,"pass":"1","priority":1},"jsonrpc":"2.0","id":"1502773979760","method":"Поставить в очередь"} at {ru.apertum.qsystem.common.NetCommander.sendRpc(NetCommander.java:131)}
2017-08-15 08:13:09,152 [TRACE] Socket was created. at {ru.apertum.qsystem.common.NetCommander.sendRpc(NetCommander.java:139)}
2017-08-15 08:13:09,155 [TRACE] Sending... at {ru.apertum.qsystem.common.NetCommander.sendRpc(NetCommander.java:145)}
2017-08-15 08:13:09,156 [TRACE] Reading... at {ru.apertum.qsystem.common.NetCommander.sendRpc(NetCommander.java:147)}
2017-08-15 08:13:09,277 [TRACE] Response:
{"result":{"id":1502773989257,"number":2,"stateIn":1,"state":"STATE_WAIT","priority":1,"to_service":{"id":2,"status":1,"point":0,"duration":1,"exp":0,"sound_template":"021111","advance_limit":1,"day_limit":0,"person_day_limit":0,"inputed_as_number":0,"advance_limit_period":14,"advance_time_period":60,"enable":1,"result_required":false,"input_required":false,"inputed_as_ext":false,"input_caption":"","pre_info_html":"","pre_info_print_text":"","tablo_text":"","but_x":100,"but_y":100,"but_b":200,"but_h":100,"countPerDay":2,"day":227,"description":"Описание услуги","service_prefix":"А","name":"Услуга","buttonText":"\u003chtml\u003e\u003cb\u003e\u003cp align\u003dcenter\u003e\u003cspan style\u003d\u0027font-size:20.0pt;color:blue\u0027\u003eНекая услуга","parentId":1,"langs":[],"inner_services":[]},"prefix":"А","stand_time":"15.08.2017 08:13:09","need_back":false,"temp_comments":"","post_atatus":"","postpone_period":0,"recall_cnt":0,"start_postpone_period":0,"complex_id":[]},"jsonrpc":"2.0","id":"1502773989270"}
 at {ru.apertum.qsystem.common.NetCommander.sendRpc(NetCommander.java:159)}
2017-08-15 08:13:09,292 [ INFO] Печать этикетки. at {ru.apertum.qsystem.client.model.QButton.lambda$init$2(QButton.java:532)}
2017-08-15 08:13:10,716 [ERROR] Ошибка печати:  at {ru.apertum.qsystem.client.forms.FWelcome.printTicket(FWelcome.java:1413)}
java.awt.print.PrinterAbortException
	at sun.print.RasterPrinterJob.cancelDoc(Unknown Source)
	at sun.print.RasterPrinterJob.print(Unknown Source)
	at ru.apertum.qsystem.client.forms.FWelcome.printTicket(FWelcome.java:1410)
	at ru.apertum.qsystem.client.model.QButton.lambda$null$1(QButton.java:536)
	at java.lang.Thread.run(Unknown Source)
2017-08-15 08:13:14,292 [ INFO] Показываем набор кнопок уровня: Дерево услуг ID=1 at {ru.apertum.qsystem.client.forms.FWelcome.showButtons(FWelcome.java:949)}
2017-08-15 08:13:14,294 [TRACE] Create button for "Услуга" ID=2 states: Visible Active ForAll Real at {ru.apertum.qsystem.client.model.QButton.init(QButton.java:189)}
2017-08-15 08:21:46,957 [ INFO] Properties are ready. at {ru.apertum.qsystem.common.QConfig.prepareCLI(QConfig.java:305)}
2017-08-15 08:21:46,960 [ INFO] "QSystem 17.1"!  date: 20.05.2017 at {ru.apertum.qsystem.common.QLog.initial(QLog.java:180)}
2017-08-15 08:21:46,961 [ INFO] START LOGER. Logger: welcome.file.info.trace at {ru.apertum.qsystem.common.QLog.initial(QLog.java:181)}
2017-08-15 08:21:46,961 [ INFO] Mode: KEY_DEBUG at {ru.apertum.qsystem.common.QLog.initial(QLog.java:186)}
2017-08-15 08:21:46,962 [ INFO] Plugins: YES at {ru.apertum.qsystem.common.QLog.initial(QLog.java:187)}
2017-08-15 08:21:47,010 [ INFO] Загрузка плагинов из папки plugins. at {ru.apertum.qsystem.common.Uses.loadPlugins(Uses.java:788)}
2017-08-15 08:21:47,012 [DEBUG] Плагин Journal.jar at {ru.apertum.qsystem.common.Uses.loadPlugins(Uses.java:795)}
2017-08-15 08:21:47,013 [DEBUG] Плагин Microsound.jar at {ru.apertum.qsystem.common.Uses.loadPlugins(Uses.java:795)}
2017-08-15 08:21:47,015 [ INFO] Languages are loading... at {ru.apertum.qsystem.client.Locales.<init>(Locales.java:79)}
2017-08-15 08:21:47,027 [DEBUG]    Langusge: Az?rbaycan az_AZ at {ru.apertum.qsystem.client.Locales.<init>(Locales.java:119)}
2017-08-15 08:21:47,029 [DEBUG]    Langusge: English en_US at {ru.apertum.qsystem.client.Locales.<init>(Locales.java:119)}
2017-08-15 08:21:47,030 [DEBUG]    Langusge: Espanol es_ES at {ru.apertum.qsystem.client.Locales.<init>(Locales.java:119)}
2017-08-15 08:21:47,032 [DEBUG]    Langusge: Fran?ais fr_FR at {ru.apertum.qsystem.client.Locales.<init>(Locales.java:119)}
2017-08-15 08:21:47,033 [DEBUG]    Langusge: Italiano it_IT at {ru.apertum.qsystem.client.Locales.<init>(Locales.java:119)}
2017-08-15 08:21:47,035 [DEBUG]    Langusge: Portugu?s pt_PT at {ru.apertum.qsystem.client.Locales.<init>(Locales.java:119)}
2017-08-15 08:21:47,036 [DEBUG]    Langusge: Roman ro_RO at {ru.apertum.qsystem.client.Locales.<init>(Locales.java:119)}
2017-08-15 08:21:47,037 [DEBUG]    Langusge: Русский ru_RU at {ru.apertum.qsystem.client.Locales.<init>(Locales.java:119)}
2017-08-15 08:21:47,039 [DEBUG]    Langusge: Українська uk_UA at {ru.apertum.qsystem.client.Locales.<init>(Locales.java:119)}
2017-08-15 08:21:47,066 [ INFO] Получить параметры. at {ru.apertum.qsystem.common.NetCommander.getProperties(NetCommander.java:1585)}
2017-08-15 08:21:47,150 [TRACE] Task "Все параметры из БД" on 127.0.0.1:3128#
{"params":{},"jsonrpc":"2.0","id":"1502774507066","method":"Все параметры из БД"} at {ru.apertum.qsystem.common.NetCommander.sendRpc(NetCommander.java:131)}
2017-08-15 08:21:47,153 [TRACE] Socket was created. at {ru.apertum.qsystem.common.NetCommander.sendRpc(NetCommander.java:139)}
2017-08-15 08:21:47,155 [TRACE] Sending... at {ru.apertum.qsystem.common.NetCommander.sendRpc(NetCommander.java:145)}
2017-08-15 08:21:47,155 [TRACE] Reading... at {ru.apertum.qsystem.common.NetCommander.sendRpc(NetCommander.java:147)}
2017-08-15 08:21:47,262 [TRACE] Response:
{"result":{},"jsonrpc":"2.0","id":"1502774507257"}
 at {ru.apertum.qsystem.common.NetCommander.sendRpc(NetCommander.java:159)}
2017-08-15 08:21:47,278 [ INFO] Получение возможных услуг. at {ru.apertum.qsystem.common.NetCommander.getServiсes(NetCommander.java:294)}
2017-08-15 08:21:47,278 [TRACE] Task "Получить перечень услуг" on 127.0.0.1:3128#
{"jsonrpc":"2.0","id":"1502774507066","method":"Получить перечень услуг"} at {ru.apertum.qsystem.common.NetCommander.sendRpc(NetCommander.java:131)}
2017-08-15 08:21:47,280 [TRACE] Socket was created. at {ru.apertum.qsystem.common.NetCommander.sendRpc(NetCommander.java:139)}
2017-08-15 08:21:47,281 [TRACE] Sending... at {ru.apertum.qsystem.common.NetCommander.sendRpc(NetCommander.java:145)}
2017-08-15 08:21:47,281 [TRACE] Reading... at {ru.apertum.qsystem.common.NetCommander.sendRpc(NetCommander.java:147)}
2017-08-15 08:21:47,405 [TRACE] Response:
{"result":{"root":{"id":1,"status":1,"point":0,"duration":1,"exp":0,"sound_template":"120050","advance_limit":1,"day_limit":0,"person_day_limit":0,"inputed_as_number":0,"advance_limit_period":14,"advance_time_period":60,"enable":1,"result_required":false,"input_required":false,"inputed_as_ext":false,"input_caption":"","pre_info_html":"","pre_info_print_text":"","tablo_text":"","but_x":100,"but_y":100,"but_b":200,"but_h":100,"countPerDay":0,"day":0,"description":"Root of services","service_prefix":"-","name":"Root of services","buttonText":"\u003chtml\u003e\u003cp align\u003dcenter\u003e\u003cspan style\u003d\"font-size:55.0;color:#DC143C\"\u003eQMS QSystem\u003c/span\u003e\u003cbr\u003e\u003cspan style\u003d\"font-size:45.0;color:#DC143C\"\u003e\u003ci\u003eselect a service\u003c/i\u003e","langs":[],"inner_services":[{"id":2,"status":1,"point":0,"duration":1,"exp":0,"sound_template":"021111","advance_limit":1,"day_limit":0,"person_day_limit":0,"inputed_as_number":0,"advance_limit_period":14,"advance_time_period":60,"enable":1,"result_required":false,"input_required":false,"inputed_as_ext":false,"input_caption":"","pre_info_html":"","pre_info_print_text":"","tablo_text":"","but_x":100,"but_y":100,"but_b":200,"but_h":100,"countPerDay":0,"day":0,"description":"Description of service","service_prefix":"A","name":"Service","buttonText":"\u003chtml\u003e\u003cb\u003e\u003cp align\u003dcenter\u003e\u003cspan style\u003d\"font-size:20.0pt;color:blue\"\u003eSome service","parentId":1,"langs":[],"inner_services":[]}]},"start_time":"01.01.1970 08:45:00","finish_time":"01.01.1970 18:00:00","btn_free_dsn":false},"jsonrpc":"2.0","id":"1502774507385"}
 at {ru.apertum.qsystem.common.NetCommander.sendRpc(NetCommander.java:159)}
2017-08-15 08:21:47,481 [DEBUG] Загрузим параметры из файла "config\welcome.property" at {ru.apertum.qsystem.client.common.WelcomeParams.loadSettings(WelcomeParams.java:218)}
2017-08-15 08:21:47,488 [ INFO] Создаем окно приглашения. at {ru.apertum.qsystem.client.forms.FWelcome.init(FWelcome.java:737)}
2017-08-15 08:21:48,358 [ INFO] Показываем набор кнопок уровня: Root of services ID=1 at {ru.apertum.qsystem.client.forms.FWelcome.showButtons(FWelcome.java:949)}
2017-08-15 08:21:48,364 [DEBUG] FIle not found 1417718379463 = E:/spring.jpg at {ru.apertum.qsystem.client.common.WelcomeBGparams.<init>(WelcomeBGparams.java:50)}
2017-08-15 08:21:48,366 [DEBUG] FIle not found 1417718393092 = E:/spring2.jpg at {ru.apertum.qsystem.client.common.WelcomeBGparams.<init>(WelcomeBGparams.java:50)}
2017-08-15 08:21:48,369 [DEBUG] FIle not found 1417872096348 = E:\temp\qsys_pic\fon_welcome.jpg at {ru.apertum.qsystem.client.common.WelcomeBGparams.<init>(WelcomeBGparams.java:50)}
2017-08-15 08:21:48,376 [TRACE] Create button for "Service" ID=2 states: Visible Active ForAll Real at {ru.apertum.qsystem.client.model.QButton.init(QButton.java:189)}
2017-08-15 08:21:48,402 [ INFO] Сервер управления пунктом регистрации запущен. at {ru.apertum.qsystem.client.forms.FWelcome$CommandServer.run(FWelcome.java:226)}
2017-08-15 08:21:49,292 [ INFO] Pressed button "Service" ID=2 at {ru.apertum.qsystem.client.model.QButton.lambda$init$2(QButton.java:256)}
2017-08-15 08:21:49,294 [ INFO] Встать в очередь. at {ru.apertum.qsystem.common.NetCommander.aboutService(NetCommander.java:427)}
2017-08-15 08:21:49,296 [TRACE] Task "Получить описание услуги" on 127.0.0.1:3128#
{"params":{"service_id":2},"jsonrpc":"2.0","id":"1502774507066","method":"Получить описание услуги"} at {ru.apertum.qsystem.common.NetCommander.sendRpc(NetCommander.java:131)}
2017-08-15 08:21:49,298 [TRACE] Socket was created. at {ru.apertum.qsystem.common.NetCommander.sendRpc(NetCommander.java:139)}
2017-08-15 08:21:49,299 [TRACE] Sending... at {ru.apertum.qsystem.common.NetCommander.sendRpc(NetCommander.java:145)}
2017-08-15 08:21:49,301 [TRACE] Reading... at {ru.apertum.qsystem.common.NetCommander.sendRpc(NetCommander.java:147)}
2017-08-15 08:21:49,454 [TRACE] Response:
{"result":{"code":0,"message":""},"jsonrpc":"2.0","id":"1502774509450"}
 at {ru.apertum.qsystem.common.NetCommander.sendRpc(NetCommander.java:159)}
2017-08-15 08:21:49,485 [ INFO] Встать в очередь. at {ru.apertum.qsystem.common.NetCommander.standInService(NetCommander.java:334)}
2017-08-15 08:21:49,486 [TRACE] Task "Поставить в очередь" on 127.0.0.1:3128#
{"params":{"service_id":2,"pass":"1","priority":1},"jsonrpc":"2.0","id":"1502774507066","method":"Поставить в очередь"} at {ru.apertum.qsystem.common.NetCommander.sendRpc(NetCommander.java:131)}
2017-08-15 08:21:49,487 [TRACE] Socket was created. at {ru.apertum.qsystem.common.NetCommander.sendRpc(NetCommander.java:139)}
2017-08-15 08:21:49,488 [TRACE] Sending... at {ru.apertum.qsystem.common.NetCommander.sendRpc(NetCommander.java:145)}
2017-08-15 08:21:49,488 [TRACE] Reading... at {ru.apertum.qsystem.common.NetCommander.sendRpc(NetCommander.java:147)}
2017-08-15 08:21:49,550 [TRACE] Response:
{"result":{"id":1502774509490,"number":1,"stateIn":1,"state":"STATE_WAIT","priority":1,"to_service":{"id":2,"status":1,"point":0,"duration":1,"exp":0,"sound_template":"021111","advance_limit":1,"day_limit":0,"person_day_limit":0,"inputed_as_number":0,"advance_limit_period":14,"advance_time_period":60,"enable":1,"result_required":false,"input_required":false,"inputed_as_ext":false,"input_caption":"","pre_info_html":"","pre_info_print_text":"","tablo_text":"","but_x":100,"but_y":100,"but_b":200,"but_h":100,"countPerDay":1,"day":227,"description":"Description of service","service_prefix":"A","name":"Service","buttonText":"\u003chtml\u003e\u003cb\u003e\u003cp align\u003dcenter\u003e\u003cspan style\u003d\"font-size:20.0pt;color:blue\"\u003eSome service","parentId":1,"langs":[],"inner_services":[]},"prefix":"A","stand_time":"15.08.2017 08:21:49","need_back":false,"temp_comments":"","post_atatus":"","postpone_period":0,"recall_cnt":0,"start_postpone_period":0,"complex_id":[]},"jsonrpc":"2.0","id":"1502774509544"}
 at {ru.apertum.qsystem.common.NetCommander.sendRpc(NetCommander.java:159)}
2017-08-15 08:21:49,563 [ INFO] Печать этикетки. at {ru.apertum.qsystem.client.model.QButton.lambda$init$2(QButton.java:532)}
2017-08-15 08:21:52,733 [ERROR] Ошибка печати:  at {ru.apertum.qsystem.client.forms.FWelcome.printTicket(FWelcome.java:1413)}
java.awt.print.PrinterAbortException
	at sun.print.RasterPrinterJob.cancelDoc(Unknown Source)
	at sun.print.RasterPrinterJob.print(Unknown Source)
	at ru.apertum.qsystem.client.forms.FWelcome.printTicket(FWelcome.java:1410)
	at ru.apertum.qsystem.client.model.QButton.lambda$null$1(QButton.java:536)
	at java.lang.Thread.run(Unknown Source)
2017-08-15 08:21:54,561 [ INFO] Показываем набор кнопок уровня: Root of services ID=1 at {ru.apertum.qsystem.client.forms.FWelcome.showButtons(FWelcome.java:949)}
2017-08-15 08:21:54,563 [TRACE] Create button for "Service" ID=2 states: Visible Active ForAll Real at {ru.apertum.qsystem.client.model.QButton.init(QButton.java:189)}
2017-08-15 08:21:55,058 [ INFO] Pressed button "Service" ID=2 at {ru.apertum.qsystem.client.model.QButton.lambda$init$2(QButton.java:256)}
2017-08-15 08:21:55,060 [ INFO] Встать в очередь. at {ru.apertum.qsystem.common.NetCommander.aboutService(NetCommander.java:427)}
2017-08-15 08:21:55,061 [TRACE] Task "Получить описание услуги" on 127.0.0.1:3128#
{"params":{"service_id":2},"jsonrpc":"2.0","id":"1502774507066","method":"Получить описание услуги"} at {ru.apertum.qsystem.common.NetCommander.sendRpc(NetCommander.java:131)}
2017-08-15 08:21:55,063 [TRACE] Socket was created. at {ru.apertum.qsystem.common.NetCommander.sendRpc(NetCommander.java:139)}
2017-08-15 08:21:55,065 [TRACE] Sending... at {ru.apertum.qsystem.common.NetCommander.sendRpc(NetCommander.java:145)}
2017-08-15 08:21:55,066 [TRACE] Reading... at {ru.apertum.qsystem.common.NetCommander.sendRpc(NetCommander.java:147)}
2017-08-15 08:21:55,180 [TRACE] Response:
{"result":{"code":1,"message":""},"jsonrpc":"2.0","id":"1502774515177"}
 at {ru.apertum.qsystem.common.NetCommander.sendRpc(NetCommander.java:159)}
2017-08-15 08:21:55,194 [ INFO] Встать в очередь. at {ru.apertum.qsystem.common.NetCommander.standInService(NetCommander.java:334)}
2017-08-15 08:21:55,196 [TRACE] Task "Поставить в очередь" on 127.0.0.1:3128#
{"params":{"service_id":2,"pass":"1","priority":1},"jsonrpc":"2.0","id":"1502774507066","method":"Поставить в очередь"} at {ru.apertum.qsystem.common.NetCommander.sendRpc(NetCommander.java:131)}
2017-08-15 08:21:55,198 [TRACE] Socket was created. at {ru.apertum.qsystem.common.NetCommander.sendRpc(NetCommander.java:139)}
2017-08-15 08:21:55,200 [TRACE] Sending... at {ru.apertum.qsystem.common.NetCommander.sendRpc(NetCommander.java:145)}
2017-08-15 08:21:55,201 [TRACE] Reading... at {ru.apertum.qsystem.common.NetCommander.sendRpc(NetCommander.java:147)}
2017-08-15 08:21:55,356 [TRACE] Response:
{"result":{"id":1502774515302,"number":2,"stateIn":1,"state":"STATE_WAIT","priority":1,"to_service":{"id":2,"status":1,"point":0,"duration":1,"exp":0,"sound_template":"021111","advance_limit":1,"day_limit":0,"person_day_limit":0,"inputed_as_number":0,"advance_limit_period":14,"advance_time_period":60,"enable":1,"result_required":false,"input_required":false,"inputed_as_ext":false,"input_caption":"","pre_info_html":"","pre_info_print_text":"","tablo_text":"","but_x":100,"but_y":100,"but_b":200,"but_h":100,"countPerDay":2,"day":227,"description":"Description of service","service_prefix":"A","name":"Service","buttonText":"\u003chtml\u003e\u003cb\u003e\u003cp align\u003dcenter\u003e\u003cspan style\u003d\"font-size:20.0pt;color:blue\"\u003eSome service","parentId":1,"langs":[],"inner_services":[]},"prefix":"A","stand_time":"15.08.2017 08:21:55","need_back":false,"temp_comments":"","post_atatus":"","postpone_period":0,"recall_cnt":0,"start_postpone_period":0,"complex_id":[]},"jsonrpc":"2.0","id":"1502774515351"}
 at {ru.apertum.qsystem.common.NetCommander.sendRpc(NetCommander.java:159)}
2017-08-15 08:21:55,364 [ INFO] Печать этикетки. at {ru.apertum.qsystem.client.model.QButton.lambda$init$2(QButton.java:532)}
2017-08-15 08:21:56,852 [ERROR] Ошибка печати:  at {ru.apertum.qsystem.client.forms.FWelcome.printTicket(FWelcome.java:1413)}
java.awt.print.PrinterAbortException
	at sun.print.RasterPrinterJob.cancelDoc(Unknown Source)
	at sun.print.RasterPrinterJob.print(Unknown Source)
	at ru.apertum.qsystem.client.forms.FWelcome.printTicket(FWelcome.java:1410)
	at ru.apertum.qsystem.client.model.QButton.lambda$null$1(QButton.java:536)
	at java.lang.Thread.run(Unknown Source)
2017-08-15 08:22:00,362 [ INFO] Показываем набор кнопок уровня: Root of services ID=1 at {ru.apertum.qsystem.client.forms.FWelcome.showButtons(FWelcome.java:949)}
2017-08-15 08:22:00,364 [TRACE] Create button for "Service" ID=2 states: Visible Active ForAll Real at {ru.apertum.qsystem.client.model.QButton.init(QButton.java:189)}
2017-08-23 10:46:37,095 [ INFO] Properties are ready. at {ru.apertum.qsystem.common.QConfig.prepareCLI(QConfig.java:305)}
2017-08-23 10:46:37,112 [ INFO] "QSystem 17.1"!  date: 20.05.2017 at {ru.apertum.qsystem.common.QLog.initial(QLog.java:180)}
2017-08-23 10:46:37,113 [ INFO] START LOGER. Logger: welcome.file.info.trace at {ru.apertum.qsystem.common.QLog.initial(QLog.java:181)}
2017-08-23 10:46:37,114 [ INFO] Mode: KEY_DEBUG at {ru.apertum.qsystem.common.QLog.initial(QLog.java:186)}
2017-08-23 10:46:37,114 [ INFO] Plugins: YES at {ru.apertum.qsystem.common.QLog.initial(QLog.java:187)}
2017-08-23 10:46:37,166 [ INFO] Загрузка плагинов из папки plugins. at {ru.apertum.qsystem.common.Uses.loadPlugins(Uses.java:788)}
2017-08-23 10:46:37,167 [DEBUG] Плагин Journal.jar at {ru.apertum.qsystem.common.Uses.loadPlugins(Uses.java:795)}
2017-08-23 10:46:37,168 [DEBUG] Плагин Microsound.jar at {ru.apertum.qsystem.common.Uses.loadPlugins(Uses.java:795)}
2017-08-23 10:46:37,169 [DEBUG] Плагин ZoneboardPlugin.jar at {ru.apertum.qsystem.common.Uses.loadPlugins(Uses.java:795)}
2017-08-23 10:46:37,173 [ INFO] Languages are loading... at {ru.apertum.qsystem.client.Locales.<init>(Locales.java:79)}
2017-08-23 10:46:37,186 [DEBUG]    Langusge: Az?rbaycan az_AZ at {ru.apertum.qsystem.client.Locales.<init>(Locales.java:119)}
2017-08-23 10:46:37,189 [DEBUG]    Langusge: English en_US at {ru.apertum.qsystem.client.Locales.<init>(Locales.java:119)}
2017-08-23 10:46:37,190 [DEBUG]    Langusge: Espanol es_ES at {ru.apertum.qsystem.client.Locales.<init>(Locales.java:119)}
2017-08-23 10:46:37,191 [DEBUG]    Langusge: Fran?ais fr_FR at {ru.apertum.qsystem.client.Locales.<init>(Locales.java:119)}
2017-08-23 10:46:37,193 [DEBUG]    Langusge: Italiano it_IT at {ru.apertum.qsystem.client.Locales.<init>(Locales.java:119)}
2017-08-23 10:46:37,195 [DEBUG]    Langusge: Portugu?s pt_PT at {ru.apertum.qsystem.client.Locales.<init>(Locales.java:119)}
2017-08-23 10:46:37,196 [DEBUG]    Langusge: Roman ro_RO at {ru.apertum.qsystem.client.Locales.<init>(Locales.java:119)}
2017-08-23 10:46:37,198 [DEBUG]    Langusge: Русский ru_RU at {ru.apertum.qsystem.client.Locales.<init>(Locales.java:119)}
2017-08-23 10:46:37,199 [DEBUG]    Langusge: Українська uk_UA at {ru.apertum.qsystem.client.Locales.<init>(Locales.java:119)}
2017-08-23 10:46:37,229 [ INFO] Получить параметры. at {ru.apertum.qsystem.common.NetCommander.getProperties(NetCommander.java:1585)}
2017-08-23 10:46:37,313 [TRACE] Task "Все параметры из БД" on 127.0.0.1:3128#
{"params":{},"jsonrpc":"2.0","id":"1503474397229","method":"Все параметры из БД"} at {ru.apertum.qsystem.common.NetCommander.sendRpc(NetCommander.java:131)}
2017-08-23 10:46:38,318 [ERROR] Exception!: Невозможно подключиться к серверу. at {ru.apertum.qsystem.common.exceptions.QException.<init>(QException.java:34)}
java.net.ConnectException: Connection refused: connect
	at java.net.DualStackPlainSocketImpl.waitForConnect(Native Method)
	at java.net.DualStackPlainSocketImpl.socketConnect(Unknown Source)
	at java.net.AbstractPlainSocketImpl.doConnect(Unknown Source)
	at java.net.AbstractPlainSocketImpl.connectToAddress(Unknown Source)
	at java.net.AbstractPlainSocketImpl.connect(Unknown Source)
	at java.net.PlainSocketImpl.connect(Unknown Source)
	at java.net.Socket.connect(Unknown Source)
	at ru.apertum.qsystem.common.NetCommander.sendRpc(NetCommander.java:134)
	at ru.apertum.qsystem.common.NetCommander.send(NetCommander.java:115)
	at ru.apertum.qsystem.common.NetCommander.getProperties(NetCommander.java:1590)
	at ru.apertum.qsystem.client.QProperties.load(QProperties.java:67)
	at ru.apertum.qsystem.client.QProperties.load(QProperties.java:56)
	at ru.apertum.qsystem.client.forms.FWelcome.main(FWelcome.java:377)
2017-08-23 10:46:38,322 [ERROR] Exception!: Невозможно получить ответ от сервера. at {ru.apertum.qsystem.common.exceptions.QException.<init>(QException.java:34)}
ru.apertum.qsystem.common.exceptions.QException: Невозможно подключиться к серверу.
	at ru.apertum.qsystem.common.NetCommander.sendRpc(NetCommander.java:137)
	at ru.apertum.qsystem.common.NetCommander.send(NetCommander.java:115)
	at ru.apertum.qsystem.common.NetCommander.getProperties(NetCommander.java:1590)
	at ru.apertum.qsystem.client.QProperties.load(QProperties.java:67)
	at ru.apertum.qsystem.client.QProperties.load(QProperties.java:56)
	at ru.apertum.qsystem.client.forms.FWelcome.main(FWelcome.java:377)
Caused by: java.net.ConnectException: Connection refused: connect
	at java.net.DualStackPlainSocketImpl.waitForConnect(Native Method)
	at java.net.DualStackPlainSocketImpl.socketConnect(Unknown Source)
	at java.net.AbstractPlainSocketImpl.doConnect(Unknown Source)
	at java.net.AbstractPlainSocketImpl.connectToAddress(Unknown Source)
	at java.net.AbstractPlainSocketImpl.connect(Unknown Source)
	at java.net.PlainSocketImpl.connect(Unknown Source)
	at java.net.Socket.connect(Unknown Source)
	at ru.apertum.qsystem.common.NetCommander.sendRpc(NetCommander.java:134)
	... 5 more
2017-08-23 10:46:38,326 [ERROR] Error! Проблема с командой. 
ru.apertum.qsystem.common.exceptions.QException: Невозможно получить ответ от сервера. at {ru.apertum.qsystem.common.exceptions.ServerException.<init>(ServerException.java:42)}
ru.apertum.qsystem.common.exceptions.ClientException: Проблема с командой. 
	at ru.apertum.qsystem.common.NetCommander.getProperties(NetCommander.java:1592)
	at ru.apertum.qsystem.client.QProperties.load(QProperties.java:67)
	at ru.apertum.qsystem.client.QProperties.load(QProperties.java:56)
	at ru.apertum.qsystem.client.forms.FWelcome.main(FWelcome.java:377)
Caused by: ru.apertum.qsystem.common.exceptions.QException: Невозможно получить ответ от сервера.
	at ru.apertum.qsystem.common.NetCommander.sendRpc(NetCommander.java:162)
	at ru.apertum.qsystem.common.NetCommander.send(NetCommander.java:115)
	at ru.apertum.qsystem.common.NetCommander.getProperties(NetCommander.java:1590)
	... 3 more
Caused by: ru.apertum.qsystem.common.exceptions.QException: Невозможно подключиться к серверу.
	at ru.apertum.qsystem.common.NetCommander.sendRpc(NetCommander.java:137)
	... 5 more
Caused by: java.net.ConnectException: Connection refused: connect
	at java.net.DualStackPlainSocketImpl.waitForConnect(Native Method)
	at java.net.DualStackPlainSocketImpl.socketConnect(Unknown Source)
	at java.net.AbstractPlainSocketImpl.doConnect(Unknown Source)
	at java.net.AbstractPlainSocketImpl.connectToAddress(Unknown Source)
	at java.net.AbstractPlainSocketImpl.connect(Unknown Source)
	at java.net.PlainSocketImpl.connect(Unknown Source)
	at java.net.Socket.connect(Unknown Source)
	at ru.apertum.qsystem.common.NetCommander.sendRpc(NetCommander.java:134)
	... 5 more
2017-08-23 10:46:53,041 [ INFO] Properties are ready. at {ru.apertum.qsystem.common.QConfig.prepareCLI(QConfig.java:305)}
2017-08-23 10:46:53,044 [ INFO] "QSystem 17.1"!  date: 20.05.2017 at {ru.apertum.qsystem.common.QLog.initial(QLog.java:180)}
2017-08-23 10:46:53,044 [ INFO] START LOGER. Logger: welcome.file.info.trace at {ru.apertum.qsystem.common.QLog.initial(QLog.java:181)}
2017-08-23 10:46:53,045 [ INFO] Mode: KEY_DEBUG at {ru.apertum.qsystem.common.QLog.initial(QLog.java:186)}
2017-08-23 10:46:53,045 [ INFO] Plugins: YES at {ru.apertum.qsystem.common.QLog.initial(QLog.java:187)}
2017-08-23 10:46:53,093 [ INFO] Загрузка плагинов из папки plugins. at {ru.apertum.qsystem.common.Uses.loadPlugins(Uses.java:788)}
2017-08-23 10:46:53,095 [DEBUG] Плагин Journal.jar at {ru.apertum.qsystem.common.Uses.loadPlugins(Uses.java:795)}
2017-08-23 10:46:53,096 [DEBUG] Плагин Microsound.jar at {ru.apertum.qsystem.common.Uses.loadPlugins(Uses.java:795)}
2017-08-23 10:46:53,097 [DEBUG] Плагин ZoneboardPlugin.jar at {ru.apertum.qsystem.common.Uses.loadPlugins(Uses.java:795)}
2017-08-23 10:46:53,101 [ INFO] Languages are loading... at {ru.apertum.qsystem.client.Locales.<init>(Locales.java:79)}
2017-08-23 10:46:53,114 [DEBUG]    Langusge: Az?rbaycan az_AZ at {ru.apertum.qsystem.client.Locales.<init>(Locales.java:119)}
2017-08-23 10:46:53,116 [DEBUG]    Langusge: English en_US at {ru.apertum.qsystem.client.Locales.<init>(Locales.java:119)}
2017-08-23 10:46:53,118 [DEBUG]    Langusge: Espanol es_ES at {ru.apertum.qsystem.client.Locales.<init>(Locales.java:119)}
2017-08-23 10:46:53,119 [DEBUG]    Langusge: Fran?ais fr_FR at {ru.apertum.qsystem.client.Locales.<init>(Locales.java:119)}
2017-08-23 10:46:53,121 [DEBUG]    Langusge: Italiano it_IT at {ru.apertum.qsystem.client.Locales.<init>(Locales.java:119)}
2017-08-23 10:46:53,122 [DEBUG]    Langusge: Portugu?s pt_PT at {ru.apertum.qsystem.client.Locales.<init>(Locales.java:119)}
2017-08-23 10:46:53,124 [DEBUG]    Langusge: Roman ro_RO at {ru.apertum.qsystem.client.Locales.<init>(Locales.java:119)}
2017-08-23 10:46:53,126 [DEBUG]    Langusge: Русский ru_RU at {ru.apertum.qsystem.client.Locales.<init>(Locales.java:119)}
2017-08-23 10:46:53,127 [DEBUG]    Langusge: Українська uk_UA at {ru.apertum.qsystem.client.Locales.<init>(Locales.java:119)}
2017-08-23 10:46:53,155 [ INFO] Получить параметры. at {ru.apertum.qsystem.common.NetCommander.getProperties(NetCommander.java:1585)}
2017-08-23 10:46:55,538 [ERROR] Error! at {ru.apertum.qsystem.client.common.ClientNetProperty.getAddress(ClientNetProperty.java:65)}
java.net.UnknownHostException: 10.5.0.139-wm
	at java.net.Inet6AddressImpl.lookupAllHostAddr(Native Method)
	at java.net.InetAddress$2.lookupAllHostAddr(Unknown Source)
	at java.net.InetAddress.getAddressesFromNameService(Unknown Source)
	at java.net.InetAddress.getAllByName0(Unknown Source)
	at java.net.InetAddress.getAllByName(Unknown Source)
	at java.net.InetAddress.getAllByName(Unknown Source)
	at java.net.InetAddress.getByName(Unknown Source)
	at ru.apertum.qsystem.client.common.ClientNetProperty.getAddress(ClientNetProperty.java:63)
	at ru.apertum.qsystem.common.NetCommander.sendRpc(NetCommander.java:131)
	at ru.apertum.qsystem.common.NetCommander.send(NetCommander.java:115)
	at ru.apertum.qsystem.common.NetCommander.getProperties(NetCommander.java:1590)
	at ru.apertum.qsystem.client.QProperties.load(QProperties.java:67)
	at ru.apertum.qsystem.client.QProperties.load(QProperties.java:56)
	at ru.apertum.qsystem.client.forms.FWelcome.main(FWelcome.java:377)
2017-08-23 10:46:55,542 [ERROR] Exception!: Невозможно получить ответ от сервера. at {ru.apertum.qsystem.common.exceptions.QException.<init>(QException.java:34)}
java.lang.NullPointerException
	at ru.apertum.qsystem.common.NetCommander.sendRpc(NetCommander.java:131)
	at ru.apertum.qsystem.common.NetCommander.send(NetCommander.java:115)
	at ru.apertum.qsystem.common.NetCommander.getProperties(NetCommander.java:1590)
	at ru.apertum.qsystem.client.QProperties.load(QProperties.java:67)
	at ru.apertum.qsystem.client.QProperties.load(QProperties.java:56)
	at ru.apertum.qsystem.client.forms.FWelcome.main(FWelcome.java:377)
2017-08-23 10:46:55,545 [ERROR] Error! Проблема с командой. 
ru.apertum.qsystem.common.exceptions.QException: Невозможно получить ответ от сервера. at {ru.apertum.qsystem.common.exceptions.ServerException.<init>(ServerException.java:42)}
ru.apertum.qsystem.common.exceptions.ClientException: Проблема с командой. 
	at ru.apertum.qsystem.common.NetCommander.getProperties(NetCommander.java:1592)
	at ru.apertum.qsystem.client.QProperties.load(QProperties.java:67)
	at ru.apertum.qsystem.client.QProperties.load(QProperties.java:56)
	at ru.apertum.qsystem.client.forms.FWelcome.main(FWelcome.java:377)
Caused by: ru.apertum.qsystem.common.exceptions.QException: Невозможно получить ответ от сервера.
	at ru.apertum.qsystem.common.NetCommander.sendRpc(NetCommander.java:162)
	at ru.apertum.qsystem.common.NetCommander.send(NetCommander.java:115)
	at ru.apertum.qsystem.common.NetCommander.getProperties(NetCommander.java:1590)
	... 3 more
Caused by: java.lang.NullPointerException
	at ru.apertum.qsystem.common.NetCommander.sendRpc(NetCommander.java:131)
	... 5 more
2017-08-23 10:47:11,047 [ INFO] Properties are ready. at {ru.apertum.qsystem.common.QConfig.prepareCLI(QConfig.java:305)}
2017-08-23 10:47:11,050 [ INFO] "QSystem 17.1"!  date: 20.05.2017 at {ru.apertum.qsystem.common.QLog.initial(QLog.java:180)}
2017-08-23 10:47:11,050 [ INFO] START LOGER. Logger: welcome.file.info.trace at {ru.apertum.qsystem.common.QLog.initial(QLog.java:181)}
2017-08-23 10:47:11,051 [ INFO] Mode: KEY_DEBUG at {ru.apertum.qsystem.common.QLog.initial(QLog.java:186)}
2017-08-23 10:47:11,051 [ INFO] Plugins: YES at {ru.apertum.qsystem.common.QLog.initial(QLog.java:187)}
2017-08-23 10:47:11,097 [ INFO] Загрузка плагинов из папки plugins. at {ru.apertum.qsystem.common.Uses.loadPlugins(Uses.java:788)}
2017-08-23 10:47:11,099 [DEBUG] Плагин Journal.jar at {ru.apertum.qsystem.common.Uses.loadPlugins(Uses.java:795)}
2017-08-23 10:47:11,100 [DEBUG] Плагин Microsound.jar at {ru.apertum.qsystem.common.Uses.loadPlugins(Uses.java:795)}
2017-08-23 10:47:11,101 [DEBUG] Плагин ZoneboardPlugin.jar at {ru.apertum.qsystem.common.Uses.loadPlugins(Uses.java:795)}
2017-08-23 10:47:11,104 [ INFO] Languages are loading... at {ru.apertum.qsystem.client.Locales.<init>(Locales.java:79)}
2017-08-23 10:47:11,116 [DEBUG]    Langusge: Az?rbaycan az_AZ at {ru.apertum.qsystem.client.Locales.<init>(Locales.java:119)}
2017-08-23 10:47:11,118 [DEBUG]    Langusge: English en_US at {ru.apertum.qsystem.client.Locales.<init>(Locales.java:119)}
2017-08-23 10:47:11,120 [DEBUG]    Langusge: Espanol es_ES at {ru.apertum.qsystem.client.Locales.<init>(Locales.java:119)}
2017-08-23 10:47:11,121 [DEBUG]    Langusge: Fran?ais fr_FR at {ru.apertum.qsystem.client.Locales.<init>(Locales.java:119)}
2017-08-23 10:47:11,123 [DEBUG]    Langusge: Italiano it_IT at {ru.apertum.qsystem.client.Locales.<init>(Locales.java:119)}
2017-08-23 10:47:11,124 [DEBUG]    Langusge: Portugu?s pt_PT at {ru.apertum.qsystem.client.Locales.<init>(Locales.java:119)}
2017-08-23 10:47:11,125 [DEBUG]    Langusge: Roman ro_RO at {ru.apertum.qsystem.client.Locales.<init>(Locales.java:119)}
2017-08-23 10:47:11,127 [DEBUG]    Langusge: Русский ru_RU at {ru.apertum.qsystem.client.Locales.<init>(Locales.java:119)}
2017-08-23 10:47:11,128 [DEBUG]    Langusge: Українська uk_UA at {ru.apertum.qsystem.client.Locales.<init>(Locales.java:119)}
2017-08-23 10:47:11,155 [ INFO] Получить параметры. at {ru.apertum.qsystem.common.NetCommander.getProperties(NetCommander.java:1585)}
2017-08-23 10:47:11,232 [TRACE] Task "Все параметры из БД" on 10.5.0.139:3128#
{"params":{},"jsonrpc":"2.0","id":"1503474431155","method":"Все параметры из БД"} at {ru.apertum.qsystem.common.NetCommander.sendRpc(NetCommander.java:131)}
2017-08-23 10:47:11,237 [TRACE] Socket was created. at {ru.apertum.qsystem.common.NetCommander.sendRpc(NetCommander.java:139)}
2017-08-23 10:47:11,239 [TRACE] Sending... at {ru.apertum.qsystem.common.NetCommander.sendRpc(NetCommander.java:145)}
2017-08-23 10:47:11,240 [TRACE] Reading... at {ru.apertum.qsystem.common.NetCommander.sendRpc(NetCommander.java:147)}
2017-08-23 10:47:11,256 [TRACE] Response:
{"result":{},"jsonrpc":"2.0","id":"1503474430024"}
 at {ru.apertum.qsystem.common.NetCommander.sendRpc(NetCommander.java:159)}
2017-08-23 10:47:11,266 [ INFO] Получение возможных услуг. at {ru.apertum.qsystem.common.NetCommander.getServiсes(NetCommander.java:294)}
2017-08-23 10:47:11,267 [TRACE] Task "Получить перечень услуг" on 10.5.0.139:3128#
{"jsonrpc":"2.0","id":"1503474431155","method":"Получить перечень услуг"} at {ru.apertum.qsystem.common.NetCommander.sendRpc(NetCommander.java:131)}
2017-08-23 10:47:11,268 [TRACE] Socket was created. at {ru.apertum.qsystem.common.NetCommander.sendRpc(NetCommander.java:139)}
2017-08-23 10:47:11,269 [TRACE] Sending... at {ru.apertum.qsystem.common.NetCommander.sendRpc(NetCommander.java:145)}
2017-08-23 10:47:11,269 [TRACE] Reading... at {ru.apertum.qsystem.common.NetCommander.sendRpc(NetCommander.java:147)}
2017-08-23 10:47:11,313 [TRACE] Response:
{"result":{"root":{"id":1,"status":1,"point":0,"duration":1,"exp":0,"sound_template":"120050","advance_limit":1,"day_limit":0,"person_day_limit":0,"inputed_as_number":0,"advance_limit_period":14,"advance_time_period":60,"enable":1,"result_required":false,"input_required":false,"inputed_as_ext":false,"input_caption":"","pre_info_html":"","pre_info_print_text":"","ticket_text":"","tablo_text":"","but_x":100,"but_y":100,"but_b":200,"but_h":100,"countPerDay":0,"day":0,"description":"Предоставляемые услуги","service_prefix":"-","name":"СЗАО \"ИНТЕРДНЕСТРКОМ\"","buttonText":"\u003chtml\u003e\u003cp align\u003dcenter\u003e\u003cspan style\u003d\u0027font-size:55.0;color:#DC143C\u0027\u003eСистема управления очередью\u003c/span\u003e\u003cbr\u003e\u003cspan style\u003d\u0027font-size:45.0;color:#DC143C\u0027\u003e\u003ci\u003eвыберите требуемую услугу\u003c/i\u003e","langs":[],"inner_services":[{"id":1503466462316,"status":1,"point":0,"duration":1,"exp":2,"sound_template":"021111","advance_limit":1,"day_limit":0,"person_day_limit":0,"inputed_as_number":0,"advance_limit_period":0,"advance_time_period":60,"enable":1,"result_required":false,"input_required":false,"inputed_as_ext":false,"input_caption":"","pre_info_html":"","pre_info_print_text":"","ticket_text":"","tablo_text":"","but_x":100,"but_y":100,"but_b":100,"but_h":100,"countPerDay":0,"day":0,"description":"Обслуживание в абонентском зале","service_prefix":"A","name":"Обслуживание в абонентском зале","buttonText":"\u003chtml\u003e\u003cb\u003e\u003cp align\u003dcenter\u003e\u003cspan style\u003d\u0027font-size:20.0pt;color:red\u0027\u003eОбслуживание в абонентском зале\u003c/span\u003e\u003c/b\u003e","parentId":1,"langs":[],"inner_services":[{"id":1503473614966,"status":1,"point":0,"duration":1,"exp":0,"sound_template":"021111","advance_limit":1,"day_limit":0,"person_day_limit":0,"inputed_as_number":0,"advance_limit_period":0,"advance_time_period":60,"enable":1,"result_required":false,"input_required":false,"inputed_as_ext":false,"input_caption":"","pre_info_html":"","pre_info_print_text":"","ticket_text":"","tablo_text":"","but_x":100,"but_y":100,"but_b":100,"but_h":100,"countPerDay":0,"day":0,"description":"Оформление услуг ","service_prefix":"A","name":"Оформление услуг ","buttonText":"\u003chtml\u003e\u003cb\u003e\u003cp align\u003dcenter\u003e\u003cspan style\u003d\u0027font-size:20.0pt;color:red\u0027\u003eОформление услуг \u003c/span\u003e\u003c/b\u003e","parentId":1503466462316,"langs":[],"inner_services":[{"id":1503473703621,"status":1,"point":0,"duration":1,"exp":0,"sound_template":"021111","advance_limit":1,"day_limit":0,"person_day_limit":0,"inputed_as_number":0,"advance_limit_period":0,"advance_time_period":60,"enable":1,"result_required":false,"input_required":false,"inputed_as_ext":false,"input_caption":"","pre_info_html":"","pre_info_print_text":"","ticket_text":"","tablo_text":"","but_x":100,"but_y":100,"but_b":100,"but_h":100,"countPerDay":0,"day":0,"description":"Сотовая связь (CDMA)","service_prefix":"A","name":"Сотовая связь (CDMA) ","buttonText":"\u003chtml\u003e\u003cb\u003e\u003cp align\u003dcenter\u003e\u003cspan style\u003d\u0027font-size:20.0pt;color:red\u0027\u003eСотовая связь (CDMA)\u003c/span\u003e\u003c/b\u003e","parentId":1503473614966,"langs":[],"inner_services":[]},{"id":1503473712139,"status":1,"point":0,"duration":1,"exp":0,"sound_template":"021111","advance_limit":1,"day_limit":0,"person_day_limit":0,"inputed_as_number":0,"advance_limit_period":0,"advance_time_period":60,"enable":1,"result_required":false,"input_required":false,"inputed_as_ext":false,"input_caption":"","pre_info_html":"","pre_info_print_text":"","ticket_text":"","tablo_text":"","but_x":100,"but_y":100,"but_b":100,"but_h":100,"countPerDay":0,"day":0,"description":"Интернет (ADSL, FTTx, EVDO, LTE)","service_prefix":"A","name":"Интернет (ADSL, FTTx, EVDO, LTE) ","buttonText":"\u003chtml\u003e\u003cb\u003e\u003cp align\u003dcenter\u003e\u003cspan style\u003d\u0027font-size:20.0pt;color:red\u0027\u003eИнтернет (ADSL, FTTx, EVDO, LTE)\u003c/span\u003e\u003c/b\u003e","parentId":1503473614966,"langs":[],"inner_services":[]},{"id":1503473718894,"status":1,"point":0,"duration":1,"exp":0,"sound_template":"021111","advance_limit":1,"day_limit":0,"person_day_limit":0,"inputed_as_number":0,"advance_limit_period":0,"advance_time_period":60,"enable":1,"result_required":false,"input_required":false,"inputed_as_ext":false,"input_caption":"","pre_info_html":"","pre_info_print_text":"","ticket_text":"","tablo_text":"","but_x":100,"but_y":100,"but_b":100,"but_h":100,"countPerDay":0,"day":0,"description":"Телевидение (DVB-C, DVB-T2, IPTV)","service_prefix":"A","name":"Телевидение (DVB-C, DVB-T2, IPTV) ","buttonText":"\u003chtml\u003e\u003cb\u003e\u003cp align\u003dcenter\u003e\u003cspan style\u003d\u0027font-size:20.0pt;color:red\u0027\u003eТелевидение (DVB-C, DVB-T2, IPTV)\u003c/span\u003e\u003c/b\u003e","parentId":1503473614966,"langs":[],"inner_services":[]},{"id":1503473726585,"status":1,"point":0,"duration":1,"exp":0,"sound_template":"021111","advance_limit":1,"day_limit":0,"person_day_limit":0,"inputed_as_number":0,"advance_limit_period":0,"advance_time_period":60,"enable":1,"result_required":false,"input_required":false,"inputed_as_ext":false,"input_caption":"","pre_info_html":"","pre_info_print_text":"","ticket_text":"","tablo_text":"","but_x":100,"but_y":100,"but_b":100,"but_h":100,"countPerDay":0,"day":0,"description":"Проводная связь (PSTN, SIP)","service_prefix":"A","name":"Проводная связь (PSTN, SIP) ","buttonText":"\u003chtml\u003e\u003cb\u003e\u003cp align\u003dcenter\u003e\u003cspan style\u003d\u0027font-size:20.0pt;color:red\u0027\u003eПроводная связь (PSTN, SIP)\u003c/span\u003e\u003c/b\u003e","parentId":1503473614966,"langs":[],"inner_services":[]},{"id":1503473733043,"status":1,"point":0,"duration":1,"exp":0,"sound_template":"021111","advance_limit":1,"day_limit":0,"person_day_limit":0,"inputed_as_number":0,"advance_limit_period":0,"advance_time_period":60,"enable":1,"result_required":false,"input_required":false,"inputed_as_ext":false,"input_caption":"","pre_info_html":"","pre_info_print_text":"","ticket_text":"","tablo_text":"","but_x":100,"but_y":100,"but_b":100,"but_h":100,"countPerDay":0,"day":0,"description":"Пакетная система оказания услуг (тарифы линейки «Семейный»)","service_prefix":"A","name":"Пакетная система оказания услуг (тарифы линейки «Семейный») ","buttonText":"\u003chtml\u003e\u003cb\u003e\u003cp align\u003dcenter\u003e\u003cspan style\u003d\u0027font-size:20.0pt;color:red\u0027\u003eПакетная система оказания услуг (тарифы линейки «Семейный»)\u003c/span\u003e\u003c/b\u003e","parentId":1503473614966,"langs":[],"inner_services":[]}]},{"id":1503473630489,"status":1,"point":0,"duration":1,"exp":0,"sound_template":"021111","advance_limit":1,"day_limit":0,"person_day_limit":0,"inputed_as_number":0,"advance_limit_period":0,"advance_time_period":60,"enable":1,"result_required":false,"input_required":false,"inputed_as_ext":false,"input_caption":"","pre_info_html":"","pre_info_print_text":"","ticket_text":"","tablo_text":"","but_x":100,"but_y":100,"but_b":100,"but_h":100,"countPerDay":0,"day":0,"description":"Получение консультации ","service_prefix":"A","name":"Получение консультации ","buttonText":"\u003chtml\u003e\u003cb\u003e\u003cp align\u003dcenter\u003e\u003cspan style\u003d\u0027font-size:20.0pt;color:red\u0027\u003eПолучение консультации \u003c/span\u003e\u003c/b\u003e","parentId":1503466462316,"langs":[],"inner_services":[{"id":1503473953581,"status":1,"point":0,"duration":1,"exp":0,"sound_template":"021111","advance_limit":1,"day_limit":0,"person_day_limit":0,"inputed_as_number":0,"advance_limit_period":0,"advance_time_period":60,"enable":1,"result_required":false,"input_required":false,"inputed_as_ext":false,"input_caption":"","pre_info_html":"","pre_info_print_text":"","ticket_text":"","tablo_text":"","but_x":100,"but_y":100,"but_b":100,"but_h":100,"countPerDay":0,"day":0,"description":"Сотовая связь (CDMA)","service_prefix":"R","name":"Сотовая связь (CDMA)","buttonText":"\u003chtml\u003e\u003cb\u003e\u003cp align\u003dcenter\u003e\u003cspan style\u003d\u0027font-size:20.0pt;color:red\u0027\u003eСотовая связь (CDMA)\u003c/span\u003e\u003c/b\u003e","parentId":1503473630489,"langs":[],"inner_services":[]},{"id":1503474058101,"status":1,"point":0,"duration":1,"exp":0,"sound_template":"021111","advance_limit":1,"day_limit":0,"person_day_limit":0,"inputed_as_number":0,"advance_limit_period":0,"advance_time_period":60,"enable":1,"result_required":false,"input_required":false,"inputed_as_ext":false,"input_caption":"","pre_info_html":"","pre_info_print_text":"","ticket_text":"","tablo_text":"","but_x":100,"but_y":100,"but_b":100,"but_h":100,"countPerDay":0,"day":0,"description":"Телевидение (DVB-C, DVB-T2, IPTV)","service_prefix":"S","name":"Телевидение (DVB-C, DVB-T2, IPTV)","buttonText":"\u003chtml\u003e\u003cb\u003e\u003cp align\u003dcenter\u003e\u003cspan style\u003d\u0027font-size:20.0pt;color:red\u0027\u003eТелевидение (DVB-C, DVB-T2, IPTV)\u003c/span\u003e\u003c/b\u003e","parentId":1503473630489,"langs":[],"inner_services":[]},{"id":1503474066135,"status":1,"point":0,"duration":1,"exp":0,"sound_template":"021111","advance_limit":1,"day_limit":0,"person_day_limit":0,"inputed_as_number":0,"advance_limit_period":0,"advance_time_period":60,"enable":1,"result_required":false,"input_required":false,"inputed_as_ext":false,"input_caption":"","pre_info_html":"","pre_info_print_text":"","ticket_text":"","tablo_text":"","but_x":100,"but_y":100,"but_b":100,"but_h":100,"countPerDay":0,"day":0,"description":"Проводная связь (PSTN, SIP)","service_prefix":"T","name":"Проводная связь (PSTN, SIP)","buttonText":"\u003chtml\u003e\u003cb\u003e\u003cp align\u003dcenter\u003e\u003cspan style\u003d\u0027font-size:20.0pt;color:red\u0027\u003eПроводная связь (PSTN, SIP)\u003c/span\u003e\u003c/b\u003e","parentId":1503473630489,"langs":[],"inner_services":[]},{"id":1503474073514,"status":1,"point":0,"duration":1,"exp":0,"sound_template":"021111","advance_limit":1,"day_limit":0,"person_day_limit":0,"inputed_as_number":0,"advance_limit_period":0,"advance_time_period":60,"enable":1,"result_required":false,"input_required":false,"inputed_as_ext":false,"input_caption":"","pre_info_html":"","pre_info_print_text":"","ticket_text":"","tablo_text":"","but_x":100,"but_y":100,"but_b":100,"but_h":100,"countPerDay":0,"day":0,"description":"Пакетная система оказания услуг (тарифы линейки «Семейный»)","service_prefix":"U","name":"Пакетная система оказания услуг (тарифы линейки «Семейный»)","buttonText":"\u003chtml\u003e\u003cb\u003e\u003cp align\u003dcenter\u003e\u003cspan style\u003d\u0027font-size:20.0pt;color:red\u0027\u003eПакетная система оказания услуг (тарифы линейки «Семейный»)\u003c/span\u003e\u003c/b\u003e","parentId":1503473630489,"langs":[],"inner_services":[]}]},{"id":1503473644919,"status":1,"point":0,"duration":1,"exp":0,"sound_template":"021111","advance_limit":1,"day_limit":0,"person_day_limit":0,"inputed_as_number":0,"advance_limit_period":0,"advance_time_period":60,"enable":1,"result_required":false,"input_required":false,"inputed_as_ext":false,"input_caption":"","pre_info_html":"","pre_info_print_text":"","ticket_text":"","tablo_text":"","but_x":100,"but_y":100,"but_b":100,"but_h":100,"countPerDay":0,"day":0,"description":"Приобретение оборудования ","service_prefix":"A","name":"Приобретение оборудования ","buttonText":"\u003chtml\u003e\u003cb\u003e\u003cp align\u003dcenter\u003e\u003cspan style\u003d\u0027font-size:20.0pt;color:red\u0027\u003eПриобретение оборудования \u003c/span\u003e\u003c/b\u003e","parentId":1503466462316,"langs":[],"inner_services":[]},{"id":1503473665027,"status":1,"point":0,"duration":1,"exp":0,"sound_template":"021111","advance_limit":1,"day_limit":0,"person_day_limit":0,"inputed_as_number":0,"advance_limit_period":0,"advance_time_period":60,"enable":1,"result_required":false,"input_required":false,"inputed_as_ext":false,"input_caption":"","pre_info_html":"","pre_info_print_text":"","ticket_text":"","tablo_text":"","but_x":100,"but_y":100,"but_b":100,"but_h":100,"countPerDay":0,"day":0,"description":"Подлючение оборудования после тестирования ","service_prefix":"A","name":"Подключение оборудования после тестирования ","buttonText":"\u003chtml\u003e\u003cb\u003e\u003cp align\u003dcenter\u003e\u003cspan style\u003d\u0027font-size:20.0pt;color:red\u0027\u003eПодлючение оборудования после тестирования \u003c/span\u003e\u003c/b\u003e","parentId":1503466462316,"langs":[],"inner_services":[]},{"id":1503473675604,"status":1,"point":0,"duration":1,"exp":0,"sound_template":"021111","advance_limit":1,"day_limit":0,"person_day_limit":0,"inputed_as_number":0,"advance_limit_period":0,"advance_time_period":60,"enable":1,"result_required":false,"input_required":false,"inputed_as_ext":false,"input_caption":"","pre_info_html":"","pre_info_print_text":"","ticket_text":"","tablo_text":"","but_x":100,"but_y":100,"but_b":100,"but_h":100,"countPerDay":0,"day":0,"description":"Обращения по качеству обслуживания ","service_prefix":"A","name":"Обращения по качеству обслуживания ","buttonText":"\u003chtml\u003e\u003cb\u003e\u003cp align\u003dcenter\u003e\u003cspan style\u003d\u0027font-size:20.0pt;color:red\u0027\u003eОбращения по качеству обслуживания \u003c/span\u003e\u003c/b\u003e","parentId":1503466462316,"langs":[],"inner_services":[]}]},{"id":1503466512673,"status":1,"point":0,"duration":1,"exp":2,"sound_template":"021111","advance_limit":1,"day_limit":0,"person_day_limit":0,"inputed_as_number":0,"advance_limit_period":0,"advance_time_period":60,"enable":1,"result_required":false,"input_required":false,"inputed_as_ext":false,"input_caption":"","pre_info_html":"","pre_info_print_text":"","ticket_text":"","tablo_text":"","but_x":100,"but_y":100,"but_b":100,"but_h":100,"countPerDay":0,"day":0,"description":"Обслуживание в Сервисном Центре","service_prefix":"C","name":"Обслуживание в Сервисном Центре","buttonText":"\u003chtml\u003e\u003cb\u003e\u003cp align\u003dcenter\u003e\u003cspan style\u003d\u0027font-size:20.0pt;color:red\u0027\u003eОбслуживание в Сервисном Центре\u003c/span\u003e\u003c/b\u003e","parentId":1,"langs":[],"inner_services":[{"id":1503473813742,"status":1,"point":0,"duration":1,"exp":0,"sound_template":"021111","advance_limit":1,"day_limit":0,"person_day_limit":0,"inputed_as_number":0,"advance_limit_period":0,"advance_time_period":60,"enable":1,"result_required":false,"input_required":false,"inputed_as_ext":false,"input_caption":"","pre_info_html":"","pre_info_print_text":"","ticket_text":"","tablo_text":"","but_x":100,"but_y":100,"but_b":100,"but_h":100,"countPerDay":0,"day":0,"description":"Сдать оборудование в ремонт (на тестирование) ","service_prefix":"C","name":"Сдать оборудование в ремонт (на тестирование) ","buttonText":"\u003chtml\u003e\u003cb\u003e\u003cp align\u003dcenter\u003e\u003cspan style\u003d\u0027font-size:20.0pt;color:red\u0027\u003eСдать оборудование в ремонт (на тестирование) \u003c/span\u003e\u003c/b\u003e","parentId":1503466512673,"langs":[],"inner_services":[]},{"id":1503473823648,"status":1,"point":0,"duration":1,"exp":0,"sound_template":"021111","advance_limit":1,"day_limit":0,"person_day_limit":0,"inputed_as_number":0,"advance_limit_period":0,"advance_time_period":60,"enable":1,"result_required":false,"input_required":false,"inputed_as_ext":false,"input_caption":"","pre_info_html":"","pre_info_print_text":"","ticket_text":"","tablo_text":"","but_x":100,"but_y":100,"but_b":100,"but_h":100,"countPerDay":0,"day":0,"description":"Получить оборудование из ремонта ","service_prefix":"C","name":"Получить оборудование из ремонта ","buttonText":"\u003chtml\u003e\u003cb\u003e\u003cp align\u003dcenter\u003e\u003cspan style\u003d\u0027font-size:20.0pt;color:red\u0027\u003eПолучить оборудование из ремонта \u003c/span\u003e\u003c/b\u003e","parentId":1503466512673,"langs":[],"inner_services":[]},{"id":1503473832914,"status":1,"point":0,"duration":1,"exp":0,"sound_template":"021111","advance_limit":1,"day_limit":0,"person_day_limit":0,"inputed_as_number":0,"advance_limit_period":0,"advance_time_period":60,"enable":1,"result_required":false,"input_required":false,"inputed_as_ext":false,"input_caption":"","pre_info_html":"","pre_info_print_text":"","ticket_text":"","tablo_text":"","but_x":100,"but_y":100,"but_b":100,"but_h":100,"countPerDay":0,"day":0,"description":"Получить консультацию  специалиста ","service_prefix":"C","name":"Получить консультацию  специалиста ","buttonText":"\u003chtml\u003e\u003cb\u003e\u003cp align\u003dcenter\u003e\u003cspan style\u003d\u0027font-size:20.0pt;color:red\u0027\u003eПолучить консультацию  специалиста \u003c/span\u003e\u003c/b\u003e","parentId":1503466512673,"langs":[],"inner_services":[]},{"id":1503473840808,"status":1,"point":0,"duration":1,"exp":0,"sound_template":"021111","advance_limit":1,"day_limit":0,"person_day_limit":0,"inputed_as_number":0,"advance_limit_period":0,"advance_time_period":60,"enable":1,"result_required":false,"input_required":false,"inputed_as_ext":false,"input_caption":"","pre_info_html":"","pre_info_print_text":"","ticket_text":"","tablo_text":"","but_x":100,"but_y":100,"but_b":100,"but_h":100,"countPerDay":0,"day":0,"description":"Обращения по качеству обслуживания","service_prefix":"C","name":"Обращения по качеству обслуживания","buttonText":"\u003chtml\u003e\u003cb\u003e\u003cp align\u003dcenter\u003e\u003cspan style\u003d\u0027font-size:20.0pt;color:red\u0027\u003eОбращения по качеству обслуживания\u003c/span\u003e\u003c/b\u003e","parentId":1503466512673,"langs":[],"inner_services":[]}]}]},"start_time":"01.01.1970 08:45:00","finish_time":"01.01.1970 18:00:00","btn_free_dsn":false},"jsonrpc":"2.0","id":"1503474430040"}
 at {ru.apertum.qsystem.common.NetCommander.sendRpc(NetCommander.java:159)}
2017-08-23 10:47:11,437 [DEBUG] Загрузим параметры из файла "config\welcome.property" at {ru.apertum.qsystem.client.common.WelcomeParams.loadSettings(WelcomeParams.java:218)}
2017-08-23 10:47:11,463 [ INFO] Создаем окно приглашения. at {ru.apertum.qsystem.client.forms.FWelcome.init(FWelcome.java:737)}
2017-08-23 10:47:12,299 [ INFO] Показываем набор кнопок уровня: СЗАО "ИНТЕРДНЕСТРКОМ" ID=1 at {ru.apertum.qsystem.client.forms.FWelcome.showButtons(FWelcome.java:949)}
2017-08-23 10:47:12,305 [DEBUG] FIle not found 1417718379463 = E:/spring.jpg at {ru.apertum.qsystem.client.common.WelcomeBGparams.<init>(WelcomeBGparams.java:50)}
2017-08-23 10:47:12,310 [DEBUG] FIle not found 1417718393092 = E:/spring2.jpg at {ru.apertum.qsystem.client.common.WelcomeBGparams.<init>(WelcomeBGparams.java:50)}
2017-08-23 10:47:12,312 [DEBUG] FIle not found 1417872096348 = E:\temp\qsys_pic\fon_welcome.jpg at {ru.apertum.qsystem.client.common.WelcomeBGparams.<init>(WelcomeBGparams.java:50)}
2017-08-23 10:47:12,320 [TRACE] Create button for "Обслуживание в абонентском зале" ID=1503466462316 states: Visible Active ForAll Real at {ru.apertum.qsystem.client.model.QButton.init(QButton.java:189)}
2017-08-23 10:47:12,338 [TRACE] Create button for "Обслуживание в Сервисном Центре" ID=1503466512673 states: Visible Active ForAll Real at {ru.apertum.qsystem.client.model.QButton.init(QButton.java:189)}
2017-08-23 10:47:12,360 [ INFO] Сервер управления пунктом регистрации запущен. at {ru.apertum.qsystem.client.forms.FWelcome$CommandServer.run(FWelcome.java:226)}
2017-08-23 14:35:43,236 [ INFO] Properties are ready. at {ru.apertum.qsystem.common.QConfig.prepareCLI(QConfig.java:305)}
2017-08-23 14:35:43,249 [ INFO] "QSystem 17.1"!  date: 20.05.2017 at {ru.apertum.qsystem.common.QLog.initial(QLog.java:180)}
2017-08-23 14:35:43,249 [ INFO] START LOGER. Logger: welcome.file.info.trace at {ru.apertum.qsystem.common.QLog.initial(QLog.java:181)}
2017-08-23 14:35:43,250 [ INFO] Mode: KEY_DEBUG at {ru.apertum.qsystem.common.QLog.initial(QLog.java:186)}
2017-08-23 14:35:43,250 [ INFO] Plugins: YES at {ru.apertum.qsystem.common.QLog.initial(QLog.java:187)}
2017-08-23 14:35:43,317 [ INFO] Загрузка плагинов из папки plugins. at {ru.apertum.qsystem.common.Uses.loadPlugins(Uses.java:788)}
2017-08-23 14:35:43,319 [DEBUG] Плагин Journal.jar at {ru.apertum.qsystem.common.Uses.loadPlugins(Uses.java:795)}
2017-08-23 14:35:43,320 [DEBUG] Плагин Microsound.jar at {ru.apertum.qsystem.common.Uses.loadPlugins(Uses.java:795)}
2017-08-23 14:35:43,321 [DEBUG] Плагин ZoneboardPlugin.jar at {ru.apertum.qsystem.common.Uses.loadPlugins(Uses.java:795)}
2017-08-23 14:35:43,324 [ INFO] Languages are loading... at {ru.apertum.qsystem.client.Locales.<init>(Locales.java:79)}
2017-08-23 14:35:43,368 [DEBUG]    Langusge: Az?rbaycan az_AZ at {ru.apertum.qsystem.client.Locales.<init>(Locales.java:119)}
2017-08-23 14:35:43,375 [DEBUG]    Langusge: English en_US at {ru.apertum.qsystem.client.Locales.<init>(Locales.java:119)}
2017-08-23 14:35:43,377 [DEBUG]    Langusge: Espanol es_ES at {ru.apertum.qsystem.client.Locales.<init>(Locales.java:119)}
2017-08-23 14:35:43,390 [DEBUG]    Langusge: Fran?ais fr_FR at {ru.apertum.qsystem.client.Locales.<init>(Locales.java:119)}
2017-08-23 14:35:43,397 [DEBUG]    Langusge: Italiano it_IT at {ru.apertum.qsystem.client.Locales.<init>(Locales.java:119)}
2017-08-23 14:35:43,408 [DEBUG]    Langusge: Portugu?s pt_PT at {ru.apertum.qsystem.client.Locales.<init>(Locales.java:119)}
2017-08-23 14:35:43,416 [DEBUG]    Langusge: Roman ro_RO at {ru.apertum.qsystem.client.Locales.<init>(Locales.java:119)}
2017-08-23 14:35:43,422 [DEBUG]    Langusge: Русский ru_RU at {ru.apertum.qsystem.client.Locales.<init>(Locales.java:119)}
2017-08-23 14:35:43,427 [DEBUG]    Langusge: Українська uk_UA at {ru.apertum.qsystem.client.Locales.<init>(Locales.java:119)}
2017-08-23 14:35:43,457 [ INFO] Получить параметры. at {ru.apertum.qsystem.common.NetCommander.getProperties(NetCommander.java:1585)}
2017-08-23 14:35:43,534 [TRACE] Task "Все параметры из БД" on 10.5.0.139:3128#
{"params":{},"jsonrpc":"2.0","id":"1503488143457","method":"Все параметры из БД"} at {ru.apertum.qsystem.common.NetCommander.sendRpc(NetCommander.java:131)}
2017-08-23 14:35:43,540 [TRACE] Socket was created. at {ru.apertum.qsystem.common.NetCommander.sendRpc(NetCommander.java:139)}
2017-08-23 14:35:43,541 [TRACE] Sending... at {ru.apertum.qsystem.common.NetCommander.sendRpc(NetCommander.java:145)}
2017-08-23 14:35:43,542 [TRACE] Reading... at {ru.apertum.qsystem.common.NetCommander.sendRpc(NetCommander.java:147)}
2017-08-23 14:35:43,638 [TRACE] Response:
{"result":{},"jsonrpc":"2.0","id":"1503488142131"}
 at {ru.apertum.qsystem.common.NetCommander.sendRpc(NetCommander.java:159)}
2017-08-23 14:35:43,658 [ INFO] Получение возможных услуг. at {ru.apertum.qsystem.common.NetCommander.getServiсes(NetCommander.java:294)}
2017-08-23 14:35:43,659 [TRACE] Task "Получить перечень услуг" on 10.5.0.139:3128#
{"jsonrpc":"2.0","id":"1503488143457","method":"Получить перечень услуг"} at {ru.apertum.qsystem.common.NetCommander.sendRpc(NetCommander.java:131)}
2017-08-23 14:35:43,662 [TRACE] Socket was created. at {ru.apertum.qsystem.common.NetCommander.sendRpc(NetCommander.java:139)}
2017-08-23 14:35:43,663 [TRACE] Sending... at {ru.apertum.qsystem.common.NetCommander.sendRpc(NetCommander.java:145)}
2017-08-23 14:35:43,664 [TRACE] Reading... at {ru.apertum.qsystem.common.NetCommander.sendRpc(NetCommander.java:147)}
2017-08-23 14:35:43,861 [TRACE] Response:
{"result":{"root":{"id":1,"status":1,"point":0,"duration":1,"exp":0,"sound_template":"120050","advance_limit":1,"day_limit":0,"person_day_limit":0,"inputed_as_number":0,"advance_limit_period":14,"advance_time_period":60,"enable":1,"result_required":false,"input_required":false,"inputed_as_ext":false,"input_caption":"","pre_info_html":"","pre_info_print_text":"","ticket_text":"","tablo_text":"","but_x":100,"but_y":100,"but_b":200,"but_h":100,"countPerDay":0,"day":0,"description":"Предоставляемые услуги","service_prefix":"-","name":"СЗАО \"ИНТЕРДНЕСТРКОМ\"","buttonText":"\u003chtml\u003e\u003cp align\u003dcenter\u003e\u003cspan style\u003d\u0027font-size:55.0;color:#DC143C\u0027\u003eСистема управления очередью\u003c/span\u003e\u003cbr\u003e\u003cspan style\u003d\u0027font-size:45.0;color:#DC143C\u0027\u003e\u003ci\u003eвыберите требуемую услугу\u003c/i\u003e","langs":[],"inner_services":[{"id":1503466462316,"status":1,"point":0,"duration":1,"exp":2,"sound_template":"021111","advance_limit":1,"day_limit":0,"person_day_limit":0,"inputed_as_number":0,"advance_limit_period":0,"advance_time_period":60,"enable":1,"result_required":false,"input_required":false,"inputed_as_ext":false,"input_caption":"","pre_info_html":"","pre_info_print_text":"","ticket_text":"","tablo_text":"","but_x":100,"but_y":100,"but_b":100,"but_h":100,"countPerDay":0,"day":0,"description":"Обслуживание в абонентском зале","service_prefix":"A","name":"Обслуживание в абонентском зале","buttonText":"\u003chtml\u003e\u003cb\u003e\u003cp align\u003dcenter\u003e\u003cspan style\u003d\u0027font-size:20.0pt;color:red\u0027\u003eОбслуживание в абонентском зале\u003c/span\u003e\u003c/b\u003e","parentId":1,"langs":[],"inner_services":[{"id":1503473614966,"status":1,"point":0,"duration":1,"exp":0,"sound_template":"021111","advance_limit":1,"day_limit":0,"person_day_limit":0,"inputed_as_number":0,"advance_limit_period":0,"advance_time_period":60,"enable":1,"result_required":false,"input_required":false,"inputed_as_ext":false,"input_caption":"","pre_info_html":"","pre_info_print_text":"","ticket_text":"","tablo_text":"","but_x":100,"but_y":100,"but_b":100,"but_h":100,"countPerDay":0,"day":0,"description":"Оформление услуг ","service_prefix":"A","name":"Оформление услуг ","buttonText":"\u003chtml\u003e\u003cb\u003e\u003cp align\u003dcenter\u003e\u003cspan style\u003d\u0027font-size:20.0pt;color:red\u0027\u003eОформление услуг \u003c/span\u003e\u003c/b\u003e","parentId":1503466462316,"langs":[],"inner_services":[{"id":1503473703621,"status":1,"point":0,"duration":1,"exp":0,"sound_template":"021111","advance_limit":1,"day_limit":0,"person_day_limit":0,"inputed_as_number":0,"advance_limit_period":0,"advance_time_period":60,"enable":1,"result_required":false,"input_required":false,"inputed_as_ext":false,"input_caption":"","pre_info_html":"","pre_info_print_text":"","ticket_text":"","tablo_text":"","but_x":100,"but_y":100,"but_b":100,"but_h":100,"countPerDay":0,"day":0,"description":"Сотовая связь (CDMA)","service_prefix":"A","name":"Сотовая связь (CDMA) ","buttonText":"\u003chtml\u003e\u003cb\u003e\u003cp align\u003dcenter\u003e\u003cspan style\u003d\u0027font-size:20.0pt;color:red\u0027\u003eСотовая связь (CDMA)\u003c/span\u003e\u003c/b\u003e","parentId":1503473614966,"langs":[],"inner_services":[]},{"id":1503473712139,"status":1,"point":0,"duration":1,"exp":0,"sound_template":"021111","advance_limit":1,"day_limit":0,"person_day_limit":0,"inputed_as_number":0,"advance_limit_period":0,"advance_time_period":60,"enable":1,"result_required":false,"input_required":false,"inputed_as_ext":false,"input_caption":"","pre_info_html":"","pre_info_print_text":"","ticket_text":"","tablo_text":"","but_x":100,"but_y":100,"but_b":100,"but_h":100,"countPerDay":0,"day":0,"description":"Интернет (ADSL, FTTx, EVDO, LTE)","service_prefix":"A","name":"Интернет (ADSL, FTTx, EVDO, LTE) ","buttonText":"\u003chtml\u003e\u003cb\u003e\u003cp align\u003dcenter\u003e\u003cspan style\u003d\u0027font-size:20.0pt;color:red\u0027\u003eИнтернет (ADSL, FTTx, EVDO, LTE)\u003c/span\u003e\u003c/b\u003e","parentId":1503473614966,"langs":[],"inner_services":[]},{"id":1503473718894,"status":1,"point":0,"duration":1,"exp":0,"sound_template":"021111","advance_limit":1,"day_limit":0,"person_day_limit":0,"inputed_as_number":0,"advance_limit_period":0,"advance_time_period":60,"enable":1,"result_required":false,"input_required":false,"inputed_as_ext":false,"input_caption":"","pre_info_html":"","pre_info_print_text":"","ticket_text":"","tablo_text":"","but_x":100,"but_y":100,"but_b":100,"but_h":100,"countPerDay":0,"day":0,"description":"Телевидение (DVB-C, DVB-T2, IPTV)","service_prefix":"A","name":"Телевидение (DVB-C, DVB-T2, IPTV) ","buttonText":"\u003chtml\u003e\u003cb\u003e\u003cp align\u003dcenter\u003e\u003cspan style\u003d\u0027font-size:20.0pt;color:red\u0027\u003eТелевидение (DVB-C, DVB-T2, IPTV)\u003c/span\u003e\u003c/b\u003e","parentId":1503473614966,"langs":[],"inner_services":[]},{"id":1503473726585,"status":1,"point":0,"duration":1,"exp":0,"sound_template":"021111","advance_limit":1,"day_limit":0,"person_day_limit":0,"inputed_as_number":0,"advance_limit_period":0,"advance_time_period":60,"enable":1,"result_required":false,"input_required":false,"inputed_as_ext":false,"input_caption":"","pre_info_html":"","pre_info_print_text":"","ticket_text":"","tablo_text":"","but_x":100,"but_y":100,"but_b":100,"but_h":100,"countPerDay":0,"day":0,"description":"Проводная связь (PSTN, SIP)","service_prefix":"A","name":"Проводная связь (PSTN, SIP) ","buttonText":"\u003chtml\u003e\u003cb\u003e\u003cp align\u003dcenter\u003e\u003cspan style\u003d\u0027font-size:20.0pt;color:red\u0027\u003eПроводная связь (PSTN, SIP)\u003c/span\u003e\u003c/b\u003e","parentId":1503473614966,"langs":[],"inner_services":[]},{"id":1503473733043,"status":1,"point":0,"duration":1,"exp":0,"sound_template":"021111","advance_limit":1,"day_limit":0,"person_day_limit":0,"inputed_as_number":0,"advance_limit_period":0,"advance_time_period":60,"enable":1,"result_required":false,"input_required":false,"inputed_as_ext":false,"input_caption":"","pre_info_html":"","pre_info_print_text":"","ticket_text":"","tablo_text":"","but_x":100,"but_y":100,"but_b":100,"but_h":100,"countPerDay":0,"day":0,"description":"Пакетная система оказания услуг (тарифы линейки «Семейный»)","service_prefix":"A","name":"Пакетная система оказания услуг (тарифы линейки «Семейный») ","buttonText":"\u003chtml\u003e\u003cb\u003e\u003cp align\u003dcenter\u003e\u003cspan style\u003d\u0027font-size:20.0pt;color:red\u0027\u003eПакетная система оказания услуг (тарифы линейки «Семейный»)\u003c/span\u003e\u003c/b\u003e","parentId":1503473614966,"langs":[],"inner_services":[]}]},{"id":1503473630489,"status":1,"point":0,"duration":1,"exp":0,"sound_template":"021111","advance_limit":1,"day_limit":0,"person_day_limit":0,"inputed_as_number":0,"advance_limit_period":0,"advance_time_period":60,"enable":1,"result_required":false,"input_required":false,"inputed_as_ext":false,"input_caption":"","pre_info_html":"","pre_info_print_text":"","ticket_text":"","tablo_text":"","but_x":100,"but_y":100,"but_b":100,"but_h":100,"countPerDay":0,"day":0,"description":"Получение консультации ","service_prefix":"A","name":"Получение консультации ","buttonText":"\u003chtml\u003e\u003cb\u003e\u003cp align\u003dcenter\u003e\u003cspan style\u003d\u0027font-size:20.0pt;color:red\u0027\u003eПолучение консультации \u003c/span\u003e\u003c/b\u003e","parentId":1503466462316,"langs":[],"inner_services":[{"id":1503473953581,"status":1,"point":0,"duration":1,"exp":0,"sound_template":"021111","advance_limit":1,"day_limit":0,"person_day_limit":0,"inputed_as_number":0,"advance_limit_period":0,"advance_time_period":60,"enable":1,"result_required":false,"input_required":false,"inputed_as_ext":false,"input_caption":"","pre_info_html":"","pre_info_print_text":"","ticket_text":"","tablo_text":"","but_x":100,"but_y":100,"but_b":100,"but_h":100,"countPerDay":0,"day":0,"description":"Сотовая связь (CDMA)","service_prefix":"R","name":"Сотовая связь (CDMA)","buttonText":"\u003chtml\u003e\u003cb\u003e\u003cp align\u003dcenter\u003e\u003cspan style\u003d\u0027font-size:20.0pt;color:red\u0027\u003eСотовая связь (CDMA)\u003c/span\u003e\u003c/b\u003e","parentId":1503473630489,"langs":[],"inner_services":[]},{"id":1503474058101,"status":1,"point":0,"duration":1,"exp":0,"sound_template":"021111","advance_limit":1,"day_limit":0,"person_day_limit":0,"inputed_as_number":0,"advance_limit_period":0,"advance_time_period":60,"enable":1,"result_required":false,"input_required":false,"inputed_as_ext":false,"input_caption":"","pre_info_html":"","pre_info_print_text":"","ticket_text":"","tablo_text":"","but_x":100,"but_y":100,"but_b":100,"but_h":100,"countPerDay":0,"day":0,"description":"Телевидение (DVB-C, DVB-T2, IPTV)","service_prefix":"S","name":"Телевидение (DVB-C, DVB-T2, IPTV)","buttonText":"\u003chtml\u003e\u003cb\u003e\u003cp align\u003dcenter\u003e\u003cspan style\u003d\u0027font-size:20.0pt;color:red\u0027\u003eТелевидение (DVB-C, DVB-T2, IPTV)\u003c/span\u003e\u003c/b\u003e","parentId":1503473630489,"langs":[],"inner_services":[]},{"id":1503474066135,"status":1,"point":0,"duration":1,"exp":0,"sound_template":"021111","advance_limit":1,"day_limit":0,"person_day_limit":0,"inputed_as_number":0,"advance_limit_period":0,"advance_time_period":60,"enable":1,"result_required":false,"input_required":false,"inputed_as_ext":false,"input_caption":"","pre_info_html":"","pre_info_print_text":"","ticket_text":"","tablo_text":"","but_x":100,"but_y":100,"but_b":100,"but_h":100,"countPerDay":0,"day":0,"description":"Проводная связь (PSTN, SIP)","service_prefix":"T","name":"Проводная связь (PSTN, SIP)","buttonText":"\u003chtml\u003e\u003cb\u003e\u003cp align\u003dcenter\u003e\u003cspan style\u003d\u0027font-size:20.0pt;color:red\u0027\u003eПроводная связь (PSTN, SIP)\u003c/span\u003e\u003c/b\u003e","parentId":1503473630489,"langs":[],"inner_services":[]},{"id":1503474073514,"status":1,"point":0,"duration":1,"exp":0,"sound_template":"021111","advance_limit":1,"day_limit":0,"person_day_limit":0,"inputed_as_number":0,"advance_limit_period":0,"advance_time_period":60,"enable":1,"result_required":false,"input_required":false,"inputed_as_ext":false,"input_caption":"","pre_info_html":"","pre_info_print_text":"","ticket_text":"","tablo_text":"","but_x":100,"but_y":100,"but_b":100,"but_h":100,"countPerDay":0,"day":0,"description":"Пакетная система оказания услуг (тарифы линейки «Семейный»)","service_prefix":"U","name":"Пакетная система оказания услуг (тарифы линейки «Семейный»)","buttonText":"\u003chtml\u003e\u003cb\u003e\u003cp align\u003dcenter\u003e\u003cspan style\u003d\u0027font-size:20.0pt;color:red\u0027\u003eПакетная система оказания услуг (тарифы линейки «Семейный»)\u003c/span\u003e\u003c/b\u003e","parentId":1503473630489,"langs":[],"inner_services":[]}]},{"id":1503473644919,"status":1,"point":0,"duration":1,"exp":0,"sound_template":"021111","advance_limit":1,"day_limit":0,"person_day_limit":0,"inputed_as_number":0,"advance_limit_period":0,"advance_time_period":60,"enable":1,"result_required":false,"input_required":false,"inputed_as_ext":false,"input_caption":"","pre_info_html":"","pre_info_print_text":"","ticket_text":"","tablo_text":"","but_x":100,"but_y":100,"but_b":100,"but_h":100,"countPerDay":0,"day":0,"description":"Приобретение оборудования ","service_prefix":"A","name":"Приобретение оборудования ","buttonText":"\u003chtml\u003e\u003cb\u003e\u003cp align\u003dcenter\u003e\u003cspan style\u003d\u0027font-size:20.0pt;color:red\u0027\u003eПриобретение оборудования \u003c/span\u003e\u003c/b\u003e","parentId":1503466462316,"langs":[],"inner_services":[]},{"id":1503473665027,"status":1,"point":0,"duration":1,"exp":0,"sound_template":"021111","advance_limit":1,"day_limit":0,"person_day_limit":0,"inputed_as_number":0,"advance_limit_period":0,"advance_time_period":60,"enable":1,"result_required":false,"input_required":false,"inputed_as_ext":false,"input_caption":"","pre_info_html":"","pre_info_print_text":"","ticket_text":"","tablo_text":"","but_x":100,"but_y":100,"but_b":100,"but_h":100,"countPerDay":0,"day":0,"description":"Подлючение оборудования после тестирования ","service_prefix":"A","name":"Подключение оборудования после тестирования ","buttonText":"\u003chtml\u003e\u003cb\u003e\u003cp align\u003dcenter\u003e\u003cspan style\u003d\u0027font-size:20.0pt;color:red\u0027\u003eПодлючение оборудования после тестирования \u003c/span\u003e\u003c/b\u003e","parentId":1503466462316,"langs":[],"inner_services":[]},{"id":1503473675604,"status":1,"point":0,"duration":1,"exp":0,"sound_template":"021111","advance_limit":1,"day_limit":0,"person_day_limit":0,"inputed_as_number":0,"advance_limit_period":0,"advance_time_period":60,"enable":1,"result_required":false,"input_required":false,"inputed_as_ext":false,"input_caption":"","pre_info_html":"","pre_info_print_text":"","ticket_text":"","tablo_text":"","but_x":100,"but_y":100,"but_b":100,"but_h":100,"countPerDay":0,"day":0,"description":"Обращения по качеству обслуживания ","service_prefix":"A","name":"Обращения по качеству обслуживания ","buttonText":"\u003chtml\u003e\u003cb\u003e\u003cp align\u003dcenter\u003e\u003cspan style\u003d\u0027font-size:20.0pt;color:red\u0027\u003eОбращения по качеству обслуживания \u003c/span\u003e\u003c/b\u003e","parentId":1503466462316,"langs":[],"inner_services":[]}]},{"id":1503466512673,"status":1,"point":0,"duration":1,"exp":2,"sound_template":"021111","advance_limit":1,"day_limit":0,"person_day_limit":0,"inputed_as_number":0,"advance_limit_period":0,"advance_time_period":60,"enable":1,"result_required":false,"input_required":false,"inputed_as_ext":false,"input_caption":"","pre_info_html":"","pre_info_print_text":"","ticket_text":"","tablo_text":"","but_x":100,"but_y":100,"but_b":100,"but_h":100,"countPerDay":0,"day":0,"description":"Обслуживание в Сервисном Центре","service_prefix":"C","name":"Обслуживание в Сервисном Центре","buttonText":"\u003chtml\u003e\u003cb\u003e\u003cp align\u003dcenter\u003e\u003cspan style\u003d\u0027font-size:20.0pt;color:red\u0027\u003eОбслуживание в Сервисном Центре\u003c/span\u003e\u003c/b\u003e","parentId":1,"langs":[],"inner_services":[{"id":1503473813742,"status":1,"point":0,"duration":1,"exp":0,"sound_template":"021111","advance_limit":1,"day_limit":0,"person_day_limit":0,"inputed_as_number":0,"advance_limit_period":0,"advance_time_period":60,"enable":1,"result_required":false,"input_required":false,"inputed_as_ext":false,"input_caption":"","pre_info_html":"","pre_info_print_text":"","ticket_text":"","tablo_text":"","but_x":100,"but_y":100,"but_b":100,"but_h":100,"countPerDay":0,"day":0,"description":"Сдать оборудование в ремонт (на тестирование) ","service_prefix":"C","name":"Сдать оборудование в ремонт (на тестирование) ","buttonText":"\u003chtml\u003e\u003cb\u003e\u003cp align\u003dcenter\u003e\u003cspan style\u003d\u0027font-size:20.0pt;color:red\u0027\u003eСдать оборудование в ремонт (на тестирование) \u003c/span\u003e\u003c/b\u003e","parentId":1503466512673,"langs":[],"inner_services":[]},{"id":1503473823648,"status":1,"point":0,"duration":1,"exp":0,"sound_template":"021111","advance_limit":1,"day_limit":0,"person_day_limit":0,"inputed_as_number":0,"advance_limit_period":0,"advance_time_period":60,"enable":1,"result_required":false,"input_required":false,"inputed_as_ext":false,"input_caption":"","pre_info_html":"","pre_info_print_text":"","ticket_text":"","tablo_text":"","but_x":100,"but_y":100,"but_b":100,"but_h":100,"countPerDay":1,"day":235,"description":"Получить оборудование из ремонта ","service_prefix":"C","name":"Получить оборудование из ремонта ","buttonText":"\u003chtml\u003e\u003cb\u003e\u003cp align\u003dcenter\u003e\u003cspan style\u003d\u0027font-size:20.0pt;color:red\u0027\u003eПолучить оборудование из ремонта \u003c/span\u003e\u003c/b\u003e","parentId":1503466512673,"langs":[],"inner_services":[]},{"id":1503473832914,"status":1,"point":0,"duration":1,"exp":0,"sound_template":"021111","advance_limit":1,"day_limit":0,"person_day_limit":0,"inputed_as_number":0,"advance_limit_period":0,"advance_time_period":60,"enable":1,"result_required":false,"input_required":false,"inputed_as_ext":false,"input_caption":"","pre_info_html":"","pre_info_print_text":"","ticket_text":"","tablo_text":"","but_x":100,"but_y":100,"but_b":100,"but_h":100,"countPerDay":0,"day":0,"description":"Получить консультацию  специалиста ","service_prefix":"C","name":"Получить консультацию  специалиста ","buttonText":"\u003chtml\u003e\u003cb\u003e\u003cp align\u003dcenter\u003e\u003cspan style\u003d\u0027font-size:20.0pt;color:red\u0027\u003eПолучить консультацию  специалиста \u003c/span\u003e\u003c/b\u003e","parentId":1503466512673,"langs":[],"inner_services":[]},{"id":1503473840808,"status":1,"point":0,"duration":1,"exp":0,"sound_template":"021111","advance_limit":1,"day_limit":0,"person_day_limit":0,"inputed_as_number":0,"advance_limit_period":0,"advance_time_period":60,"enable":1,"result_required":false,"input_required":false,"inputed_as_ext":false,"input_caption":"","pre_info_html":"","pre_info_print_text":"","ticket_text":"","tablo_text":"","but_x":100,"but_y":100,"but_b":100,"but_h":100,"countPerDay":0,"day":0,"description":"Обращения по качеству обслуживания","service_prefix":"C","name":"Обращения по качеству обслуживания","buttonText":"\u003chtml\u003e\u003cb\u003e\u003cp align\u003dcenter\u003e\u003cspan style\u003d\u0027font-size:20.0pt;color:red\u0027\u003eОбращения по качеству обслуживания\u003c/span\u003e\u003c/b\u003e","parentId":1503466512673,"langs":[],"inner_services":[]}]}]},"start_time":"01.01.1970 08:45:00","finish_time":"01.01.1970 18:00:00","btn_free_dsn":true},"jsonrpc":"2.0","id":"1503488142287"}
 at {ru.apertum.qsystem.common.NetCommander.sendRpc(NetCommander.java:159)}
2017-08-23 14:35:43,989 [DEBUG] Загрузим параметры из файла "config\welcome.property" at {ru.apertum.qsystem.client.common.WelcomeParams.loadSettings(WelcomeParams.java:218)}
2017-08-23 14:35:44,015 [ INFO] Создаем окно приглашения. at {ru.apertum.qsystem.client.forms.FWelcome.init(FWelcome.java:737)}
2017-08-23 14:35:45,131 [ INFO] Показываем набор кнопок уровня: СЗАО "ИНТЕРДНЕСТРКОМ" ID=1 at {ru.apertum.qsystem.client.forms.FWelcome.showButtons(FWelcome.java:949)}
2017-08-23 14:35:45,136 [DEBUG] FIle not found 1417718379463 = E:/spring.jpg at {ru.apertum.qsystem.client.common.WelcomeBGparams.<init>(WelcomeBGparams.java:50)}
2017-08-23 14:35:45,138 [DEBUG] FIle not found 1417718393092 = E:/spring2.jpg at {ru.apertum.qsystem.client.common.WelcomeBGparams.<init>(WelcomeBGparams.java:50)}
2017-08-23 14:35:45,141 [DEBUG] FIle not found 1417872096348 = E:\temp\qsys_pic\fon_welcome.jpg at {ru.apertum.qsystem.client.common.WelcomeBGparams.<init>(WelcomeBGparams.java:50)}
2017-08-23 14:35:45,149 [TRACE] Create button for "Обслуживание в абонентском зале" ID=1503466462316 states: Visible Active ForAll Real at {ru.apertum.qsystem.client.model.QButton.init(QButton.java:189)}
2017-08-23 14:35:45,166 [TRACE] Create button for "Обслуживание в Сервисном Центре" ID=1503466512673 states: Visible Active ForAll Real at {ru.apertum.qsystem.client.model.QButton.init(QButton.java:189)}
2017-08-23 14:35:45,190 [ INFO] Сервер управления пунктом регистрации запущен. at {ru.apertum.qsystem.client.forms.FWelcome$CommandServer.run(FWelcome.java:226)}
2017-08-25 09:22:54,538 [ INFO] Properties are ready. at {ru.apertum.qsystem.common.QConfig.prepareCLI(QConfig.java:305)}
2017-08-25 09:22:54,554 [ INFO] "QSystem 17.1"!  date: 20.05.2017 at {ru.apertum.qsystem.common.QLog.initial(QLog.java:180)}
2017-08-25 09:22:54,554 [ INFO] START LOGER. Logger: welcome.file.info.trace at {ru.apertum.qsystem.common.QLog.initial(QLog.java:181)}
2017-08-25 09:22:54,555 [ INFO] Mode: KEY_DEBUG at {ru.apertum.qsystem.common.QLog.initial(QLog.java:186)}
2017-08-25 09:22:54,555 [ INFO] Plugins: YES at {ru.apertum.qsystem.common.QLog.initial(QLog.java:187)}
2017-08-25 09:22:54,604 [ INFO] Загрузка плагинов из папки plugins. at {ru.apertum.qsystem.common.Uses.loadPlugins(Uses.java:788)}
2017-08-25 09:22:54,606 [DEBUG] Плагин ClientboardRS485Plugin.jar at {ru.apertum.qsystem.common.Uses.loadPlugins(Uses.java:795)}
2017-08-25 09:22:54,607 [DEBUG] Плагин Journal.jar at {ru.apertum.qsystem.common.Uses.loadPlugins(Uses.java:795)}
2017-08-25 09:22:54,608 [DEBUG] Плагин Microsound.jar at {ru.apertum.qsystem.common.Uses.loadPlugins(Uses.java:795)}
2017-08-25 09:22:54,609 [DEBUG] Плагин ZoneboardPlugin.jar at {ru.apertum.qsystem.common.Uses.loadPlugins(Uses.java:795)}
2017-08-25 09:22:54,613 [ INFO] Languages are loading... at {ru.apertum.qsystem.client.Locales.<init>(Locales.java:79)}
2017-08-25 09:22:54,625 [DEBUG]    Langusge: Az?rbaycan az_AZ at {ru.apertum.qsystem.client.Locales.<init>(Locales.java:119)}
2017-08-25 09:22:54,627 [DEBUG]    Langusge: English en_US at {ru.apertum.qsystem.client.Locales.<init>(Locales.java:119)}
2017-08-25 09:22:54,629 [DEBUG]    Langusge: Espanol es_ES at {ru.apertum.qsystem.client.Locales.<init>(Locales.java:119)}
2017-08-25 09:22:54,630 [DEBUG]    Langusge: Fran?ais fr_FR at {ru.apertum.qsystem.client.Locales.<init>(Locales.java:119)}
2017-08-25 09:22:54,632 [DEBUG]    Langusge: Italiano it_IT at {ru.apertum.qsystem.client.Locales.<init>(Locales.java:119)}
2017-08-25 09:22:54,634 [DEBUG]    Langusge: Portugu?s pt_PT at {ru.apertum.qsystem.client.Locales.<init>(Locales.java:119)}
2017-08-25 09:22:54,636 [DEBUG]    Langusge: Roman ro_RO at {ru.apertum.qsystem.client.Locales.<init>(Locales.java:119)}
2017-08-25 09:22:54,638 [DEBUG]    Langusge: Русский ru_RU at {ru.apertum.qsystem.client.Locales.<init>(Locales.java:119)}
2017-08-25 09:22:54,640 [DEBUG]    Langusge: Українська uk_UA at {ru.apertum.qsystem.client.Locales.<init>(Locales.java:119)}
2017-08-25 09:22:54,668 [ INFO] Получить параметры. at {ru.apertum.qsystem.common.NetCommander.getProperties(NetCommander.java:1585)}
2017-08-25 09:22:54,741 [TRACE] Task "Все параметры из БД" on 10.5.0.139:3128#
{"params":{},"jsonrpc":"2.0","id":"1503642174668","method":"Все параметры из БД"} at {ru.apertum.qsystem.common.NetCommander.sendRpc(NetCommander.java:131)}
2017-08-25 09:23:13,114 [ INFO] Properties are ready. at {ru.apertum.qsystem.common.QConfig.prepareCLI(QConfig.java:305)}
2017-08-25 09:23:13,117 [ INFO] "QSystem 17.1"!  date: 20.05.2017 at {ru.apertum.qsystem.common.QLog.initial(QLog.java:180)}
2017-08-25 09:23:13,117 [ INFO] START LOGER. Logger: welcome.file.info.trace at {ru.apertum.qsystem.common.QLog.initial(QLog.java:181)}
2017-08-25 09:23:13,118 [ INFO] Mode: KEY_DEBUG at {ru.apertum.qsystem.common.QLog.initial(QLog.java:186)}
2017-08-25 09:23:13,118 [ INFO] Plugins: YES at {ru.apertum.qsystem.common.QLog.initial(QLog.java:187)}
2017-08-25 09:23:13,164 [ INFO] Загрузка плагинов из папки plugins. at {ru.apertum.qsystem.common.Uses.loadPlugins(Uses.java:788)}
2017-08-25 09:23:13,166 [DEBUG] Плагин ClientboardRS485Plugin.jar at {ru.apertum.qsystem.common.Uses.loadPlugins(Uses.java:795)}
2017-08-25 09:23:13,167 [DEBUG] Плагин Journal.jar at {ru.apertum.qsystem.common.Uses.loadPlugins(Uses.java:795)}
2017-08-25 09:23:13,168 [DEBUG] Плагин Microsound.jar at {ru.apertum.qsystem.common.Uses.loadPlugins(Uses.java:795)}
2017-08-25 09:23:13,168 [DEBUG] Плагин ZoneboardPlugin.jar at {ru.apertum.qsystem.common.Uses.loadPlugins(Uses.java:795)}
2017-08-25 09:23:13,170 [ INFO] Languages are loading... at {ru.apertum.qsystem.client.Locales.<init>(Locales.java:79)}
2017-08-25 09:23:13,183 [DEBUG]    Langusge: Az?rbaycan az_AZ at {ru.apertum.qsystem.client.Locales.<init>(Locales.java:119)}
2017-08-25 09:23:13,185 [DEBUG]    Langusge: English en_US at {ru.apertum.qsystem.client.Locales.<init>(Locales.java:119)}
2017-08-25 09:23:13,186 [DEBUG]    Langusge: Espanol es_ES at {ru.apertum.qsystem.client.Locales.<init>(Locales.java:119)}
2017-08-25 09:23:13,188 [DEBUG]    Langusge: Fran?ais fr_FR at {ru.apertum.qsystem.client.Locales.<init>(Locales.java:119)}
2017-08-25 09:23:13,189 [DEBUG]    Langusge: Italiano it_IT at {ru.apertum.qsystem.client.Locales.<init>(Locales.java:119)}
2017-08-25 09:23:13,191 [DEBUG]    Langusge: Portugu?s pt_PT at {ru.apertum.qsystem.client.Locales.<init>(Locales.java:119)}
2017-08-25 09:23:13,192 [DEBUG]    Langusge: Roman ro_RO at {ru.apertum.qsystem.client.Locales.<init>(Locales.java:119)}
2017-08-25 09:23:13,194 [DEBUG]    Langusge: Русский ru_RU at {ru.apertum.qsystem.client.Locales.<init>(Locales.java:119)}
2017-08-25 09:23:13,195 [DEBUG]    Langusge: Українська uk_UA at {ru.apertum.qsystem.client.Locales.<init>(Locales.java:119)}
2017-08-25 09:23:13,221 [ INFO] Получить параметры. at {ru.apertum.qsystem.common.NetCommander.getProperties(NetCommander.java:1585)}
2017-08-25 09:23:13,297 [TRACE] Task "Все параметры из БД" on 10.5.18.10:3128#
{"params":{},"jsonrpc":"2.0","id":"1503642193221","method":"Все параметры из БД"} at {ru.apertum.qsystem.common.NetCommander.sendRpc(NetCommander.java:131)}
2017-08-25 09:23:13,301 [TRACE] Socket was created. at {ru.apertum.qsystem.common.NetCommander.sendRpc(NetCommander.java:139)}
2017-08-25 09:23:13,302 [TRACE] Sending... at {ru.apertum.qsystem.common.NetCommander.sendRpc(NetCommander.java:145)}
2017-08-25 09:23:13,302 [TRACE] Reading... at {ru.apertum.qsystem.common.NetCommander.sendRpc(NetCommander.java:147)}
2017-08-25 09:23:13,403 [TRACE] Response:
{"result":{},"jsonrpc":"2.0","id":"1503642190959"}
 at {ru.apertum.qsystem.common.NetCommander.sendRpc(NetCommander.java:159)}
2017-08-25 09:23:13,429 [ INFO] Получение возможных услуг. at {ru.apertum.qsystem.common.NetCommander.getServiсes(NetCommander.java:294)}
2017-08-25 09:23:13,430 [TRACE] Task "Получить перечень услуг" on 10.5.18.10:3128#
{"jsonrpc":"2.0","id":"1503642193221","method":"Получить перечень услуг"} at {ru.apertum.qsystem.common.NetCommander.sendRpc(NetCommander.java:131)}
2017-08-25 09:23:13,433 [TRACE] Socket was created. at {ru.apertum.qsystem.common.NetCommander.sendRpc(NetCommander.java:139)}
2017-08-25 09:23:13,434 [TRACE] Sending... at {ru.apertum.qsystem.common.NetCommander.sendRpc(NetCommander.java:145)}
2017-08-25 09:23:13,435 [TRACE] Reading... at {ru.apertum.qsystem.common.NetCommander.sendRpc(NetCommander.java:147)}
2017-08-25 09:23:13,599 [TRACE] Response:
{"result":{"root":{"id":1,"status":1,"point":0,"duration":1,"exp":0,"sound_template":"120050","advance_limit":1,"day_limit":0,"person_day_limit":0,"inputed_as_number":0,"advance_limit_period":14,"advance_time_period":60,"enable":1,"result_required":false,"input_required":false,"inputed_as_ext":false,"input_caption":"","pre_info_html":"","pre_info_print_text":"","ticket_text":"","tablo_text":"","but_x":100,"but_y":100,"but_b":200,"but_h":100,"countPerDay":0,"day":0,"description":"Предоставляемые услуги","service_prefix":"-","name":"СЗАО \"ИНТЕРДНЕСТРКОМ\"","buttonText":"\u003chtml\u003e\u003cp align\u003dcenter\u003e\u003cspan style\u003d\u0027font-size:55.0;color:#DC143C\u0027\u003eСистема управления очередью\u003c/span\u003e\u003cbr\u003e\u003cspan style\u003d\u0027font-size:45.0;color:#DC143C\u0027\u003e\u003ci\u003eвыберите требуемую услугу\u003c/i\u003e","langs":[],"inner_services":[{"id":1503466462316,"status":1,"point":0,"duration":1,"exp":2,"sound_template":"021111","advance_limit":1,"day_limit":0,"person_day_limit":0,"inputed_as_number":0,"advance_limit_period":0,"advance_time_period":60,"enable":1,"result_required":false,"input_required":false,"inputed_as_ext":false,"input_caption":"","pre_info_html":"","pre_info_print_text":"","ticket_text":"","tablo_text":"","but_x":200,"but_y":20,"but_b":600,"but_h":250,"countPerDay":0,"day":0,"description":"Обслуживание в абонентском зале","service_prefix":"A","name":"Обслуживание в абонентском зале","buttonText":"\u003chtml\u003e\u003cb\u003e\u003cp align\u003dcenter\u003e\u003cspan style\u003d\u0027font-size:40.0pt;color:#3b6bb3\u0027\u003eОбслуживание в абонентском зале\u003c/span\u003e\u003c/b\u003e\n","parentId":1,"langs":[],"inner_services":[{"id":1503473614966,"status":1,"point":0,"duration":1,"exp":0,"sound_template":"021111","advance_limit":1,"day_limit":0,"person_day_limit":0,"inputed_as_number":0,"advance_limit_period":0,"advance_time_period":60,"enable":1,"result_required":false,"input_required":false,"inputed_as_ext":false,"input_caption":"","pre_info_html":"","pre_info_print_text":"","ticket_text":"","tablo_text":"","but_x":200,"but_y":20,"but_b":1000,"but_h":150,"countPerDay":0,"day":0,"description":"Оформление услуг ","service_prefix":"A","name":"Оформление услуг ","buttonText":"\u003chtml\u003e\u003cb\u003e\u003cp align\u003dcenter\u003e\u003cspan style\u003d\u0027font-size:35.0pt;color:#3b6bb3\u0027\u003eОформление услуг \u003c/span\u003e\u003c/b\u003e","parentId":1503466462316,"langs":[],"inner_services":[{"id":1503473703621,"status":1,"point":0,"duration":1,"exp":0,"sound_template":"021111","advance_limit":1,"day_limit":0,"person_day_limit":0,"inputed_as_number":0,"advance_limit_period":0,"advance_time_period":60,"enable":1,"result_required":false,"input_required":false,"inputed_as_ext":false,"input_caption":"","pre_info_html":"","pre_info_print_text":"","ticket_text":"","tablo_text":"","but_x":100,"but_y":100,"but_b":100,"but_h":100,"countPerDay":0,"day":0,"description":"Сотовая связь (CDMA)","service_prefix":"A","name":"Сотовая связь (CDMA) ","buttonText":"\u003chtml\u003e\u003cb\u003e\u003cp align\u003dcenter\u003e\u003cspan style\u003d\u0027font-size:35.0pt;color:#3b6bb3\u0027\u003eСотовая связь (CDMA)\u003c/span\u003e\u003c/b\u003e","parentId":1503473614966,"langs":[],"inner_services":[]},{"id":1503473712139,"status":1,"point":0,"duration":1,"exp":0,"sound_template":"021111","advance_limit":1,"day_limit":0,"person_day_limit":0,"inputed_as_number":0,"advance_limit_period":0,"advance_time_period":60,"enable":1,"result_required":false,"input_required":false,"inputed_as_ext":false,"input_caption":"","pre_info_html":"","pre_info_print_text":"","ticket_text":"","tablo_text":"","but_x":100,"but_y":100,"but_b":100,"but_h":100,"countPerDay":0,"day":0,"description":"Интернет (ADSL, FTTx, EVDO, LTE)","service_prefix":"A","name":"Интернет (ADSL, FTTx, EVDO, LTE) ","buttonText":"\u003chtml\u003e\u003cb\u003e\u003cp align\u003dcenter\u003e\u003cspan style\u003d\u0027font-size:35.0pt;color:#3b6bb3\u0027\u003eИнтернет (ADSL, FTTx, EVDO, LTE)\u003c/span\u003e\u003c/b\u003e","parentId":1503473614966,"langs":[],"inner_services":[]},{"id":1503473718894,"status":1,"point":0,"duration":1,"exp":0,"sound_template":"021111","advance_limit":1,"day_limit":0,"person_day_limit":0,"inputed_as_number":0,"advance_limit_period":0,"advance_time_period":60,"enable":1,"result_required":false,"input_required":false,"inputed_as_ext":false,"input_caption":"","pre_info_html":"","pre_info_print_text":"","ticket_text":"","tablo_text":"","but_x":100,"but_y":100,"but_b":100,"but_h":100,"countPerDay":0,"day":0,"description":"Телевидение (DVB-C, DVB-T2, IPTV)","service_prefix":"A","name":"Телевидение (DVB-C, DVB-T2, IPTV) ","buttonText":"\u003chtml\u003e\u003cb\u003e\u003cp align\u003dcenter\u003e\u003cspan style\u003d\u0027font-size:35.0pt;color:#3b6bb3\u0027\u003eТелевидение (DVB-C, DVB-T2, IPTV)\u003c/span\u003e\u003c/b\u003e","parentId":1503473614966,"langs":[],"inner_services":[]},{"id":1503473726585,"status":1,"point":0,"duration":1,"exp":0,"sound_template":"021111","advance_limit":1,"day_limit":0,"person_day_limit":0,"inputed_as_number":0,"advance_limit_period":0,"advance_time_period":60,"enable":1,"result_required":false,"input_required":false,"inputed_as_ext":false,"input_caption":"","pre_info_html":"","pre_info_print_text":"","ticket_text":"","tablo_text":"","but_x":100,"but_y":100,"but_b":100,"but_h":100,"countPerDay":0,"day":0,"description":"Проводная связь (PSTN, SIP)","service_prefix":"A","name":"Проводная связь (PSTN, SIP) ","buttonText":"\u003chtml\u003e\u003cb\u003e\u003cp align\u003dcenter\u003e\u003cspan style\u003d\u0027font-size:35.0pt;color:#3b6bb3\u0027\u003eПроводная связь (PSTN, SIP)\u003c/span\u003e\u003c/b\u003e","parentId":1503473614966,"langs":[],"inner_services":[]},{"id":1503473733043,"status":1,"point":0,"duration":1,"exp":0,"sound_template":"021111","advance_limit":1,"day_limit":0,"person_day_limit":0,"inputed_as_number":0,"advance_limit_period":0,"advance_time_period":60,"enable":1,"result_required":false,"input_required":false,"inputed_as_ext":false,"input_caption":"","pre_info_html":"","pre_info_print_text":"","ticket_text":"","tablo_text":"","but_x":100,"but_y":100,"but_b":100,"but_h":100,"countPerDay":0,"day":0,"description":"Пакетная система оказания услуг (тарифы линейки «Семейный»)","service_prefix":"A","name":"Пакетная система оказания услуг (тарифы линейки «Семейный») ","buttonText":"\u003chtml\u003e\u003cb\u003e\u003cp align\u003dcenter\u003e\u003cspan style\u003d\u0027font-size:35.0pt;color:#3b6bb3\u0027\u003eПакетная система оказания услуг (тарифы линейки «Семейный»)\u003c/span\u003e\u003c/b\u003e","parentId":1503473614966,"langs":[],"inner_services":[]}]},{"id":1503473630489,"status":1,"point":0,"duration":1,"exp":0,"sound_template":"021111","advance_limit":1,"day_limit":0,"person_day_limit":0,"inputed_as_number":0,"advance_limit_period":0,"advance_time_period":60,"enable":1,"result_required":false,"input_required":false,"inputed_as_ext":false,"input_caption":"","pre_info_html":"","pre_info_print_text":"","ticket_text":"","tablo_text":"","but_x":200,"but_y":190,"but_b":1000,"but_h":150,"countPerDay":0,"day":0,"description":"Получение консультации ","service_prefix":"A","name":"Получение консультации ","buttonText":"\u003chtml\u003e\u003cb\u003e\u003cp align\u003dcenter\u003e\u003cspan style\u003d\u0027font-size:35.0pt;color:#3b6bb3\u0027\u003eПолучение консультации \u003c/span\u003e\u003c/b\u003e","parentId":1503466462316,"langs":[],"inner_services":[{"id":1503473953581,"status":1,"point":0,"duration":1,"exp":0,"sound_template":"021111","advance_limit":1,"day_limit":0,"person_day_limit":0,"inputed_as_number":0,"advance_limit_period":0,"advance_time_period":60,"enable":1,"result_required":false,"input_required":false,"inputed_as_ext":false,"input_caption":"","pre_info_html":"","pre_info_print_text":"","ticket_text":"","tablo_text":"","but_x":100,"but_y":100,"but_b":100,"but_h":100,"countPerDay":0,"day":0,"description":"Сотовая связь (CDMA)","service_prefix":"A","name":"Сотовая связь (CDMA)","buttonText":"\u003chtml\u003e\u003cb\u003e\u003cp align\u003dcenter\u003e\u003cspan style\u003d\u0027font-size:35.0pt;color:#3b6bb3\u0027\u003eСотовая связь (CDMA)\u003c/span\u003e\u003c/b\u003e","parentId":1503473630489,"langs":[],"inner_services":[]},{"id":1503474058101,"status":1,"point":0,"duration":1,"exp":0,"sound_template":"021111","advance_limit":1,"day_limit":0,"person_day_limit":0,"inputed_as_number":0,"advance_limit_period":0,"advance_time_period":60,"enable":1,"result_required":false,"input_required":false,"inputed_as_ext":false,"input_caption":"","pre_info_html":"","pre_info_print_text":"","ticket_text":"","tablo_text":"","but_x":100,"but_y":100,"but_b":100,"but_h":100,"countPerDay":0,"day":0,"description":"Телевидение (DVB-C, DVB-T2, IPTV)","service_prefix":"A","name":"Телевидение (DVB-C, DVB-T2, IPTV)","buttonText":"\u003chtml\u003e\u003cb\u003e\u003cp align\u003dcenter\u003e\u003cspan style\u003d\u0027font-size:35.0pt;color:#3b6bb3\u0027\u003eТелевидение (DVB-C, DVB-T2, IPTV)\u003c/span\u003e\u003c/b\u003e","parentId":1503473630489,"langs":[],"inner_services":[]},{"id":1503474066135,"status":1,"point":0,"duration":1,"exp":0,"sound_template":"021111","advance_limit":1,"day_limit":0,"person_day_limit":0,"inputed_as_number":0,"advance_limit_period":0,"advance_time_period":60,"enable":1,"result_required":false,"input_required":false,"inputed_as_ext":false,"input_caption":"","pre_info_html":"","pre_info_print_text":"","ticket_text":"","tablo_text":"","but_x":100,"but_y":100,"but_b":100,"but_h":100,"countPerDay":0,"day":0,"description":"Проводная связь (PSTN, SIP)","service_prefix":"A","name":"Проводная связь (PSTN, SIP)","buttonText":"\u003chtml\u003e\u003cb\u003e\u003cp align\u003dcenter\u003e\u003cspan style\u003d\u0027font-size:35.0pt;color:#3b6bb3\u0027\u003eПроводная связь (PSTN, SIP)\u003c/span\u003e\u003c/b\u003e","parentId":1503473630489,"langs":[],"inner_services":[]},{"id":1503474073514,"status":1,"point":0,"duration":1,"exp":0,"sound_template":"021111","advance_limit":1,"day_limit":0,"person_day_limit":0,"inputed_as_number":0,"advance_limit_period":0,"advance_time_period":60,"enable":1,"result_required":false,"input_required":false,"inputed_as_ext":false,"input_caption":"","pre_info_html":"","pre_info_print_text":"","ticket_text":"","tablo_text":"","but_x":100,"but_y":100,"but_b":100,"but_h":100,"countPerDay":0,"day":0,"description":"Пакетная система оказания услуг (тарифы линейки «Семейный»)","service_prefix":"A","name":"Пакетная система оказания услуг (тарифы линейки «Семейный»)","buttonText":"\u003chtml\u003e\u003cb\u003e\u003cp align\u003dcenter\u003e\u003cspan style\u003d\u0027font-size:35.0pt;color:#3b6bb3\u0027\u003eПакетная система оказания услуг (тарифы линейки «Семейный»)\u003c/span\u003e\u003c/b\u003e","parentId":1503473630489,"langs":[],"inner_services":[]}]},{"id":1503473644919,"status":1,"point":0,"duration":1,"exp":0,"sound_template":"021111","advance_limit":1,"day_limit":0,"person_day_limit":0,"inputed_as_number":0,"advance_limit_period":0,"advance_time_period":60,"enable":1,"result_required":false,"input_required":false,"inputed_as_ext":false,"input_caption":"","pre_info_html":"","pre_info_print_text":"","ticket_text":"","tablo_text":"","but_x":200,"but_y":20,"but_b":1000,"but_h":250,"countPerDay":1,"day":236,"description":"Приобретение оборудования ","service_prefix":"A","name":"Приобретение оборудования ","buttonText":"\u003chtml\u003e\u003cb\u003e\u003cp align\u003dcenter\u003e\u003cspan style\u003d\u0027font-size:35.0pt;color:#3b6bb3\u0027\u003eПриобретение оборудования \u003c/span\u003e\u003c/b\u003e","parentId":1503466462316,"langs":[],"inner_services":[]},{"id":1503473665027,"status":1,"point":0,"duration":1,"exp":0,"sound_template":"021111","advance_limit":1,"day_limit":0,"person_day_limit":0,"inputed_as_number":0,"advance_limit_period":0,"advance_time_period":60,"enable":1,"result_required":false,"input_required":false,"inputed_as_ext":false,"input_caption":"","pre_info_html":"","pre_info_print_text":"","ticket_text":"","tablo_text":"","but_x":200,"but_y":20,"but_b":1000,"but_h":250,"countPerDay":2,"day":236,"description":"Подлючение оборудования после тестирования ","service_prefix":"A","name":"Подключение оборудования после тестирования ","buttonText":"\u003chtml\u003e\u003cb\u003e\u003cp align\u003dcenter\u003e\u003cspan style\u003d\u0027font-size:35.0pt;color:#3b6bb3\u0027\u003eПодлючение оборудования после тестирования \u003c/span\u003e\u003c/b\u003e","parentId":1503466462316,"langs":[],"inner_services":[]},{"id":1503473675604,"status":1,"point":0,"duration":1,"exp":0,"sound_template":"021111","advance_limit":1,"day_limit":0,"person_day_limit":0,"inputed_as_number":0,"advance_limit_period":0,"advance_time_period":60,"enable":1,"result_required":false,"input_required":false,"inputed_as_ext":false,"input_caption":"","pre_info_html":"","pre_info_print_text":"","ticket_text":"","tablo_text":"","but_x":200,"but_y":20,"but_b":1000,"but_h":250,"countPerDay":0,"day":0,"description":"Обращения по качеству обслуживания ","service_prefix":"A","name":"Обращения по качеству обслуживания ","buttonText":"\u003chtml\u003e\u003cb\u003e\u003cp align\u003dcenter\u003e\u003cspan style\u003d\u0027font-size:35.0pt;color:#3b6bb3\u0027\u003eОбращения по качеству обслуживания \u003c/span\u003e\u003c/b\u003e","parentId":1503466462316,"langs":[],"inner_services":[]}]},{"id":1503466512673,"status":1,"point":0,"duration":1,"exp":2,"sound_template":"021111","advance_limit":1,"day_limit":0,"person_day_limit":0,"inputed_as_number":0,"advance_limit_period":0,"advance_time_period":60,"enable":1,"result_required":false,"input_required":false,"inputed_as_ext":false,"input_caption":"","pre_info_html":"","pre_info_print_text":"","ticket_text":"","tablo_text":"","but_x":1050,"but_y":20,"but_b":600,"but_h":250,"countPerDay":0,"day":0,"description":"Обслуживание в Сервисном Центре","service_prefix":"C","name":"Обслуживание в Сервисном Центре","buttonText":"\u003chtml\u003e\u003cb\u003e\u003cp align\u003dcenter\u003e\u003cspan style\u003d\u0027font-size:40.0pt;color:#3b6bb3\u0027\u003eОбслуживание в cервисном центре\u003c/span\u003e\u003c/b\u003e","parentId":1,"langs":[],"inner_services":[{"id":1503473813742,"status":1,"point":0,"duration":1,"exp":0,"sound_template":"021111","advance_limit":1,"day_limit":0,"person_day_limit":0,"inputed_as_number":0,"advance_limit_period":0,"advance_time_period":60,"enable":1,"result_required":false,"input_required":false,"inputed_as_ext":false,"input_caption":"","pre_info_html":"","pre_info_print_text":"","ticket_text":"","tablo_text":"","but_x":100,"but_y":100,"but_b":100,"but_h":100,"countPerDay":0,"day":0,"description":"Сдать оборудование в ремонт (на тестирование) ","service_prefix":"C","name":"Сдать оборудование в ремонт (на тестирование) ","buttonText":"\u003chtml\u003e\u003cb\u003e\u003cp align\u003dcenter\u003e\u003cspan style\u003d\u0027font-size:35.0pt;color:#3b6bb3\u0027\u003eСдать оборудование в ремонт (на тестирование) \u003c/span\u003e\u003c/b\u003e","parentId":1503466512673,"langs":[],"inner_services":[]},{"id":1503473823648,"status":1,"point":0,"duration":1,"exp":0,"sound_template":"021111","advance_limit":1,"day_limit":0,"person_day_limit":0,"inputed_as_number":0,"advance_limit_period":0,"advance_time_period":60,"enable":1,"result_required":false,"input_required":false,"inputed_as_ext":false,"input_caption":"","pre_info_html":"","pre_info_print_text":"","ticket_text":"","tablo_text":"","but_x":100,"but_y":100,"but_b":100,"but_h":100,"countPerDay":0,"day":0,"description":"Получить оборудование из ремонта ","service_prefix":"C","name":"Получить оборудование из ремонта ","buttonText":"\u003chtml\u003e\u003cb\u003e\u003cp align\u003dcenter\u003e\u003cspan style\u003d\u0027font-size:35.0pt;color:#3b6bb3\u0027\u003eПолучить оборудование из ремонта \u003c/span\u003e\u003c/b\u003e","parentId":1503466512673,"langs":[],"inner_services":[]},{"id":1503473832914,"status":1,"point":0,"duration":1,"exp":0,"sound_template":"021111","advance_limit":1,"day_limit":0,"person_day_limit":0,"inputed_as_number":0,"advance_limit_period":0,"advance_time_period":60,"enable":1,"result_required":false,"input_required":false,"inputed_as_ext":false,"input_caption":"","pre_info_html":"","pre_info_print_text":"","ticket_text":"","tablo_text":"","but_x":100,"but_y":100,"but_b":100,"but_h":100,"countPerDay":0,"day":0,"description":"Получить консультацию  специалиста ","service_prefix":"C","name":"Получить консультацию  специалиста ","buttonText":"\u003chtml\u003e\u003cb\u003e\u003cp align\u003dcenter\u003e\u003cspan style\u003d\u0027font-size:35.0pt;color:#3b6bb3\u0027\u003eПолучить консультацию  специалиста \u003c/span\u003e\u003c/b\u003e","parentId":1503466512673,"langs":[],"inner_services":[]},{"id":1503473840808,"status":1,"point":0,"duration":1,"exp":0,"sound_template":"021111","advance_limit":1,"day_limit":0,"person_day_limit":0,"inputed_as_number":0,"advance_limit_period":0,"advance_time_period":60,"enable":1,"result_required":false,"input_required":false,"inputed_as_ext":false,"input_caption":"","pre_info_html":"","pre_info_print_text":"","ticket_text":"","tablo_text":"","but_x":100,"but_y":100,"but_b":100,"but_h":100,"countPerDay":0,"day":0,"description":"Обращения по качеству обслуживания","service_prefix":"C","name":"Обращения по качеству обслуживания","buttonText":"\u003chtml\u003e\u003cb\u003e\u003cp align\u003dcenter\u003e\u003cspan style\u003d\u0027font-size:35.0pt;color:#3b6bb3\u0027\u003eОбращения по качеству обслуживания\u003c/span\u003e\u003c/b\u003e","parentId":1503466512673,"langs":[],"inner_services":[]}]}]},"start_time":"01.01.1970 07:45:00","finish_time":"01.01.1970 18:00:00","btn_free_dsn":false},"jsonrpc":"2.0","id":"1503642191100"}
 at {ru.apertum.qsystem.common.NetCommander.sendRpc(NetCommander.java:159)}
2017-08-25 09:23:13,723 [DEBUG] Загрузим параметры из файла "config\welcome.property" at {ru.apertum.qsystem.client.common.WelcomeParams.loadSettings(WelcomeParams.java:218)}
2017-08-25 09:23:13,758 [ INFO] Создаем окно приглашения. at {ru.apertum.qsystem.client.forms.FWelcome.init(FWelcome.java:737)}
2017-08-25 09:23:14,657 [ INFO] Показываем набор кнопок уровня: СЗАО "ИНТЕРДНЕСТРКОМ" ID=1 at {ru.apertum.qsystem.client.forms.FWelcome.showButtons(FWelcome.java:949)}
2017-08-25 09:23:14,661 [DEBUG] FIle not found 1417718379463 = E:/spring.jpg at {ru.apertum.qsystem.client.common.WelcomeBGparams.<init>(WelcomeBGparams.java:50)}
2017-08-25 09:23:14,663 [DEBUG] FIle not found 1417718393092 = E:/spring2.jpg at {ru.apertum.qsystem.client.common.WelcomeBGparams.<init>(WelcomeBGparams.java:50)}
2017-08-25 09:23:14,665 [DEBUG] FIle not found 1417872096348 = E:\temp\qsys_pic\fon_welcome.jpg at {ru.apertum.qsystem.client.common.WelcomeBGparams.<init>(WelcomeBGparams.java:50)}
2017-08-25 09:23:14,679 [TRACE] Create button for "Обслуживание в абонентском зале" ID=1503466462316 states: Visible Active ForAll Real at {ru.apertum.qsystem.client.model.QButton.init(QButton.java:189)}
2017-08-25 09:23:14,694 [TRACE] Create button for "Обслуживание в Сервисном Центре" ID=1503466512673 states: Visible Active ForAll Real at {ru.apertum.qsystem.client.model.QButton.init(QButton.java:189)}
2017-08-25 09:23:14,713 [ INFO] Сервер управления пунктом регистрации запущен. at {ru.apertum.qsystem.client.forms.FWelcome$CommandServer.run(FWelcome.java:226)}
2017-08-29 17:33:29,221 [ INFO] Properties are ready. at {ru.apertum.qsystem.common.QConfig.prepareCLI(QConfig.java:305)}
2017-08-29 17:33:29,225 [ INFO] "QSystem 17.1"!  date: 20.05.2017 at {ru.apertum.qsystem.common.QLog.initial(QLog.java:180)}
2017-08-29 17:33:29,225 [ INFO] START LOGER. Logger: welcome.file.info.trace at {ru.apertum.qsystem.common.QLog.initial(QLog.java:181)}
2017-08-29 17:33:29,226 [ INFO] Mode: KEY_DEBUG at {ru.apertum.qsystem.common.QLog.initial(QLog.java:186)}
2017-08-29 17:33:29,226 [ INFO] Plugins: YES at {ru.apertum.qsystem.common.QLog.initial(QLog.java:187)}
2017-08-29 17:33:29,280 [ INFO] Загрузка плагинов из папки plugins. at {ru.apertum.qsystem.common.Uses.loadPlugins(Uses.java:788)}
2017-08-29 17:33:29,282 [DEBUG] Плагин ClientboardRS485Plugin.jar at {ru.apertum.qsystem.common.Uses.loadPlugins(Uses.java:795)}
2017-08-29 17:33:29,283 [DEBUG] Плагин Journal.jar at {ru.apertum.qsystem.common.Uses.loadPlugins(Uses.java:795)}
2017-08-29 17:33:29,283 [DEBUG] Плагин Microsound.jar at {ru.apertum.qsystem.common.Uses.loadPlugins(Uses.java:795)}
2017-08-29 17:33:29,285 [DEBUG] Плагин ZoneboardPlugin.jar at {ru.apertum.qsystem.common.Uses.loadPlugins(Uses.java:795)}
2017-08-29 17:33:29,288 [ INFO] Languages are loading... at {ru.apertum.qsystem.client.Locales.<init>(Locales.java:79)}
2017-08-29 17:33:29,300 [DEBUG]    Langusge: Az?rbaycan az_AZ at {ru.apertum.qsystem.client.Locales.<init>(Locales.java:119)}
2017-08-29 17:33:29,304 [DEBUG]    Langusge: English en_US at {ru.apertum.qsystem.client.Locales.<init>(Locales.java:119)}
2017-08-29 17:33:29,305 [DEBUG]    Langusge: Espanol es_ES at {ru.apertum.qsystem.client.Locales.<init>(Locales.java:119)}
2017-08-29 17:33:29,307 [DEBUG]    Langusge: Fran?ais fr_FR at {ru.apertum.qsystem.client.Locales.<init>(Locales.java:119)}
2017-08-29 17:33:29,308 [DEBUG]    Langusge: Italiano it_IT at {ru.apertum.qsystem.client.Locales.<init>(Locales.java:119)}
2017-08-29 17:33:29,309 [DEBUG]    Langusge: Portugu?s pt_PT at {ru.apertum.qsystem.client.Locales.<init>(Locales.java:119)}
2017-08-29 17:33:29,311 [DEBUG]    Langusge: Roman ro_RO at {ru.apertum.qsystem.client.Locales.<init>(Locales.java:119)}
2017-08-29 17:33:29,312 [DEBUG]    Langusge: Русский ru_RU at {ru.apertum.qsystem.client.Locales.<init>(Locales.java:119)}
2017-08-29 17:33:29,314 [DEBUG]    Langusge: Українська uk_UA at {ru.apertum.qsystem.client.Locales.<init>(Locales.java:119)}
2017-08-29 17:33:29,345 [ INFO] Получить параметры. at {ru.apertum.qsystem.common.NetCommander.getProperties(NetCommander.java:1585)}
2017-08-29 17:33:29,426 [TRACE] Task "Все параметры из БД" on 10.5.18.10:3128#
{"params":{},"jsonrpc":"2.0","id":"1504017209345","method":"Все параметры из БД"} at {ru.apertum.qsystem.common.NetCommander.sendRpc(NetCommander.java:131)}
2017-08-29 17:33:29,431 [TRACE] Socket was created. at {ru.apertum.qsystem.common.NetCommander.sendRpc(NetCommander.java:139)}
2017-08-29 17:33:29,432 [TRACE] Sending... at {ru.apertum.qsystem.common.NetCommander.sendRpc(NetCommander.java:145)}
2017-08-29 17:33:29,433 [TRACE] Reading... at {ru.apertum.qsystem.common.NetCommander.sendRpc(NetCommander.java:147)}
2017-08-29 17:33:29,439 [TRACE] Response:
{"result":{},"jsonrpc":"2.0","id":"1504017205657"}
 at {ru.apertum.qsystem.common.NetCommander.sendRpc(NetCommander.java:159)}
2017-08-29 17:33:29,448 [ INFO] Получение возможных услуг. at {ru.apertum.qsystem.common.NetCommander.getServiсes(NetCommander.java:294)}
2017-08-29 17:33:29,448 [TRACE] Task "Получить перечень услуг" on 10.5.18.10:3128#
{"jsonrpc":"2.0","id":"1504017209345","method":"Получить перечень услуг"} at {ru.apertum.qsystem.common.NetCommander.sendRpc(NetCommander.java:131)}
2017-08-29 17:33:29,450 [TRACE] Socket was created. at {ru.apertum.qsystem.common.NetCommander.sendRpc(NetCommander.java:139)}
2017-08-29 17:33:29,451 [TRACE] Sending... at {ru.apertum.qsystem.common.NetCommander.sendRpc(NetCommander.java:145)}
2017-08-29 17:33:29,451 [TRACE] Reading... at {ru.apertum.qsystem.common.NetCommander.sendRpc(NetCommander.java:147)}
2017-08-29 17:33:29,610 [TRACE] Response:
{"result":{"root":{"id":1,"status":1,"point":0,"duration":1,"exp":0,"sound_template":"120050","advance_limit":1,"day_limit":0,"person_day_limit":0,"inputed_as_number":0,"advance_limit_period":14,"advance_time_period":60,"enable":1,"result_required":false,"input_required":false,"inputed_as_ext":false,"input_caption":"","pre_info_html":"","pre_info_print_text":"","ticket_text":"","tablo_text":"","but_x":100,"but_y":100,"but_b":200,"but_h":100,"countPerDay":0,"day":0,"description":"Предоставляемые услуги","service_prefix":"-","name":"СЗАО \"ИНТЕРДНЕСТРКОМ\"","buttonText":"\u003chtml\u003e\u003cp align\u003dcenter\u003e\u003cspan style\u003d\u0027font-size:55.0;color:#DC143C\u0027\u003eСистема управления очередью\u003c/span\u003e\u003cbr\u003e\u003cspan style\u003d\u0027font-size:45.0;color:#DC143C\u0027\u003e\u003ci\u003eвыберите требуемую услугу\u003c/i\u003e","langs":[],"inner_services":[{"id":1503466462316,"status":1,"point":0,"duration":1,"exp":2,"sound_template":"021111","advance_limit":1,"day_limit":0,"person_day_limit":0,"inputed_as_number":0,"advance_limit_period":0,"advance_time_period":60,"enable":1,"result_required":false,"input_required":false,"inputed_as_ext":false,"input_caption":"","pre_info_html":"","pre_info_print_text":"","ticket_text":"","tablo_text":"","but_x":200,"but_y":20,"but_b":600,"but_h":250,"countPerDay":0,"day":0,"description":"Обслуживание в абонентском зале","service_prefix":"A","name":"Обслуживание в абонентском зале","buttonText":"\u003chtml\u003e\u003cb\u003e\u003cp align\u003dcenter\u003e\u003cspan style\u003d\u0027font-size:40.0pt;color:#3b6bb3\u0027\u003eОтдел обслуживания абонентов\u003c/span\u003e\u003c/b\u003e\n","parentId":1,"langs":[],"inner_services":[{"id":1503473614966,"status":1,"point":0,"duration":1,"exp":0,"sound_template":"021111","advance_limit":1,"day_limit":0,"person_day_limit":0,"inputed_as_number":0,"advance_limit_period":0,"advance_time_period":60,"enable":1,"result_required":false,"input_required":false,"inputed_as_ext":false,"input_caption":"","pre_info_html":"","pre_info_print_text":"","ticket_text":"","tablo_text":"","but_x":200,"but_y":20,"but_b":1000,"but_h":150,"countPerDay":0,"day":0,"description":"Оформить услуги","service_prefix":"A","name":"Оформить услуги","buttonText":"\u003chtml\u003e\u003cb\u003e\u003cp align\u003dcenter\u003e\u003cspan style\u003d\u0027font-size:35.0pt;color:#3b6bb3\u0027\u003eОформить услуги\u003c/span\u003e\u003c/b\u003e","parentId":1503466462316,"langs":[],"inner_services":[{"id":1503473703621,"status":1,"point":0,"duration":8,"exp":1,"sound_template":"021111","advance_limit":1,"day_limit":0,"person_day_limit":0,"inputed_as_number":0,"advance_limit_period":0,"advance_time_period":60,"enable":1,"result_required":false,"input_required":false,"inputed_as_ext":false,"input_caption":"","pre_info_html":"","pre_info_print_text":"","ticket_text":"","tablo_text":"","but_x":100,"but_y":100,"but_b":100,"but_h":100,"countPerDay":0,"day":0,"description":"Сотовая связь (CDMA)","service_prefix":"A","name":"Сотовая связь (CDMA) ","buttonText":"\u003chtml\u003e\u003cb\u003e\u003cp align\u003dcenter\u003e\u003cspan style\u003d\u0027font-size:35.0pt;color:#3b6bb3\u0027\u003eСотовая связь\u003c/span\u003e\u003c/b\u003e","parentId":1503473614966,"langs":[],"inner_services":[]},{"id":1503473712139,"status":1,"point":0,"duration":10,"exp":1,"sound_template":"021111","advance_limit":1,"day_limit":0,"person_day_limit":0,"inputed_as_number":0,"advance_limit_period":0,"advance_time_period":30,"enable":1,"result_required":false,"input_required":false,"inputed_as_ext":false,"input_caption":"","pre_info_html":"","pre_info_print_text":"","ticket_text":"","tablo_text":"","but_x":100,"but_y":100,"but_b":100,"but_h":100,"countPerDay":0,"day":0,"description":"Интернет (ADSL, FTTx, EVDO, LTE)","service_prefix":"A","name":"Интернет (ADSL, FTTx, EVDO, LTE) ","buttonText":"\u003chtml\u003e\u003cb\u003e\u003cp align\u003dcenter\u003e\u003cspan style\u003d\u0027font-size:35.0pt;color:#3b6bb3\u0027\u003eИнтернет\u003c/span\u003e\u003c/b\u003e","parentId":1503473614966,"langs":[],"inner_services":[]},{"id":1503473718894,"status":1,"point":0,"duration":9,"exp":1,"sound_template":"021111","advance_limit":1,"day_limit":0,"person_day_limit":0,"inputed_as_number":0,"advance_limit_period":0,"advance_time_period":60,"enable":1,"result_required":false,"input_required":false,"inputed_as_ext":false,"input_caption":"","pre_info_html":"","pre_info_print_text":"","ticket_text":"","tablo_text":"","but_x":100,"but_y":100,"but_b":100,"but_h":100,"countPerDay":0,"day":0,"description":"Телевидение (DVB-C, DVB-T2, IPTV)","service_prefix":"A","name":"Телевидение (DVB-C, DVB-T2, IPTV) ","buttonText":"\u003chtml\u003e\u003cb\u003e\u003cp align\u003dcenter\u003e\u003cspan style\u003d\u0027font-size:35.0pt;color:#3b6bb3\u0027\u003eТелевидение\u003c/span\u003e\u003c/b\u003e","parentId":1503473614966,"langs":[],"inner_services":[]},{"id":1503473726585,"status":1,"point":0,"duration":9,"exp":1,"sound_template":"021111","advance_limit":1,"day_limit":0,"person_day_limit":0,"inputed_as_number":0,"advance_limit_period":0,"advance_time_period":60,"enable":1,"result_required":false,"input_required":false,"inputed_as_ext":false,"input_caption":"","pre_info_html":"","pre_info_print_text":"","ticket_text":"","tablo_text":"","but_x":100,"but_y":100,"but_b":100,"but_h":100,"countPerDay":0,"day":0,"description":"Проводная связь (PSTN, SIP)","service_prefix":"A","name":"Проводная связь (PSTN, SIP) ","buttonText":"\u003chtml\u003e\u003cb\u003e\u003cp align\u003dcenter\u003e\u003cspan style\u003d\u0027font-size:35.0pt;color:#3b6bb3\u0027\u003eПроводная связь\u003c/span\u003e\u003c/b\u003e","parentId":1503473614966,"langs":[],"inner_services":[]},{"id":1503473733043,"status":1,"point":0,"duration":30,"exp":1,"sound_template":"021111","advance_limit":1,"day_limit":0,"person_day_limit":0,"inputed_as_number":0,"advance_limit_period":0,"advance_time_period":60,"enable":1,"result_required":false,"input_required":false,"inputed_as_ext":false,"input_caption":"","pre_info_html":"","pre_info_print_text":"","ticket_text":"","tablo_text":"","but_x":100,"but_y":100,"but_b":100,"but_h":100,"countPerDay":0,"day":0,"description":"Пакетная система оказания услуг (тарифы линейки «Семейный»)","service_prefix":"A","name":"Пакетная система оказания услуг (тарифы линейки «Семейный») ","buttonText":"\u003chtml\u003e\u003cb\u003e\u003cp align\u003dcenter\u003e\u003cspan style\u003d\u0027font-size:35.0pt;color:#3b6bb3\u0027\u003eПакетная система(тарифы линейки «Семейный»)\u003c/span\u003e\u003c/b\u003e","parentId":1503473614966,"langs":[],"inner_services":[]}]},{"id":1503473630489,"status":1,"point":0,"duration":1,"exp":0,"sound_template":"021111","advance_limit":1,"day_limit":0,"person_day_limit":0,"inputed_as_number":0,"advance_limit_period":0,"advance_time_period":60,"enable":1,"result_required":false,"input_required":false,"inputed_as_ext":false,"input_caption":"","pre_info_html":"","pre_info_print_text":"","ticket_text":"","tablo_text":"","but_x":200,"but_y":190,"but_b":1000,"but_h":150,"countPerDay":0,"day":0,"description":"Получить консультацию оператора","service_prefix":"A","name":"Получить консультацию оператора","buttonText":"\u003chtml\u003e\u003cb\u003e\u003cp align\u003dcenter\u003e\u003cspan style\u003d\u0027font-size:35.0pt;color:#3b6bb3\u0027\u003eПолучить консультацию оператора\u003c/span\u003e\u003c/b\u003e","parentId":1503466462316,"langs":[],"inner_services":[{"id":1503473953581,"status":1,"point":0,"duration":3,"exp":1,"sound_template":"021111","advance_limit":1,"day_limit":0,"person_day_limit":0,"inputed_as_number":0,"advance_limit_period":0,"advance_time_period":60,"enable":1,"result_required":false,"input_required":false,"inputed_as_ext":false,"input_caption":"","pre_info_html":"","pre_info_print_text":"","ticket_text":"","tablo_text":"","but_x":100,"but_y":100,"but_b":100,"but_h":100,"countPerDay":0,"day":0,"description":"Сотовая связь (CDMA)","service_prefix":"A","name":"Сотовая связь (CDMA)","buttonText":"\u003chtml\u003e\u003cb\u003e\u003cp align\u003dcenter\u003e\u003cspan style\u003d\u0027font-size:35.0pt;color:#3b6bb3\u0027\u003eСотовая связь\u003c/span\u003e\u003c/b\u003e","parentId":1503473630489,"langs":[],"inner_services":[]},{"id":1503905807197,"status":1,"point":0,"duration":5,"exp":1,"sound_template":"021111","advance_limit":1,"day_limit":0,"person_day_limit":0,"inputed_as_number":0,"advance_limit_period":0,"advance_time_period":60,"enable":1,"result_required":false,"input_required":false,"inputed_as_ext":false,"input_caption":"","pre_info_html":"","pre_info_print_text":"","ticket_text":"","tablo_text":"","but_x":100,"but_y":100,"but_b":100,"but_h":100,"countPerDay":0,"day":0,"description":"Интернет (ADSL, FTTx, EVDO, LTE)","service_prefix":"A","name":"Интернет (ADSL, FTTx, EVDO, LTE)","buttonText":"\u003chtml\u003e\u003cb\u003e\u003cp align\u003dcenter\u003e\u003cspan style\u003d\u0027font-size:35.0pt;color:#3b6bb3\u0027\u003eИнтернет\u003c/span\u003e\u003c/b\u003e","parentId":1503473630489,"langs":[],"inner_services":[]},{"id":1503474058101,"status":1,"point":0,"duration":5,"exp":1,"sound_template":"021111","advance_limit":1,"day_limit":0,"person_day_limit":0,"inputed_as_number":0,"advance_limit_period":0,"advance_time_period":60,"enable":1,"result_required":false,"input_required":false,"inputed_as_ext":false,"input_caption":"","pre_info_html":"","pre_info_print_text":"","ticket_text":"","tablo_text":"","but_x":100,"but_y":100,"but_b":100,"but_h":100,"countPerDay":0,"day":0,"description":"Телевидение (DVB-C, DVB-T2, IPTV)","service_prefix":"A","name":"Телевидение (DVB-C, DVB-T2, IPTV)","buttonText":"\u003chtml\u003e\u003cb\u003e\u003cp align\u003dcenter\u003e\u003cspan style\u003d\u0027font-size:35.0pt;color:#3b6bb3\u0027\u003eТелевидение\u003c/span\u003e\u003c/b\u003e","parentId":1503473630489,"langs":[],"inner_services":[]},{"id":1503474066135,"status":1,"point":0,"duration":4,"exp":1,"sound_template":"021111","advance_limit":1,"day_limit":0,"person_day_limit":0,"inputed_as_number":0,"advance_limit_period":0,"advance_time_period":60,"enable":1,"result_required":false,"input_required":false,"inputed_as_ext":false,"input_caption":"","pre_info_html":"","pre_info_print_text":"","ticket_text":"","tablo_text":"","but_x":100,"but_y":100,"but_b":100,"but_h":100,"countPerDay":0,"day":0,"description":"Проводная связь (PSTN, SIP)","service_prefix":"A","name":"Проводная связь (PSTN, SIP)","buttonText":"\u003chtml\u003e\u003cb\u003e\u003cp align\u003dcenter\u003e\u003cspan style\u003d\u0027font-size:35.0pt;color:#3b6bb3\u0027\u003eПроводная связь\u003c/span\u003e\u003c/b\u003e","parentId":1503473630489,"langs":[],"inner_services":[]},{"id":1503474073514,"status":1,"point":0,"duration":10,"exp":1,"sound_template":"021111","advance_limit":1,"day_limit":0,"person_day_limit":0,"inputed_as_number":0,"advance_limit_period":0,"advance_time_period":60,"enable":1,"result_required":false,"input_required":false,"inputed_as_ext":false,"input_caption":"","pre_info_html":"","pre_info_print_text":"","ticket_text":"","tablo_text":"","but_x":100,"but_y":100,"but_b":100,"but_h":100,"countPerDay":0,"day":0,"description":"Пакетная система оказания услуг (тарифы линейки «Семейный»)","service_prefix":"A","name":"Пакетная система оказания услуг (тарифы линейки «Семейный»)","buttonText":"\u003chtml\u003e\u003cb\u003e\u003cp align\u003dcenter\u003e\u003cspan style\u003d\u0027font-size:35.0pt;color:#3b6bb3\u0027\u003eПакетная система (тарифы линейки «Семейный»)\u003c/span\u003e\u003c/b\u003e","parentId":1503473630489,"langs":[],"inner_services":[]}]},{"id":1503473644919,"status":1,"point":0,"duration":10,"exp":1,"sound_template":"021111","advance_limit":1,"day_limit":0,"person_day_limit":0,"inputed_as_number":0,"advance_limit_period":0,"advance_time_period":60,"enable":1,"result_required":false,"input_required":false,"inputed_as_ext":false,"input_caption":"","pre_info_html":"","pre_info_print_text":"","ticket_text":"","tablo_text":"","but_x":200,"but_y":20,"but_b":1000,"but_h":250,"countPerDay":0,"day":0,"description":"Приобрести оборудование ","service_prefix":"A","name":"Приобрести оборудование ","buttonText":"\u003chtml\u003e\u003cb\u003e\u003cp align\u003dcenter\u003e\u003cspan style\u003d\u0027font-size:35.0pt;color:#3b6bb3\u0027\u003eПриобрести оборудование \u003c/span\u003e\u003c/b\u003e","parentId":1503466462316,"langs":[],"inner_services":[]},{"id":1503473665027,"status":1,"point":0,"duration":10,"exp":1,"sound_template":"021111","advance_limit":1,"day_limit":0,"person_day_limit":0,"inputed_as_number":0,"advance_limit_period":0,"advance_time_period":60,"enable":1,"result_required":false,"input_required":false,"inputed_as_ext":false,"input_caption":"","pre_info_html":"","pre_info_print_text":"","ticket_text":"","tablo_text":"","but_x":200,"but_y":20,"but_b":1000,"but_h":250,"countPerDay":3,"day":241,"description":"Подключить оборудование после тестирования ","service_prefix":"A","name":"Подключить оборудование после тестирования ","buttonText":"\u003chtml\u003e\u003cb\u003e\u003cp align\u003dcenter\u003e\u003cspan style\u003d\u0027font-size:35.0pt;color:#3b6bb3\u0027\u003eПодключить оборудование после тестирования \u003c/span\u003e\u003c/b\u003e","parentId":1503466462316,"langs":[],"inner_services":[]},{"id":1503473675604,"status":1,"point":0,"duration":5,"exp":1,"sound_template":"021111","advance_limit":1,"day_limit":0,"person_day_limit":0,"inputed_as_number":0,"advance_limit_period":0,"advance_time_period":60,"enable":1,"result_required":false,"input_required":false,"inputed_as_ext":false,"input_caption":"","pre_info_html":"","pre_info_print_text":"","ticket_text":"","tablo_text":"","but_x":200,"but_y":20,"but_b":1000,"but_h":250,"countPerDay":0,"day":0,"description":"Оформить обращение по качеству обслуживания ","service_prefix":"A","name":"Оформить обращение по качеству обслуживания ","buttonText":"\u003chtml\u003e\u003cb\u003e\u003cp align\u003dcenter\u003e\u003cspan style\u003d\u0027font-size:35.0pt;color:#3b6bb3\u0027\u003eОформить обращение по качеству обслуживания  \u003c/span\u003e\u003c/b\u003e","parentId":1503466462316,"langs":[],"inner_services":[]}]},{"id":1503466512673,"status":1,"point":0,"duration":1,"exp":2,"sound_template":"021111","advance_limit":1,"day_limit":0,"person_day_limit":0,"inputed_as_number":0,"advance_limit_period":0,"advance_time_period":60,"enable":1,"result_required":false,"input_required":false,"inputed_as_ext":false,"input_caption":"","pre_info_html":"","pre_info_print_text":"","ticket_text":"","tablo_text":"","but_x":1050,"but_y":20,"but_b":600,"but_h":250,"countPerDay":0,"day":0,"description":"Обслуживание в Сервисном Центре","service_prefix":"C","name":"Обслуживание в Сервисном Центре","buttonText":"\u003chtml\u003e\u003cb\u003e\u003cp align\u003dcenter\u003e\u003cspan style\u003d\u0027font-size:40.0pt;color:#3b6bb3\u0027\u003eСервисный центр\u003c/span\u003e\u003c/b\u003e","parentId":1,"langs":[],"inner_services":[{"id":1503473813742,"status":1,"point":0,"duration":1,"exp":0,"sound_template":"021111","advance_limit":1,"day_limit":0,"person_day_limit":0,"inputed_as_number":0,"advance_limit_period":0,"advance_time_period":60,"enable":1,"result_required":false,"input_required":false,"inputed_as_ext":false,"input_caption":"","pre_info_html":"","pre_info_print_text":"","ticket_text":"","tablo_text":"","but_x":100,"but_y":100,"but_b":100,"but_h":100,"countPerDay":0,"day":0,"description":"Сдать оборудование в ремонт (на тестирование) ","service_prefix":"C","name":"Сдать оборудование в ремонт (на тестирование) ","buttonText":"\u003chtml\u003e\u003cb\u003e\u003cp align\u003dcenter\u003e\u003cspan style\u003d\u0027font-size:35.0pt;color:#3b6bb3\u0027\u003eСдать оборудование в ремонт (на тестирование) \u003c/span\u003e\u003c/b\u003e","parentId":1503466512673,"langs":[],"inner_services":[]},{"id":1503473823648,"status":1,"point":0,"duration":1,"exp":0,"sound_template":"021111","advance_limit":1,"day_limit":0,"person_day_limit":0,"inputed_as_number":0,"advance_limit_period":0,"advance_time_period":60,"enable":1,"result_required":false,"input_required":false,"inputed_as_ext":false,"input_caption":"","pre_info_html":"","pre_info_print_text":"","ticket_text":"","tablo_text":"","but_x":100,"but_y":100,"but_b":100,"but_h":100,"countPerDay":0,"day":0,"description":"Получить оборудование из ремонта ","service_prefix":"C","name":"Получить оборудование из ремонта ","buttonText":"\u003chtml\u003e\u003cb\u003e\u003cp align\u003dcenter\u003e\u003cspan style\u003d\u0027font-size:35.0pt;color:#3b6bb3\u0027\u003eПолучить оборудование из ремонта \u003c/span\u003e\u003c/b\u003e","parentId":1503466512673,"langs":[],"inner_services":[]},{"id":1503473832914,"status":1,"point":0,"duration":1,"exp":0,"sound_template":"021111","advance_limit":1,"day_limit":0,"person_day_limit":0,"inputed_as_number":0,"advance_limit_period":0,"advance_time_period":60,"enable":1,"result_required":false,"input_required":false,"inputed_as_ext":false,"input_caption":"","pre_info_html":"","pre_info_print_text":"","ticket_text":"","tablo_text":"","but_x":100,"but_y":100,"but_b":100,"but_h":100,"countPerDay":1,"day":241,"description":"Получить консультацию  специалиста ","service_prefix":"C","name":"Получить консультацию  специалиста ","buttonText":"\u003chtml\u003e\u003cb\u003e\u003cp align\u003dcenter\u003e\u003cspan style\u003d\u0027font-size:35.0pt;color:#3b6bb3\u0027\u003eПолучить консультацию  специалиста \u003c/span\u003e\u003c/b\u003e","parentId":1503466512673,"langs":[],"inner_services":[]},{"id":1503473840808,"status":1,"point":0,"duration":1,"exp":0,"sound_template":"021111","advance_limit":1,"day_limit":0,"person_day_limit":0,"inputed_as_number":0,"advance_limit_period":0,"advance_time_period":60,"enable":1,"result_required":false,"input_required":false,"inputed_as_ext":false,"input_caption":"","pre_info_html":"","pre_info_print_text":"","ticket_text":"","tablo_text":"","but_x":100,"but_y":100,"but_b":100,"but_h":100,"countPerDay":0,"day":0,"description":"Обращения по качеству обслуживания","service_prefix":"C","name":"Обращения по качеству обслуживания","buttonText":"\u003chtml\u003e\u003cb\u003e\u003cp align\u003dcenter\u003e\u003cspan style\u003d\u0027font-size:35.0pt;color:#3b6bb3\u0027\u003eОбращения по качеству обслуживания\u003c/span\u003e\u003c/b\u003e","parentId":1503466512673,"langs":[],"inner_services":[]}]}]},"start_time":"01.01.1970 07:55:00","finish_time":"01.01.1970 20:05:00","btn_free_dsn":false},"jsonrpc":"2.0","id":"1504017205781"}
 at {ru.apertum.qsystem.common.NetCommander.sendRpc(NetCommander.java:159)}
2017-08-29 17:33:29,742 [DEBUG] Загрузим параметры из файла "config\welcome.property" at {ru.apertum.qsystem.client.common.WelcomeParams.loadSettings(WelcomeParams.java:218)}
2017-08-29 17:33:29,751 [ INFO] Создаем окно приглашения. at {ru.apertum.qsystem.client.forms.FWelcome.init(FWelcome.java:737)}
2017-08-29 17:33:30,746 [ INFO] Показываем набор кнопок уровня: СЗАО "ИНТЕРДНЕСТРКОМ" ID=1 at {ru.apertum.qsystem.client.forms.FWelcome.showButtons(FWelcome.java:949)}
2017-08-29 17:33:30,750 [DEBUG] FIle not found 1417718379463 = E:/spring.jpg at {ru.apertum.qsystem.client.common.WelcomeBGparams.<init>(WelcomeBGparams.java:50)}
2017-08-29 17:33:30,752 [DEBUG] FIle not found 1417718393092 = E:/spring2.jpg at {ru.apertum.qsystem.client.common.WelcomeBGparams.<init>(WelcomeBGparams.java:50)}
2017-08-29 17:33:30,754 [DEBUG] FIle not found 1417872096348 = E:\temp\qsys_pic\fon_welcome.jpg at {ru.apertum.qsystem.client.common.WelcomeBGparams.<init>(WelcomeBGparams.java:50)}
2017-08-29 17:33:30,759 [TRACE] Create button for "Обслуживание в абонентском зале" ID=1503466462316 states: Visible Active ForAll Real at {ru.apertum.qsystem.client.model.QButton.init(QButton.java:189)}
2017-08-29 17:33:30,774 [TRACE] Create button for "Обслуживание в Сервисном Центре" ID=1503466512673 states: Visible Active ForAll Real at {ru.apertum.qsystem.client.model.QButton.init(QButton.java:189)}
2017-08-29 17:33:30,793 [ INFO] Сервер управления пунктом регистрации запущен. at {ru.apertum.qsystem.client.forms.FWelcome$CommandServer.run(FWelcome.java:226)}
2017-10-10 09:16:13,457 [ INFO] Properties are ready. at {ru.apertum.qsystem.common.QConfig.prepareCLI(QConfig.java:305)}
2017-10-10 09:16:13,475 [ INFO] "QSystem 17.1"!  date: 20.05.2017 at {ru.apertum.qsystem.common.QLog.initial(QLog.java:180)}
2017-10-10 09:16:13,475 [ INFO] START LOGER. Logger: welcome.file.info.trace at {ru.apertum.qsystem.common.QLog.initial(QLog.java:181)}
2017-10-10 09:16:13,476 [ INFO] Mode: KEY_DEBUG at {ru.apertum.qsystem.common.QLog.initial(QLog.java:186)}
2017-10-10 09:16:13,477 [ INFO] Plugins: YES at {ru.apertum.qsystem.common.QLog.initial(QLog.java:187)}
2017-10-10 09:16:13,529 [ INFO] Загрузка плагинов из папки plugins. at {ru.apertum.qsystem.common.Uses.loadPlugins(Uses.java:788)}
2017-10-10 09:16:13,531 [DEBUG] Плагин Journal.jar at {ru.apertum.qsystem.common.Uses.loadPlugins(Uses.java:795)}
2017-10-10 09:16:13,532 [DEBUG] Плагин Microsound.jar at {ru.apertum.qsystem.common.Uses.loadPlugins(Uses.java:795)}
2017-10-10 09:16:13,533 [DEBUG] Плагин ZoneboardPlugin.jar at {ru.apertum.qsystem.common.Uses.loadPlugins(Uses.java:795)}
2017-10-10 09:16:13,536 [ INFO] Languages are loading... at {ru.apertum.qsystem.client.Locales.<init>(Locales.java:79)}
2017-10-10 09:16:13,548 [DEBUG]    Langusge: Az?rbaycan az_AZ at {ru.apertum.qsystem.client.Locales.<init>(Locales.java:119)}
2017-10-10 09:16:13,551 [DEBUG]    Langusge: English en_US at {ru.apertum.qsystem.client.Locales.<init>(Locales.java:119)}
2017-10-10 09:16:13,553 [DEBUG]    Langusge: Espanol es_ES at {ru.apertum.qsystem.client.Locales.<init>(Locales.java:119)}
2017-10-10 09:16:13,555 [DEBUG]    Langusge: Fran?ais fr_FR at {ru.apertum.qsystem.client.Locales.<init>(Locales.java:119)}
2017-10-10 09:16:13,556 [DEBUG]    Langusge: Italiano it_IT at {ru.apertum.qsystem.client.Locales.<init>(Locales.java:119)}
2017-10-10 09:16:13,558 [DEBUG]    Langusge: Portugu?s pt_PT at {ru.apertum.qsystem.client.Locales.<init>(Locales.java:119)}
2017-10-10 09:16:13,559 [DEBUG]    Langusge: Roman ro_RO at {ru.apertum.qsystem.client.Locales.<init>(Locales.java:119)}
2017-10-10 09:16:13,561 [DEBUG]    Langusge: Русский ru_RU at {ru.apertum.qsystem.client.Locales.<init>(Locales.java:119)}
2017-10-10 09:16:13,562 [DEBUG]    Langusge: Українська uk_UA at {ru.apertum.qsystem.client.Locales.<init>(Locales.java:119)}
2017-10-10 09:16:13,594 [ INFO] Получить параметры. at {ru.apertum.qsystem.common.NetCommander.getProperties(NetCommander.java:1617)}
2017-10-10 09:16:13,675 [TRACE] Task "Все параметры из БД" on 10.5.18.10:3128#
{"params":{},"jsonrpc":"2.0","id":"1507616173594","method":"Все параметры из БД"} at {ru.apertum.qsystem.common.NetCommander.sendRpc(NetCommander.java:131)}
2017-10-10 09:16:13,679 [TRACE] Socket was created. at {ru.apertum.qsystem.common.NetCommander.sendRpc(NetCommander.java:139)}
2017-10-10 09:16:13,681 [TRACE] Sending... at {ru.apertum.qsystem.common.NetCommander.sendRpc(NetCommander.java:145)}
2017-10-10 09:16:13,682 [TRACE] Reading... at {ru.apertum.qsystem.common.NetCommander.sendRpc(NetCommander.java:147)}
2017-10-10 09:16:13,781 [TRACE] Response:
{"result":{},"jsonrpc":"2.0","id":"1507616161453"}
 at {ru.apertum.qsystem.common.NetCommander.sendRpc(NetCommander.java:159)}
2017-10-10 09:16:13,806 [ INFO] Получение возможных услуг. at {ru.apertum.qsystem.common.NetCommander.getServiсes(NetCommander.java:294)}
2017-10-10 09:16:13,807 [TRACE] Task "Получить перечень услуг" on 10.5.18.10:3128#
{"jsonrpc":"2.0","id":"1507616173594","method":"Получить перечень услуг"} at {ru.apertum.qsystem.common.NetCommander.sendRpc(NetCommander.java:131)}
2017-10-10 09:16:13,810 [TRACE] Socket was created. at {ru.apertum.qsystem.common.NetCommander.sendRpc(NetCommander.java:139)}
2017-10-10 09:16:13,810 [TRACE] Sending... at {ru.apertum.qsystem.common.NetCommander.sendRpc(NetCommander.java:145)}
2017-10-10 09:16:13,811 [TRACE] Reading... at {ru.apertum.qsystem.common.NetCommander.sendRpc(NetCommander.java:147)}
2017-10-10 09:16:13,969 [TRACE] Response:
{"result":{"root":{"id":1,"status":1,"point":0,"duration":1,"exp":0,"sound_template":"120050","advance_limit":1,"day_limit":0,"person_day_limit":0,"inputed_as_number":0,"advance_limit_period":14,"advance_time_period":60,"enable":1,"result_required":false,"input_required":false,"inputed_as_ext":false,"input_caption":"","pre_info_html":"","pre_info_print_text":"","ticket_text":"","tablo_text":"","but_x":100,"but_y":100,"but_b":200,"but_h":100,"countPerDay":0,"day":0,"description":"Предоставляемые услуги","service_prefix":"-","name":"СЗАО \"ИНТЕРДНЕСТРКОМ\"","buttonText":"\u003chtml\u003e\u003cp align\u003dcenter\u003e\u003cspan style\u003d\u0027font-size:55.0;color:#DC143C\u0027\u003eСистема управления очередью\u003c/span\u003e\u003cbr\u003e\u003cspan style\u003d\u0027font-size:45.0;color:#DC143C\u0027\u003e\u003ci\u003eвыберите требуемую услугу\u003c/i\u003e","langs":[],"inner_services":[{"id":1503466462316,"status":1,"point":0,"duration":1,"exp":2,"sound_template":"021111","advance_limit":1,"day_limit":0,"person_day_limit":0,"inputed_as_number":0,"advance_limit_period":0,"advance_time_period":60,"enable":1,"result_required":false,"input_required":false,"inputed_as_ext":false,"input_caption":"","pre_info_html":"","pre_info_print_text":"","ticket_text":"","tablo_text":"","but_x":200,"but_y":20,"but_b":600,"but_h":250,"countPerDay":0,"day":0,"description":"Обслуживание абонентов","service_prefix":"","name":"Обслуживание абонентов","buttonText":"\u003chtml\u003e\u003cb\u003e\u003cp align\u003dcenter\u003e\u003cspan style\u003d\u0027font-size:40.0pt;color:#3b6bb3\u0027\u003eОбслуживание абонентов \u003c/span\u003e\u003c/b\u003e\n","parentId":1,"langs":[],"inner_services":[{"id":1503473614966,"status":1,"point":0,"duration":1,"exp":0,"sound_template":"021111","advance_limit":1,"day_limit":0,"person_day_limit":0,"inputed_as_number":0,"advance_limit_period":0,"advance_time_period":60,"enable":1,"result_required":false,"input_required":false,"inputed_as_ext":false,"input_caption":"","pre_info_html":"","pre_info_print_text":"","ticket_text":"","tablo_text":"","but_x":200,"but_y":20,"but_b":1000,"but_h":150,"countPerDay":0,"day":0,"description":"Оформить услуги","service_prefix":"","name":"Оформить услуги","buttonText":"\u003chtml\u003e\u003cb\u003e\u003cp align\u003dcenter\u003e\u003cspan style\u003d\u0027font-size:35.0pt;color:#3b6bb3\u0027\u003eОформить услуги\u003c/span\u003e\u003c/b\u003e","parentId":1503466462316,"langs":[],"inner_services":[{"id":1503473703621,"status":1,"point":0,"duration":8,"exp":1,"sound_template":"021111","advance_limit":1,"day_limit":0,"person_day_limit":0,"inputed_as_number":0,"advance_limit_period":0,"advance_time_period":60,"enable":1,"result_required":false,"input_required":false,"inputed_as_ext":false,"input_caption":"","pre_info_html":"","pre_info_print_text":"","ticket_text":"","tablo_text":"","but_x":100,"but_y":100,"but_b":100,"but_h":100,"countPerDay":3,"day":283,"description":"Сотовая связь (CDMA)","service_prefix":"","name":"Оформление. Сотовая связь (CDMA) ","buttonText":"\u003chtml\u003e\u003cb\u003e\u003cp align\u003dcenter\u003e\u003cspan style\u003d\u0027font-size:35.0pt;color:#3b6bb3\u0027\u003eСотовая связь\u003c/span\u003e\u003c/b\u003e","parentId":1503473614966,"langs":[],"inner_services":[]},{"id":1503473712139,"status":1,"point":0,"duration":10,"exp":1,"sound_template":"021111","advance_limit":1,"day_limit":0,"person_day_limit":0,"inputed_as_number":0,"advance_limit_period":0,"advance_time_period":30,"enable":1,"result_required":false,"input_required":false,"inputed_as_ext":false,"input_caption":"","pre_info_html":"","pre_info_print_text":"","ticket_text":"","tablo_text":"","but_x":100,"but_y":100,"but_b":100,"but_h":100,"countPerDay":1,"day":283,"description":"Интернет (ADSL, FTTx, EVDO, LTE)","service_prefix":"","name":"Оформление.Интернет (ADSL, FTTx, EVDO, LTE) ","buttonText":"\u003chtml\u003e\u003cb\u003e\u003cp align\u003dcenter\u003e\u003cspan style\u003d\u0027font-size:35.0pt;color:#3b6bb3\u0027\u003eИнтернет\u003c/span\u003e\u003c/b\u003e","parentId":1503473614966,"langs":[],"inner_services":[]},{"id":1503473718894,"status":1,"point":0,"duration":9,"exp":1,"sound_template":"021111","advance_limit":1,"day_limit":0,"person_day_limit":0,"inputed_as_number":0,"advance_limit_period":0,"advance_time_period":60,"enable":1,"result_required":false,"input_required":false,"inputed_as_ext":false,"input_caption":"","pre_info_html":"","pre_info_print_text":"","ticket_text":"","tablo_text":"","but_x":100,"but_y":100,"but_b":100,"but_h":100,"countPerDay":1,"day":283,"description":"Телевидение (DVB-C, DVB-T2, IPTV)","service_prefix":"","name":"Оформление.Телевидение (DVB-C, DVB-T2, IPTV) ","buttonText":"\u003chtml\u003e\u003cb\u003e\u003cp align\u003dcenter\u003e\u003cspan style\u003d\u0027font-size:35.0pt;color:#3b6bb3\u0027\u003eТелевидение\u003c/span\u003e\u003c/b\u003e","parentId":1503473614966,"langs":[],"inner_services":[]},{"id":1503473726585,"status":1,"point":0,"duration":9,"exp":1,"sound_template":"021111","advance_limit":1,"day_limit":0,"person_day_limit":0,"inputed_as_number":0,"advance_limit_period":0,"advance_time_period":60,"enable":1,"result_required":false,"input_required":false,"inputed_as_ext":false,"input_caption":"","pre_info_html":"","pre_info_print_text":"","ticket_text":"","tablo_text":"","but_x":100,"but_y":100,"but_b":100,"but_h":100,"countPerDay":2,"day":283,"description":"Проводная связь (PSTN, SIP)","service_prefix":"","name":"Оформление.Проводная связь (PSTN, SIP) ","buttonText":"\u003chtml\u003e\u003cb\u003e\u003cp align\u003dcenter\u003e\u003cspan style\u003d\u0027font-size:35.0pt;color:#3b6bb3\u0027\u003eПроводная связь\u003c/span\u003e\u003c/b\u003e","parentId":1503473614966,"langs":[],"inner_services":[]},{"id":1503473733043,"status":1,"point":0,"duration":30,"exp":1,"sound_template":"021111","advance_limit":1,"day_limit":0,"person_day_limit":0,"inputed_as_number":0,"advance_limit_period":0,"advance_time_period":60,"enable":1,"result_required":false,"input_required":false,"inputed_as_ext":false,"input_caption":"","pre_info_html":"","pre_info_print_text":"","ticket_text":"","tablo_text":"","but_x":100,"but_y":100,"but_b":100,"but_h":100,"countPerDay":0,"day":0,"description":"Пакетная система оказания услуг (тариф «Семейный»)","service_prefix":"","name":"Пакетная система оказания услуг (тариф «Семейный»)","buttonText":"\u003chtml\u003e\u003cb\u003e\u003cp align\u003dcenter\u003e\u003cspan style\u003d\u0027font-size:35.0pt;color:#3b6bb3\u0027\u003eПакетная система оказания услуг (тариф «Семейный»)\u003c/span\u003e\u003c/b\u003e","parentId":1503473614966,"langs":[],"inner_services":[]}]},{"id":1503473630489,"status":1,"point":0,"duration":1,"exp":0,"sound_template":"021111","advance_limit":1,"day_limit":0,"person_day_limit":0,"inputed_as_number":0,"advance_limit_period":0,"advance_time_period":60,"enable":1,"result_required":false,"input_required":false,"inputed_as_ext":false,"input_caption":"","pre_info_html":"","pre_info_print_text":"","ticket_text":"","tablo_text":"","but_x":200,"but_y":190,"but_b":1000,"but_h":150,"countPerDay":0,"day":0,"description":"Получить консультацию оператора","service_prefix":"","name":"Получить консультацию оператора","buttonText":"\u003chtml\u003e\u003cb\u003e\u003cp align\u003dcenter\u003e\u003cspan style\u003d\u0027font-size:35.0pt;color:#3b6bb3\u0027\u003eПолучить консультацию оператора\u003c/span\u003e\u003c/b\u003e","parentId":1503466462316,"langs":[],"inner_services":[{"id":1503473953581,"status":1,"point":0,"duration":3,"exp":1,"sound_template":"021111","advance_limit":1,"day_limit":0,"person_day_limit":0,"inputed_as_number":0,"advance_limit_period":0,"advance_time_period":60,"enable":1,"result_required":false,"input_required":false,"inputed_as_ext":false,"input_caption":"","pre_info_html":"","pre_info_print_text":"","ticket_text":"","tablo_text":"","but_x":100,"but_y":100,"but_b":100,"but_h":100,"countPerDay":4,"day":283,"description":"Сотовая связь (CDMA)","service_prefix":"","name":"Консультация. Сотовая связь (CDMA)","buttonText":"\u003chtml\u003e\u003cb\u003e\u003cp align\u003dcenter\u003e\u003cspan style\u003d\u0027font-size:35.0pt;color:#3b6bb3\u0027\u003eСотовая связь\u003c/span\u003e\u003c/b\u003e","parentId":1503473630489,"langs":[],"inner_services":[]},{"id":1503905807197,"status":1,"point":0,"duration":5,"exp":1,"sound_template":"021111","advance_limit":1,"day_limit":0,"person_day_limit":0,"inputed_as_number":0,"advance_limit_period":0,"advance_time_period":60,"enable":1,"result_required":false,"input_required":false,"inputed_as_ext":false,"input_caption":"","pre_info_html":"","pre_info_print_text":"","ticket_text":"","tablo_text":"","but_x":100,"but_y":100,"but_b":100,"but_h":100,"countPerDay":17,"day":282,"description":"Интернет (ADSL, FTTx, EVDO, LTE)","service_prefix":"","name":"Консультация. Интернет (ADSL, FTTx, EVDO, LTE)","buttonText":"\u003chtml\u003e\u003cb\u003e\u003cp align\u003dcenter\u003e\u003cspan style\u003d\u0027font-size:35.0pt;color:#3b6bb3\u0027\u003eИнтернет\u003c/span\u003e\u003c/b\u003e","parentId":1503473630489,"langs":[],"inner_services":[]},{"id":1503474058101,"status":1,"point":0,"duration":5,"exp":1,"sound_template":"021111","advance_limit":1,"day_limit":0,"person_day_limit":0,"inputed_as_number":0,"advance_limit_period":0,"advance_time_period":60,"enable":1,"result_required":false,"input_required":false,"inputed_as_ext":false,"input_caption":"","pre_info_html":"","pre_info_print_text":"","ticket_text":"","tablo_text":"","but_x":100,"but_y":100,"but_b":100,"but_h":100,"countPerDay":3,"day":283,"description":"Телевидение (DVB-C, DVB-T2, IPTV)","service_prefix":"","name":"Консультация. Телевидение (DVB-C, DVB-T2, IPTV)","buttonText":"\u003chtml\u003e\u003cb\u003e\u003cp align\u003dcenter\u003e\u003cspan style\u003d\u0027font-size:35.0pt;color:#3b6bb3\u0027\u003eТелевидение\u003c/span\u003e\u003c/b\u003e","parentId":1503473630489,"langs":[],"inner_services":[]},{"id":1503474066135,"status":1,"point":0,"duration":4,"exp":1,"sound_template":"021111","advance_limit":1,"day_limit":0,"person_day_limit":0,"inputed_as_number":0,"advance_limit_period":0,"advance_time_period":60,"enable":1,"result_required":false,"input_required":false,"inputed_as_ext":false,"input_caption":"","pre_info_html":"","pre_info_print_text":"","ticket_text":"","tablo_text":"","but_x":100,"but_y":100,"but_b":100,"but_h":100,"countPerDay":9,"day":282,"description":"Проводная связь (PSTN, SIP)","service_prefix":"","name":"Консультация. Проводная связь (PSTN, SIP)","buttonText":"\u003chtml\u003e\u003cb\u003e\u003cp align\u003dcenter\u003e\u003cspan style\u003d\u0027font-size:35.0pt;color:#3b6bb3\u0027\u003eПроводная связь\u003c/span\u003e\u003c/b\u003e","parentId":1503473630489,"langs":[],"inner_services":[]},{"id":1503474073514,"status":1,"point":0,"duration":10,"exp":1,"sound_template":"021111","advance_limit":1,"day_limit":0,"person_day_limit":0,"inputed_as_number":0,"advance_limit_period":0,"advance_time_period":60,"enable":1,"result_required":false,"input_required":false,"inputed_as_ext":false,"input_caption":"","pre_info_html":"","pre_info_print_text":"","ticket_text":"","tablo_text":"","but_x":100,"but_y":100,"but_b":100,"but_h":100,"countPerDay":1,"day":282,"description":"Пакетная система оказания услуг (тариф «Семейный»)","service_prefix":"","name":"Пакетная система оказания услуг (тариф «Семейный») ","buttonText":"\u003chtml\u003e\u003cb\u003e\u003cp align\u003dcenter\u003e\u003cspan style\u003d\u0027font-size:35.0pt;color:#3b6bb3\u0027\u003eПакетная система оказания услуг (тариф «Семейный»)\u003c/span\u003e\u003c/b\u003e","parentId":1503473630489,"langs":[],"inner_services":[]}]},{"id":1503473644919,"status":1,"point":0,"duration":10,"exp":1,"sound_template":"021111","advance_limit":1,"day_limit":0,"person_day_limit":0,"inputed_as_number":0,"advance_limit_period":0,"advance_time_period":60,"enable":1,"result_required":false,"input_required":false,"inputed_as_ext":false,"input_caption":"","pre_info_html":"","pre_info_print_text":"","ticket_text":"","tablo_text":"","but_x":200,"but_y":20,"but_b":1000,"but_h":250,"countPerDay":5,"day":283,"description":"Приобрести оборудование ","service_prefix":"","name":"Приобрести оборудование","buttonText":"\u003chtml\u003e\u003cb\u003e\u003cp align\u003dcenter\u003e\u003cspan style\u003d\u0027font-size:35.0pt;color:#3b6bb3\u0027\u003eПриобрести оборудование\u003c/span\u003e\u003c/b\u003e","parentId":1503466462316,"langs":[],"inner_services":[]},{"id":1503473665027,"status":1,"point":0,"duration":10,"exp":1,"sound_template":"021111","advance_limit":1,"day_limit":0,"person_day_limit":0,"inputed_as_number":0,"advance_limit_period":0,"advance_time_period":60,"enable":1,"result_required":false,"input_required":false,"inputed_as_ext":false,"input_caption":"","pre_info_html":"","pre_info_print_text":"","ticket_text":"","tablo_text":"","but_x":200,"but_y":20,"but_b":1000,"but_h":250,"countPerDay":2,"day":283,"description":"Подключить оборудование","service_prefix":"","name":"Подключить оборудование","buttonText":"\u003chtml\u003e\u003cb\u003e\u003cp align\u003dcenter\u003e\u003cspan style\u003d\u0027font-size:35.0pt;color:#3b6bb3\u0027\u003eПодключить оборудование\u003c/span\u003e\u003c/b\u003e","parentId":1503466462316,"langs":[],"inner_services":[]},{"id":1503473675604,"status":-1,"point":0,"duration":5,"exp":1,"sound_template":"021111","advance_limit":1,"day_limit":0,"person_day_limit":0,"inputed_as_number":0,"advance_limit_period":0,"advance_time_period":60,"enable":1,"result_required":false,"input_required":false,"inputed_as_ext":false,"input_caption":"","pre_info_html":"","pre_info_print_text":"","ticket_text":"","tablo_text":"","but_x":200,"but_y":20,"but_b":1000,"but_h":250,"countPerDay":0,"day":0,"description":"Оформить обращение по качеству обслуживания ","service_prefix":"","name":"Оформить обращение по качеству обслуживания ","buttonText":"\u003chtml\u003e\u003cb\u003e\u003cp align\u003dcenter\u003e\u003cspan style\u003d\u0027font-size:35.0pt;color:#3b6bb3\u0027\u003eОформить обращение по качеству обслуживания  \u003c/span\u003e\u003c/b\u003e","parentId":1503466462316,"langs":[],"inner_services":[]},{"id":1504596443493,"status":1,"point":0,"duration":7,"exp":0,"sound_template":"021111","advance_limit":1,"day_limit":0,"person_day_limit":0,"inputed_as_number":0,"advance_limit_period":0,"advance_time_period":60,"enable":1,"result_required":false,"input_required":false,"inputed_as_ext":false,"input_caption":"","pre_info_html":"","pre_info_print_text":"","ticket_text":"","tablo_text":"","but_x":100,"but_y":100,"but_b":100,"but_h":100,"countPerDay":1,"day":282,"description":"Оформить телеграмму","service_prefix":"","name":"Оформить телеграмму","buttonText":"\u003chtml\u003e\u003cb\u003e\u003cp align\u003dcenter\u003e\u003cspan style\u003d\u0027font-size:35.0pt;color:#3b6bb3\u0027\u003eОформить телеграмму \u003c/span\u003e\u003c/b\u003e","parentId":1503466462316,"langs":[],"inner_services":[]}]},{"id":1503466512673,"status":1,"point":0,"duration":1,"exp":2,"sound_template":"021111","advance_limit":1,"day_limit":0,"person_day_limit":0,"inputed_as_number":0,"advance_limit_period":0,"advance_time_period":60,"enable":1,"result_required":false,"input_required":false,"inputed_as_ext":false,"input_caption":"","pre_info_html":"","pre_info_print_text":"","ticket_text":"","tablo_text":"","but_x":1050,"but_y":20,"but_b":600,"but_h":250,"countPerDay":0,"day":0,"description":"Обслуживание в Сервисном Центре","service_prefix":"","name":"Обслуживание в Сервисном Центре","buttonText":"\u003chtml\u003e\u003cb\u003e\u003cp align\u003dcenter\u003e\u003cspan style\u003d\u0027font-size:40.0pt;color:#3b6bb3\u0027\u003eСервисный центр\u003c/span\u003e\u003c/b\u003e","parentId":1,"langs":[],"inner_services":[{"id":1503473813742,"status":1,"point":0,"duration":1,"exp":0,"sound_template":"021111","advance_limit":1,"day_limit":0,"person_day_limit":0,"inputed_as_number":0,"advance_limit_period":0,"advance_time_period":60,"enable":1,"result_required":false,"input_required":false,"inputed_as_ext":false,"input_caption":"","pre_info_html":"","pre_info_print_text":"","ticket_text":"","tablo_text":"","but_x":100,"but_y":100,"but_b":100,"but_h":100,"countPerDay":15,"day":283,"description":"Сдать оборудование в ремонт или на тестирование ","service_prefix":"","name":"Сдать оборудование в ремонт (на тестирование) ","buttonText":"\u003chtml\u003e\u003cb\u003e\u003cp align\u003dcenter\u003e\u003cspan style\u003d\u0027font-size:35.0pt;color:#3b6bb3\u0027\u003eСдать оборудование в ремонт или на тестирование \u003c/span\u003e\u003c/b\u003e","parentId":1503466512673,"langs":[],"inner_services":[]},{"id":1503473823648,"status":1,"point":0,"duration":1,"exp":0,"sound_template":"021111","advance_limit":1,"day_limit":0,"person_day_limit":0,"inputed_as_number":0,"advance_limit_period":0,"advance_time_period":60,"enable":1,"result_required":false,"input_required":false,"inputed_as_ext":false,"input_caption":"","pre_info_html":"","pre_info_print_text":"","ticket_text":"","tablo_text":"","but_x":100,"but_y":100,"but_b":100,"but_h":100,"countPerDay":3,"day":283,"description":"Получить оборудование из ремонта ","service_prefix":"","name":"Получить оборудование из ремонта ","buttonText":"\u003chtml\u003e\u003cb\u003e\u003cp align\u003dcenter\u003e\u003cspan style\u003d\u0027font-size:35.0pt;color:#3b6bb3\u0027\u003eПолучить оборудование из ремонта \u003c/span\u003e\u003c/b\u003e","parentId":1503466512673,"langs":[],"inner_services":[]},{"id":1504251745380,"status":-1,"point":0,"duration":10,"exp":0,"sound_template":"021111","advance_limit":1,"day_limit":0,"person_day_limit":0,"inputed_as_number":0,"advance_limit_period":0,"advance_time_period":60,"enable":1,"result_required":false,"input_required":false,"inputed_as_ext":false,"input_caption":"","pre_info_html":"","pre_info_print_text":"","ticket_text":"","tablo_text":"","but_x":100,"but_y":100,"but_b":100,"but_h":100,"countPerDay":0,"day":0,"description":"Подключить оборудование после тестирования СЦ","service_prefix":"","name":"Подключить оборудование после тестирования СЦ","buttonText":"\u003chtml\u003e\u003cb\u003e\u003cp align\u003dcenter\u003e\u003cspan style\u003d\u0027font-size:35.0pt;color:#3b6bb3\u0027\u003eПодключить оборудование после тестирования СЦ\u003c/span\u003e\u003c/b\u003e","parentId":1503466512673,"langs":[],"inner_services":[]},{"id":1503473832914,"status":1,"point":0,"duration":1,"exp":0,"sound_template":"021111","advance_limit":1,"day_limit":0,"person_day_limit":0,"inputed_as_number":0,"advance_limit_period":0,"advance_time_period":60,"enable":1,"result_required":false,"input_required":false,"inputed_as_ext":false,"input_caption":"","pre_info_html":"","pre_info_print_text":"","ticket_text":"","tablo_text":"","but_x":100,"but_y":100,"but_b":100,"but_h":100,"countPerDay":2,"day":283,"description":"Получить консультацию  специалиста ","service_prefix":"","name":"Получить консультацию  специалиста ","buttonText":"\u003chtml\u003e\u003cb\u003e\u003cp align\u003dcenter\u003e\u003cspan style\u003d\u0027font-size:35.0pt;color:#3b6bb3\u0027\u003eПолучить консультацию  специалиста \u003c/span\u003e\u003c/b\u003e","parentId":1503466512673,"langs":[],"inner_services":[]},{"id":1503473840808,"status":1,"point":0,"duration":1,"exp":0,"sound_template":"021111","advance_limit":1,"day_limit":0,"person_day_limit":0,"inputed_as_number":0,"advance_limit_period":0,"advance_time_period":60,"enable":1,"result_required":false,"input_required":false,"inputed_as_ext":false,"input_caption":"","pre_info_html":"","pre_info_print_text":"","ticket_text":"","tablo_text":"","but_x":100,"but_y":100,"but_b":100,"but_h":100,"countPerDay":0,"day":0,"description":"Оформить обращение по качеству обслуживания ","service_prefix":"","name":"Оформить обращение по качеству обслуживания СЦ","buttonText":"\u003chtml\u003e\u003cb\u003e\u003cp align\u003dcenter\u003e\u003cspan style\u003d\u0027font-size:35.0pt;color:#3b6bb3\u0027\u003eОформить обращение по качеству обслуживания \u003c/span\u003e\u003c/b\u003e","parentId":1503466512673,"langs":[],"inner_services":[]}]}]},"start_time":"01.01.1970 07:50:00","finish_time":"01.01.1970 20:00:00","btn_free_dsn":false},"jsonrpc":"2.0","id":"1507616161593"}
 at {ru.apertum.qsystem.common.NetCommander.sendRpc(NetCommander.java:159)}
2017-10-10 09:16:14,087 [DEBUG] Загрузим параметры из файла "config\welcome.property" at {ru.apertum.qsystem.client.common.WelcomeParams.loadSettings(WelcomeParams.java:218)}
2017-10-10 09:16:14,105 [ INFO] Создаем окно приглашения. at {ru.apertum.qsystem.client.forms.FWelcome.init(FWelcome.java:737)}
2017-10-10 09:16:15,220 [ INFO] Показываем набор кнопок уровня: СЗАО "ИНТЕРДНЕСТРКОМ" ID=1 at {ru.apertum.qsystem.client.forms.FWelcome.showButtons(FWelcome.java:949)}
2017-10-10 09:16:15,225 [DEBUG] FIle not found 1417718379463 = E:/spring.jpg at {ru.apertum.qsystem.client.common.WelcomeBGparams.<init>(WelcomeBGparams.java:50)}
2017-10-10 09:16:15,227 [DEBUG] FIle not found 1417718393092 = E:/spring2.jpg at {ru.apertum.qsystem.client.common.WelcomeBGparams.<init>(WelcomeBGparams.java:50)}
2017-10-10 09:16:15,229 [DEBUG] FIle not found 1417872096348 = E:\temp\qsys_pic\fon_welcome.jpg at {ru.apertum.qsystem.client.common.WelcomeBGparams.<init>(WelcomeBGparams.java:50)}
2017-10-10 09:16:15,235 [TRACE] Create button for "Обслуживание абонентов" ID=1503466462316 states: Visible Active ForAll Real at {ru.apertum.qsystem.client.model.QButton.init(QButton.java:189)}
2017-10-10 09:16:15,271 [TRACE] Create button for "Обслуживание в Сервисном Центре" ID=1503466512673 states: Visible Active ForAll Real at {ru.apertum.qsystem.client.model.QButton.init(QButton.java:189)}
2017-10-10 09:16:15,300 [ INFO] Сервер управления пунктом регистрации запущен. at {ru.apertum.qsystem.client.forms.FWelcome$CommandServer.run(FWelcome.java:226)}
2017-10-10 09:16:16,811 [ INFO] Pressed button "Обслуживание абонентов" ID=1503466462316 at {ru.apertum.qsystem.client.model.QButton.lambda$init$2(QButton.java:256)}
2017-10-10 09:16:16,813 [ INFO] Показываем набор кнопок уровня: Обслуживание абонентов ID=1503466462316 at {ru.apertum.qsystem.client.forms.FWelcome.showButtons(FWelcome.java:949)}
2017-10-10 09:16:16,818 [TRACE] Create button for "Оформить услуги" ID=1503473614966 states: Visible Active ForAll Real at {ru.apertum.qsystem.client.model.QButton.init(QButton.java:189)}
2017-10-10 09:16:16,841 [TRACE] Create button for "Получить консультацию оператора" ID=1503473630489 states: Visible Active ForAll Real at {ru.apertum.qsystem.client.model.QButton.init(QButton.java:189)}
2017-10-10 09:16:16,848 [TRACE] Create button for "Приобрести оборудование" ID=1503473644919 states: Visible Active ForAll Real at {ru.apertum.qsystem.client.model.QButton.init(QButton.java:189)}
2017-10-10 09:16:16,854 [TRACE] Create button for "Подключить оборудование" ID=1503473665027 states: Visible Active ForAll Real at {ru.apertum.qsystem.client.model.QButton.init(QButton.java:189)}
2017-10-10 09:16:16,857 [TRACE] Create button for "Оформить обращение по качеству обслуживания " ID=1503473675604 states: Hide Pasive ForAll Real at {ru.apertum.qsystem.client.model.QButton.init(QButton.java:189)}
2017-10-10 09:16:16,858 [TRACE] Create button for "Оформить телеграмму" ID=1504596443493 states: Visible Active ForAll Real at {ru.apertum.qsystem.client.model.QButton.init(QButton.java:189)}
2017-10-10 09:16:17,774 [ INFO] Pressed button "Подключить оборудование" ID=1503473665027 at {ru.apertum.qsystem.client.model.QButton.lambda$init$2(QButton.java:256)}
2017-10-10 09:16:17,775 [ INFO] Встать в очередь. at {ru.apertum.qsystem.common.NetCommander.aboutService(NetCommander.java:427)}
2017-10-10 09:16:17,775 [TRACE] Task "Получить описание услуги" on 10.5.18.10:3128#
{"params":{"service_id":1503473665027},"jsonrpc":"2.0","id":"1507616173594","method":"Получить описание услуги"} at {ru.apertum.qsystem.common.NetCommander.sendRpc(NetCommander.java:131)}
2017-10-10 09:16:17,777 [TRACE] Socket was created. at {ru.apertum.qsystem.common.NetCommander.sendRpc(NetCommander.java:139)}
2017-10-10 09:16:17,778 [TRACE] Sending... at {ru.apertum.qsystem.common.NetCommander.sendRpc(NetCommander.java:145)}
2017-10-10 09:16:17,778 [TRACE] Reading... at {ru.apertum.qsystem.common.NetCommander.sendRpc(NetCommander.java:147)}
2017-10-10 09:16:17,786 [TRACE] Response:
{"result":{"code":1,"message":""},"jsonrpc":"2.0","id":"1507616165446"}
 at {ru.apertum.qsystem.common.NetCommander.sendRpc(NetCommander.java:159)}
2017-10-10 09:16:17,827 [ INFO] Встать в очередь. at {ru.apertum.qsystem.common.NetCommander.standInService(NetCommander.java:334)}
2017-10-10 09:16:17,827 [TRACE] Task "Поставить в очередь" on 10.5.18.10:3128#
{"params":{"service_id":1503473665027,"pass":"1","priority":1},"jsonrpc":"2.0","id":"1507616173594","method":"Поставить в очередь"} at {ru.apertum.qsystem.common.NetCommander.sendRpc(NetCommander.java:131)}
2017-10-10 09:16:17,830 [TRACE] Socket was created. at {ru.apertum.qsystem.common.NetCommander.sendRpc(NetCommander.java:139)}
2017-10-10 09:16:17,831 [TRACE] Sending... at {ru.apertum.qsystem.common.NetCommander.sendRpc(NetCommander.java:145)}
2017-10-10 09:16:17,831 [TRACE] Reading... at {ru.apertum.qsystem.common.NetCommander.sendRpc(NetCommander.java:147)}
2017-10-10 09:16:17,936 [TRACE] Response:
{"result":{"id":1507616165602,"number":336,"stateIn":1,"state":"STATE_WAIT","priority":1,"to_service":{"id":1503473665027,"status":1,"point":0,"duration":10,"exp":1,"sound_template":"021111","advance_limit":1,"day_limit":0,"person_day_limit":0,"inputed_as_number":0,"advance_limit_period":0,"advance_time_period":60,"enable":1,"result_required":false,"input_required":false,"inputed_as_ext":false,"input_caption":"","pre_info_html":"","pre_info_print_text":"","ticket_text":"","tablo_text":"","but_x":200,"but_y":20,"but_b":1000,"but_h":250,"countPerDay":3,"day":283,"description":"Подключить оборудование","service_prefix":"","name":"Подключить оборудование","buttonText":"\u003chtml\u003e\u003cb\u003e\u003cp align\u003dcenter\u003e\u003cspan style\u003d\u0027font-size:35.0pt;color:#3b6bb3\u0027\u003eПодключить оборудование\u003c/span\u003e\u003c/b\u003e","parentId":1503466462316,"langs":[],"inner_services":[]},"prefix":"","stand_time":"10.10.2017 09:16:05","need_back":false,"temp_comments":"","post_atatus":"","postpone_period":0,"recall_cnt":0,"start_postpone_period":0,"complex_id":[]},"jsonrpc":"2.0","id":"1507616165602"}
 at {ru.apertum.qsystem.common.NetCommander.sendRpc(NetCommander.java:159)}
2017-10-10 09:16:17,949 [ INFO] Печать этикетки. at {ru.apertum.qsystem.client.model.QButton.lambda$init$2(QButton.java:533)}
2017-10-10 09:16:22,212 [ERROR] Ошибка печати:  at {ru.apertum.qsystem.client.forms.FWelcome.printTicket(FWelcome.java:1414)}
java.awt.print.PrinterAbortException
	at sun.print.RasterPrinterJob.cancelDoc(Unknown Source)
	at sun.print.RasterPrinterJob.print(Unknown Source)
	at ru.apertum.qsystem.client.forms.FWelcome.printTicket(FWelcome.java:1411)
	at ru.apertum.qsystem.client.model.QButton.lambda$null$1(QButton.java:537)
	at java.lang.Thread.run(Unknown Source)
2017-10-10 09:16:22,944 [ INFO] Показываем набор кнопок уровня: СЗАО "ИНТЕРДНЕСТРКОМ" ID=1 at {ru.apertum.qsystem.client.forms.FWelcome.showButtons(FWelcome.java:949)}
2017-10-10 09:16:22,946 [TRACE] Create button for "Обслуживание абонентов" ID=1503466462316 states: Visible Active ForAll Real at {ru.apertum.qsystem.client.model.QButton.init(QButton.java:189)}
2017-10-10 09:16:22,953 [TRACE] Create button for "Обслуживание в Сервисном Центре" ID=1503466512673 states: Visible Active ForAll Real at {ru.apertum.qsystem.client.model.QButton.init(QButton.java:189)}
2017-10-10 09:16:23,972 [ INFO] Pressed button "Обслуживание в Сервисном Центре" ID=1503466512673 at {ru.apertum.qsystem.client.model.QButton.lambda$init$2(QButton.java:256)}
2017-10-10 09:16:23,974 [ INFO] Показываем набор кнопок уровня: Обслуживание в Сервисном Центре ID=1503466512673 at {ru.apertum.qsystem.client.forms.FWelcome.showButtons(FWelcome.java:949)}
2017-10-10 09:16:23,978 [TRACE] Create button for "Сдать оборудование в ремонт (на тестирование) " ID=1503473813742 states: Visible Active ForAll Real at {ru.apertum.qsystem.client.model.QButton.init(QButton.java:189)}
2017-10-10 09:16:23,987 [TRACE] Create button for "Получить оборудование из ремонта " ID=1503473823648 states: Visible Active ForAll Real at {ru.apertum.qsystem.client.model.QButton.init(QButton.java:189)}
2017-10-10 09:16:23,995 [TRACE] Create button for "Подключить оборудование после тестирования СЦ" ID=1504251745380 states: Hide Pasive ForAll Real at {ru.apertum.qsystem.client.model.QButton.init(QButton.java:189)}
2017-10-10 09:16:23,997 [TRACE] Create button for "Получить консультацию  специалиста " ID=1503473832914 states: Visible Active ForAll Real at {ru.apertum.qsystem.client.model.QButton.init(QButton.java:189)}
2017-10-10 09:16:24,003 [TRACE] Create button for "Оформить обращение по качеству обслуживания СЦ" ID=1503473840808 states: Visible Active ForAll Real at {ru.apertum.qsystem.client.model.QButton.init(QButton.java:189)}
2017-10-10 09:16:24,536 [ INFO] Pressed button "Получить консультацию  специалиста " ID=1503473832914 at {ru.apertum.qsystem.client.model.QButton.lambda$init$2(QButton.java:256)}
2017-10-10 09:16:24,538 [ INFO] Встать в очередь. at {ru.apertum.qsystem.common.NetCommander.aboutService(NetCommander.java:427)}
2017-10-10 09:16:24,540 [TRACE] Task "Получить описание услуги" on 10.5.18.10:3128#
{"params":{"service_id":1503473832914},"jsonrpc":"2.0","id":"1507616173594","method":"Получить описание услуги"} at {ru.apertum.qsystem.common.NetCommander.sendRpc(NetCommander.java:131)}
2017-10-10 09:16:24,543 [TRACE] Socket was created. at {ru.apertum.qsystem.common.NetCommander.sendRpc(NetCommander.java:139)}
2017-10-10 09:16:24,544 [TRACE] Sending... at {ru.apertum.qsystem.common.NetCommander.sendRpc(NetCommander.java:145)}
2017-10-10 09:16:24,545 [TRACE] Reading... at {ru.apertum.qsystem.common.NetCommander.sendRpc(NetCommander.java:147)}
2017-10-10 09:16:24,655 [TRACE] Response:
{"result":{"code":0,"message":""},"jsonrpc":"2.0","id":"1507616172326"}
 at {ru.apertum.qsystem.common.NetCommander.sendRpc(NetCommander.java:159)}
2017-10-10 09:16:24,673 [ INFO] Встать в очередь. at {ru.apertum.qsystem.common.NetCommander.standInService(NetCommander.java:334)}
2017-10-10 09:16:24,674 [TRACE] Task "Поставить в очередь" on 10.5.18.10:3128#
{"params":{"service_id":1503473832914,"pass":"1","priority":1},"jsonrpc":"2.0","id":"1507616173594","method":"Поставить в очередь"} at {ru.apertum.qsystem.common.NetCommander.sendRpc(NetCommander.java:131)}
2017-10-10 09:16:24,678 [TRACE] Socket was created. at {ru.apertum.qsystem.common.NetCommander.sendRpc(NetCommander.java:139)}
2017-10-10 09:16:24,679 [TRACE] Sending... at {ru.apertum.qsystem.common.NetCommander.sendRpc(NetCommander.java:145)}
2017-10-10 09:16:24,681 [TRACE] Reading... at {ru.apertum.qsystem.common.NetCommander.sendRpc(NetCommander.java:147)}
2017-10-10 09:16:24,786 [TRACE] Response:
{"result":{"id":1507616172451,"number":351,"stateIn":1,"state":"STATE_WAIT","priority":1,"to_service":{"id":1503473832914,"status":1,"point":0,"duration":1,"exp":0,"sound_template":"021111","advance_limit":1,"day_limit":0,"person_day_limit":0,"inputed_as_number":0,"advance_limit_period":0,"advance_time_period":60,"enable":1,"result_required":false,"input_required":false,"inputed_as_ext":false,"input_caption":"","pre_info_html":"","pre_info_print_text":"","ticket_text":"","tablo_text":"","but_x":100,"but_y":100,"but_b":100,"but_h":100,"countPerDay":3,"day":283,"description":"Получить консультацию  специалиста ","service_prefix":"","name":"Получить консультацию  специалиста ","buttonText":"\u003chtml\u003e\u003cb\u003e\u003cp align\u003dcenter\u003e\u003cspan style\u003d\u0027font-size:35.0pt;color:#3b6bb3\u0027\u003eПолучить консультацию  специалиста \u003c/span\u003e\u003c/b\u003e","parentId":1503466512673,"langs":[],"inner_services":[]},"prefix":"","stand_time":"10.10.2017 09:16:12","need_back":false,"temp_comments":"","post_atatus":"","postpone_period":0,"recall_cnt":0,"start_postpone_period":0,"complex_id":[]},"jsonrpc":"2.0","id":"1507616172451"}
 at {ru.apertum.qsystem.common.NetCommander.sendRpc(NetCommander.java:159)}
2017-10-10 09:16:24,806 [ INFO] Печать этикетки. at {ru.apertum.qsystem.client.model.QButton.lambda$init$2(QButton.java:533)}
2017-10-10 09:16:26,904 [ERROR] Ошибка печати:  at {ru.apertum.qsystem.client.forms.FWelcome.printTicket(FWelcome.java:1414)}
java.awt.print.PrinterAbortException
	at sun.print.RasterPrinterJob.cancelDoc(Unknown Source)
	at sun.print.RasterPrinterJob.print(Unknown Source)
	at ru.apertum.qsystem.client.forms.FWelcome.printTicket(FWelcome.java:1411)
	at ru.apertum.qsystem.client.model.QButton.lambda$null$1(QButton.java:537)
	at java.lang.Thread.run(Unknown Source)
2017-10-10 09:16:47,352 [ INFO] Properties are ready. at {ru.apertum.qsystem.common.QConfig.prepareCLI(QConfig.java:305)}
2017-10-10 09:16:47,355 [ INFO] "QSystem 17.1"!  date: 20.05.2017 at {ru.apertum.qsystem.common.QLog.initial(QLog.java:180)}
2017-10-10 09:16:47,355 [ INFO] START LOGER. Logger: welcome.file.info.trace at {ru.apertum.qsystem.common.QLog.initial(QLog.java:181)}
2017-10-10 09:16:47,356 [ INFO] Mode: KEY_DEBUG at {ru.apertum.qsystem.common.QLog.initial(QLog.java:186)}
2017-10-10 09:16:47,356 [ INFO] Plugins: YES at {ru.apertum.qsystem.common.QLog.initial(QLog.java:187)}
2017-10-10 09:16:47,406 [ INFO] Загрузка плагинов из папки plugins. at {ru.apertum.qsystem.common.Uses.loadPlugins(Uses.java:788)}
2017-10-10 09:16:47,408 [DEBUG] Плагин Journal.jar at {ru.apertum.qsystem.common.Uses.loadPlugins(Uses.java:795)}
2017-10-10 09:16:47,409 [DEBUG] Плагин Microsound.jar at {ru.apertum.qsystem.common.Uses.loadPlugins(Uses.java:795)}
2017-10-10 09:16:47,410 [DEBUG] Плагин ZoneboardPlugin.jar at {ru.apertum.qsystem.common.Uses.loadPlugins(Uses.java:795)}
2017-10-10 09:16:47,414 [ INFO] Languages are loading... at {ru.apertum.qsystem.client.Locales.<init>(Locales.java:79)}
2017-10-10 09:16:47,425 [DEBUG]    Langusge: Az?rbaycan az_AZ at {ru.apertum.qsystem.client.Locales.<init>(Locales.java:119)}
2017-10-10 09:16:47,428 [DEBUG]    Langusge: English en_US at {ru.apertum.qsystem.client.Locales.<init>(Locales.java:119)}
2017-10-10 09:16:47,430 [DEBUG]    Langusge: Espanol es_ES at {ru.apertum.qsystem.client.Locales.<init>(Locales.java:119)}
2017-10-10 09:16:47,431 [DEBUG]    Langusge: Fran?ais fr_FR at {ru.apertum.qsystem.client.Locales.<init>(Locales.java:119)}
2017-10-10 09:16:47,433 [DEBUG]    Langusge: Italiano it_IT at {ru.apertum.qsystem.client.Locales.<init>(Locales.java:119)}
2017-10-10 09:16:47,434 [DEBUG]    Langusge: Portugu?s pt_PT at {ru.apertum.qsystem.client.Locales.<init>(Locales.java:119)}
2017-10-10 09:16:47,436 [DEBUG]    Langusge: Roman ro_RO at {ru.apertum.qsystem.client.Locales.<init>(Locales.java:119)}
2017-10-10 09:16:47,439 [DEBUG]    Langusge: Русский ru_RU at {ru.apertum.qsystem.client.Locales.<init>(Locales.java:119)}
2017-10-10 09:16:47,442 [DEBUG]    Langusge: Українська uk_UA at {ru.apertum.qsystem.client.Locales.<init>(Locales.java:119)}
2017-10-10 09:16:47,474 [ INFO] Получить параметры. at {ru.apertum.qsystem.common.NetCommander.getProperties(NetCommander.java:1617)}
2017-10-10 09:16:47,564 [TRACE] Task "Все параметры из БД" on 127.0.0.1:3128#
{"params":{},"jsonrpc":"2.0","id":"1507616207474","method":"Все параметры из БД"} at {ru.apertum.qsystem.common.NetCommander.sendRpc(NetCommander.java:131)}
2017-10-10 09:16:47,567 [TRACE] Socket was created. at {ru.apertum.qsystem.common.NetCommander.sendRpc(NetCommander.java:139)}
2017-10-10 09:16:47,569 [TRACE] Sending... at {ru.apertum.qsystem.common.NetCommander.sendRpc(NetCommander.java:145)}
2017-10-10 09:16:47,569 [TRACE] Reading... at {ru.apertum.qsystem.common.NetCommander.sendRpc(NetCommander.java:147)}
2017-10-10 09:16:47,676 [TRACE] Response:
{"result":{},"jsonrpc":"2.0","id":"1507616207671"}
 at {ru.apertum.qsystem.common.NetCommander.sendRpc(NetCommander.java:159)}
2017-10-10 09:16:47,702 [ INFO] Получение возможных услуг. at {ru.apertum.qsystem.common.NetCommander.getServiсes(NetCommander.java:294)}
2017-10-10 09:16:47,703 [TRACE] Task "Получить перечень услуг" on 127.0.0.1:3128#
{"jsonrpc":"2.0","id":"1507616207474","method":"Получить перечень услуг"} at {ru.apertum.qsystem.common.NetCommander.sendRpc(NetCommander.java:131)}
2017-10-10 09:16:47,704 [TRACE] Socket was created. at {ru.apertum.qsystem.common.NetCommander.sendRpc(NetCommander.java:139)}
2017-10-10 09:16:47,707 [TRACE] Sending... at {ru.apertum.qsystem.common.NetCommander.sendRpc(NetCommander.java:145)}
2017-10-10 09:16:47,708 [TRACE] Reading... at {ru.apertum.qsystem.common.NetCommander.sendRpc(NetCommander.java:147)}
2017-10-10 09:16:47,826 [TRACE] Response:
{"result":{"root":{"id":1,"status":1,"point":0,"duration":1,"exp":0,"sound_template":"120050","advance_limit":1,"day_limit":0,"person_day_limit":0,"inputed_as_number":0,"advance_limit_period":14,"advance_time_period":60,"enable":1,"result_required":false,"input_required":false,"inputed_as_ext":false,"input_caption":"","pre_info_html":"","pre_info_print_text":"","ticket_text":"","tablo_text":"","but_x":100,"but_y":100,"but_b":200,"but_h":100,"countPerDay":0,"day":0,"description":"Дерево услуг","service_prefix":"-","name":"СЗАО \"ИНТЕРДНЕСТРКОМ\"","buttonText":"\u003chtml\u003e\u003cp align\u003dcenter\u003e\u003cspan style\u003d\u0027font-size:55.0;color:#DC143C\u0027\u003eСистема управления очередью\u003c/span\u003e\u003cbr\u003e\u003cspan style\u003d\u0027font-size:45.0;color:#DC143C\u0027\u003e\u003ci\u003eвыберите требуемую услугу\u003c/i\u003e","langs":[],"inner_services":[{"id":2,"status":1,"point":0,"duration":1,"exp":1,"sound_template":"021111","advance_limit":1,"day_limit":0,"person_day_limit":0,"inputed_as_number":0,"advance_limit_period":14,"advance_time_period":60,"enable":1,"result_required":false,"input_required":false,"inputed_as_ext":false,"input_caption":"","pre_info_html":"","pre_info_print_text":"","ticket_text":"","tablo_text":"","but_x":100,"but_y":100,"but_b":200,"but_h":100,"countPerDay":0,"day":0,"description":"Описание услуги","service_prefix":"","name":"Обслуживание в абон зале","buttonText":"\u003chtml\u003e\u003cb\u003e\u003cp align\u003dcenter\u003e\u003cspan style\u003d\u0027font-size:20.0pt;color:blue\u0027\u003eНекая услуга","parentId":1,"langs":[],"inner_services":[{"id":1504684639861,"status":1,"point":0,"duration":1,"exp":0,"sound_template":"021111","advance_limit":1,"day_limit":0,"person_day_limit":0,"inputed_as_number":0,"advance_limit_period":0,"advance_time_period":60,"enable":1,"result_required":false,"input_required":false,"inputed_as_ext":false,"input_caption":"","pre_info_html":"","pre_info_print_text":"","ticket_text":"","tablo_text":"","but_x":100,"but_y":100,"but_b":100,"but_h":100,"countPerDay":0,"day":0,"description":"Консультация. Сотовая связь","service_prefix":"","name":"Консультация. Сотовая связь","buttonText":"\u003chtml\u003e\u003cb\u003e\u003cp align\u003dcenter\u003e\u003cspan style\u003d\u0027font-size:20.0pt;color:red\u0027\u003eКонсультация. Сотовая связь\u003c/span\u003e\u003c/b\u003e","parentId":2,"langs":[],"inner_services":[]},{"id":1504684653226,"status":1,"point":0,"duration":1,"exp":0,"sound_template":"021111","advance_limit":1,"day_limit":0,"person_day_limit":0,"inputed_as_number":0,"advance_limit_period":0,"advance_time_period":60,"enable":1,"result_required":false,"input_required":false,"inputed_as_ext":false,"input_caption":"","pre_info_html":"","pre_info_print_text":"","ticket_text":"","tablo_text":"","but_x":100,"but_y":100,"but_b":100,"but_h":100,"countPerDay":0,"day":0,"description":"Оформить обращение по качеству обслуживания","service_prefix":"","name":"Оформить обращение по качеству обслуживания","buttonText":"\u003chtml\u003e\u003cb\u003e\u003cp align\u003dcenter\u003e\u003cspan style\u003d\u0027font-size:20.0pt;color:red\u0027\u003eОформить обращение по качеству обслуживания\u003c/span\u003e\u003c/b\u003e","parentId":2,"langs":[],"inner_services":[]}]},{"id":1504617489400,"status":1,"point":0,"duration":1,"exp":1,"sound_template":"021111","advance_limit":1,"day_limit":0,"person_day_limit":0,"inputed_as_number":0,"advance_limit_period":0,"advance_time_period":60,"enable":1,"result_required":false,"input_required":false,"inputed_as_ext":false,"input_caption":"","pre_info_html":"","pre_info_print_text":"","ticket_text":"","tablo_text":"","but_x":100,"but_y":100,"but_b":100,"but_h":100,"countPerDay":0,"day":0,"description":"111","service_prefix":"","name":"c/w","buttonText":"\u003chtml\u003e\u003cb\u003e\u003cp align\u003dcenter\u003e\u003cspan style\u003d\u0027font-size:20.0pt;color:red\u0027\u003e111\u003c/span\u003e\u003c/b\u003e","parentId":1,"langs":[],"inner_services":[{"id":1504684674193,"status":1,"point":0,"duration":1,"exp":0,"sound_template":"021111","advance_limit":1,"day_limit":0,"person_day_limit":0,"inputed_as_number":0,"advance_limit_period":0,"advance_time_period":60,"enable":1,"result_required":false,"input_required":false,"inputed_as_ext":false,"input_caption":"","pre_info_html":"","pre_info_print_text":"","ticket_text":"","tablo_text":"","but_x":100,"but_y":100,"but_b":100,"but_h":100,"countPerDay":0,"day":0,"description":"Сдать оборудование в ремонт (на тестирование)","service_prefix":"","name":"Сдать оборудование в ремонт (на тестирование)","buttonText":"\u003chtml\u003e\u003cb\u003e\u003cp align\u003dcenter\u003e\u003cspan style\u003d\u0027font-size:20.0pt;color:red\u0027\u003eСдать оборудование в ремонт (на тестирование)\u003c/span\u003e\u003c/b\u003e","parentId":1504617489400,"langs":[],"inner_services":[]},{"id":1504684881341,"status":1,"point":0,"duration":1,"exp":0,"sound_template":"021111","advance_limit":1,"day_limit":0,"person_day_limit":0,"inputed_as_number":0,"advance_limit_period":0,"advance_time_period":60,"enable":1,"result_required":false,"input_required":false,"inputed_as_ext":false,"input_caption":"","pre_info_html":"","pre_info_print_text":"","ticket_text":"","tablo_text":"","but_x":100,"but_y":100,"but_b":100,"but_h":100,"countPerDay":0,"day":0,"description":"Получить оборудование из ремонта","service_prefix":"","name":"Получить оборудование из ремонта","buttonText":"\u003chtml\u003e\u003cb\u003e\u003cp align\u003dcenter\u003e\u003cspan style\u003d\u0027font-size:20.0pt;color:red\u0027\u003eПолучить оборудование из ремонта\u003c/span\u003e\u003c/b\u003e","parentId":1504617489400,"langs":[],"inner_services":[]}]}]},"start_time":"01.01.1970 08:00:00","finish_time":"01.01.1970 18:00:00","btn_free_dsn":false},"jsonrpc":"2.0","id":"1507616207808"}
 at {ru.apertum.qsystem.common.NetCommander.sendRpc(NetCommander.java:159)}
2017-10-10 09:16:47,898 [DEBUG] Загрузим параметры из файла "config\welcome.property" at {ru.apertum.qsystem.client.common.WelcomeParams.loadSettings(WelcomeParams.java:218)}
2017-10-10 09:16:47,906 [ INFO] Создаем окно приглашения. at {ru.apertum.qsystem.client.forms.FWelcome.init(FWelcome.java:737)}
2017-10-10 09:16:48,628 [ INFO] Показываем набор кнопок уровня: СЗАО "ИНТЕРДНЕСТРКОМ" ID=1 at {ru.apertum.qsystem.client.forms.FWelcome.showButtons(FWelcome.java:949)}
2017-10-10 09:16:48,631 [DEBUG] FIle not found 1417718379463 = E:/spring.jpg at {ru.apertum.qsystem.client.common.WelcomeBGparams.<init>(WelcomeBGparams.java:50)}
2017-10-10 09:16:48,633 [DEBUG] FIle not found 1417718393092 = E:/spring2.jpg at {ru.apertum.qsystem.client.common.WelcomeBGparams.<init>(WelcomeBGparams.java:50)}
2017-10-10 09:16:48,635 [DEBUG] FIle not found 1417872096348 = E:\temp\qsys_pic\fon_welcome.jpg at {ru.apertum.qsystem.client.common.WelcomeBGparams.<init>(WelcomeBGparams.java:50)}
2017-10-10 09:16:48,641 [TRACE] Create button for "Обслуживание в абон зале" ID=2 states: Visible Active ForAll Real at {ru.apertum.qsystem.client.model.QButton.init(QButton.java:189)}
2017-10-10 09:16:48,653 [TRACE] Create button for "c/w" ID=1504617489400 states: Visible Active ForAll Real at {ru.apertum.qsystem.client.model.QButton.init(QButton.java:189)}
2017-10-10 09:16:48,675 [ INFO] Сервер управления пунктом регистрации запущен. at {ru.apertum.qsystem.client.forms.FWelcome$CommandServer.run(FWelcome.java:226)}
2017-10-10 09:16:52,197 [ INFO] Pressed button "c/w" ID=1504617489400 at {ru.apertum.qsystem.client.model.QButton.lambda$init$2(QButton.java:256)}
2017-10-10 09:16:52,199 [ INFO] Показываем набор кнопок уровня: c/w ID=1504617489400 at {ru.apertum.qsystem.client.forms.FWelcome.showButtons(FWelcome.java:949)}
2017-10-10 09:16:52,204 [TRACE] Create button for "Сдать оборудование в ремонт (на тестирование)" ID=1504684674193 states: Visible Active ForAll Real at {ru.apertum.qsystem.client.model.QButton.init(QButton.java:189)}
2017-10-10 09:16:52,226 [TRACE] Create button for "Получить оборудование из ремонта" ID=1504684881341 states: Visible Active ForAll Real at {ru.apertum.qsystem.client.model.QButton.init(QButton.java:189)}
2017-10-10 09:16:52,893 [ INFO] Pressed button "Получить оборудование из ремонта" ID=1504684881341 at {ru.apertum.qsystem.client.model.QButton.lambda$init$2(QButton.java:256)}
2017-10-10 09:16:52,895 [ INFO] Встать в очередь. at {ru.apertum.qsystem.common.NetCommander.aboutService(NetCommander.java:427)}
2017-10-10 09:16:52,896 [TRACE] Task "Получить описание услуги" on 127.0.0.1:3128#
{"params":{"service_id":1504684881341},"jsonrpc":"2.0","id":"1507616207474","method":"Получить описание услуги"} at {ru.apertum.qsystem.common.NetCommander.sendRpc(NetCommander.java:131)}
2017-10-10 09:16:52,898 [TRACE] Socket was created. at {ru.apertum.qsystem.common.NetCommander.sendRpc(NetCommander.java:139)}
2017-10-10 09:16:52,900 [TRACE] Sending... at {ru.apertum.qsystem.common.NetCommander.sendRpc(NetCommander.java:145)}
2017-10-10 09:16:52,902 [TRACE] Reading... at {ru.apertum.qsystem.common.NetCommander.sendRpc(NetCommander.java:147)}
2017-10-10 09:16:53,081 [TRACE] Response:
{"result":{"code":0,"message":""},"jsonrpc":"2.0","id":"1507616213076"}
 at {ru.apertum.qsystem.common.NetCommander.sendRpc(NetCommander.java:159)}
2017-10-10 09:16:53,113 [ INFO] Встать в очередь. at {ru.apertum.qsystem.common.NetCommander.standInService(NetCommander.java:334)}
2017-10-10 09:16:53,114 [TRACE] Task "Поставить в очередь" on 127.0.0.1:3128#
{"params":{"service_id":1504684881341,"pass":"1","priority":1},"jsonrpc":"2.0","id":"1507616207474","method":"Поставить в очередь"} at {ru.apertum.qsystem.common.NetCommander.sendRpc(NetCommander.java:131)}
2017-10-10 09:16:53,115 [TRACE] Socket was created. at {ru.apertum.qsystem.common.NetCommander.sendRpc(NetCommander.java:139)}
2017-10-10 09:16:53,115 [TRACE] Sending... at {ru.apertum.qsystem.common.NetCommander.sendRpc(NetCommander.java:145)}
2017-10-10 09:16:53,116 [TRACE] Reading... at {ru.apertum.qsystem.common.NetCommander.sendRpc(NetCommander.java:147)}
2017-10-10 09:16:53,249 [TRACE] Response:
{"result":{"id":1507616213227,"number":929,"stateIn":1,"state":"STATE_WAIT","priority":1,"to_service":{"id":1504684881341,"status":1,"point":0,"duration":1,"exp":0,"sound_template":"021111","advance_limit":1,"day_limit":0,"person_day_limit":0,"inputed_as_number":0,"advance_limit_period":0,"advance_time_period":60,"enable":1,"result_required":false,"input_required":false,"inputed_as_ext":false,"input_caption":"","pre_info_html":"","pre_info_print_text":"","ticket_text":"","tablo_text":"","but_x":100,"but_y":100,"but_b":100,"but_h":100,"countPerDay":1,"day":283,"description":"Получить оборудование из ремонта","service_prefix":"","name":"Получить оборудование из ремонта","buttonText":"\u003chtml\u003e\u003cb\u003e\u003cp align\u003dcenter\u003e\u003cspan style\u003d\u0027font-size:20.0pt;color:red\u0027\u003eПолучить оборудование из ремонта\u003c/span\u003e\u003c/b\u003e","parentId":1504617489400,"langs":[],"inner_services":[]},"prefix":"","stand_time":"10.10.2017 09:16:53","need_back":false,"temp_comments":"","post_atatus":"","postpone_period":0,"recall_cnt":0,"start_postpone_period":0,"complex_id":[]},"jsonrpc":"2.0","id":"1507616213243"}
 at {ru.apertum.qsystem.common.NetCommander.sendRpc(NetCommander.java:159)}
2017-10-10 09:16:53,263 [ INFO] Печать этикетки. at {ru.apertum.qsystem.client.model.QButton.lambda$init$2(QButton.java:533)}
2017-10-10 09:16:56,988 [ERROR] Ошибка печати:  at {ru.apertum.qsystem.client.forms.FWelcome.printTicket(FWelcome.java:1414)}
java.awt.print.PrinterAbortException
	at sun.print.RasterPrinterJob.cancelDoc(Unknown Source)
	at sun.print.RasterPrinterJob.print(Unknown Source)
	at ru.apertum.qsystem.client.forms.FWelcome.printTicket(FWelcome.java:1411)
	at ru.apertum.qsystem.client.model.QButton.lambda$null$1(QButton.java:537)
	at java.lang.Thread.run(Unknown Source)
2017-10-10 09:16:58,258 [ INFO] Показываем набор кнопок уровня: СЗАО "ИНТЕРДНЕСТРКОМ" ID=1 at {ru.apertum.qsystem.client.forms.FWelcome.showButtons(FWelcome.java:949)}
2017-10-10 09:16:58,261 [TRACE] Create button for "Обслуживание в абон зале" ID=2 states: Visible Active ForAll Real at {ru.apertum.qsystem.client.model.QButton.init(QButton.java:189)}
2017-10-10 09:16:58,268 [TRACE] Create button for "c/w" ID=1504617489400 states: Visible Active ForAll Real at {ru.apertum.qsystem.client.model.QButton.init(QButton.java:189)}
2017-10-10 09:16:59,055 [ INFO] Pressed button "Обслуживание в абон зале" ID=2 at {ru.apertum.qsystem.client.model.QButton.lambda$init$2(QButton.java:256)}
2017-10-10 09:16:59,056 [ INFO] Показываем набор кнопок уровня: Обслуживание в абон зале ID=2 at {ru.apertum.qsystem.client.forms.FWelcome.showButtons(FWelcome.java:949)}
2017-10-10 09:16:59,061 [TRACE] Create button for "Консультация. Сотовая связь" ID=1504684639861 states: Visible Active ForAll Real at {ru.apertum.qsystem.client.model.QButton.init(QButton.java:189)}
2017-10-10 09:16:59,073 [TRACE] Create button for "Оформить обращение по качеству обслуживания" ID=1504684653226 states: Visible Active ForAll Real at {ru.apertum.qsystem.client.model.QButton.init(QButton.java:189)}
2017-10-10 09:17:01,910 [ INFO] Pressed button "Оформить обращение по качеству обслуживания" ID=1504684653226 at {ru.apertum.qsystem.client.model.QButton.lambda$init$2(QButton.java:256)}
2017-10-10 09:17:01,913 [ INFO] Встать в очередь. at {ru.apertum.qsystem.common.NetCommander.aboutService(NetCommander.java:427)}
2017-10-10 09:17:01,914 [TRACE] Task "Получить описание услуги" on 127.0.0.1:3128#
{"params":{"service_id":1504684653226},"jsonrpc":"2.0","id":"1507616207474","method":"Получить описание услуги"} at {ru.apertum.qsystem.common.NetCommander.sendRpc(NetCommander.java:131)}
2017-10-10 09:17:01,916 [TRACE] Socket was created. at {ru.apertum.qsystem.common.NetCommander.sendRpc(NetCommander.java:139)}
2017-10-10 09:17:01,918 [TRACE] Sending... at {ru.apertum.qsystem.common.NetCommander.sendRpc(NetCommander.java:145)}
2017-10-10 09:17:01,919 [TRACE] Reading... at {ru.apertum.qsystem.common.NetCommander.sendRpc(NetCommander.java:147)}
2017-10-10 09:17:02,037 [TRACE] Response:
{"result":{"code":1,"message":""},"jsonrpc":"2.0","id":"1507616222034"}
 at {ru.apertum.qsystem.common.NetCommander.sendRpc(NetCommander.java:159)}
2017-10-10 09:17:02,052 [ INFO] Встать в очередь. at {ru.apertum.qsystem.common.NetCommander.standInService(NetCommander.java:334)}
2017-10-10 09:17:02,053 [TRACE] Task "Поставить в очередь" on 127.0.0.1:3128#
{"params":{"service_id":1504684653226,"pass":"1","priority":1},"jsonrpc":"2.0","id":"1507616207474","method":"Поставить в очередь"} at {ru.apertum.qsystem.common.NetCommander.sendRpc(NetCommander.java:131)}
2017-10-10 09:17:02,054 [TRACE] Socket was created. at {ru.apertum.qsystem.common.NetCommander.sendRpc(NetCommander.java:139)}
2017-10-10 09:17:02,055 [TRACE] Sending... at {ru.apertum.qsystem.common.NetCommander.sendRpc(NetCommander.java:145)}
2017-10-10 09:17:02,056 [TRACE] Reading... at {ru.apertum.qsystem.common.NetCommander.sendRpc(NetCommander.java:147)}
2017-10-10 09:17:02,175 [TRACE] Response:
{"result":{"id":1507616222158,"number":866,"stateIn":1,"state":"STATE_WAIT","priority":1,"to_service":{"id":1504684653226,"status":1,"point":0,"duration":1,"exp":0,"sound_template":"021111","advance_limit":1,"day_limit":0,"person_day_limit":0,"inputed_as_number":0,"advance_limit_period":0,"advance_time_period":60,"enable":1,"result_required":false,"input_required":false,"inputed_as_ext":false,"input_caption":"","pre_info_html":"","pre_info_print_text":"","ticket_text":"","tablo_text":"","but_x":100,"but_y":100,"but_b":100,"but_h":100,"countPerDay":1,"day":283,"description":"Оформить обращение по качеству обслуживания","service_prefix":"","name":"Оформить обращение по качеству обслуживания","buttonText":"\u003chtml\u003e\u003cb\u003e\u003cp align\u003dcenter\u003e\u003cspan style\u003d\u0027font-size:20.0pt;color:red\u0027\u003eОформить обращение по качеству обслуживания\u003c/span\u003e\u003c/b\u003e","parentId":2,"langs":[],"inner_services":[]},"prefix":"","stand_time":"10.10.2017 09:17:02","need_back":false,"temp_comments":"","post_atatus":"","postpone_period":0,"recall_cnt":0,"start_postpone_period":0,"complex_id":[]},"jsonrpc":"2.0","id":"1507616222170"}
 at {ru.apertum.qsystem.common.NetCommander.sendRpc(NetCommander.java:159)}
2017-10-10 09:17:02,199 [ INFO] Печать этикетки. at {ru.apertum.qsystem.client.model.QButton.lambda$init$2(QButton.java:533)}
2017-10-10 09:17:03,522 [ERROR] Ошибка печати:  at {ru.apertum.qsystem.client.forms.FWelcome.printTicket(FWelcome.java:1414)}
java.awt.print.PrinterAbortException
	at sun.print.RasterPrinterJob.cancelDoc(Unknown Source)
	at sun.print.RasterPrinterJob.print(Unknown Source)
	at ru.apertum.qsystem.client.forms.FWelcome.printTicket(FWelcome.java:1411)
	at ru.apertum.qsystem.client.model.QButton.lambda$null$1(QButton.java:537)
	at java.lang.Thread.run(Unknown Source)
2017-10-26 08:41:51,030 [ INFO] Properties are ready. at {ru.apertum.qsystem.common.QConfig.prepareCLI(QConfig.java:305)}
2017-10-26 08:41:51,041 [ INFO] "QSystem 17.1"!  date: 20.05.2017 at {ru.apertum.qsystem.common.QLog.initial(QLog.java:180)}
2017-10-26 08:41:51,042 [ INFO] START LOGER. Logger: welcome.file.info.trace at {ru.apertum.qsystem.common.QLog.initial(QLog.java:181)}
2017-10-26 08:41:51,042 [ INFO] Mode: KEY_DEBUG at {ru.apertum.qsystem.common.QLog.initial(QLog.java:186)}
2017-10-26 08:41:51,043 [ INFO] Plugins: YES at {ru.apertum.qsystem.common.QLog.initial(QLog.java:187)}
2017-10-26 08:41:51,112 [ INFO] Загрузка плагинов из папки plugins. at {ru.apertum.qsystem.common.Uses.loadPlugins(Uses.java:800)}
2017-10-26 08:41:51,115 [DEBUG] Плагин ZoneboardPlugin.jar at {ru.apertum.qsystem.common.Uses.loadPlugins(Uses.java:807)}
2017-10-26 08:41:51,118 [ INFO] Languages are loading... at {ru.apertum.qsystem.client.Locales.<init>(Locales.java:79)}
2017-10-26 08:41:51,125 [DEBUG]    Langusge: Az?rbaycan az_AZ at {ru.apertum.qsystem.client.Locales.<init>(Locales.java:119)}
2017-10-26 08:41:51,127 [DEBUG]    Langusge: English en_US at {ru.apertum.qsystem.client.Locales.<init>(Locales.java:119)}
2017-10-26 08:41:51,129 [DEBUG]    Langusge: Espanol es_ES at {ru.apertum.qsystem.client.Locales.<init>(Locales.java:119)}
2017-10-26 08:41:51,130 [DEBUG]    Langusge: Fran?ais fr_FR at {ru.apertum.qsystem.client.Locales.<init>(Locales.java:119)}
2017-10-26 08:41:51,132 [DEBUG]    Langusge: Italiano it_IT at {ru.apertum.qsystem.client.Locales.<init>(Locales.java:119)}
2017-10-26 08:41:51,133 [DEBUG]    Langusge: Portugu?s pt_PT at {ru.apertum.qsystem.client.Locales.<init>(Locales.java:119)}
2017-10-26 08:41:51,135 [DEBUG]    Langusge: Roman ro_RO at {ru.apertum.qsystem.client.Locales.<init>(Locales.java:119)}
2017-10-26 08:41:51,136 [DEBUG]    Langusge: Русский ru_RU at {ru.apertum.qsystem.client.Locales.<init>(Locales.java:119)}
2017-10-26 08:41:51,140 [DEBUG]    Langusge: Українська uk_UA at {ru.apertum.qsystem.client.Locales.<init>(Locales.java:119)}
2017-10-26 08:41:51,192 [ INFO] Получение возможных услуг. at {ru.apertum.qsystem.common.NetCommander.getServiсes(NetCommander.java:294)}
2017-10-26 08:41:51,291 [TRACE] Task "Получить перечень услуг" on 127.0.0.1:3128#
{"jsonrpc":"2.0","id":"1508996511192","method":"Получить перечень услуг"} at {ru.apertum.qsystem.common.NetCommander.sendRpc(NetCommander.java:131)}
2017-10-26 08:41:51,294 [TRACE] Socket was created. at {ru.apertum.qsystem.common.NetCommander.sendRpc(NetCommander.java:139)}
2017-10-26 08:41:51,296 [TRACE] Sending... at {ru.apertum.qsystem.common.NetCommander.sendRpc(NetCommander.java:145)}
2017-10-26 08:41:51,296 [TRACE] Reading... at {ru.apertum.qsystem.common.NetCommander.sendRpc(NetCommander.java:147)}
2017-10-26 08:41:51,551 [TRACE] Response:
{"result":{"root":{"id":1,"status":1,"point":0,"duration":1,"exp":0,"sound_template":"120050","advance_limit":1,"day_limit":0,"person_day_limit":0,"inputed_as_number":0,"advance_limit_period":14,"advance_time_period":60,"enable":1,"result_required":false,"input_required":false,"inputed_as_ext":false,"input_caption":"","pre_info_html":"","pre_info_print_text":"","ticket_text":"","tablo_text":"","but_x":100,"but_y":100,"but_b":200,"but_h":100,"countPerDay":0,"day":0,"description":"Дерево услуг","service_prefix":"-","name":"СЗАО \"ИНТЕРДНЕСТРКОМ\"","buttonText":"\u003chtml\u003e\u003cp align\u003dcenter\u003e\u003cspan style\u003d\u0027font-size:55.0;color:#DC143C\u0027\u003eСистема управления очередью\u003c/span\u003e\u003cbr\u003e\u003cspan style\u003d\u0027font-size:45.0;color:#DC143C\u0027\u003e\u003ci\u003eвыберите требуемую услугу\u003c/i\u003e","langs":[],"inner_services":[{"id":2,"status":1,"point":0,"duration":1,"exp":1,"sound_template":"021111","advance_limit":1,"day_limit":0,"person_day_limit":0,"inputed_as_number":0,"advance_limit_period":14,"advance_time_period":60,"enable":1,"result_required":false,"input_required":false,"inputed_as_ext":false,"input_caption":"","pre_info_html":"","pre_info_print_text":"","ticket_text":"","tablo_text":"","but_x":100,"but_y":100,"but_b":200,"but_h":100,"countPerDay":0,"day":0,"description":"Описание услуги","service_prefix":"","name":"Обслуживание в абон зале","buttonText":"\u003chtml\u003e\u003cb\u003e\u003cp align\u003dcenter\u003e\u003cspan style\u003d\u0027font-size:20.0pt;color:blue\u0027\u003eНекая услуга","parentId":1,"langs":[],"inner_services":[{"id":1504684653226,"status":1,"point":0,"duration":1,"exp":0,"sound_template":"021111","advance_limit":1,"day_limit":0,"person_day_limit":0,"inputed_as_number":0,"advance_limit_period":0,"advance_time_period":60,"enable":1,"result_required":false,"input_required":false,"inputed_as_ext":false,"input_caption":"","pre_info_html":"","pre_info_print_text":"","ticket_text":"","tablo_text":"","but_x":100,"but_y":100,"but_b":100,"but_h":100,"countPerDay":0,"day":0,"description":"Оформить обращение по качеству обслуживания","service_prefix":"","name":"Оформить обращение по качеству обслуживания","buttonText":"\u003chtml\u003e\u003cb\u003e\u003cp align\u003dcenter\u003e\u003cspan style\u003d\u0027font-size:20.0pt;color:red\u0027\u003eОформить обращение по качеству обслуживания\u003c/span\u003e\u003c/b\u003e","parentId":2,"langs":[],"inner_services":[]}]},{"id":1504617489400,"status":1,"point":0,"duration":1,"exp":1,"sound_template":"021111","advance_limit":1,"day_limit":0,"person_day_limit":0,"inputed_as_number":0,"advance_limit_period":0,"advance_time_period":60,"enable":1,"result_required":false,"input_required":false,"inputed_as_ext":false,"input_caption":"","pre_info_html":"","pre_info_print_text":"","ticket_text":"","tablo_text":"","but_x":100,"but_y":100,"but_b":100,"but_h":100,"countPerDay":0,"day":0,"description":"111","service_prefix":"","name":"c/w","buttonText":"\u003chtml\u003e\u003cb\u003e\u003cp align\u003dcenter\u003e\u003cspan style\u003d\u0027font-size:20.0pt;color:red\u0027\u003e111\u003c/span\u003e\u003c/b\u003e","parentId":1,"langs":[],"inner_services":[{"id":1504684674193,"status":1,"point":0,"duration":1,"exp":0,"sound_template":"021111","advance_limit":1,"day_limit":0,"person_day_limit":0,"inputed_as_number":0,"advance_limit_period":0,"advance_time_period":60,"enable":1,"result_required":false,"input_required":false,"inputed_as_ext":false,"input_caption":"","pre_info_html":"","pre_info_print_text":"","ticket_text":"","tablo_text":"","but_x":100,"but_y":100,"but_b":100,"but_h":100,"countPerDay":0,"day":0,"description":"Сдать оборудование в ремонт (на тестирование)","service_prefix":"","name":"Сдать оборудование в ремонт (на тестирование)","buttonText":"\u003chtml\u003e\u003cb\u003e\u003cp align\u003dcenter\u003e\u003cspan style\u003d\u0027font-size:20.0pt;color:red\u0027\u003eСдать оборудование в ремонт (на тестирование)\u003c/span\u003e\u003c/b\u003e","parentId":1504617489400,"langs":[],"inner_services":[]}]}]},"start_time":"01.01.1970 08:00:00","finish_time":"01.01.1970 18:00:00","btn_free_dsn":false},"jsonrpc":"2.0","id":"1508996511524"}
 at {ru.apertum.qsystem.common.NetCommander.sendRpc(NetCommander.java:159)}
2017-10-26 08:41:51,717 [DEBUG] Загрузим параметры из файла "config\welcome.property" at {ru.apertum.qsystem.client.common.WelcomeParams.loadSettings(WelcomeParams.java:218)}
2017-10-26 08:41:51,743 [ INFO] Создаем окно приглашения. at {ru.apertum.qsystem.client.forms.FWelcome.<init>(FWelcome.java:799)}
2017-10-26 08:41:52,661 [ INFO] Показываем набор кнопок уровня: СЗАО "ИНТЕРДНЕСТРКОМ" ID=1 at {ru.apertum.qsystem.client.forms.FWelcome.showButtons(FWelcome.java:1020)}
2017-10-26 08:41:52,673 [DEBUG] FIle not found 1417718379463 = E:/spring.jpg at {ru.apertum.qsystem.client.common.WelcomeBGparams.<init>(WelcomeBGparams.java:50)}
2017-10-26 08:41:52,676 [DEBUG] FIle not found 1417718393092 = E:/spring2.jpg at {ru.apertum.qsystem.client.common.WelcomeBGparams.<init>(WelcomeBGparams.java:50)}
2017-10-26 08:41:52,679 [DEBUG] FIle not found 1417872096348 = E:\temp\qsys_pic\fon_welcome.jpg at {ru.apertum.qsystem.client.common.WelcomeBGparams.<init>(WelcomeBGparams.java:50)}
2017-10-26 08:41:52,692 [TRACE] Create button for "Обслуживание в абон зале" ID=2 states: Visible Active ForAll Real at {ru.apertum.qsystem.client.model.QButton.init(QButton.java:189)}
2017-10-26 08:41:52,709 [TRACE] Create button for "c/w" ID=1504617489400 states: Visible Active ForAll Real at {ru.apertum.qsystem.client.model.QButton.init(QButton.java:189)}
2017-10-26 08:41:52,751 [ INFO] Сервер управления пунктом регистрации запущен. at {ru.apertum.qsystem.client.forms.FWelcome$CommandServer.run(FWelcome.java:229)}
2017-10-26 08:47:41,653 [ INFO] Properties are ready. at {ru.apertum.qsystem.common.QConfig.prepareCLI(QConfig.java:305)}
2017-10-26 08:47:41,656 [ INFO] "QSystem 17.1"!  date: 20.05.2017 at {ru.apertum.qsystem.common.QLog.initial(QLog.java:180)}
2017-10-26 08:47:41,656 [ INFO] START LOGER. Logger: welcome.file.info.trace at {ru.apertum.qsystem.common.QLog.initial(QLog.java:181)}
2017-10-26 08:47:41,657 [ INFO] Mode: KEY_DEBUG at {ru.apertum.qsystem.common.QLog.initial(QLog.java:186)}
2017-10-26 08:47:41,658 [ INFO] Plugins: YES at {ru.apertum.qsystem.common.QLog.initial(QLog.java:187)}
2017-10-26 08:47:41,719 [ INFO] Загрузка плагинов из папки plugins. at {ru.apertum.qsystem.common.Uses.loadPlugins(Uses.java:800)}
2017-10-26 08:47:41,721 [DEBUG] Плагин ZoneboardPlugin.jar at {ru.apertum.qsystem.common.Uses.loadPlugins(Uses.java:807)}
2017-10-26 08:47:41,724 [ INFO] Languages are loading... at {ru.apertum.qsystem.client.Locales.<init>(Locales.java:79)}
2017-10-26 08:47:41,730 [DEBUG]    Langusge: Az?rbaycan az_AZ at {ru.apertum.qsystem.client.Locales.<init>(Locales.java:119)}
2017-10-26 08:47:41,732 [DEBUG]    Langusge: English en_US at {ru.apertum.qsystem.client.Locales.<init>(Locales.java:119)}
2017-10-26 08:47:41,734 [DEBUG]    Langusge: Espanol es_ES at {ru.apertum.qsystem.client.Locales.<init>(Locales.java:119)}
2017-10-26 08:47:41,735 [DEBUG]    Langusge: Fran?ais fr_FR at {ru.apertum.qsystem.client.Locales.<init>(Locales.java:119)}
2017-10-26 08:47:41,737 [DEBUG]    Langusge: Italiano it_IT at {ru.apertum.qsystem.client.Locales.<init>(Locales.java:119)}
2017-10-26 08:47:41,738 [DEBUG]    Langusge: Portugu?s pt_PT at {ru.apertum.qsystem.client.Locales.<init>(Locales.java:119)}
2017-10-26 08:47:41,740 [DEBUG]    Langusge: Roman ro_RO at {ru.apertum.qsystem.client.Locales.<init>(Locales.java:119)}
2017-10-26 08:47:41,743 [DEBUG]    Langusge: Русский ru_RU at {ru.apertum.qsystem.client.Locales.<init>(Locales.java:119)}
2017-10-26 08:47:41,744 [DEBUG]    Langusge: Українська uk_UA at {ru.apertum.qsystem.client.Locales.<init>(Locales.java:119)}
2017-10-26 08:47:41,783 [ INFO] Получение возможных услуг. at {ru.apertum.qsystem.common.NetCommander.getServiсes(NetCommander.java:294)}
2017-10-26 08:47:41,879 [TRACE] Task "Получить перечень услуг" on 127.0.0.1:3128#
{"jsonrpc":"2.0","id":"1508996861783","method":"Получить перечень услуг"} at {ru.apertum.qsystem.common.NetCommander.sendRpc(NetCommander.java:131)}
2017-10-26 08:47:41,882 [TRACE] Socket was created. at {ru.apertum.qsystem.common.NetCommander.sendRpc(NetCommander.java:139)}
2017-10-26 08:47:41,884 [TRACE] Sending... at {ru.apertum.qsystem.common.NetCommander.sendRpc(NetCommander.java:145)}
2017-10-26 08:47:41,884 [TRACE] Reading... at {ru.apertum.qsystem.common.NetCommander.sendRpc(NetCommander.java:147)}
2017-10-26 08:47:41,908 [TRACE] Response:
{"result":{"root":{"id":1,"status":1,"point":0,"duration":1,"exp":0,"sound_template":"120050","advance_limit":1,"day_limit":0,"person_day_limit":0,"inputed_as_number":0,"advance_limit_period":14,"advance_time_period":60,"enable":1,"result_required":false,"input_required":false,"inputed_as_ext":false,"input_caption":"","pre_info_html":"","pre_info_print_text":"","ticket_text":"","tablo_text":"","but_x":100,"but_y":100,"but_b":200,"but_h":100,"countPerDay":0,"day":0,"description":"Дерево услуг","service_prefix":"-","name":"СЗАО \"ИНТЕРДНЕСТРКОМ\"","buttonText":"\u003chtml\u003e\u003cp align\u003dcenter\u003e\u003cspan style\u003d\u0027font-size:55.0;color:#DC143C\u0027\u003eСистема управления очередью\u003c/span\u003e\u003cbr\u003e\u003cspan style\u003d\u0027font-size:45.0;color:#DC143C\u0027\u003e\u003ci\u003eвыберите требуемую услугу\u003c/i\u003e","langs":[],"inner_services":[{"id":2,"status":1,"point":0,"duration":1,"exp":1,"sound_template":"021111","advance_limit":1,"day_limit":0,"person_day_limit":0,"inputed_as_number":0,"advance_limit_period":14,"advance_time_period":60,"enable":1,"result_required":false,"input_required":false,"inputed_as_ext":false,"input_caption":"","pre_info_html":"","pre_info_print_text":"","ticket_text":"","tablo_text":"","but_x":100,"but_y":100,"but_b":200,"but_h":100,"countPerDay":0,"day":0,"description":"Описание услуги","service_prefix":"","name":"Обслуживание в абон зале","buttonText":"\u003chtml\u003e\u003cb\u003e\u003cp align\u003dcenter\u003e\u003cspan style\u003d\u0027font-size:20.0pt;color:blue\u0027\u003eНекая услуга","parentId":1,"langs":[],"inner_services":[{"id":1504684653226,"status":1,"point":0,"duration":1,"exp":0,"sound_template":"021111","advance_limit":1,"day_limit":0,"person_day_limit":0,"inputed_as_number":0,"advance_limit_period":0,"advance_time_period":60,"enable":1,"result_required":false,"input_required":false,"inputed_as_ext":false,"input_caption":"","pre_info_html":"","pre_info_print_text":"","ticket_text":"","tablo_text":"","but_x":100,"but_y":100,"but_b":100,"but_h":100,"countPerDay":0,"day":0,"description":"Оформить обращение по качеству обслуживания","service_prefix":"","name":"Оформить обращение по качеству обслуживания","buttonText":"\u003chtml\u003e\u003cb\u003e\u003cp align\u003dcenter\u003e\u003cspan style\u003d\u0027font-size:20.0pt;color:red\u0027\u003eОформить обращение по качеству обслуживания\u003c/span\u003e\u003c/b\u003e","parentId":2,"langs":[],"inner_services":[]}]},{"id":1504617489400,"status":1,"point":0,"duration":1,"exp":1,"sound_template":"021111","advance_limit":1,"day_limit":0,"person_day_limit":0,"inputed_as_number":0,"advance_limit_period":0,"advance_time_period":60,"enable":1,"result_required":false,"input_required":false,"inputed_as_ext":false,"input_caption":"","pre_info_html":"","pre_info_print_text":"","ticket_text":"","tablo_text":"","but_x":100,"but_y":100,"but_b":100,"but_h":100,"countPerDay":0,"day":0,"description":"111","service_prefix":"","name":"c/w","buttonText":"\u003chtml\u003e\u003cb\u003e\u003cp align\u003dcenter\u003e\u003cspan style\u003d\u0027font-size:20.0pt;color:red\u0027\u003e111\u003c/span\u003e\u003c/b\u003e","parentId":1,"langs":[],"inner_services":[{"id":1504684674193,"status":1,"point":0,"duration":1,"exp":0,"sound_template":"021111","advance_limit":1,"day_limit":0,"person_day_limit":0,"inputed_as_number":0,"advance_limit_period":0,"advance_time_period":60,"enable":1,"result_required":false,"input_required":false,"inputed_as_ext":false,"input_caption":"","pre_info_html":"","pre_info_print_text":"","ticket_text":"","tablo_text":"","but_x":100,"but_y":100,"but_b":100,"but_h":100,"countPerDay":0,"day":0,"description":"Сдать оборудование в ремонт (на тестирование)","service_prefix":"","name":"Сдать оборудование в ремонт (на тестирование)","buttonText":"\u003chtml\u003e\u003cb\u003e\u003cp align\u003dcenter\u003e\u003cspan style\u003d\u0027font-size:20.0pt;color:red\u0027\u003eСдать оборудование в ремонт (на тестирование)\u003c/span\u003e\u003c/b\u003e","parentId":1504617489400,"langs":[],"inner_services":[]}]}]},"start_time":"01.01.1970 08:00:00","finish_time":"01.01.1970 18:00:00","btn_free_dsn":false},"jsonrpc":"2.0","id":"1508996861887"}
 at {ru.apertum.qsystem.common.NetCommander.sendRpc(NetCommander.java:159)}
2017-10-26 08:47:42,014 [DEBUG] Загрузим параметры из файла "config\welcome.property" at {ru.apertum.qsystem.client.common.WelcomeParams.loadSettings(WelcomeParams.java:218)}
2017-10-26 08:47:42,020 [ INFO] Создаем окно приглашения. at {ru.apertum.qsystem.client.forms.FWelcome.<init>(FWelcome.java:799)}
2017-10-26 08:47:47,125 [ INFO] Показываем набор кнопок уровня: СЗАО "ИНТЕРДНЕСТРКОМ" ID=1 at {ru.apertum.qsystem.client.forms.FWelcome.showButtons(FWelcome.java:1020)}
2017-10-26 08:47:47,130 [DEBUG] FIle not found 1417718379463 = E:/spring.jpg at {ru.apertum.qsystem.client.common.WelcomeBGparams.<init>(WelcomeBGparams.java:50)}
2017-10-26 08:47:47,132 [DEBUG] FIle not found 1417718393092 = E:/spring2.jpg at {ru.apertum.qsystem.client.common.WelcomeBGparams.<init>(WelcomeBGparams.java:50)}
2017-10-26 08:47:47,135 [DEBUG] FIle not found 1417872096348 = E:\temp\qsys_pic\fon_welcome.jpg at {ru.apertum.qsystem.client.common.WelcomeBGparams.<init>(WelcomeBGparams.java:50)}
2017-10-26 08:47:47,147 [TRACE] Create button for "Обслуживание в абон зале" ID=2 states: Visible Active ForAll Real at {ru.apertum.qsystem.client.model.QButton.init(QButton.java:189)}
2017-10-26 08:47:47,157 [TRACE] Create button for "c/w" ID=1504617489400 states: Visible Active ForAll Real at {ru.apertum.qsystem.client.model.QButton.init(QButton.java:189)}
2017-10-26 08:47:47,187 [ INFO] Сервер управления пунктом регистрации запущен. at {ru.apertum.qsystem.client.forms.FWelcome$CommandServer.run(FWelcome.java:229)}
2017-10-26 08:48:15,082 [ INFO] Properties are ready. at {ru.apertum.qsystem.common.QConfig.prepareCLI(QConfig.java:305)}
2017-10-26 08:48:15,085 [ INFO] "QSystem 17.1"!  date: 20.05.2017 at {ru.apertum.qsystem.common.QLog.initial(QLog.java:180)}
2017-10-26 08:48:15,085 [ INFO] START LOGER. Logger: welcome.file at {ru.apertum.qsystem.common.QLog.initial(QLog.java:181)}
2017-10-26 08:48:15,085 [ INFO] Mode: FULL at {ru.apertum.qsystem.common.QLog.initial(QLog.java:186)}
2017-10-26 08:48:15,085 [ INFO] Plugins: YES at {ru.apertum.qsystem.common.QLog.initial(QLog.java:187)}
2017-10-26 08:48:15,087 [ INFO] Languages are loading... at {ru.apertum.qsystem.client.Locales.<init>(Locales.java:79)}
2017-10-26 08:48:15,092 [DEBUG]    Langusge: Az?rbaycan az_AZ at {ru.apertum.qsystem.client.Locales.<init>(Locales.java:119)}
2017-10-26 08:48:15,095 [DEBUG]    Langusge: English en_US at {ru.apertum.qsystem.client.Locales.<init>(Locales.java:119)}
2017-10-26 08:48:15,096 [DEBUG]    Langusge: Espanol es_ES at {ru.apertum.qsystem.client.Locales.<init>(Locales.java:119)}
2017-10-26 08:48:15,097 [DEBUG]    Langusge: Fran?ais fr_FR at {ru.apertum.qsystem.client.Locales.<init>(Locales.java:119)}
2017-10-26 08:48:15,098 [DEBUG]    Langusge: Italiano it_IT at {ru.apertum.qsystem.client.Locales.<init>(Locales.java:119)}
2017-10-26 08:48:15,099 [DEBUG]    Langusge: Portugu?s pt_PT at {ru.apertum.qsystem.client.Locales.<init>(Locales.java:119)}
2017-10-26 08:48:15,101 [DEBUG]    Langusge: Roman ro_RO at {ru.apertum.qsystem.client.Locales.<init>(Locales.java:119)}
2017-10-26 08:48:15,102 [DEBUG]    Langusge: Русский ru_RU at {ru.apertum.qsystem.client.Locales.<init>(Locales.java:119)}
2017-10-26 08:48:15,103 [DEBUG]    Langusge: Українська uk_UA at {ru.apertum.qsystem.client.Locales.<init>(Locales.java:119)}
2017-10-26 08:48:28,863 [ INFO] Properties are ready. at {ru.apertum.qsystem.common.QConfig.prepareCLI(QConfig.java:305)}
2017-10-26 08:48:28,866 [ INFO] "QSystem 17.1"!  date: 20.05.2017 at {ru.apertum.qsystem.common.QLog.initial(QLog.java:180)}
2017-10-26 08:48:28,867 [ INFO] START LOGER. Logger: welcome.file.info.trace at {ru.apertum.qsystem.common.QLog.initial(QLog.java:181)}
2017-10-26 08:48:28,867 [ INFO] Mode: KEY_DEBUG at {ru.apertum.qsystem.common.QLog.initial(QLog.java:186)}
2017-10-26 08:48:28,868 [ INFO] Plugins: YES at {ru.apertum.qsystem.common.QLog.initial(QLog.java:187)}
2017-10-26 08:48:28,933 [ INFO] Загрузка плагинов из папки plugins. at {ru.apertum.qsystem.common.Uses.loadPlugins(Uses.java:800)}
2017-10-26 08:48:28,935 [DEBUG] Плагин ZoneboardPlugin.jar at {ru.apertum.qsystem.common.Uses.loadPlugins(Uses.java:807)}
2017-10-26 08:48:28,938 [ INFO] Languages are loading... at {ru.apertum.qsystem.client.Locales.<init>(Locales.java:79)}
2017-10-26 08:48:28,944 [DEBUG]    Langusge: Az?rbaycan az_AZ at {ru.apertum.qsystem.client.Locales.<init>(Locales.java:119)}
2017-10-26 08:48:28,947 [DEBUG]    Langusge: English en_US at {ru.apertum.qsystem.client.Locales.<init>(Locales.java:119)}
2017-10-26 08:48:28,949 [DEBUG]    Langusge: Espanol es_ES at {ru.apertum.qsystem.client.Locales.<init>(Locales.java:119)}
2017-10-26 08:48:28,950 [DEBUG]    Langusge: Fran?ais fr_FR at {ru.apertum.qsystem.client.Locales.<init>(Locales.java:119)}
2017-10-26 08:48:28,952 [DEBUG]    Langusge: Italiano it_IT at {ru.apertum.qsystem.client.Locales.<init>(Locales.java:119)}
2017-10-26 08:48:28,953 [DEBUG]    Langusge: Portugu?s pt_PT at {ru.apertum.qsystem.client.Locales.<init>(Locales.java:119)}
2017-10-26 08:48:28,959 [DEBUG]    Langusge: Roman ro_RO at {ru.apertum.qsystem.client.Locales.<init>(Locales.java:119)}
2017-10-26 08:48:28,965 [DEBUG]    Langusge: Русский ru_RU at {ru.apertum.qsystem.client.Locales.<init>(Locales.java:119)}
2017-10-26 08:48:28,969 [DEBUG]    Langusge: Українська uk_UA at {ru.apertum.qsystem.client.Locales.<init>(Locales.java:119)}
2017-10-26 08:48:29,017 [ INFO] Получение возможных услуг. at {ru.apertum.qsystem.common.NetCommander.getServiсes(NetCommander.java:294)}
2017-10-26 08:48:29,117 [TRACE] Task "Получить перечень услуг" on 127.0.0.1:3128#
{"jsonrpc":"2.0","id":"1508996909017","method":"Получить перечень услуг"} at {ru.apertum.qsystem.common.NetCommander.sendRpc(NetCommander.java:131)}
2017-10-26 08:48:29,121 [TRACE] Socket was created. at {ru.apertum.qsystem.common.NetCommander.sendRpc(NetCommander.java:139)}
2017-10-26 08:48:29,123 [TRACE] Sending... at {ru.apertum.qsystem.common.NetCommander.sendRpc(NetCommander.java:145)}
2017-10-26 08:48:29,124 [TRACE] Reading... at {ru.apertum.qsystem.common.NetCommander.sendRpc(NetCommander.java:147)}
2017-10-26 08:48:29,248 [TRACE] Response:
{"result":{"root":{"id":1,"status":1,"point":0,"duration":1,"exp":0,"sound_template":"120050","advance_limit":1,"day_limit":0,"person_day_limit":0,"inputed_as_number":0,"advance_limit_period":14,"advance_time_period":60,"enable":1,"result_required":false,"input_required":false,"inputed_as_ext":false,"input_caption":"","pre_info_html":"","pre_info_print_text":"","ticket_text":"","tablo_text":"","but_x":100,"but_y":100,"but_b":200,"but_h":100,"countPerDay":0,"day":0,"description":"Дерево услуг","service_prefix":"-","name":"СЗАО \"ИНТЕРДНЕСТРКОМ\"","buttonText":"\u003chtml\u003e\u003cp align\u003dcenter\u003e\u003cspan style\u003d\u0027font-size:55.0;color:#DC143C\u0027\u003eСистема управления очередью\u003c/span\u003e\u003cbr\u003e\u003cspan style\u003d\u0027font-size:45.0;color:#DC143C\u0027\u003e\u003ci\u003eвыберите требуемую услугу\u003c/i\u003e","langs":[],"inner_services":[{"id":2,"status":1,"point":0,"duration":1,"exp":1,"sound_template":"021111","advance_limit":1,"day_limit":0,"person_day_limit":0,"inputed_as_number":0,"advance_limit_period":14,"advance_time_period":60,"enable":1,"result_required":false,"input_required":false,"inputed_as_ext":false,"input_caption":"","pre_info_html":"","pre_info_print_text":"","ticket_text":"","tablo_text":"","but_x":100,"but_y":100,"but_b":200,"but_h":100,"countPerDay":0,"day":0,"description":"Описание услуги","service_prefix":"","name":"Обслуживание в абон зале","buttonText":"\u003chtml\u003e\u003cb\u003e\u003cp align\u003dcenter\u003e\u003cspan style\u003d\u0027font-size:20.0pt;color:blue\u0027\u003eНекая услуга","parentId":1,"langs":[],"inner_services":[{"id":1504684653226,"status":1,"point":0,"duration":1,"exp":0,"sound_template":"021111","advance_limit":1,"day_limit":0,"person_day_limit":0,"inputed_as_number":0,"advance_limit_period":0,"advance_time_period":60,"enable":1,"result_required":false,"input_required":false,"inputed_as_ext":false,"input_caption":"","pre_info_html":"","pre_info_print_text":"","ticket_text":"","tablo_text":"","but_x":100,"but_y":100,"but_b":100,"but_h":100,"countPerDay":0,"day":0,"description":"Оформить обращение по качеству обслуживания","service_prefix":"","name":"Оформить обращение по качеству обслуживания","buttonText":"\u003chtml\u003e\u003cb\u003e\u003cp align\u003dcenter\u003e\u003cspan style\u003d\u0027font-size:20.0pt;color:red\u0027\u003eОформить обращение по качеству обслуживания\u003c/span\u003e\u003c/b\u003e","parentId":2,"langs":[],"inner_services":[]}]},{"id":1504617489400,"status":1,"point":0,"duration":1,"exp":1,"sound_template":"021111","advance_limit":1,"day_limit":0,"person_day_limit":0,"inputed_as_number":0,"advance_limit_period":0,"advance_time_period":60,"enable":1,"result_required":false,"input_required":false,"inputed_as_ext":false,"input_caption":"","pre_info_html":"","pre_info_print_text":"","ticket_text":"","tablo_text":"","but_x":100,"but_y":100,"but_b":100,"but_h":100,"countPerDay":0,"day":0,"description":"111","service_prefix":"","name":"c/w","buttonText":"\u003chtml\u003e\u003cb\u003e\u003cp align\u003dcenter\u003e\u003cspan style\u003d\u0027font-size:20.0pt;color:red\u0027\u003e111\u003c/span\u003e\u003c/b\u003e","parentId":1,"langs":[],"inner_services":[{"id":1504684674193,"status":1,"point":0,"duration":1,"exp":0,"sound_template":"021111","advance_limit":1,"day_limit":0,"person_day_limit":0,"inputed_as_number":0,"advance_limit_period":0,"advance_time_period":60,"enable":1,"result_required":false,"input_required":false,"inputed_as_ext":false,"input_caption":"","pre_info_html":"","pre_info_print_text":"","ticket_text":"","tablo_text":"","but_x":100,"but_y":100,"but_b":100,"but_h":100,"countPerDay":0,"day":0,"description":"Сдать оборудование в ремонт (на тестирование)","service_prefix":"","name":"Сдать оборудование в ремонт (на тестирование)","buttonText":"\u003chtml\u003e\u003cb\u003e\u003cp align\u003dcenter\u003e\u003cspan style\u003d\u0027font-size:20.0pt;color:red\u0027\u003eСдать оборудование в ремонт (на тестирование)\u003c/span\u003e\u003c/b\u003e","parentId":1504617489400,"langs":[],"inner_services":[]}]}]},"start_time":"01.01.1970 08:00:00","finish_time":"01.01.1970 18:00:00","btn_free_dsn":false},"jsonrpc":"2.0","id":"1508996909223"}
 at {ru.apertum.qsystem.common.NetCommander.sendRpc(NetCommander.java:159)}
2017-10-26 08:48:29,347 [DEBUG] Загрузим параметры из файла "config\welcome.property" at {ru.apertum.qsystem.client.common.WelcomeParams.loadSettings(WelcomeParams.java:218)}
2017-10-26 08:48:29,352 [ INFO] Создаем окно приглашения. at {ru.apertum.qsystem.client.forms.FWelcome.<init>(FWelcome.java:799)}
2017-10-26 08:48:33,665 [ INFO] Показываем набор кнопок уровня: СЗАО "ИНТЕРДНЕСТРКОМ" ID=1 at {ru.apertum.qsystem.client.forms.FWelcome.showButtons(FWelcome.java:1020)}
2017-10-26 08:48:33,671 [DEBUG] FIle not found 1417718379463 = E:/spring.jpg at {ru.apertum.qsystem.client.common.WelcomeBGparams.<init>(WelcomeBGparams.java:50)}
2017-10-26 08:48:33,676 [DEBUG] FIle not found 1417718393092 = E:/spring2.jpg at {ru.apertum.qsystem.client.common.WelcomeBGparams.<init>(WelcomeBGparams.java:50)}
2017-10-26 08:48:33,681 [DEBUG] FIle not found 1417872096348 = E:\temp\qsys_pic\fon_welcome.jpg at {ru.apertum.qsystem.client.common.WelcomeBGparams.<init>(WelcomeBGparams.java:50)}
2017-10-26 08:48:33,698 [TRACE] Create button for "Обслуживание в абон зале" ID=2 states: Visible Active ForAll Real at {ru.apertum.qsystem.client.model.QButton.init(QButton.java:189)}
2017-10-26 08:48:33,705 [TRACE] Create button for "c/w" ID=1504617489400 states: Visible Active ForAll Real at {ru.apertum.qsystem.client.model.QButton.init(QButton.java:189)}
2017-10-26 08:48:33,865 [ INFO] Сервер управления пунктом регистрации запущен. at {ru.apertum.qsystem.client.forms.FWelcome$CommandServer.run(FWelcome.java:229)}
2017-10-26 08:48:40,370 [ INFO] Pressed button "Обслуживание в абон зале" ID=2 at {ru.apertum.qsystem.client.model.QButton.lambda$init$2(QButton.java:256)}
2017-10-26 08:48:40,373 [ INFO] Показываем набор кнопок уровня: Обслуживание в абон зале ID=2 at {ru.apertum.qsystem.client.forms.FWelcome.showButtons(FWelcome.java:1020)}
2017-10-26 08:48:40,380 [TRACE] Create button for "Оформить обращение по качеству обслуживания" ID=1504684653226 states: Visible Active ForAll Real at {ru.apertum.qsystem.client.model.QButton.init(QButton.java:189)}
2017-10-26 08:48:42,801 [ INFO] Pressed button "Оформить обращение по качеству обслуживания" ID=1504684653226 at {ru.apertum.qsystem.client.model.QButton.lambda$init$2(QButton.java:256)}
2017-10-26 08:48:42,804 [ INFO] Встать в очередь. at {ru.apertum.qsystem.common.NetCommander.aboutService(NetCommander.java:427)}
2017-10-26 08:48:42,806 [TRACE] Task "Получить описание услуги" on 127.0.0.1:3128#
{"params":{"service_id":1504684653226},"jsonrpc":"2.0","id":"1508996909017","method":"Получить описание услуги"} at {ru.apertum.qsystem.common.NetCommander.sendRpc(NetCommander.java:131)}
2017-10-26 08:48:42,808 [TRACE] Socket was created. at {ru.apertum.qsystem.common.NetCommander.sendRpc(NetCommander.java:139)}
2017-10-26 08:48:42,810 [TRACE] Sending... at {ru.apertum.qsystem.common.NetCommander.sendRpc(NetCommander.java:145)}
2017-10-26 08:48:42,811 [TRACE] Reading... at {ru.apertum.qsystem.common.NetCommander.sendRpc(NetCommander.java:147)}
2017-10-26 08:48:43,031 [TRACE] Response:
{"result":{"code":1000000011,"message":""},"jsonrpc":"2.0","id":"1508996923027"}
 at {ru.apertum.qsystem.common.NetCommander.sendRpc(NetCommander.java:159)}
2017-10-26 08:48:43,070 [ INFO] Пункт регистрации заблокирован. Состояние "Заблокирован" at {ru.apertum.qsystem.client.forms.FWelcome.lock(FWelcome.java:2021)}
2017-10-26 08:48:48,074 [ INFO] Пункт регистрации готов к работе. Состояние "Готов к работе" at {ru.apertum.qsystem.client.forms.FWelcome.unlock(FWelcome.java:2030)}
2017-10-26 08:48:48,075 [ INFO] Показываем набор кнопок уровня: СЗАО "ИНТЕРДНЕСТРКОМ" ID=1 at {ru.apertum.qsystem.client.forms.FWelcome.showButtons(FWelcome.java:1020)}
2017-10-26 08:48:48,077 [TRACE] Create button for "Обслуживание в абон зале" ID=2 states: Visible Active ForAll Real at {ru.apertum.qsystem.client.model.QButton.init(QButton.java:189)}
2017-10-26 08:48:48,084 [TRACE] Create button for "c/w" ID=1504617489400 states: Visible Active ForAll Real at {ru.apertum.qsystem.client.model.QButton.init(QButton.java:189)}
2017-10-26 08:48:48,853 [ INFO] Pressed button "c/w" ID=1504617489400 at {ru.apertum.qsystem.client.model.QButton.lambda$init$2(QButton.java:256)}
2017-10-26 08:48:48,855 [ INFO] Показываем набор кнопок уровня: c/w ID=1504617489400 at {ru.apertum.qsystem.client.forms.FWelcome.showButtons(FWelcome.java:1020)}
2017-10-26 08:48:48,861 [TRACE] Create button for "Сдать оборудование в ремонт (на тестирование)" ID=1504684674193 states: Visible Active ForAll Real at {ru.apertum.qsystem.client.model.QButton.init(QButton.java:189)}
2017-10-26 08:48:49,559 [ INFO] Pressed button "Сдать оборудование в ремонт (на тестирование)" ID=1504684674193 at {ru.apertum.qsystem.client.model.QButton.lambda$init$2(QButton.java:256)}
2017-10-26 08:48:49,562 [ INFO] Встать в очередь. at {ru.apertum.qsystem.common.NetCommander.aboutService(NetCommander.java:427)}
2017-10-26 08:48:49,563 [TRACE] Task "Получить описание услуги" on 127.0.0.1:3128#
{"params":{"service_id":1504684674193},"jsonrpc":"2.0","id":"1508996909017","method":"Получить описание услуги"} at {ru.apertum.qsystem.common.NetCommander.sendRpc(NetCommander.java:131)}
2017-10-26 08:48:49,565 [TRACE] Socket was created. at {ru.apertum.qsystem.common.NetCommander.sendRpc(NetCommander.java:139)}
2017-10-26 08:48:49,567 [TRACE] Sending... at {ru.apertum.qsystem.common.NetCommander.sendRpc(NetCommander.java:145)}
2017-10-26 08:48:49,568 [TRACE] Reading... at {ru.apertum.qsystem.common.NetCommander.sendRpc(NetCommander.java:147)}
2017-10-26 08:48:49,694 [TRACE] Response:
{"result":{"code":1000000011,"message":""},"jsonrpc":"2.0","id":"1508996929692"}
 at {ru.apertum.qsystem.common.NetCommander.sendRpc(NetCommander.java:159)}
2017-10-26 08:48:49,700 [ INFO] Пункт регистрации заблокирован. Состояние "Заблокирован" at {ru.apertum.qsystem.client.forms.FWelcome.lock(FWelcome.java:2021)}
2017-10-26 08:48:54,702 [ INFO] Пункт регистрации готов к работе. Состояние "Готов к работе" at {ru.apertum.qsystem.client.forms.FWelcome.unlock(FWelcome.java:2030)}
2017-10-26 08:48:54,703 [ INFO] Показываем набор кнопок уровня: СЗАО "ИНТЕРДНЕСТРКОМ" ID=1 at {ru.apertum.qsystem.client.forms.FWelcome.showButtons(FWelcome.java:1020)}
2017-10-26 08:48:54,704 [TRACE] Create button for "Обслуживание в абон зале" ID=2 states: Visible Active ForAll Real at {ru.apertum.qsystem.client.model.QButton.init(QButton.java:189)}
2017-10-26 08:48:54,711 [TRACE] Create button for "c/w" ID=1504617489400 states: Visible Active ForAll Real at {ru.apertum.qsystem.client.model.QButton.init(QButton.java:189)}
2017-10-26 08:49:00,095 [ INFO] Pressed button "c/w" ID=1504617489400 at {ru.apertum.qsystem.client.model.QButton.lambda$init$2(QButton.java:256)}
2017-10-26 08:49:00,096 [ INFO] Показываем набор кнопок уровня: c/w ID=1504617489400 at {ru.apertum.qsystem.client.forms.FWelcome.showButtons(FWelcome.java:1020)}
2017-10-26 08:49:00,101 [TRACE] Create button for "Сдать оборудование в ремонт (на тестирование)" ID=1504684674193 states: Visible Active ForAll Real at {ru.apertum.qsystem.client.model.QButton.init(QButton.java:189)}
2017-10-26 08:49:01,246 [ INFO] Показываем набор кнопок уровня: СЗАО "ИНТЕРДНЕСТРКОМ" ID=1 at {ru.apertum.qsystem.client.forms.FWelcome.showButtons(FWelcome.java:1020)}
2017-10-26 08:49:01,247 [TRACE] Create button for "Обслуживание в абон зале" ID=2 states: Visible Active ForAll Real at {ru.apertum.qsystem.client.model.QButton.init(QButton.java:189)}
2017-10-26 08:49:01,253 [TRACE] Create button for "c/w" ID=1504617489400 states: Visible Active ForAll Real at {ru.apertum.qsystem.client.model.QButton.init(QButton.java:189)}
2017-10-26 08:49:01,810 [ INFO] Pressed button "Обслуживание в абон зале" ID=2 at {ru.apertum.qsystem.client.model.QButton.lambda$init$2(QButton.java:256)}
2017-10-26 08:49:01,810 [ INFO] Показываем набор кнопок уровня: Обслуживание в абон зале ID=2 at {ru.apertum.qsystem.client.forms.FWelcome.showButtons(FWelcome.java:1020)}
2017-10-26 08:49:01,813 [TRACE] Create button for "Оформить обращение по качеству обслуживания" ID=1504684653226 states: Visible Active ForAll Real at {ru.apertum.qsystem.client.model.QButton.init(QButton.java:189)}
2017-10-26 08:49:02,421 [ INFO] Показываем набор кнопок уровня: СЗАО "ИНТЕРДНЕСТРКОМ" ID=1 at {ru.apertum.qsystem.client.forms.FWelcome.showButtons(FWelcome.java:1020)}
2017-10-26 08:49:02,422 [TRACE] Create button for "Обслуживание в абон зале" ID=2 states: Visible Active ForAll Real at {ru.apertum.qsystem.client.model.QButton.init(QButton.java:189)}
2017-10-26 08:49:02,428 [TRACE] Create button for "c/w" ID=1504617489400 states: Visible Active ForAll Real at {ru.apertum.qsystem.client.model.QButton.init(QButton.java:189)}
2017-10-26 08:49:16,818 [ INFO] Показываем набор кнопок уровня: СЗАО "ИНТЕРДНЕСТРКОМ" ID=1 at {ru.apertum.qsystem.client.forms.FWelcome.showButtons(FWelcome.java:1020)}
2017-10-26 08:49:16,820 [TRACE] Create button for "Обслуживание в абон зале" ID=2 states: Visible Active ForAll Real at {ru.apertum.qsystem.client.model.QButton.init(QButton.java:189)}
2017-10-26 08:49:16,828 [TRACE] Create button for "c/w" ID=1504617489400 states: Visible Active ForAll Real at {ru.apertum.qsystem.client.model.QButton.init(QButton.java:189)}
2017-10-26 08:56:38,835 [ INFO] Pressed button "Обслуживание в абон зале" ID=2 at {ru.apertum.qsystem.client.model.QButton.lambda$init$2(QButton.java:256)}
2017-10-26 08:56:38,837 [ INFO] Показываем набор кнопок уровня: Обслуживание в абон зале ID=2 at {ru.apertum.qsystem.client.forms.FWelcome.showButtons(FWelcome.java:1020)}
2017-10-26 08:56:38,841 [TRACE] Create button for "Оформить обращение по качеству обслуживания" ID=1504684653226 states: Visible Active ForAll Real at {ru.apertum.qsystem.client.model.QButton.init(QButton.java:189)}
2017-10-26 08:56:39,726 [ INFO] Pressed button "Оформить обращение по качеству обслуживания" ID=1504684653226 at {ru.apertum.qsystem.client.model.QButton.lambda$init$2(QButton.java:256)}
2017-10-26 08:56:39,727 [ INFO] Встать в очередь. at {ru.apertum.qsystem.common.NetCommander.aboutService(NetCommander.java:427)}
2017-10-26 08:56:39,728 [TRACE] Task "Получить описание услуги" on 127.0.0.1:3128#
{"params":{"service_id":1504684653226},"jsonrpc":"2.0","id":"1508996909017","method":"Получить описание услуги"} at {ru.apertum.qsystem.common.NetCommander.sendRpc(NetCommander.java:131)}
2017-10-26 08:56:39,729 [TRACE] Socket was created. at {ru.apertum.qsystem.common.NetCommander.sendRpc(NetCommander.java:139)}
2017-10-26 08:56:39,729 [TRACE] Sending... at {ru.apertum.qsystem.common.NetCommander.sendRpc(NetCommander.java:145)}
2017-10-26 08:56:39,730 [TRACE] Reading... at {ru.apertum.qsystem.common.NetCommander.sendRpc(NetCommander.java:147)}
2017-10-26 08:56:39,743 [TRACE] Response:
{"result":{"code":1000000011,"message":""},"jsonrpc":"2.0","id":"1508997399742"}
 at {ru.apertum.qsystem.common.NetCommander.sendRpc(NetCommander.java:159)}
2017-10-26 08:56:39,748 [ INFO] Пункт регистрации заблокирован. Состояние "Заблокирован" at {ru.apertum.qsystem.client.forms.FWelcome.lock(FWelcome.java:2021)}
2017-10-26 08:56:47,178 [ INFO] Properties are ready. at {ru.apertum.qsystem.common.QConfig.prepareCLI(QConfig.java:305)}
2017-10-26 08:56:47,182 [ INFO] "QSystem 17.1"!  date: 20.05.2017 at {ru.apertum.qsystem.common.QLog.initial(QLog.java:180)}
2017-10-26 08:56:47,182 [ INFO] START LOGER. Logger: welcome.file.info.trace at {ru.apertum.qsystem.common.QLog.initial(QLog.java:181)}
2017-10-26 08:56:47,182 [ INFO] Mode: KEY_DEBUG at {ru.apertum.qsystem.common.QLog.initial(QLog.java:186)}
2017-10-26 08:56:47,184 [ INFO] Plugins: YES at {ru.apertum.qsystem.common.QLog.initial(QLog.java:187)}
2017-10-26 08:56:47,251 [ INFO] Загрузка плагинов из папки plugins. at {ru.apertum.qsystem.common.Uses.loadPlugins(Uses.java:800)}
2017-10-26 08:56:47,253 [DEBUG] Плагин ZoneboardPlugin.jar at {ru.apertum.qsystem.common.Uses.loadPlugins(Uses.java:807)}
2017-10-26 08:56:47,257 [ INFO] Languages are loading... at {ru.apertum.qsystem.client.Locales.<init>(Locales.java:79)}
2017-10-26 08:56:47,263 [DEBUG]    Langusge: Az?rbaycan az_AZ at {ru.apertum.qsystem.client.Locales.<init>(Locales.java:119)}
2017-10-26 08:56:47,265 [DEBUG]    Langusge: English en_US at {ru.apertum.qsystem.client.Locales.<init>(Locales.java:119)}
2017-10-26 08:56:47,267 [DEBUG]    Langusge: Espanol es_ES at {ru.apertum.qsystem.client.Locales.<init>(Locales.java:119)}
2017-10-26 08:56:47,268 [DEBUG]    Langusge: Fran?ais fr_FR at {ru.apertum.qsystem.client.Locales.<init>(Locales.java:119)}
2017-10-26 08:56:47,270 [DEBUG]    Langusge: Italiano it_IT at {ru.apertum.qsystem.client.Locales.<init>(Locales.java:119)}
2017-10-26 08:56:47,272 [DEBUG]    Langusge: Portugu?s pt_PT at {ru.apertum.qsystem.client.Locales.<init>(Locales.java:119)}
2017-10-26 08:56:47,275 [DEBUG]    Langusge: Roman ro_RO at {ru.apertum.qsystem.client.Locales.<init>(Locales.java:119)}
2017-10-26 08:56:47,281 [DEBUG]    Langusge: Русский ru_RU at {ru.apertum.qsystem.client.Locales.<init>(Locales.java:119)}
2017-10-26 08:56:47,284 [DEBUG]    Langusge: Українська uk_UA at {ru.apertum.qsystem.client.Locales.<init>(Locales.java:119)}
2017-10-26 08:56:47,324 [ INFO] Получение возможных услуг. at {ru.apertum.qsystem.common.NetCommander.getServiсes(NetCommander.java:294)}
2017-10-26 08:56:47,431 [TRACE] Task "Получить перечень услуг" on 127.0.0.1:3128#
{"jsonrpc":"2.0","id":"1508997407324","method":"Получить перечень услуг"} at {ru.apertum.qsystem.common.NetCommander.sendRpc(NetCommander.java:131)}
2017-10-26 08:56:47,434 [TRACE] Socket was created. at {ru.apertum.qsystem.common.NetCommander.sendRpc(NetCommander.java:139)}
2017-10-26 08:56:47,436 [TRACE] Sending... at {ru.apertum.qsystem.common.NetCommander.sendRpc(NetCommander.java:145)}
2017-10-26 08:56:47,437 [TRACE] Reading... at {ru.apertum.qsystem.common.NetCommander.sendRpc(NetCommander.java:147)}
2017-10-26 08:56:47,560 [TRACE] Response:
{"result":{"root":{"id":1,"status":1,"point":0,"duration":1,"exp":0,"sound_template":"120050","advance_limit":1,"day_limit":0,"person_day_limit":0,"inputed_as_number":0,"advance_limit_period":14,"advance_time_period":60,"enable":1,"result_required":false,"input_required":false,"inputed_as_ext":false,"input_caption":"","pre_info_html":"","pre_info_print_text":"","ticket_text":"","tablo_text":"","but_x":100,"but_y":100,"but_b":200,"but_h":100,"countPerDay":0,"day":0,"description":"Дерево услуг","service_prefix":"-","name":"СЗАО \"ИНТЕРДНЕСТРКОМ\"","buttonText":"\u003chtml\u003e\u003cp align\u003dcenter\u003e\u003cspan style\u003d\u0027font-size:55.0;color:#DC143C\u0027\u003eСистема управления очередью\u003c/span\u003e\u003cbr\u003e\u003cspan style\u003d\u0027font-size:45.0;color:#DC143C\u0027\u003e\u003ci\u003eвыберите требуемую услугу\u003c/i\u003e","langs":[],"inner_services":[{"id":2,"status":1,"point":0,"duration":1,"exp":1,"sound_template":"021111","advance_limit":1,"day_limit":0,"person_day_limit":0,"inputed_as_number":0,"advance_limit_period":14,"advance_time_period":60,"enable":1,"result_required":false,"input_required":false,"inputed_as_ext":false,"input_caption":"","pre_info_html":"","pre_info_print_text":"","ticket_text":"","tablo_text":"","but_x":100,"but_y":100,"but_b":200,"but_h":100,"countPerDay":0,"day":0,"description":"Описание услуги","service_prefix":"","name":"Обслуживание в абон зале","buttonText":"\u003chtml\u003e\u003cb\u003e\u003cp align\u003dcenter\u003e\u003cspan style\u003d\u0027font-size:20.0pt;color:blue\u0027\u003eНекая услуга","parentId":1,"langs":[],"inner_services":[{"id":1504684653226,"status":1,"point":0,"duration":1,"exp":0,"sound_template":"021111","advance_limit":1,"day_limit":0,"person_day_limit":0,"inputed_as_number":0,"advance_limit_period":0,"advance_time_period":60,"enable":1,"result_required":false,"input_required":false,"inputed_as_ext":false,"input_caption":"","pre_info_html":"","pre_info_print_text":"","ticket_text":"","tablo_text":"","but_x":100,"but_y":100,"but_b":100,"but_h":100,"countPerDay":0,"day":299,"description":"Оформить обращение по качеству обслуживания","service_prefix":"","name":"Оформить обращение по качеству обслуживания","buttonText":"\u003chtml\u003e\u003cb\u003e\u003cp align\u003dcenter\u003e\u003cspan style\u003d\u0027font-size:20.0pt;color:red\u0027\u003eОформить обращение по качеству обслуживания\u003c/span\u003e\u003c/b\u003e","parentId":2,"langs":[],"inner_services":[]}]},{"id":1504617489400,"status":1,"point":0,"duration":1,"exp":1,"sound_template":"021111","advance_limit":1,"day_limit":0,"person_day_limit":0,"inputed_as_number":0,"advance_limit_period":0,"advance_time_period":60,"enable":1,"result_required":false,"input_required":false,"inputed_as_ext":false,"input_caption":"","pre_info_html":"","pre_info_print_text":"","ticket_text":"","tablo_text":"","but_x":100,"but_y":100,"but_b":100,"but_h":100,"countPerDay":0,"day":0,"description":"111","service_prefix":"","name":"c/w","buttonText":"\u003chtml\u003e\u003cb\u003e\u003cp align\u003dcenter\u003e\u003cspan style\u003d\u0027font-size:20.0pt;color:red\u0027\u003e111\u003c/span\u003e\u003c/b\u003e","parentId":1,"langs":[],"inner_services":[{"id":1504684674193,"status":1,"point":0,"duration":1,"exp":0,"sound_template":"021111","advance_limit":1,"day_limit":0,"person_day_limit":0,"inputed_as_number":0,"advance_limit_period":0,"advance_time_period":60,"enable":1,"result_required":false,"input_required":false,"inputed_as_ext":false,"input_caption":"","pre_info_html":"","pre_info_print_text":"","ticket_text":"","tablo_text":"","but_x":100,"but_y":100,"but_b":100,"but_h":100,"countPerDay":0,"day":299,"description":"Сдать оборудование в ремонт (на тестирование)","service_prefix":"","name":"Сдать оборудование в ремонт (на тестирование)","buttonText":"\u003chtml\u003e\u003cb\u003e\u003cp align\u003dcenter\u003e\u003cspan style\u003d\u0027font-size:20.0pt;color:red\u0027\u003eСдать оборудование в ремонт (на тестирование)\u003c/span\u003e\u003c/b\u003e","parentId":1504617489400,"langs":[],"inner_services":[]}]}]},"start_time":"01.01.1970 08:00:00","finish_time":"01.01.1970 18:00:00","btn_free_dsn":false},"jsonrpc":"2.0","id":"1508997407537"}
 at {ru.apertum.qsystem.common.NetCommander.sendRpc(NetCommander.java:159)}
2017-10-26 08:56:47,664 [DEBUG] Загрузим параметры из файла "config\welcome.property" at {ru.apertum.qsystem.client.common.WelcomeParams.loadSettings(WelcomeParams.java:218)}
2017-10-26 08:56:47,668 [ INFO] Создаем окно приглашения. at {ru.apertum.qsystem.client.forms.FWelcome.<init>(FWelcome.java:799)}
2017-10-26 08:56:52,010 [ INFO] Показываем набор кнопок уровня: СЗАО "ИНТЕРДНЕСТРКОМ" ID=1 at {ru.apertum.qsystem.client.forms.FWelcome.showButtons(FWelcome.java:1020)}
2017-10-26 08:56:52,017 [DEBUG] FIle not found 1417718379463 = E:/spring.jpg at {ru.apertum.qsystem.client.common.WelcomeBGparams.<init>(WelcomeBGparams.java:50)}
2017-10-26 08:56:52,020 [DEBUG] FIle not found 1417718393092 = E:/spring2.jpg at {ru.apertum.qsystem.client.common.WelcomeBGparams.<init>(WelcomeBGparams.java:50)}
2017-10-26 08:56:52,024 [DEBUG] FIle not found 1417872096348 = E:\temp\qsys_pic\fon_welcome.jpg at {ru.apertum.qsystem.client.common.WelcomeBGparams.<init>(WelcomeBGparams.java:50)}
2017-10-26 08:56:52,030 [TRACE] Create button for "Обслуживание в абон зале" ID=2 states: Visible Active ForAll Real at {ru.apertum.qsystem.client.model.QButton.init(QButton.java:189)}
2017-10-26 08:56:52,040 [TRACE] Create button for "c/w" ID=1504617489400 states: Visible Active ForAll Real at {ru.apertum.qsystem.client.model.QButton.init(QButton.java:189)}
2017-10-26 08:56:52,092 [ INFO] Сервер управления пунктом регистрации запущен. at {ru.apertum.qsystem.client.forms.FWelcome$CommandServer.run(FWelcome.java:229)}
2017-10-26 08:56:53,329 [ INFO] Pressed button "Обслуживание в абон зале" ID=2 at {ru.apertum.qsystem.client.model.QButton.lambda$init$2(QButton.java:256)}
2017-10-26 08:56:53,330 [ INFO] Показываем набор кнопок уровня: Обслуживание в абон зале ID=2 at {ru.apertum.qsystem.client.forms.FWelcome.showButtons(FWelcome.java:1020)}
2017-10-26 08:56:53,333 [TRACE] Create button for "Оформить обращение по качеству обслуживания" ID=1504684653226 states: Visible Active ForAll Real at {ru.apertum.qsystem.client.model.QButton.init(QButton.java:189)}
2017-10-26 08:56:54,994 [ INFO] Показываем набор кнопок уровня: СЗАО "ИНТЕРДНЕСТРКОМ" ID=1 at {ru.apertum.qsystem.client.forms.FWelcome.showButtons(FWelcome.java:1020)}
2017-10-26 08:56:54,996 [TRACE] Create button for "Обслуживание в абон зале" ID=2 states: Visible Active ForAll Real at {ru.apertum.qsystem.client.model.QButton.init(QButton.java:189)}
2017-10-26 08:56:55,003 [TRACE] Create button for "c/w" ID=1504617489400 states: Visible Active ForAll Real at {ru.apertum.qsystem.client.model.QButton.init(QButton.java:189)}
2017-10-26 08:56:55,614 [ INFO] Pressed button "Обслуживание в абон зале" ID=2 at {ru.apertum.qsystem.client.model.QButton.lambda$init$2(QButton.java:256)}
2017-10-26 08:56:55,616 [ INFO] Показываем набор кнопок уровня: Обслуживание в абон зале ID=2 at {ru.apertum.qsystem.client.forms.FWelcome.showButtons(FWelcome.java:1020)}
2017-10-26 08:56:55,621 [TRACE] Create button for "Оформить обращение по качеству обслуживания" ID=1504684653226 states: Visible Active ForAll Real at {ru.apertum.qsystem.client.model.QButton.init(QButton.java:189)}
2017-10-26 08:56:56,120 [ INFO] Показываем набор кнопок уровня: СЗАО "ИНТЕРДНЕСТРКОМ" ID=1 at {ru.apertum.qsystem.client.forms.FWelcome.showButtons(FWelcome.java:1020)}
2017-10-26 08:56:56,122 [TRACE] Create button for "Обслуживание в абон зале" ID=2 states: Visible Active ForAll Real at {ru.apertum.qsystem.client.model.QButton.init(QButton.java:189)}
2017-10-26 08:56:56,128 [TRACE] Create button for "c/w" ID=1504617489400 states: Visible Active ForAll Real at {ru.apertum.qsystem.client.model.QButton.init(QButton.java:189)}
